:020000022000DC
:1070000040E20020A1BF0400A38C06008DBF040055
:107010008DBF04008DBF04008DBF04000000000080
:1070200000000000000000000000000055C1040046
:107030008DBF04000000000021C104008DBF0400CA
:107040000DC304009DDC06000DC304000DC3040045
:107050000DC304000DC304000DC304000DC30400E0
:1070600053DC06000DC304000DC3040087DC0600DA
:107070000DC304000DC304000DC304000DC30400C0
:107080000DC304000DC304000DC304000DC30400B0
:107090000DC304000DC304000DC304000DC30400A0
:1070A0000DC304000DC304000DC304000DC3040090
:1070B0000DC304000DC304000DC304000DC3040080
:1070C0000DC304000DC304000DC304000DC3040070
:1070D0000DC304000DC304000DC304000DC3040060
:1070E0000DC304000DC304000DC304000DC3040050
:1070F0000DC304000DC304000DC304000DC3040040
:1071000081F0004102E000BF83F0004330B54FEA58
:1071100041044FEA430594EA050F08BF90EA020FC5
:107120001FBF54EA000C55EA020C7FEA645C7FEA58
:10713000655C00F0E2804FEA5454D4EB5555B8BF7B
:107140006D420CDD2C4480EA020281EA030382EAEC
:10715000000083EA010180EA020281EA0303362D7E
:1071600088BF30BD11F0004F4FEA01314FF4801C51
:107170004CEA113102D0404261EB410113F0004F63
:107180004FEA03334CEA133302D0524263EB43031A
:1071900094EA050F00F0A780A4F10104D5F1200EB8
:1071A0000DDB02FA0EFC22FA05F2801841F1000113
:1071B00003FA0EF2801843FA05F359410EE0A5F1E7
:1071C00020050EF1200E012A03FA0EFC28BF4CF018
:1071D000020C43FA05F3C01851EBE37101F00045CE
:1071E00007D54FF0000EDCF1000C7EEB00006EEBDB
:1071F0000101B1F5801F1BD3B1F5001F0CD3490865
:107200005FEA30004FEA3C0C04F101044FEA4452BB
:1072100012F5800F80F09A80BCF1004F08BF5FEA42
:10722000500C50F1000041EB045141EA050130BD22
:107230005FEA4C0C404141EB0101013C28BFB1F534
:10724000801FE9D291F0000F04BF01460020B1FA7F
:1072500081F308BF2033A3F10B03B3F120020CDA52
:107260000C3208DD02F1140CC2F10C0201FA0CF030
:1072700021FA02F10CE002F11402D8BFC2F1200C95
:1072800001FA02F120FA0CFCDCBF41EA0C0190404B
:10729000E41AA2BF01EB0451294330BD6FEA040494
:1072A0001F3C1CDA0C340EDC04F11404C4F120027F
:1072B00020FA04F001FA02F340EA030021FA04F391
:1072C00045EA030130BDC4F10C04C4F1200220FAE8
:1072D00002F001FA04F340EA0300294630BD21FA26
:1072E00004F0294630BD94F0000F83F4801306BFEC
:1072F00081F480110134013D4EE77FEA645C18BFE0
:107300007FEA655C29D094EA050F08BF90EA020F76
:1073100005D054EA000C04BF1946104630BD91EA6E
:10732000030F1EBF0021002030BD5FEA545C05D171
:107330004000494128BF41F0004130BD14F58004B0
:107340003CBF01F5801130BD01F0004545F0FE4124
:1073500041F470014FF0000030BD7FEA645C1ABF59
:10736000194610467FEA655C1CBF0B46024650EA90
:10737000013406BF52EA033591EA030F41F40021BC
:1073800030BD00BF90F0000F04BF0021704730B542
:107390004FF4806404F132044FF000054FF0000117
:1073A00050E700BF90F0000F04BF0021704730B5D8
:1073B0004FF4806404F1320410F0004548BF4042AD
:1073C0004FF000013EE700BF42004FEAE2014FEA02
:1073D00031014FEA02701FBF12F07F4393F07F4FDD
:1073E00081F06051704732F07F4208BF704793F0E0
:1073F0007F4F04BF41F40021704730B54FF46074F3
:1074000001F0004521F000411CE700BF50EA0102F5
:1074100008BF704730B54FF000050AE050EA01029E
:1074200008BF704730B511F0004502D5404261EB0E
:1074300041014FF4806404F132045FEA915C3FF44F
:10744000D8AE4FF003025FEADC0C18BF03325FEAEC
:10745000DC0C18BF033202EBDC02C2F1200300FA9D
:1074600003FC20FA02F001FA03FE40EA0E0021FAC2
:1074700002F11444BDE600BF70B54FF0FF0C4CF4B0
:10748000E06C1CEA11541DBF1CEA135594EA0C0F62
:1074900095EA0C0F00F0DEF82C4481EA030621EA9D
:1074A0004C5123EA4C5350EA013518BF52EA0335D8
:1074B00041F4801143F4801338D0A0FB02CE4FF08A
:1074C0000005E1FB02E506F00042E0FB03E54FF0BA
:1074D0000006E1FB03569CF0000F18BF4EF0010EB2
:1074E000A4F1FF04B6F5007F64F5407404D25FEAAE
:1074F0004E0E6D4146EB060642EAC62141EA555161
:107500004FEAC52040EA5E504FEACE2EB4F1FD0CA2
:1075100088BFBCF5E06F1ED8BEF1004F08BF5FEA20
:10752000500E50F1000041EB045170BD06F00046D2
:1075300046EA010140EA020081EA0301B4EB5C047F
:10754000C2BFD4EB0C0541EA045170BD41F4801177
:107550004FF0000E013C00F3AB8014F1360FDEBF9C
:10756000002001F0004170BDC4F10004203C35DA78
:107570000C341BDC04F11404C4F1200500FA05F3FB
:1075800020FA04F001FA05F240EA020001F000429C
:1075900021F0004110EBD37021FA04F642EB060112
:1075A0005EEA430E08BF20EAD37070BDC4F10C043C
:1075B000C4F1200500FA04F320FA05F001FA04F200
:1075C00040EA020001F0004110EBD37041F10001EC
:1075D0005EEA430E08BF20EAD37070BDC4F12005F7
:1075E00000FA05F24EEA020E20FA04F301FA05F25F
:1075F00043EA020321FA04F001F0004121FA04F207
:1076000020EA020000EBD3705EEA430E08BF20EAD6
:10761000D37070BD94F0000F0FD101F00046400010
:1076200041EB010111F4801F08BF013CF7D041EA92
:10763000060195F0000F18BF704703F00046520096
:1076400043EB030313F4801F08BF013DF7D043EA67
:107650000603704794EA0C0F0CEA135518BF95EA1D
:107660000C0F0CD050EA410618BF52EA4306D1D1A4
:1076700081EA030101F000414FF0000070BD50EAC3
:10768000410606BF1046194652EA430619D094EA4D
:107690000C0F02D150EA013613D195EA0C0F05D137
:1076A00052EA03361CBF104619460AD181EA03018B
:1076B00001F0004141F0FE4141F470014FF0000043
:1076C00070BD41F0FE4141F4780170BD70B54FF0DE
:1076D000FF0C4CF4E06C1CEA11541DBF1CEA13555E
:1076E00094EA0C0F95EA0C0F00F0A7F8A4EB050440
:1076F00081EA030E52EA03354FEA013100F0888037
:107700004FEA03334FF0805545EA131343EA1263FF
:107710004FEA022245EA111545EA10654FEA0026B4
:107720000EF000419D4208BF964244F1FD0404F56D
:10773000407402D25B084FEA3202B61A65EB0305C9
:107740005B084FEA32024FF480104FF4002CB6EB86
:10775000020E75EB030E22BFB61A754640EA0C0006
:107760005B084FEA3202B6EB020E75EB030E22BF46
:10777000B61A754640EA5C005B084FEA3202B6EB87
:10778000020E75EB030E22BFB61A754640EA9C0046
:107790005B084FEA3202B6EB020E75EB030E22BF16
:1077A000B61A754640EADC0055EA060E18D04FEAD4
:1077B000051545EA16754FEA06164FEAC30343EA74
:1077C00052734FEAC2025FEA1C1CC0D111F4801F41
:1077D0000BD141EA00014FF000004FF0004CB6E73A
:1077E00011F4801F04BF01430020B4F1FD0C88BFD9
:1077F000BCF5E06F3FF6AFAEB5EB030C04BFB6EBE4
:10780000020C5FEA500C50F1000041EB045170BDD6
:107810000EF0004E4EEA113114EB5C04C2BFD4EB03
:107820000C0541EA045170BD41F480114FF0000E87
:10783000013C90E645EA060E8DE60CEA135594EA03
:107840000C0F08BF95EA0C0F3FF43BAF94EA0C0F06
:107850000AD150EA01347FF434AF95EA0C0F7FF47B
:1078600025AF104619462CE795EA0C0F06D152EACF
:1078700003353FF4FDAE1046194622E750EA4106B3
:1078800018BF52EA43067FF4C5AE50EA41047FF4C4
:107890000DAF52EA43057FF4EBAE12E74FEA410227
:1078A000B2F1E04324BFB3F5001CDCF1FE5C0DD95E
:1078B00001F0004C4FEAC0024CEA5070B2F1004FA8
:1078C00040EB830008BF20F00100704711F0804FAB
:1078D00021D113F13872BCBF01F00040704741F470
:1078E00080114FEA5252C2F11802C2F1200C10FA74
:1078F0000CF320FA02F018BF40F001004FEAC12358
:107900004FEAD32303FA0CFC40EA0C0023FA02F3FB
:107910004FEA4303CCE77FEA625307D150EA0133D1
:107920001EBF4FF0FE4040F44000704701F00040A1
:1079300040F0FE4040F40000704700BF80F000407F
:1079400002E000BF81F0004142001FBF5FEA410337
:1079500092EA030F7FEA226C7FEA236C6AD04FEA37
:107960001262D2EB1363C1BFD2184140484041407C
:10797000B8BF5B42192B88BF704710F0004F40F42E
:10798000000020F07F4018BF404211F0004F41F44A
:10799000000121F07F4118BF494292EA030F3FD016
:1079A000A2F1010241FA03FC10EB0C00C3F1200329
:1079B00001FA03F100F0004302D5494260EB4000B8
:1079C000B0F5000F13D3B0F1807F06D340084FEA23
:1079D000310102F10102FE2A51D2B1F1004F40EB18
:1079E000C25008BF20F0010040EA03007047490080
:1079F00040EB0000013A28BFB0F5000FEDD2B0FA1D
:107A000080FCACF1080CB2EB0C0200FA0CF0AABF3F
:107A100000EBC25052421843BCBFD04018437047DD
:107A200092F0000F81F4000106BF80F400000132E3
:107A3000013BB5E74FEA41037FEA226C18BF7FEABA
:107A4000236C21D092EA030F04D092F0000F08BFFC
:107A50000846704790EA010F1CBF0020704712F0E3
:107A60007F4F04D1400028BF40F00040704712F122
:107A700000723CBF00F50000704700F0004343F087
:107A8000FE4040F4000070477FEA226216BF0846BD
:107A90007FEA23630146420206BF5FEA412390EA80
:107AA000010F40F4800070474FF0000304E000BF76
:107AB00010F0004348BF40425FEA000C08BF704727
:107AC00043F0964301464FF000001CE050EA0102EB
:107AD00008BF70474FF000030AE000BF50EA010200
:107AE00008BF704711F0004302D5404261EB4101ED
:107AF0005FEA010C02BF84460146002043F0B64312
:107B000008BFA3F18053A3F50003BCFA8CF2083A36
:107B1000A3EBC25310DB01FA02FC634400FA02FC3F
:107B2000C2F12002BCF1004F20FA02F243EB020046
:107B300008BF20F00100704702F1200201FA02FCA8
:107B4000C2F1200250EA4C0021FA02F243EB02009B
:107B500008BF20EADC7070474FF0FF0C1CEAD052DF
:107B60001EBF1CEAD15392EA0C0F93EA0C0F6FD0A0
:107B70001A4480EA010C400218BF5FEA41211ED07E
:107B80004FF0006343EA501043EA5111A0FB01316A
:107B90000CF00040B1F5000F3EBF490041EAD3713F
:107BA0005B0040EA010062F17F02FD2A1DD8B3F1BB
:107BB000004F40EBC25008BF20F00100704790F02A
:107BC000000F0CF0004C08BF49024CEA502040EA7C
:107BD00051207F3AC2BFD2F1FF0340EAC250704742
:107BE00040F400004FF00003013A5DDC12F1190F80
:107BF000DCBF00F000407047C2F10002410021FAF2
:107C000002F1C2F1200200FA02FC5FEA310040F109
:107C1000000053EA4C0308BF20EADC70704792F082
:107C2000000F00F0004C02BF400010F4000F013ABA
:107C3000F9D040EA0C0093F0000F01F0004C02BFB5
:107C4000490011F4000F013BF9D041EA0C018FE724
:107C50000CEAD15392EA0C0F18BF93EA0C0F0AD02A
:107C600030F0004C18BF31F0004CD8D180EA010050
:107C700000F00040704790F0000F17BF90F0004FE9
:107C8000084691F0000F91F0004F14D092EA0C0FCB
:107C900001D142020FD193EA0C0F03D14B0218BF5E
:107CA000084608D180EA010000F0004040F0FE40A4
:107CB00040F40000704740F0FE4040F44000704740
:107CC0004FF0FF0C1CEAD0521EBF1CEAD15392EABF
:107CD0000C0F93EA0C0F69D0A2EB030280EA010CAF
:107CE00049024FEA402037D04FF0805343EA111148
:107CF00043EA10130CF000408B4238BF5B0042F1A6
:107D00007D024FF4000C8B4224BF5B1A40EA0C004A
:107D1000B3EB510F24BFA3EB510340EA5C00B3EB7C
:107D2000910F24BFA3EB910340EA9C00B3EBD10F6A
:107D300024BFA3EBD10340EADC001B0118BF5FEABC
:107D40001C1CE0D1FD2A3FF650AF8B4240EBC250E5
:107D500008BF20F0010070470CF0004C4CEA5020A6
:107D60007F32C2BFD2F1FF0340EAC250704740F4F5
:107D700000004FF00003013A37E792F0000F00F0E7
:107D8000004C02BF400010F4000F013AF9D040EA65
:107D90000C0093F0000F01F0004C02BF490011F4F9
:107DA000000F013BF9D041EA0C0195E70CEAD153F1
:107DB00092EA0C0F08D142027FF47DAF93EA0C0FD8
:107DC0007FF470AF084676E793EA0C0F04D14B02BC
:107DD0003FF44CAF08466EE730F0004C18BF31F06E
:107DE000004CCAD130F000427FF45CAF31F0004368
:107DF0007FF43CAF5FE700BF4FF0FF3C06E000BF01
:107E00004FF0010C02E000BF4FF0010C4DF804CD23
:107E10004FEA40024FEA41037FEA226C18BF7FEA33
:107E2000236C11D001B052EA530C18BF90EA010F35
:107E300058BFB2EB030088BFC81738BF6FEAE170C4
:107E400018BF40F0010070477FEA226C02D15FEA60
:107E5000402C05D17FEA236CE4D15FEA412CE1D0CC
:107E60005DF8040B704700BF844608466146FFE793
:107E70000FB5FFF7C9FF002848BF10F1000F0FBD75
:107E80004DF808EDFFF7F4FF0CBF012000205DF86E
:107E900008FB00BF4DF808EDFFF7EAFF34BF0120F3
:107EA00000205DF808FB00BF4DF808EDFFF7E0FF8C
:107EB00094BF012000205DF808FB00BF4DF808EDDD
:107EC000FFF7D2FF94BF012000205DF808FB00BF40
:107ED0004DF808EDFFF7C8FF34BF012000205DF822
:107EE00008FB00BF7BB972B90029BEBF00204FF06C
:107EF000004106E008BF00281CBF6FF000414FF0B2
:107F0000FF3000F077B8ADF1080C6DE904CE002920
:107F100009DB002B1ADB17F0D0FDDDF804E0DDE90A
:107F2000022304B07047404261EB4101002B1BDB90
:107F300017F0C3FDDDF804E0DDE9022304B04042A0
:107F400061EB4101524263EB43037047524263EBE2
:107F5000430317F0B2FDDDF804E0DDE9022304B0CD
:107F6000404261EB41017047524263EB430317F01B
:107F7000A4FDDDF804E0DDE9022304B0524263EB26
:107F80004303704753B94AB9002908BF00281CBFF2
:107F90004FF0FF314FF0FF3000F02CB8ADF1080C7E
:107FA0006DE904CE17F089FDDDF804E0DDE9022378
:107FB00004B07047D0B5FFF707FA0C4B0022064615
:107FC0000F46FFF759FA00F017F80446FFF7DAF901
:107FD000074B0022FFF750FA02460B46304639465F
:107FE000FFF792F800F008F82146D0BD0000F03D00
:107FF0000000F041704700BF4A0011D212F5001294
:1080000011D20DD56FF47873B3EB62520ED44FEAF0
:10801000C12343F0004343EA505323FA02F0704770
:108020004FF00000704750EA013002D14FF0FF30AE
:1080300070474FF0000070472DE9F00791E8F8070E
:10804000B2E802105B1854EB0C04B2E802104D4188
:1080500056EB0C06B2E802104F4158EB0C08B2E8A0
:10806000021059EB01095AEB0C0A80E8F80780412D
:108070000130BDE8F00770472DE9F00791E8F807F7
:10808000B2E802105B1A74EB0C04B2E802108D41E6
:1080900076EB0C06B2E802108F4178EB0C08B2E8E0
:1080A000021079EB01097AEB0C0A80E8F8078041AD
:1080B0004042BDE8F00770472DE9F007524290E8D2
:1080C0007800B1E880071740DB1918EA020854EB82
:1080D000080419EA020955EB09051AEA020A56EBE7
:1080E0000A0678C090E87800B1E8800717407B4125
:1080F00018EA020854EB080419EA020955EB0905CD
:108100001AEA020A56EB0A0678C080410130BDE83F
:10811000F00770472DE9F007524290E87800B1E887
:1081200080071740DB1B18EA020874EB080419EA01
:10813000020975EB09051AEA020A76EB0A0678C00D
:1081400090E87800B1E880071740BB4118EA0208C0
:1081500074EB080419EA020975EB09051AEA020A28
:1081600076EB0A0678C080414042BDE8F0077047D0
:108170002DE9F00152424FF0040890E8300091E8F8
:10818000C000A31B1340E41AF618EB1B1340ED1AB2
:10819000FF1830C0C0C1B8F10108EED1BDE8F00150
:1081A000704700BF00B592E8DC072DE9DC07B1E8B5
:1081B000805702B4A7FB02510A95A8FB020BE7FB0C
:1081C0006310E9FB62B00B91A8FB0351EAFB62016B
:1081D000E7FB64B5E7FB6605E8FB6615CDF830B054
:1081E000A9FB03B6EAFB6316ECFB6356E8FB640BE2
:1081F000E9FB641BEAFB645BECFB646B0D90ACFB7E
:108200000230059CEEFB6250E9FB6460EAFB64B05F
:10821000E7FB6431E8FB6451069CE8FB6461E9FB21
:1082200064B1EAFB64010E93A7FB0432079CE7FBF1
:108230006462E8FB64B2E9FB6402EAFB6412049C3A
:10824000E9FB6453EAFB6463089CE7FB64B3E8FB67
:108250006403E9FB6413EAFB64230F955DF8049B58
:1082600099E80006DDF80080A9FB0854EAFB68B431
:10827000DDF81080ECFB6804EEFB6814E9FB682471
:10828000EAFB6834DDF80480EEFB6865E9FB68B55D
:10829000EAFB6805DDF81480ECFB6815EEFB682549
:1082A000E9FB6835EAFB68450F96DDF80880AEFB10
:1082B0000876E9FB6806EAFB6816DDF81880ECFB37
:1082C0006826EEFB6836E9FB6846EAFB6856DDF88F
:1082D0000C80ECFB68B7EEFB6807E9FB6817EAFB6C
:1082E0006827DDF81C80ECFB6837EEFB6847E9FB8C
:1082F0006857EAFB686708B000BD00BF2DE9F14F81
:1083000087B0FFF74FFFDDF81C8008F1200888E8F0
:10831000FF00FFBC87E87F08BDE8F08F00B591E85B
:108320009857A3FB03520195A3FB0401E3FB6420D0
:10833000E3FB67100292A3FB0752E3FB6802E4FB36
:108340006415E3FB6805E3FB69250391A4FB07B60D
:10835000E3FB6926E3FB6A56E4FB670BE4FB682B4F
:10836000E3FB6A5BE3FB6C6B0490A4FB0810E4FB8B
:108370006950E3FB6C60E3FB6EB0E7FB6721E4FB55
:108380006951E4FB6A61E3FB6EB1E4FB6E010592A7
:10839000A7FB0832E4FB6A62E4FB6CB2E4FB6E020A
:1083A000E7FB6E12E7FB6853E7FB6963E4FB6CB322
:1083B000E7FB6C03E7FB6E13E8FB6E230695A7FB58
:1083C0000954E7FB6AB4E7FB6C04E8FB6C14E8FBB8
:1083D0006E24E9FB6E34E8FB6865E7FB6AB5E8FBF1
:1083E0006A05E8FB6C15E9FB6C25E9FB6E35EAFBD9
:1083F0006E450796A8FB0976E8FB6A06E9FB6A1654
:10840000E9FB6C26EAFB6C36EAFB6E46ECFB6E562B
:10841000E8FB69B7E9FB6907E9FB6A17EAFB6A272A
:10842000EAFB6C37ECFB6C47ECFB6E57EEFB6E67C0
:1084300000BD00BF2DE9F14F87B0FFF76FFFDDF8FA
:108440001C8008F1200888E8FF00FFBC87E87F084F
:10845000BDE8F08F30B44FF0000310F8014B11F875
:10846000015B013A84EA050443EA0403F5D1A3F170
:1084700001034FEAD37030BC704700BF4FF00003D8
:1084800010F8012B013943EA0203F9D1A3F10103EA
:108490004FEAD370704700BF30B411F8014B12F8A7
:1084A000015B6C4000F8014B013BF6D130BC7047DA
:1084B0002DE9F00791E8F807B2E802105B1854EBD9
:1084C0000C04B2E802104D4156EB0C06B2E8021063
:1084D0004F4158EB0C08B2E8021059EB01095AEB76
:1084E0000C0A8941B3F1FF3374F1FF3475F1FF35A4
:1084F00076F1000677F1000778F1000879F10109BB
:108500007AF1FF3A51F100015B184C414D4156F1AF
:10851000000657F1000758F1000859EBD1795AEBE2
:10852000010A80E8F807BDE8F00770472DE9F00779
:1085300091E8F807B2E802105B1A74EB0C04B2E899
:1085400002108D4176EB0C06B2E802108F4178EBF9
:108550000C08B2E8021079EB01097AEB0C0A8941A8
:108560005B184C414D4156F1000657F1000758F198
:10857000000859EBD1795AEB010A80E8F807BDE809
:10858000F007704718EB040859EB05095AEB060A87
:108590005BEB070B5FF0000C4CF1000C18EB0508CF
:1085A00059EB06095AEB070A5BEB070B50EB0C0083
:1085B0005FF0000C51EB0C0152EB0C0263414CF1EB
:1085C000000CB8EB070879F100097AF1000A7BEB9F
:1085D000040BA841B141A241B3416CF1000CBBEBCB
:1085E000050BB041B941AA41BB416CF1000C4CF004
:1085F00001068CF0020718EB060859EB6C095AEBE0
:108600006C0A7BEB6C0B70EB6C0471EB6C0572EB22
:10861000670653EB6C076CEB6C0C18EB0C0059EB1A
:108620000C015AEB0C025BF1000354F1000455F10C
:10863000000556EBDC7657EB0C0770472DE9F14F40
:1086400087B0FFF7AFFDDDF81080DDF81490DDF89E
:1086500018A0FFF797FFBDE8000FFFF793FF03B0E7
:108660005DF8048B88E8FF00BDE8F08F2DE9F14F3D
:1086700087B0FFF753FEDDF81080DDF81490DDF8C9
:1086800018A0FFF77FFFBDE8000FFFF77BFF03B0E7
:108690005DF8048B88E8FF00BDE8F08F1FB50B4B39
:1086A00001934FF4B073ADF8083008238DF80A3009
:1086B00083788DF80B3001A9FF2303208DF80C304F
:1086C00000F070FD05B05DF804FB00BFE149040057
:1086D0001FB50B4B01934FF48063ADF808300823AE
:1086E0008DF80A3043788DF80B3001A90023022061
:1086F0008DF80C3000F056FD05B05DF804FB00BFAE
:108700000D4E04001FB50023019303930B4B0293FE
:108710000B4B1B7883B10378002B0CBF0123022382
:108720008DF80B3001A9FF2301208DF80C3000F0EB
:1087300039FD05B05DF804FB0123F1E738010800BD
:10874000881F00201FB50A4B01934FF46273ADF8E8
:10875000083008238DF80A3001A903788DF80B3012
:1087600000208DF80C0000F01DFD05B05DF804FB45
:10877000354F0400F7B504460D4641B9124B5B78FE
:10878000012B04D0019101A80121FFF7F3FF236819
:108790000E4E0F4F0733002D23F0070323600CBF4D
:1087A0002046002000F0D6FC002556F8043B0BB113
:1087B0003846984701350F2DF7D100F043FD236867
:1087C0000344236003B0F0BD881F00205400002044
:1087D0008A1F00202DE9F04385B0974C0390064690
:1087E00003A80D46FFF7C6FFA778E3784FF000090E
:1087F0001F44FFB2C8465FFA89F39F4200F2098125
:108800000398033020F00300002D0390414618BF69
:10881000002000F059FE039B21791844039081B198
:108820006379627C033020F00300002D1A4403902A
:10883000A389D2B218BF002000F0BAFE039B034404
:1088400003937E4F7B68CBB1E17AB9B194F82830BD
:108850000398002B00F1070014BF4023252320F0CC
:10886000070014BF4FF481722822002D039018BF17
:10887000002006F069FB039B03440393A17B91B1A5
:1088800023791BB97B6873B1E37A63B1039807302E
:1088900020F00700002D039018BF00200CF0BEFF51
:1088A000039B03440393664B1B6873B1A17961B1C9
:1088B0000398E27B033020F00300002D039018BFE3
:1088C00000209847039B034403935E4B1B686BB1E6
:1088D000217C59B10398033020F00300002D039050
:1088E00018BF00209847039B03440393564BD3F8CB
:1088F0000080B8F1000F11D0617C79B10398237D1D
:108900000093033020F00300002DE37C0390A27C51
:1089100018BF0020C047039B03440393FB697BB14E
:10892000A17969B10398A27D033020F00300002DE6
:10893000039018BF002000F029FF039B034403931A
:1089400094F8210080B1039AE37E217E033219441A
:1089500022F0070242F004022B46C9B2039200F053
:1089600055FF039B0344039394F8221000295AD027
:10897000039FA28C0737002D27F007070CBF38464E
:108980000020039718F024F9039B034403931DB9B7
:10899000A18C384612F07AFE217F002945D094F848
:1089A0002030002B41D00398E28B073020F00700E5
:1089B000002D02F12402039092B218BF002018F09B
:1089C00007F9039FA37E217E3A180332194422F04F
:1089D000070242F004022B4694F820000392C9B229
:1089E00000F006FF039B0344039335B9E28B217F1C
:1089F000083292B2384612F063FEE36A23B1039B59
:108A000005B9E362283303930398801B05B0BDE8E2
:108A1000F083A37A627A217AE07918F0ABF809F151
:108A200001098044E7E60F46B1E7002DE5D12A466B
:108A300029462846DFE700BF881F00205400002099
:108A40009000002098000020940000208FB572B69E
:108A5000194B1D6BE5B9BFF34F8F1849184BCA6806
:108A600002F4E0621343CB60BFF34F8F00BFFDE71A
:108A7000B4FBF6F4DAB20133002CF9D102F11003A1
:108A80006B440A2603F80C4C32B901A8A847E2E768
:108A9000044600230A26EDE7531E04AC54FA83F47F
:108AA000DAB2C3B2B3FBF6F706FB1733303304F880
:108AB0000C3CB0FBF6F0E7E7881F002000ED00E07B
:108AC0000400FA051FB5164CA37A8DF80930637AB5
:108AD0008DF80830237AADF80C3002A8E379ADF8B0
:108AE0000A300AF039FC18B1DB210320FFF7AEFF92
:108AF000012301A88DF8043019F0EDFB08B1DF2146
:108B0000F3E7207D0AF08CFC08B1E221EDE7E07C80
:108B10000AF080FC08B1E321E7E704B010BD00BF14
:108B2000881F002038B50546002840D016F0D4FA3A
:108B300010B94FF0FF3038BD13F0D2F8B0F5FA7F1E
:108B4000F7D81D4C1D482563002500F0A5FA2946DD
:108B50003C221B48657016F06DFE26222946A01C9B
:108B6000257084F82850E56216F064FE1B22E2713D
:108B700040F21B32228140F2023240F20113628144
:108B80001F226380A28101234FF402722371E281CC
:108B9000A37544F60112FB236282A384EFF31084D1
:108BA00072B600F043FE2CB962B62046C3E76FF000
:108BB0001500C0E72846BEE7881F0020C58A0200CE
:108BC0005400002010B5002840F0A380544C637876
:108BD000022B00F09B80A1B1002A6CD0013914292E
:108BE00000F29780DFE801F00B181B2B535B743108
:108BF0005E616F373D4A4F797C898C8F8100137895
:108C0000A37001210020FFF7E5FDB0F5803F80F261
:108C100083800123637010BD1378E370F1E79378CC
:108C2000002B48D0D378002B45D013781A2B42D98B
:108C300053781A2B3FD91368C4F80730E1E713784B
:108C40006279934237D32371DBE713782279934219
:108C500031D86371D5E71378227993422BD86374A6
:108C6000CFE713783BB35378013BDBB2F82B22D824
:108C7000138863822B4B92789A70C2E710786075E4
:108C800010F04AFCBDE71378ABB1A375B9E71378D0
:108C9000254A52680AB1012B0DD9E372B1E7138856
:108CA000A381AEE71378A371ABE71F491378C969B5
:108CB00021B9012B04D86FF01500ACE7002BFAD0D6
:108CC0001378E3739DE71378082BF4D8237498E79F
:108CD0001388FF2BEFD8A37393E71378E37590E71E
:108CE00013780E2BE7D823768BE713680F49E361DF
:108CF00053684B6013890B8183E71378637680E7B1
:108D00001378E3767DE71378A3767AE74FF0FF30A8
:108D100081E76FF02C007EE76FF00B007BE700BF70
:108D2000881F00209A1F002054000020A41F00204C
:108D300070B50D460646E8B1E1B111F0070419D14E
:108D400000F0DEF8C8B1304616F03AFB0C4E214672
:108D500086F834002846FFF73DFD1CF0A1F996F88F
:108D60003400F16A0AF02CFCFFF7ACFE02237370AA
:108D7000204670BD6FF01500FBE74FF0FF30F8E7BD
:108D8000881F002010B5074C6378022B05D10AF02C
:108D900033FC94F8340016F02FFB18F062F8002032
:108DA000607010BD881F002050B1074B03F1140202
:108DB00053F8041B40F8041B9342F9D1002070477C
:108DC0006FF01500704700BFEE66070010B5064B48
:108DD0005C7834B90AF086FB044B054ADA60204619
:108DE00010BD4FF0FF30FBE7881F0020540000202B
:108DF0009D86020010B5064B5C7834B90AF086FBFC
:108E0000044B054A9A60204610BD4FF0FF30FBE747
:108E1000881F002054000020D186020008B50A4BAC
:108E20005A7872B993F8283043B10AF0ADFB074B7A
:108E3000074A5A60074A1A60002008BD0AF088FBFA
:108E4000F5E74FF0FF30F8E7881F002054000020BE
:108E5000058702004587020010B5054B5C781CB9F8
:108E60000AF0F2FA204610BD4FF0FF30FBE700BFDA
:108E7000881F002010B5054B5C781CB90AF0D6FAA3
:108E8000204610BD4FF0FF30FBE700BF881F0020D9
:108E900010B5054B5C781CB919F066FA204610BD78
:108EA0004FF0FF30FBE700BF881F002010B5054BD7
:108EB0005C781CB919F05BFA204610BD4FF0FF300A
:108EC000FBE700BF881F002010B5054B5C781CB97C
:108ED00019F04FFA204610BD4FF0FF30FBE700BFFE
:108EE000881F0020024B02681A600020704700BFF4
:108EF000C01F0020014B1B68184700BFC01F002087
:108F0000024B1868003818BF01207047C01F0020AE
:108F100073B52E4D031D04462B6028460BF042FC12
:108F20000228064606D12949204616F043FF30465E
:108F300002B070BD042842D12B78092B0AD0252B12
:108F40001ED02946204616F09AFFB0F5817F2DD31A
:108F5000722112E005213E2016F0FFFE0028F0D11C
:108F6000EB782A7901A943EA02236846ADF800307C
:108F700017F098FB0028D0D053210820FFF766FD9A
:108F80001A213E2016F0E9FE0028DAD16B68C3F3FF
:108F90000F23ADF804306946112301A88DF806307F
:108FA00017F0A2FB0028B8D06521E6E70028B4D06E
:108FB000A178207816F0D1FE0028B8D1ADE70828B6
:108FC000B5D10249204616F024FFB0E7C41F0020A7
:108FD000074B4FF0FF3141F6FF72C3E9001205491C
:108FE0000022C1E900221F21C3E90212704700BF1D
:108FF00000000020C82000203F280CD801380B4B6F
:10900000C0F3421200F01F0053F8223023FA00F0A0
:1090100000F001007047FF2806D04038C0F342122C
:10902000034B00F01F00EFE7012070470000002015
:10903000C82000200146074B006849681A4603C251
:1090400040F48C221A6041F0107242F4FF625A60C0
:10905000704700BF000000200246024B00685168C4
:1090600003C37047C82000200246024B00685168C5
:1090700003C37047080000200138064BC0F34212BA
:1090800003EB820300F01F009B6823FA00F000F05E
:109090000100704700000020014B1860704700BFBE
:1090A000D020002010B5FFF793FF18F04EFB034BC4
:1090B0001B68044603B19847204610BDD02000200D
:1090C0000B880288F0B5C3F30E049EB204F11803B6
:1090D000C57CC35A05352A442B4497B213FA82F350
:1090E000013B4288B3FBF7F313FB07439BB29A4261
:1090F000044A93BF22EA0603324013439BB20B801B
:10910000F0BD00BF0080FFFF10B5114B00EB410424
:109110001A786389B3FBF2F303FB0223013A1A4482
:10912000B2F5706F027928BF00231A448378B2FB2E
:10913000F3F0194403FB1020091AB1FBF3F003FB11
:10914000101313446FEA43436FEA5343638110BD26
:10915000D420002010B5124BE0B15A78022A04D076
:1091600040F22B111720FFF771FC03225A7002689E
:1091700012F0070102D04FF49871F3E75C685A606F
:10918000224402609A60BDE810403C2203F10C00CA
:1091900016F050BB01225A70C3E9010010BD00BF98
:1091A000D42000202DE9F041254E96F801E00EF084
:1091B000FD0CBCF1010F04D040F245111720FFF760
:1091C00045FC91F80680B8F1080F02D940F247112A
:1091D000F4E7CF7997B34546022D726838BF022570
:1091E0007B1D5C0002EB43036A1E13446D422B405F
:1091F0008D884544013DC8F100022A404FF6FE75B6
:10920000AA4202D94FF4A971D8E7BEF1030F12D1D7
:1092100006EB80001C1BC56815B140F25711CDE765
:10922000C460A770228084F803C0087A096820719E
:10923000080CE080218107FB02337360BDE8F081F8
:10924000D42000202DE9F047364C6378012B65D0FF
:10925000032B04D040F267111720FFF7F7FBD4E986
:1092600001329A4202D04FF4B571F5E7254600234A
:1092700005F80C3B1E460E22994655F82200013A8D
:1092800058B190F804808178B8F1FF0F2FD180F8A1
:1092900004908E423CBFCEB20123511CEDD103B1EC
:1092A00026700E2640F6FF6955F826709FBB013EDA
:1092B000FAD2042363700020BDE8F08755F82CE053
:1092C000BEF1000F06D09EF804A0C24504BF9EF870
:1092D00002E077440CF1FF3CBCF1000FEEDA3944B8
:1092E000FF2907D903B126704FF48371B4E7944680
:1092F0000027F1E70771CCE707EB41033846A3F8F5
:109300000A90FFF701FF08F10108BB785FFA88F1C6
:109310008B42F1D8CBE74FF00008F6E702236068F4
:109320006370C9E7D4200020F8B54FF6FF730380BF
:10933000184B03EB81030546D868B8B186780379EA
:10934000B3FBF6F206FB1233DBB219460A1D00EB43
:109350004202B2F902705488002F09DB0131B1FBDF
:10936000F6F206FB1211C9B28B42EFD10020F8BD14
:10937000FF29FBD0C4F30E03C4782B8024B94FF42B
:10938000D9711720FFF762FB5380BDE8F84017F052
:10939000D0BB00BFD42000201D4B03EB810370B570
:1093A000DC68054644B3030404D54FF4E07117208C
:1093B000FFF74CFB0146204617F09DFBFF280146B6
:1093C00004D02046BDE8704017F0B3BBA078B5FBD1
:1093D000F0F300FB1353DBB219460A1D04EB4206FF
:1093E000B6F90260002E09DB0131B1FBF0F200FB9F
:1093F0001211C9B28B42F0D1002070BDFF29FBD001
:109400008B4204EB42021CBF0023E3705580D8E777
:10941000D4200020094B03EB810310B5DC68014622
:10942000204617F068FBFF28014604D02046BDE81F
:10943000104017F07EBB002010BD00BFD4200020DC
:10944000F8B5104B03EB81030746DC680146204664
:1094500017F051FBFF28054611D0E688238953EA0F
:10946000064606D00146204617F063FB0146384603
:10947000B04720462946FFF747FE0020F8BD0320ED
:10948000FCE700BFD420002038B50E4B827903EBF7
:1094900082030446D86808B9022038BD8278E17991
:1094A0009142F9D24B1CE37100EB41035D89B3F9A2
:1094B0000A30002BF3DBA58017F03BFB2060002077
:1094C000EBE700BFD420002070B5044610F0030085
:1094D0000E4603D049211820FFF7B8FA17F0AFFA6B
:1094E000054624B103483146046017F0A8FA28461F
:1094F00070BD00BF1C2100202DE9F04F1E4C85B02F
:1095000092462268BDF83CB098468146BDF8383096
:109510000D461AB95B211820FFF798FA1A460A215E
:109520005046039317F036F95A460646092140463D
:1095300017F030F931180746206817F0ABFA039B93
:10954000C9F8000018B9286005B0BDE8F08F84198B
:109550002C60D9F800000093524631460A2317F0D8
:10956000CBF82868CDF838B009234246394605B013
:10957000BDE8F04F17F0C0B81C21002070B50E46B2
:10958000044617F010F90546304617F00CF9044B65
:109590002A1821461868BDE8704017F0A5BA00BF28
:1095A0001C210020014B186817F067BA1C2100200D
:1095B000F8B511441D4EC9B210F00305317003D047
:1095C0004D210920FFF742FA1F2B19D89B009BB2AF
:1095D000033323F003039BB208B17060338101EBC6
:1095E00081047668E2004FF0010C00EBC404EFB296
:1095F000B94212D8D01D03FB010020F00700F8BDCE
:10960000FF2B4FEA430204D9FF339342DFDB93B2CF
:10961000DEE77C2AFBDC7C23DAE710B186F800C0A9
:109620007460013528361C44E1E700BF202100208A
:1096300038B5144A147853680021C8B2844203D85C
:10964000A8210920FFF702FA1846013105782833CE
:10965000002DF2D0002181700124128944704468E9
:109660008161C161920800F12001051D21F8022BE2
:10967000994245F8044B1444F8D100234361037028
:1096800038BD00BF202100200A4B1B89B3F5FF7FA6
:109690004FEA930006D25A089B1A9BB2984238BFF1
:1096A00018467047B3F5EE6F01D8FF22F4E740F299
:1096B0007263F3E7202100202DE9F8434B788046C0
:1096C0000C4602F0040602F0FB07D3B1DFB12E4BCB
:1096D000D4F804901D89B7BB01236370AD08A7615E
:1096E000E76104F120034A46211D04F1280023F814
:1096F000025B984241F8042B2A44F8D100236361AD
:1097000001E0002FE3D0FF23A370002E18BF022634
:10971000A3191B7D032B03D1022F1CBF0136F6B208
:10972000A31901221A7506F10C0204EB8606002328
:1097300024F812307268A370C8F80020A8F804302A
:109740004046BDE8F883002114226170A01816F08D
:1097500071F8B5F5FF7F0FD26B08ED1AADB209EBCA
:109760000502C4F804902584A2606384C4F80C90B8
:10977000A5842261E384C6E7B5F5EE6F4FF0FF03E1
:10978000EBD940F27265EAE7202100202DE9F7438A
:1097900005460C46F7200521904616F0FBFF0646CD
:1097A00085B115F0030703D08F211920FFF74EF97B
:1097B000DFF83890C9F81050A9F81400A5B2BBB270
:1097C0009D4204D806FB04F003B0BDE8F083B9F86D
:1097D00014C0D9F81000CDF8008007FB0C00052359
:1097E000F722314616F088FF0137E8E734210020E0
:1097F00007B5CDE900230B4603490246081D17F0C3
:109800000AFB03B05DF804FB4C21002013B5064CA5
:10981000CDE900230B46024604F1080104F10C00D7
:1098200017F0F9FA02B010BD4C210020134B0122B1
:1098300000214FF0FF309A60C3F80012C3F808030C
:10984000C3F80015C3F804259A60C3F80803C3F8E9
:109850000015C3F804250A490A4A03F580334FF47A
:109860000040C3F80825C1F88000BFF34F8FBFF355
:109870006F8FC1F88001C3F80825704700F00040E1
:1098800000E100E00000F63F8C46382300B50CF8FC
:10989000033B054B8E4607CBCEF80300CCF80410F3
:1098A000CCF808205DF804FB6C21002070B5234D36
:1098B000E96AAC6A0B7803F00303032B04F1A804F4
:1098C0001AD16B8E2A8E0120034342F400626B860C
:1098D00020756B6B2A869847E96A237F013B18BF86
:1098E000012323774B7833B1D4E92232013342F19B
:1098F0000002C4E9223270BD002BEED04B78002B61
:10990000EBD02A8E42F400622A86AA6B002AF2D09B
:10991000FB2B08D895F83C3063B16B6B0021BDE898
:1099200070402020184795F83D3043F0100385F82B
:109930003D3070BD01230370CFE700BF60210020E0
:1099400010B5174C10F0D2FC0FF08AFF636B208E1D
:1099500000219847237E73B9A36A93F89E30022BA7
:109960001AD0236C94F83D1094F83E0098470023D9
:1099700084F8443010BD94E8070004F10C0383E838
:1099800007000849022204F1190019F090FEA36AA9
:1099900093F89E30022BE4D103480BF0F5FEE0E78C
:1099A000602100208998020084210020034B93F855
:1099B000443003B97047FFF7C3BF00BF60210020E8
:1099C00038B5234D95F8243004460BB101280ED04C
:1099D000012913D8EB6C2046984778B195F83D30B3
:1099E00063B995F8240058B164B1002038BD6B8E7E
:1099F0001B07EDD5AB6CDB78022BE9D1012038BD1C
:109A0000012CF3D195F85030DC06C3F300110BD5CF
:109A10000023AA6B7AB1A8B16A8E920712D5AB6CFB
:109A2000DB78022BEAD1E0E76B6D1B78C3F3001300
:109A3000C3F10103EDE7B5F85820002AEBD0002967
:109A4000DCD0E8E7002BD9D16A8E002ACDD0D5E74B
:109A50006021002008B5094B93F84420022A07D161
:109A6000DA7A42F00102DA72BDE80840FFF768BF17
:109A70004FF40F712720FEF7E9FF00BF602100209F
:109A8000F8B5254CA66A636DE36296F8CC300546BE
:109A900006F1A80794F85A000BB10430C0B296F84A
:109AA0007D100DB9FF282ED010F082F997F82430E0
:109AB0001BB3E06D11F008F894F82430E16DE06A12
:109AC000003B18BF012384F87830D7E92223C4E98A
:109AD0001C230FF069FE3DB996F87D0010F00C00D4
:109AE00018BF282011F05AF896F87C10002011F0C9
:109AF000BDF8022384F84430F8BDE06A10F0E4FFBA
:109B00000FF0AEFEE7E796F87C209142D0D010F03F
:109B10004FF997F82430CBE76021002070B57F4CD7
:109B2000A56A82B095F8CC20002305F1A8068DF82F
:109B3000053094F85A300AB10433DBB210B9FF2B68
:109B400000F0B28095F87C10FF2010F031F9B37E60
:109B5000032B00F2DE80DFE803F0021D807094F832
:109B6000BA30ADF806306E48A5F86C3009F062FFE7
:109B7000002840F0A180D4F8BC000DF105020DF1E1
:109B8000060116F032FEA06420B196F86130002B79
:109B900000F0A9806348A064F37EDB0003F00802B4
:109BA000037803F0F3031343327F920002F00402C0
:109BB000134303F0EF0203F00303032B027002D1FF
:109BC000C378022B12D0D4F8BC0016F079FE48B945
:109BD000A06C027802F00303032B07D009F050FFBA
:109BE000002879D1A06C027842F01002027096F839
:109BF000233013B14378002B43D110F065FF0FF0F1
:109C00002FFEA66C0AF03EFF20B1337803F0030369
:109C1000032B64D095F87D10012011F027F8A36C78
:109C2000414A18889978A4F85000012384F8C0307C
:109C3000917084F8443002B070BD394809F0FAFEE2
:109C4000002861D0A06CC3781B2BA5D1012105F1A0
:109C5000100010F0E3F8A06C9EE7B5F86C30D4F873
:109C6000BC00ADF806300DF105020DF1060116F04D
:109C7000BCFDA06400288FD140F2D5212720FEF73B
:109C8000E5FEE06D10F020FF94F82410E06DD6E9B9
:109C90002023B1FA81F67609A16C84F87860C4E9D2
:109CA0001C230FF081FDACE795F87D3095F87C1012
:109CB0008B427FF449AF4AE7638EA16C626B43F03D
:109CC0008003802063869047A06C01217175C37862
:109CD0001B2B7FF461AFBAE7A06C027886E7012006
:109CE00011F09EFF96E79DF805302BB1BDF80610E8
:109CF00019F098FCA06C4FE703808370A06C0121E1
:109D000019F07AFBA06CF1E740F2DE212720FEF784
:109D10009DFE40F2EB212720FEF798FE60210020F7
:109D2000A8210020E8210020B02100202DE9F041E9
:109D3000434C94F84420A56A012A82B006460F4697
:109D400005F1A8055FFA82F874D12B7D6BB1638EA3
:109D5000002143F0040363862975636B0420984750
:109D600094F824300BB185F81680A16C0A7802F0C3
:109D70000302032A36D04B78EBB10223AB7695F879
:109D80002430F3B1A36A93F87D10D5E92223C4E906
:109D90001C2394F8243094F85A20003B18BF012368
:109DA000013984F8783007293FD8DFE801F03B1308
:109DB0003E113E3E3E380123AB7695F82430002B11
:109DC000E0D106B907BB02B0BDE8F041FFF7B8BD6E
:109DD0004FF00308002300931A49434601200FF077
:109DE0006BFCEEE7AB7E63B9638E43F002036386E0
:109DF0000220636B9847A16C0B7803F00303032BDD
:109E0000B9D10323AB76BAE731463046FFF7D8FD28
:109E10000028D8D102B0BDE8F041FFF731BE4FF0C5
:109E20000208D7E74FF00008D4E740F2B23106202D
:109E3000FEF70CFE40F275412720FEF707FE00BF3B
:109E400060210020C021002070B50C4B0C4C0D4A45
:109E50001A6094F8443063B906460D4603F0FF02D9
:109E6000012104F18800227619F0C6FA6665E565DD
:109E700070BDDE212720FEF7E9FD00BF9C00002019
:109E80006021002040A70200044A92F8443003F009
:109E9000FF000BB9107670470C207047602100203E
:109EA000024B012283F83C20704700BF6021002054
:109EB0002DE9F043BA4C85B002AD85E8030094F873
:109EC00044100C98002940F0D481002A00F0D18180
:109ED000002B00F0CE81002800F0CB8101F0FF06BE
:109EE000206495E80300E36404F1240383E803009D
:109EF000A56A626384F83C6084F83D6084F8C160C0
:109F000084F83E6084F8C060668626860FF0E6FF1F
:109F10000FF0A6FC95F9800010F004F905F1A807F0
:109F2000A86B10F0B5FD286A10F002F997F834001C
:109F300010F008F994F82430002B6AD0042015F0B2
:109F40002FFDEA6941F64B539A4294BF4D2096206B
:109F50000FF0CCFEA36A93F8F032002B40F01D8185
:109F600095F87D10012010F0D3FA002864D08D4BB5
:109F7000186810F093FD6B69C4F8BC30AB69C4F885
:109F8000C43095F88B3023B9D5F88410002940F0FF
:109F9000C380D7F89000D7F89410D7F89820D7F856
:109FA0009C30DFF804C2ACE80F00D7F8A030C4F84A
:109FB0007930D7F8A430CCF80D30A36A94F8241087
:109FC00093F8C620A2F12600002938D1012803D930
:109FD00093F8C700262838D193F8322393F87C8071
:109FE000002A40D0B8F1080F3DD0B8F1040F00F0BE
:109FF0002581082A00F02281042A00F01F81B8F18F
:10A00000010F30D0012A14BF4FF002084FF00108B1
:10A0100029E0032015F0C4FCEA6941F64B539A424B
:10A0200094BF4D2096200FF061FE95F87C10002023
:10A0300010F06EFA00289AD105B0BDE8F08301282F
:10A040007BD993F8C700262877D0213A012A40F21D
:10A05000CB80242800F0E68093F87C80B8F1040FD0
:10A0600008BF4FF0080805F144094146484619F079
:10A07000D8FB414618F02FFEB5F8503095F87D100A
:10A080000246934228BF1346484684F8BA3019F076
:10A090008EFB95F87D1097F82490B5F85880082924
:10A0A00008BF042118F017FEB9F1000F01D10430E8
:10A0B00080B2404528BF40465FFA80F884F8C880E7
:10A0C0000AF0E0FC20B1B8F12B0F38BF4FF02B089D
:10A0D00094F8241084F85A80002957D197F8233037
:10A0E000002B3AD0012384F87830D7E92023C4E943
:10A0F0001C2395F87C30E86941F64B52013B9042B5
:10A1000094BF04200020072B00F29B80DFE803F0BF
:10A110001E9E991D999999A0B7F84E203B8B9342AA
:10A120007FF437AFB5F888201344A7F84E3095F880
:10A130008A00012211F058FD2BE793F8CE2393F803
:10A140007C80002A7FF44EAF8DE7032100220B466E
:10A1500000921549FB220FF0AFFA0120FFF7DEFC59
:10A16000124BD3F8503523F00803032B00F0868000
:10A170000023C4E90033A3602A88398B97F8343070
:10A1800061802280237105B0BDE8F08397F8243008
:10A1900073B90120FFF774FCE2E70FF08DFEDFE6F4
:10A1A000602100209C000020C02100200010004001
:10A1B000D7E9220195F87D300122013BC4E91C0159
:10A1C00084F87820072B3CD8DFE803F005443B04F3
:10A1D0003B3B3B4603260021009133462A49424639
:10A1E00001200FF069FAD4E724281BD000293FF49E
:10A1F00033AF93F86E2193F87C8050071ED412F091
:10A2000001032BD193077FF52EAFB8F1080F3FF470
:10A210002AAFB8F1040F11D0B8F1010F18BF4FF0F9
:10A22000020820E700293FF417AF93F8751093F860
:10A230006E2193F87C800A405107E0D54FF0080862
:10A2400011E740F2B2310620FEF700FC01217DE764
:10A2500002217BE70126BEE70226BCE7B8F1080F22
:10A260003FF401AFB8F1040F14BF98464FF008084F
:10A27000F9E640F24F112720FEF7E8FB40F2F91112
:10A280002720FEF7E3FB00BFC021002010B5194CCA
:10A2900094F84430F3B194F8243093B194F84430F6
:10A2A000022B21D1A36AD3F8080310F045FCA16A60
:10A2B00091F88B3003F0FF0213B9D1F8843063B901
:10A2C00010BD94F84430012BF1D040F20E2127202C
:10A2D000FEF7BCFBFFF734FBE9E791F88A00BDE825
:10A2E0001040114611F080BC40F212212720FEF7E9
:10A2F000ADFB00BF60210020FFF722BB014B1876A9
:10A30000704700BF60210020014B93F8C0007047E8
:10A3100060210020024B188EC0F38020704700BFE0
:10A3200060210020014B93F8C1007047602100209C
:10A330002DE9F0411E4FBC6A820782B005460E46E9
:10A3400004F1A80411D4EB070CD5D4E92232217F03
:10A35000013342F100020129C4E922320CBF00237B
:10A360000123237702B0BDE8F081BB6BDBB1B7F806
:10A370005820F96A1846033291F8018015F0E2F985
:10A380000DF1020201A9F862D7F8C40016F04DFBE6
:10A39000019816F034FB012230604146D7F8C40022
:10A3A00016F0D9FACFE740F266412720FEF74EFBC0
:10A3B000602100202DE9F047B24C86B00023CDE9A2
:10A3C00004338DF80F3094F84430A56A022B06460A
:10A3D0000F4605F1A8055FFA83F840F0A281238EAD
:10A3E00013F0400106D1636B40209847238E43F061
:10A3F00040032386002E5AD095F82430002B40F0DD
:10A400001881D4F82CA09AF8011089B2A4F8581039
:10A41000002940F025810023A3639AF80000238ED1
:10A42000E97EC0F3800243F480739142238600F0FA
:10A43000CC80A26A94F8241002F1A80999F81A2095
:10A44000EAB1022A00F05381002389F81A3021B1C1
:10A4500099F81620002A40F03F8199F81530002B1A
:10A4600040F0168199F81B30D4F82CA0012B0CBFBA
:10A470000023012389F81B309AF80000238E43F44F
:10A48000806222862A7FC0F3C0039A424FF00009FF
:10A4900000F0A2800AF0F6FAC0B19AF8003003F09A
:10A4A0000303032B12D1012011F0BAFB0EE095F843
:10A4B0002420002A40F0B98043F40073238694F8E6
:10A4C000C130013384F8C1304FF0000995F82330D2
:10A4D0005BB394F82430A26AB3FA83F3D06992F89C
:10A4E0007C105B0984F8783041F64B53984294BF56
:10A4F00004200020D5E920230139C4E91C230729C1
:10A5000000F2E280DFE811F08E000800E0008B002E
:10A51000E000E000E0000A004FF001080022009295
:10A5200059494346FB220FF0C7F847B994F8C110C8
:10A530000120FFF745FA0746002800F0998010F047
:10A5400003FC01279DF80F307BBBB9F1000F08D049
:10A5500094F82430002B59D1B4F809300133A4F811
:10A5600009303EB3B4F8053000220133A4F80530B9
:10A5700084F8C12045480BF0E5F8049840B116F086
:10A580003EFAA16A002343720722013019F07DF8D8
:10A59000059B33B1A16A00221A720C22059819F0AA
:10A5A00074F86FB906B0BDE8F08705A90220FFF77F
:10A5B000BFFECAE7B4F807300133A4F80730D9E783
:10A5C000FFF7BEF906B0BDE8F0872A7FC0F3C003ED
:10A5D0009A42B1467FF45EAF0AF054FA00284AD09E
:10A5E000D4F82CA09AF8003003F00303013B012BB0
:10A5F00041D89AF8012094F8C8309A423BD994F88F
:10A600003D3043F0100384F83D3043E7B4F80530A3
:10A61000B4F807102A8B0B431343A2D09CE74FF0EA
:10A6200003087BE74FF0000878E70FF083F9238EEB
:10A6300042E70FF045F90FF027F9D4F82CA09AF86B
:10A64000011000287FF4E1AE002942D09AF80030D2
:10A650002A7FC3F3C0039A425DD089B2A4F8581090
:10A66000D4F8C40016F04DF9D4F82CA0A063D4E6B9
:10A67000FFF754FA66E70DF10F00FFF717F9D4F86A
:10A680002CA007E760210020C021002084210020A9
:10A690004FF0000A89F815A009F0DCF900284AD02B
:10A6A000638E43F0080363865146636B0820984726
:10A6B000D9F880300133C9F88030D9F8843043F1BB
:10A6C0000003C9F88430CDE640F2B2310620FEF72F
:10A6D000BDF9A4F858109EE689F816301946638E25
:10A6E00043F0100363861020636B9847B5E6D4F8F7
:10A6F000BC0004A916F09CF8C0B1D9F8803094F8D9
:10A7000024100133C9F88030D9F8843043F10003B4
:10A71000C9F8843098E6012384F83E30FFF710F939
:10A7200040E74FF49D612720FEF790F94FF47971CF
:10A730002720FEF78BF940F2FB312720FEF786F940
:10A74000559A0200B5A302002D9D0200AD990200AA
:10A75000F0B583B00023044601A8019310F0B8FFC0
:10A76000019B03F00303002B0BBF182522250F26A6
:10A7700019260CBF00270A2715F084F938B12046A6
:10A780001AF0C5F970B905F1610003B0F0BD15F01C
:10A79000D5F800280CBF3D46354620461AF0B7F9DB
:10A7A0000028F0D020461AF098F918B105F15A00A7
:10A7B00003B0F0BD20461AF094F90028F6D105F157
:10A7C0005000E2E708B54FF452710620FEF73EF95B
:10A7D0002DE9F047002800F0DA800446082900F24D
:10A7E000CB80DFE801F091A92424A5C91F9CC500F6
:10A7F000014620461AF0FEF8D4F83C3100F1F70586
:10A800009D4240F2BD80E81A322838BF3220032131
:10A8100014F0C2F8C4F83C51064620461AF0A4F9D8
:10A82000002E7AD02046BDE8F0471AF0A1B9FFF714
:10A830008FFFB4F83231A4F840010022062B84F8CF
:10A84000382184F8432100F28C800133A4F832319E
:10A8500004F59C75284613F059F9002800F09B80F8
:10A8600094F8583103F0FF01002B72D1D4E954025F
:10A870006FF000439A4208BFB0F1FF3F12D020466C
:10A88000D4E952671AF0B6F8D4F85031D4F854210C
:10A890009B1B00F1F70062EB07021B1A62F100023A
:10A8A000002A53DB94F81001294613F045FA0028DA
:10A8B0007BD0D4F84851D4F82871D4F84C61D4F83E
:10A8C0002C81AF4278EB060327D220461AF0CFF84E
:10A8D00050EA010381468A461FD0E81B4A4666EBD0
:10A8E0000801534614F070FED4E94A3209FB01F125
:10A8F00000FB0A11A9FB009013EB0903014441EB93
:10A900000201C4E94A3108E00CF008F8D4F83C012F
:10A91000E73813F097FF002842D0BDE8F08790F8A1
:10A92000100113F0BFF8002384F83031BDE8F08740
:10A93000BDE8F04710F01CBA1AF0D7F800283FF431
:10A9400057AF2046BDE8F0471AF00EB920460BF08D
:10A95000EDFF94F8100113F0A5F8002384F83031CE
:10A96000A7E7D4F8143173B1012384F842316FE7BB
:10A97000F2213020FEF76AF8F6213020FEF766F863
:10A98000C4F83C51DDE7022384F8423160E7D2216C
:10A990003020FEF75BF840F29F613020FEF756F85A
:10A9A00040F281213020FEF751F840F2A3613020BF
:10A9B000FEF74CF82DE9F04F04468BB000200293CF
:10A9C00094F87D30069017460E46059317F0AFFDBC
:10A9D00094F8F1220B2A00F28583B34B33F812501E
:10A9E00094F8C7200392284487F0010285B20492AC
:10A9F0002FB3B4F880A3B4F8C090A6EB0A0A0FFAFC
:10AA00008AFAA6EB0909BAF1000F0FFA89F904F5E1
:10AA10005678C0F2D581A54ADDF808B0127802F068
:10AA2000FF07002A40F0DD8194F83C33032B00F24D
:10AA30006A83DFE813F03F010401A2003A0094F8B2
:10AA40003C23032AD5D1039A0E2AD2D1B4F8CC23C1
:10AA5000B242CED1B4F80E13B4F882230A44C4F83B
:10AA60003823D4F84423C4F83023E269C4F83423EB
:10AA700020460DF0D7FAD4F8D423E169914205D0ED
:10AA800004F128001AF0FCFAD4F8D423E261D4F8D7
:10AA9000D023E263B4F8CE23A4F84020D4F8D8231E
:10AAA0006262022284F83C23A3E7E569029B05FB6E
:10AAB0000AF2002B40F0318294F85333002B00F05F
:10AAC000DC827A4B5868D4F84433EB1AA3F5AD75A1
:10AAD000D4F87833D71B854228BF05460697DF197F
:10AAE000D4F87C33C4F8085343F10003C4F86C3342
:10AAF000002384F858337423A4F86033C4F86873CF
:10AB000004F1440018F051FED4E9DA230544C4E905
:10AB1000DE23C4F85C53A4F880630CF0F7FB20B18B
:10AB2000D4F85C331E33C4F85C33B4F8F812039ADB
:10AB30008E1B002336B29E4284F86233C4BF0223C8
:10AB400084F862330E2A029A00F06182002A40F0F3
:10AB5000618294F83C33002B40F07D8294F88403AA
:10AB6000414613F0E9F8002800F0BE82049B84F807
:10AB7000503300200BB0BDE8F08FE36BD4F8340302
:10AB80002946184411F082F82946C4F84003E069C8
:10AB9000474D11F07BF8E26994F87D9041F64B53F4
:10ABA0009A4298BF0230C4F84403484610F06EFC45
:10ABB00000F55F4019F00C0F00F14100A5FB0030DB
:10ABC00014BF2821002101EB90118031204618F09C
:10ABD00084FEB4F80E33002B00F07681D4F83433C1
:10ABE000E26BD4F8405313445B1B0693D4F8303324
:10ABF000D4F8382394F87DA002FB0355B4F8403014
:10AC000030351AF00C0F03EB450540F054815046E7
:10AC100010F03CFC264B00F52340A130A3FB003094
:10AC20004FEA9019504610F029FC4D441F4B069AEC
:10AC3000284458600123E56984F83C3343E7D4F89D
:10AC40004403E269D4F84033D4F83813B4F80E530F
:10AC5000121A0AFB02F20692D4F8302394F87DA06F
:10AC60003033A94402FB0133C943B4F8405089444E
:10AC700000FB09301AF00C0F05EB400540F0218174
:10AC8000504610F003FC0A4B00F52340A130A3FB13
:10AC900000304FEA9019504610F0F0FB4D44034B42
:10ACA000069A2844586089E090FC06002C22002077
:10ACB000D34D621094F87D1094F80603DFF828A3B2
:10ACC00018F033F88146E06B2946484410F0DEFF67
:10ACD0002946C4F84003E06910F0D8FFE26941F664
:10ACE0004B539A4298BF0230C4F8440307A908A8FE
:10ACF00010F032F8079B0093D4E9DE01DDE9082368
:10AD000014F0CEF894F87D3005930546184610F0FF
:10AD1000BDFB059B00F55F4013F00C0F00F14100F7
:10AD200014BF28210021AAFB003001EB90118031D3
:10AD3000204618F0D2FDD4F88833E26B94F87D00F9
:10AD40000693059210F0A2FB4AF2A13B00EB0B0325
:10AD5000AAFB0331069B059AD4F84003203B134419
:10AD60001B1A4B445B1BA3EB9113069394F87D30A5
:10AD7000B4F8409000F1300513F00C0F4FEA450590
:10AD800009F1220940F09A801846059310F07EFBE5
:10AD90008344AAFB0B3A059B4FEA9A1A184610F017
:10ADA0006DFB4D44914B069A554428445860D4F8A5
:10ADB0008833D31AB3F5D87F40F29B81E56982E6E8
:10ADC000002284F85323894AD4E9DC011278C4E9CB
:10ADD000DE01CA464FF0010B02F0FF07002A3FF4E4
:10ADE00023AE10F0FDFF074600283FF41DAEB4F877
:10ADF0002423012A40F2F58094F83C23022A00F033
:10AE0000F08094F85223002A40F0EB80E06941F68C
:10AE10004B57B84240F2438194F8F1220B2A00F2DA
:10AE20006181734B33F8125094F83C3305F5C865D3
:10AE3000012BADB240F0378194F8CA30032B40F0BB
:10AE40004681D4F83403E76B0744294610F01EFF0F
:10AE500003463846D4F83073C4F83033DB1BD4F8DB
:10AE60003873294603FB07F710F010FFD4F840337E
:10AE7000C4F84003C01A07442946E06910F006FFF1
:10AE8000E36941F64B529342B4F80E33D4F83823B9
:10AE90004B446FEA0202A3EB0A031344D4F84423A1
:10AEA00098BF0230C4F84403801A00FB03770123E3
:10AEB00084F85233B8E54FF06509B3E64FF0650A00
:10AEC0006CE74FF06509E6E6029B002B3FF486AE87
:10AED00094F87DB0D4F83423E36B584602EB0309B1
:10AEE00010F0D4FAD4F88C338246A9F120095846E0
:10AEF0009944D4F840B310F0C1FA0AF5234AA9EBFB
:10AF00000B090AF1A10AA9EB0009A5FB0A35A9EB77
:10AF100095150695D4F8405368E6B4F80E33002B27
:10AF20007FF4CAAD84F85333D4F8441301FB1A2AD2
:10AF300094F8C620CDF818A0262A5BD094F8C72034
:10AF4000262A57D0BBF1000F27D033BBD4F88CB3DF
:10AF5000BBF1000F00F0D28094F87D0010F00C0FD0
:10AF600040F09B8010F092FA1F4DD4F88CB300F59E
:10AF70002340A130A5FB0035AD0994F87D001035C4
:10AF800010F07CFAAAF1100A0AEB0B02551B2D1ADD
:10AF9000B4F80E33D4F844130695059803EB090B67
:10AFA00001FB0BFB0BF1300B10F00C0F4FEA4B0BBE
:10AFB00061D110F06BFA0C4D00F52340A130A5FBD8
:10AFC00000308509059810F059FA084B054405EB47
:10AFD0000B00E569586041F64B539D4250D9069AE3
:10AFE00071E5002720E500BFD34D62102C22002020
:10AFF00090FC0600B4F8CC23B21A1204A2D405982F
:10B0000094F8CF23002A18BF104605909AE7002A2B
:10B010003FF4A4ADB4F82423D2B1B4F8260394F8D5
:10B02000281300FB01118A4200F101007FF796AD61
:10B03000002B3FF493AD002384F86233A4F8260379
:10B0400009F026FD00F00700013084F8280385E5AB
:10B05000A4F8262382E5E169D4F844334046C91AAE
:10B0600017F008FE80B200283FF478AD149BC3B1FE
:10B07000188001207EE56525A4E7B4F80E3353E778
:10B08000234A284606AB594617F06DFE214B84F83B
:10B090005303069A5868E56915E5752570E7174664
:10B0A000C2E4012066E5294610F0F0FDE369BB42E9
:10B0B000B4F80E73D4F8443398BF02304F44A7EB72
:10B0C0000A07C4F84403C01A00FB07F7EFE694F838
:10B0D0007D1094F80603E76B17F027FE0744D4F8B9
:10B0E0003403B2E6FFF76EFB40F2A3513020FDF7C8
:10B0F000ADFC40F2F2413020FDF7A8FC40F2445193
:10B100003020FDF7A3FC40F259513020FDF79EFCA2
:10B11000302200202C2200202DE9F04385B00028A9
:10B1200000F05B810446082900F23D81DFE811F060
:10B130008900E9000900090071003B0176007E00EA
:10B1400037011AF071FAD4E9DC23801A61EB0301AC
:10B15000012871F10003C0F24E816FF0010200235B
:10B1600082428B41C0F24281E3690BB1B0FBF3F341
:10B1700094F8C7200E2A00F00B81B4F8C010B4F880
:10B180004E230B449BB2D11A090454BF531C013304
:10B190009BB2A4F84E3394F85133B4F84E1323B94C
:10B1A000B4F8FC328B4200F00B81B4F8FC20B4F808
:10B1B000C030B4F8FA001344013BB4F882231B1AE0
:10B1C0009EB2531C721A1204A4F8823300F1B480A8
:10B1D0000DF10E05002300951A462046FFF7EAFB05
:10B1E000002840F09380D4F884303BB3B4F8F620C4
:10B1F000B4F84E339B1A1BB2002B1FDDB4F8881035
:10B200000B44013BB3FBF1F313FB0123A4F8F6302D
:10B2100014E005B0BDE8F0430FF0AABD012010F026
:10B22000FFFC05B0BDE8F043FFF766B890F83C338B
:10B23000042B40F0E580002380F83C3305B0BDE8E6
:10B24000F08390F850330022C0F88C23002B00F0DC
:10B250008E80B0F84E23B0F8C0309A4200F0B5802E
:10B26000D31AA0F8FE32A0F8C020D4E9DA23204691
:10B27000C4E9DC230CF0B4FD94F80333002BDDD0DB
:10B2800094F87D20E569D4F84433DFF87C8112F02E
:10B290000C0F14BF4FF4F0794FF4DC799D4288BF56
:10B2A000ED1A98F8083098BF0025002B7FD004F1E4
:10B2B0004400D4F8087318F078FA0744022013F019
:10B2C0001BFBED1B25EAE575854228BF05460221DB
:10B2D000284613F061FB00B92F444A463946204600
:10B2E00018F0E3FAE269D4F80833C8F80C00D01873
:10B2F00013F0A8FA0028A1D140F2AA313020FDF7BE
:10B30000A5FB05B0BDE8F04319F09DBD012868D14B
:10B31000B4F84E13B4F8F8228B1A13F4004FBDF8AA
:10B320000E30194489B2A6EB01032CD11BB2002BBD
:10B33000A4F84E13BFF64EAF94F8CA303349002B31
:10B340000CBF3E23082384F8E93004F1E00018F034
:10B35000A8F9204619F079FD002384F83C3394F8CD
:10B36000840312F09FFB202384F8843366E7B0F84F
:10B370004C33B0F8C010B0F84C23A0F8C0205B1AD2
:10B38000A0F8FE3271E71B0416D4A4F84E1321E78F
:10B39000B4F84E13013189B2A4F84E1305E7C62163
:10B3A0003020FDF753FBCA213020FDF74FFB636CC3
:10B3B0009D4228BF1D467AE7B31A1BB21146B6E775
:10B3C000013189B2A4F84E13EFE6B0F8FC32A0F8D0
:10B3D000C0309B1AA0F8FE3247E79C213020FDF7D1
:10B3E00035FB4FF4CC613020FDF730FB40F221619A
:10B3F0003020FDF72BFB4FF4C4613020FDF726FB16
:10B40000C0213020FDF722FB2C22002081510300B7
:10B410002DE9F0470026054680F81861D0F81401A0
:10B420000127D5E9528982B080F806238A4685F83B
:10B430003061394685F8317108F04CFFD5F8144178
:10B44000C4E9DC8995F8103184F88433C4E9DE89D5
:10B45000C4F888A384F83C63A4F88063334600965C
:10B46000324631462046FFF7A5FAC8B984F83C7346
:10B47000C4F83803C4F83003A4F84E03A4F84C030E
:10B4800084F85103B4F8C030A4F88203013BA4F857
:10B49000C0300EF0DBFF02B0BDE8F04712F030B96B
:10B4A00040F221213020FDF7D1FA00BFD0F814017D
:10B4B000704700BF2DE9F04385B000230322CDE99A
:10B4C000003301268DF806206846FDF7DDFF0446AF
:10B4D00020BB009D95F83031002BF5D085F85861E0
:10B4E0000121284619F046FB95F83031002BEBD0AE
:10B4F00095F8100112F02CFF95F8100113F076FB6F
:10B5000095F8100112F0CEFA00283CD085F83041B1
:10B510006846FDF7B9FF04460028DAD0DFF87C80E2
:10B52000012388F81030002502264FF6FF771AE035
:10B53000029BE3B193F88423202A18D01888B842DC
:10B540001BD00221FDF766FF814608B390F8840303
:10B5500013F04CFB99F8840389F83C4312F0A2FAEB
:10B56000202389F88433CDE902558DF80E6002A8B6
:10B57000FDF78AFF04460028DAD0002088F8100082
:10B5800005B0BDE8F08340F20D213020FDF75EFAF2
:10B5900040F229113020FDF759FA00BF2C2200207B
:10B5A000054B0022012142F210701A725882197064
:10B5B0001A74FFF77FBF00BF2C22002090F83031B3
:10B5C000002B40F0A3802DE9F04104460F460146D0
:10B5D0005648154603F0FF0812F038FA20280646B0
:10B5E0006DD04146502204F5887014F023F90123F0
:10B5F00084F81061C4F8147184F8303137B109F05F
:10B600005FFA00F00700013087F828032046FFF7B3
:10B610009FF800270223A4F84001A4F8423184F8DF
:10B62000387110F063FBB4F840619D360644204643
:10B63000B6B219F05AFA002844D016F078FF00F597
:10B64000CD6189B2284610F021FB2844C4F83C01A2
:10B6500019F0EAFF301841F100010126C4F8480151
:10B66000C4F84C1184F81861E784204619F053FAA5
:10B67000002843D03146204619F0BCF9A5F2F34525
:10B680002D1AC4F81C514FF0FF326FF00043C4E98B
:10B69000542394F8100104F59C7112F04DFB00281E
:10B6A0003ED0D4E9522300252046C4E94A23A4F819
:10B6B0003251294619F05EFA2846BDE8F0810C2087
:10B6C000BDE8F0810146204619F094F9184FF73093
:10B6D000C4F83C01788A08B1E08CC8B9064419F076
:10B6E000A3FF361841F10001C4E95261002DCAD010
:10B6F000AE1941F10001C4E95461CAE7304619F0BE
:10B70000DEFAF73D2D1AC4F81C51BCE70C20704737
:10B7100009F0D6F97B8AB0FBF3F202FB1300DDE7F8
:10B7200040F2EF113020FDF791F900BFD1A70200E0
:10B730002C22002090F830310BB90020704710B552
:10B740000121044680F8581119F014FA94F83031A8
:10B750000BB9002010BD94F8100112F0F9FD94F817
:10B76000100113F043FA94F8100112F09BF920B184
:10B77000002384F83031002010BD40F20D2130202C
:10B78000FDF764F9014B1872704700BF2C220020AE
:10B7900090F8582182B910B502F0FF0490F81821F2
:10B7A00012B90122104610BDD0E947319942F9D9AA
:10B7B0000BF0BCF82246F5E700221046704700BFA8
:10B7C00010B504460EF0D6FA074BDA68824208D369
:10B7D000E16941F64B52914203D9187C80F0010097
:10B7E00010BD002010BD00BF2C22002008B54FF472
:10B7F000FF7118F085F8B0F5296F28BF4FF4296064
:10B8000080B208BD90F80333002B66D170B503F009
:10B81000FF0590F83C33032B84B0044601D004B0FC
:10B8200070BD19F001FFD4E9DC23801A61EB03013C
:10B83000012871F10003F2DB6FF00103834275EB25
:10B8400001034DDBE369B4F8C020002B46D0B0FB08
:10B85000F3F080B2531C184480B2A4F84C03B4F83F
:10B860004C23B4F8FC329B1A1BB2002BD7DD94F8A2
:10B87000840312F06DFD0028D1D0FF2384F85133EA
:10B88000B4F8FC30B4F8C050B4F8FA201D44013DBF
:10B89000AD1AB4F84C33ADB2EB1A1A04BFD40DF1A3
:10B8A0000E06B4F84C130096002389B201222046FC
:10B8B000FFF780F80028B2D0012816D1B4F84C3335
:10B8C000BDF80E2012FA83F39BB2A4F84C33B4F8FF
:10B8D0004C33EB1A1B04E4D5A1E770471846B9E7CF
:10B8E00040F2D7513020FDF7B1F84FF4C26130205B
:10B8F000FDF7ACF82DE9F047044682B0052900F2C7
:10B90000C180DFE801F03D1603131C23042384F8F3
:10B910003C330EF09BFD11F0F3FEB4F8C020A4F808
:10B920004E230023A4F8823384F8513302B0BDE8DB
:10B93000F087032380F83C3302B0BDE8F0870EF0B7
:10B9400013FAC4F88C0302B0BDE8F08790F87D507C
:10B9500028460FF09BFD4E4900F55F4015F00C0F97
:10B9600000F14100A1FB003014BF2821002101EBB0
:10B9700090118031204602B0BDE8F04717F0ADBF0E
:10B98000D0F88C339BB9434B1B7C03F0FF02002B98
:10B99000BCD1B4F8FC12009201232046FFF70AF84C
:10B9A0000028B6D040F2DA613020FDF74FF890F869
:10B9B0005233002BE7D090F83C33032BE3D190F8BF
:10B9C0007D9016F0B4FD94F8F1320B2B58D8324A22
:10B9D000D4F88C5332F81330C61803F5C8634846C0
:10B9E0009FB20FF04BFD19F00C0FA5EB0008B6B29B
:10B9F00048463CD10FF04AFDDFF894A0D4F8085334
:10BA000000F2E733AAFB03234846A8EB93180FF094
:10BA100035FD2D1A48460FF039FD00F52343A133BB
:10BA2000AAFB03239B09EB1A5A08603B293206FB49
:10BA300003F3B3FBF7F36033A2EB530141454FEA45
:10BA4000530302D81344434501D210F0B5FBE0691B
:10BA5000314610F01BF9E26941F64B539A4298BF08
:10BA600002300023C4F8440384F852338BE7D4F83F
:10BA700008530FF003FDA8F13C082D1A6523D2E707
:10BA8000FEF7A0FE40F26E713020FCF7DFFF00BF32
:10BA9000D34D62102C22002090FC0600012A70B5C4
:10BAA000064609D0022A14460D461ED04AB14FF46C
:10BAB000F3613020FCF7CAFF0EF05CF9C6F888038A
:10BAC00070BD0EF057F9224601462846FFF7A0FC4C
:10BAD0000F4995F81001324610F076F80028EFD1A2
:10BAE00040F281713020FCF7B1FFD0F888130122B9
:10BAF0002846FFF78DFC064995F81001324610F0F4
:10BB000063F80028DCD140F292713020FCF79EFFF0
:10BB100019B10200F8B5044651B1012962D10023E0
:10BB200080F818310EF092FCBDE8F84011F0E8BD45
:10BB3000C58C002D4ED12046D4E94A7618F097FFE7
:10BB4000401941F10001C01946EB01060223002211
:10BB5000C4E95206A4F8423184F838212046FEF7A1
:10BB6000F7FDD4E9525694F85831A4F84001C4E9DD
:10BB70004A5603F0FF017BB9D4E954026FF0004349
:10BB80009A4208BFB0F1FF3F0FD194F8100104F5BD
:10BB90009C7112F0D1F850B30023A4F832310EF0AA
:10BBA00055FCBDE8F84011F0ABBD204618F022FF6F
:10BBB000D4F85031D4F854215B1B00F1F70062EB4C
:10BBC00006021B1A62F10002002ADEDA20460AF0A1
:10BBD000ADFEE1E708F05CFFE58CB0FBF5F303FB9D
:10BBE0001505A8E74FF4F5613020FCF72FFF40F270
:10BBF000FA613020FCF72AFF90F83001704700BF4F
:10BC0000014B5882704700BF2C2200200B460622B1
:10BC100003F8032BB0F809C0C27AA1F803C09A70E8
:10BC2000704700BF18230B70704700BF08B54FF472
:10BC30002B713220FCF70AFFF8B500284CD0437A6C
:10BC400046890F4604466BB300213046FDF7E2FB00
:10BC50000546002845D0008807F0ACFE2888002162
:10BC6000FDF7EEFB002841D13B46132203F8032BDE
:10BC700004F1290E04F10902156850689168D2F8A0
:10BC80000CC0C3F80CC0103272451D60586099603A
:10BC900003F11003F0D112781A700023BB71637A9C
:10BCA0008BB1F8BDC36CD0F80E20C3F80320428AD4
:10BCB000A3F80720427BC36C12F0FD0F14BF0122D2
:10BCC00000229A70D0E707F0DBFC4B04E9D5304640
:10BCD000BDE8F84006F074B940F2EA213220FCF7E2
:10BCE000B5FE40F2F6213220FCF7B0FE40F2FA2118
:10BCF0003220FCF7ABFE00BF044B1B680022A3F808
:10BD0000B22083F8B42083F87020704740220020CE
:10BD100008B508F0B3FB034B18700EF0E7FA0320E8
:10BD200008BD00BF1000002008B508F0A7FB024BBB
:10BD300002461A70012008BD100000202DE9F041D4
:10BD4000054617461E46A1B1AB681BB12FB1384658
:10BD5000BDE8F0810120BDE8F081002EF7D0184940
:10BD6000AA7C0968BDE8F04191F84100423116F023
:10BD70008ABEDFF84C80D8F8001091F8562091F870
:10BD80009A0001F15703933116F07DFED8F8003088
:10BD900093F88120082A03D093F88410914207D0A9
:10BDA00093F85230012BCFD033B90028CCD1D2E751
:10BDB00093F85230012BC7D90020BDE8F08100BFB5
:10BDC0004022002038B50D4D2C6894F8853063B9B9
:10BDD0000023012184F87010A4F8B23084F8B43044
:10BDE0002046BDE8384005F067B90EF025FF0DF09C
:10BDF000D9FB002384F885302C68E9E74022002035
:10BE000010B50D4C236893F85030032B0BD16068AC
:10BE100060B10EF059FE00200EF0C0FE236804222F
:10BE200083F8702010BD03F0BBF8F1E740F2F24157
:10BE30003220FCF70BFE00BF4022002038B5204D19
:10BE40002B6893F87020022A35D8027C83F8802072
:10BE5000C16859671A44044692F8B52083F8B120A6
:10BE60004268DA67037A022B02D1637CCBB938BD12
:10BE70000EF034F80EF0E0FE0DF094FB11480EF0D9
:10BE80000DFE11480EF004FE10480EF051F92B681B
:10BE900093F868305BB9012013F082FD637C002BBE
:10BEA000E5D02868BDE83840603016F0E2BD0220D9
:10BEB00013F076FDD9E740F6D5013220FCF7C6FD38
:10BEC00040220020B801002055555500D6BE898E6D
:10BED00070B5414C236893F87020032A064626D09B
:10BEE00093F87020042A22D093F85020032A4ED1D0
:10BEF0006568002D51D06EBB93F87020022A56D988
:10BF000093F87020082A57D893F87030A26803F18C
:10BF100080435269033B52F8233098470C2841D89C
:10BF2000A368DB68BDE8704053F82030184793F8E9
:10BF30005020032ADCD003F033F805466DB32368A4
:10BF400093F85020013A022AD5D941F246313220E5
:10BF5000FCF77CFD284617F018FA18B9284617F0A8
:10BF60002FFAC0B1236893F87020022A29D993F8D8
:10BF70007020082A2AD893F87030A26803F1804311
:10BF80001269033B284652F823309847C6E703F06E
:10BF900039F80546D2E72368AEE74FF49A513220CC
:10BFA000FCF754FD41F25B313220FCF74FFD41F2CA
:10BFB00026313220FCF74AFD41F227313220FCF7CE
:10BFC00045FD41F2C6213220FCF740FD41F2C72178
:10BFD0003220FCF73BFD00BF4022002038B5144C56
:10BFE000236893F85030032B18D16568D5B12368C6
:10BFF000FF2093F8B1100DF0DBFE28460EF064FD33
:10C00000236893F8B10010F00C0018BF28200EF040
:10C01000C5FD2368072283F8702038BD02F0F2FFC7
:10C020000546E3E740F217513220FCF70FFD00BF51
:10C0300040220020F0B5504C23680022DF6C5A7279
:10C04000FA690E4639885981054641F27071A2F5A8
:10C050007A70884283B040F282804849A1FB021284
:10C06000C2F38F221A84BA8C5A84FA8C9A844FF4C1
:10C070007F42DA844FF6FF721A85002D65D00121C8
:10C08000304617F0BEF83278D209236893F886104C
:10C0900009B1002A37D193F882000021082859619C
:10C0A00019833DD003F10E0203F10D0107F07AFF71
:10C0B00000285CD023685A7B42F002025A7303F1D5
:10C0C0001A07002D3BD103F1930002683A60828881
:10C0D000BA8093F95410D86C08F0B4F92068284954
:10C0E000022217F0D2FA20682649C36C1C88A0F8F7
:10C0F000334093F8CE3080F8353002222A3017F0E2
:10C10000D6FA03B0F0BD427902F0C002402AC2D193
:10C1100002685A61828893F882001A830828C1D184
:10C1200093F89A00D3F893105873C3F80E10B3F82D
:10C13000970058820021C3F81A10D983C9E700215B
:10C14000304617F05EF82368BFE76068694616F06E
:10C150000BFF63681A786846C2F3801295E70A49B4
:10C16000A1FB0212920902F5506292B27AE741F203
:10C1700091313220FCF76AFC402200205917B7D1D8
:10C1800039BC02000DBC0200D34D621038B50F4D12
:10C190002C6894F885307BB900206968A4F8B20057
:10C1A00084F8B40084F87000FFF744FF2868022187
:10C1B000BDE8384004F0B0BF0EF03EFD0DF0F2F9DE
:10C1C000002384F885302C68E6E700BF4022002079
:10C1D00008B508F053F9034B187003F0F1F901208A
:10C1E00008BD00BF10000020034A1068022380F839
:10C1F000703004F0F3BD00BF4022002008B540F2CB
:10C2000043313220FCF722FC30B504788DB004F0C5
:10C210000F0402A9224603F0DBFB0EF067F808F0DA
:10C220002DF9214B042C187002D003200DB030BD25
:10C230001E49039A09681478054691F893008442D0
:10C24000F3D1547891F894008442EED1947891F827
:10C2500095008442E9D1D47891F896008442E4D1E3
:10C26000147991F897008442DFD1507991F89820A1
:10C270009042DAD19DF8190091F89A209042D4D1D9
:10C280007F2D0ED07F221A7002A891F8993091F874
:10C29000A82091F88210009503F0A8FA03200DB0B1
:10C2A00030BDFFF7ABFF00BF100000204022002090
:10C2B0002DE9F047044684B006290CD8DFE801F0E8
:10C2C0006822110B0B0B0400B74D2A6892F88B30D3
:10C2D000002B40F083800EF009F8032004B0BDE885
:10C2E000F0870EF003F8B04B1A6892F88B302BB140
:10C2F00092F85030013B012B40F2DE80032004B065
:10C30000BDE8F087A84F837C396891F8865091F892
:10C310008BA0012B85F001057ED0002691F85030CE
:10C32000032B00F0BF8091F88180B8F1080F40F036
:10C33000A88091F841804FF000094046032B75D149
:10C34000636891F857201E78964200F050810026CD
:10C3500091F88130082B04D091F884209A4208BFCC
:10C360000126B9F1000F40F0A580002D40F0E080DB
:10C37000BAF1000FAFD03B6893F85230012B03D0D5
:10C38000002BA8D1002EA6D0002DA4D00A20A5E70E
:10C39000854D2A6892F88B30002B9CD092F8503053
:10C3A000022B00F0CC80012B00F05881032B40F0D1
:10C3B0006C81436892F857101878884200F0938097
:10C3C00092F85230012BE1D092F88430082B82D0C1
:10C3D00092F881209A427FF47EAFD7E792F85030EE
:10C3E000022B00F0C680012B7FF475AF6F4991F9E5
:10C3F00000307F2B00F04781029392F8993001932F
:10C4000092F8823000937F250D70FF23423206217F
:10C4100003F022F9032061E783685E7906F0C00625
:10C42000A6F14006B6FA86F6760977E70DF05EFFCC
:10C43000BAF1000F3FF462AF3968A36891F8410088
:10C44000A27C423116F01FFB18B9B9F1000F00F0C1
:10C45000AF80564D95F900307F2B00F014813A687B
:10C46000029392F89910019192F88210009120465F
:10C470007F244346423201212C7003F0EDF8032063
:10C480002CE7404607F09CFC002818BF0546002E0C
:10C4900040F0D280396891F8418091F85030B1462F
:10C4A00040464BE791F84920002A3FF43CAF91F811
:10C4B00084803AE701255BE73C4991F900307F2B06
:10C4C00000F0E180029392F89930019392F8823063
:10C4D00000937F2520460D70FF234232022103F096
:10C4E000BBF80320FAE6587892F8581088427FF497
:10C4F00067AF987892F8591088427FF461AFD87886
:10C5000092F85A1088427FF45BAF187992F85B106A
:10C5100088427FF455AF597992F85C3099427FF4A4
:10C520004FAF617C92F8563099427FF449AF2DE7C6
:10C53000A368A27C423116F0A6FA054618E71B490B
:10C5400091F900307F2B00F09E80029392F8993091
:10C55000019392F8823000937F24FF2342320C70C3
:10C56000002103F079F82B68012283F8A820092024
:10C57000B4E60E4991F900307F2B00F084800293DD
:10C5800092F89930019392F8823000937F24FF2330
:10C5900042320C70062103F05FF82B68002283F80A
:10C5A000A82009209AE600BF4022002010000020A9
:10C5B0003A6892F85130023B012B3FF69FAE002EB5
:10C5C0003FF49CAE334991F900307F2B5BD002934E
:10C5D00092F89930019392F8823000937F250D7084
:10C5E000FE2342322046012103F036F886E65E78CB
:10C5F00091F8582096427FF4AAAE9E7891F859207F
:10C6000096427FF4A4AEDE7891F85A2096427FF4E9
:10C610009EAE1E7991F85B2096427FF498AE5A79CF
:10C6200091F85C309A427FF492AE667C91F8563075
:10C63000F31A5E425E418BE6A168404607F0A2FD18
:10C640003968814691F8410091F850308046B9F13F
:10C65000000F3FF473AE40F002086FE60D4991F908
:10C6600000307F2B0FD0029392F89930019392F80B
:10C67000823000937F250D70FF234232002102F0AB
:10C68000EBFF03202AE6FFF7B9FD40F6F541322023
:10C69000FCF7DCF91000002030B5164B93F9004090
:10C6A0007F2C85B024D07F221A70134B1A6892F821
:10C6B0007030032B15D092F87030062B0CBF032579
:10C6C000012592F8B130CDE9024592F882400194FB
:10C6D00092F899400094423202F0B8FC18B905B0C3
:10C6E00030BD0025EDE705B0BDE8304002F036BFB3
:10C6F000FFF784FD100000204022002010B5104AF2
:10C70000136893F8701002290FD993F87010082954
:10C7100010D893F87030926803F180439268033B1D
:10C72000BDE8104052F82330184741F23D41322015
:10C73000FCF78CF941F23E413220FCF787F900BF4B
:10C7400040220020F8B5334C236893F8B420054606
:10C750005F2A93F8B2009CBF51092F4AC0F3050726
:10C7600000F03F0094BF565C00260DF0EBFC236800
:10C7700093F9540083F899700DF0D4FCFDB123684F
:10C780003246596F01200EF00DF800283CD0236886
:10C7900093F89230022B0CBF4020FF2031460DF061
:10C7A00007FB256895F85030032B10D195F8A83079
:10C7B0006768A3B138460EF087F90120F8BD32460C
:10C7C000732101200DF0EEFF0028E0D1F6E702F022
:10C7D00019FC256895F8A8300746002BEAD1781D8A
:10C7E00007F026FC236885F8850093F88530002B38
:10C7F000E0D016F00C0F14BF552450240CF0B4FEFA
:10C8000020460EF00DFAD5E740F2EB713220FCF72E
:10C810001DF900BF40220020CCFC0600F8B53A4EBE
:10C82000336893F8B4205F2A9EBF5109374A575C9A
:10C830005A6F054688BF00272AB10120FFF782FF03
:10C8400000285BD03368D86F0EF076F9346894F81E
:10C850005030022B31D0032B0AD0E5B140F2011346
:10C86000A4F8A930002384F8B17084F88930F8BDA9
:10C8700094F89230012BF0D117F00C0F2CD094F8D3
:10C880005530012B14BF3946042100200EF0EEF97B
:10C890003468002DE2D194F89230022B14D0012B91
:10C8A0001CD0002BDED103F03BF884F8A90002F085
:10C8B00035FB84F8AA003468D4E794F89230022B50
:10C8C000DAD0002DCAD1EAE7002384F8B170A4F8C9
:10C8D000A95084F88930F8BD3946D6E794F8B130CC
:10C8E000A3F10203B3FA83F35B094FF0000263F391
:10C8F000070263F30F22A4F8A920B3E740F2B44182
:10C900003220FCF7A3F800BF40220020CCFC060038
:10C9100038B505460C4606F0B9FE420704D4A378A4
:10C9200003F0E003402B0DD006F0B0FE830704D4E3
:10C93000A37803F0E003202B04D0237803F03F0317
:10C94000242B01D9002038BD0DF0F0F994F9003006
:10C9500094F802C06278002B0CF01F03ACBF1E21BC
:10C960004FF4967142EA032301FB03F31A1AB2F55E
:10C97000877FE7D39842E5D8054A23881068A0F856
:10C98000B23080F8B4C02946BDE8384004F0BAB9E6
:10C9900040220020F0B5294E326892F88B3087B0E3
:10C9A0005BB392F8A830044633B90378002B0CBF70
:10C9B0000123022382F8A83092F87030062BD8B2F7
:10C9C00030D0072814BF012702271D4890F90050D6
:10C9D0007F2D31D092F8B130CDE9025792F88250D4
:10C9E000019592F8995000957F25057042322046B6
:10C9F00002F02CFB20B9022F16D1002007B0F0BDA9
:10CA0000607810F0100512D0A1690220FFF780FFB6
:10CA1000059048B13368002283F892200DF066FC3F
:10CA20000598EBE70327D0E702F0CAFDE5E702F03F
:10CA300095FD284607B0F0BDFFF7E0FB402200203F
:10CA40001000002010B504468AB007F017FD2378C7
:10CA5000174A03F00F03072B107002D001200AB011
:10CA600010BD6946204603F04DF89DF800300022C5
:10CA70000292002BF2D19DF80130DB07EED50D4C70
:10CA8000019923689DF8110093F89A20933315F0CB
:10CA9000FAFF0028E2D0206801218E3015F016FD43
:10CAA000FF216846FFF776FF0028D7D00220D6E79F
:10CAB00010000020402200202DE9F04304468BB0F6
:10CAC00007F0DCFC2378474A03F00F03082B1070B3
:10CAD00004D0012528460BB0BDE8F0836946204606
:10CAE00002F0A8FF9DF80050002DF2D19DF8013012
:10CAF00003F00303032BECD13B4F3E6896F849301B
:10CB0000002B36D096F8848096F88530002B33D1F0
:10CB100096F89A2001999DF8110006F1930315F0FB
:10CB2000B2FF0028D5D096F886203E6896F841904E
:10CB30004236002A45D19DF81200029901282ED0D4
:10CB400033464A4615F09FFF0028C2D038680121BD
:10CB50008E3015F0BBFC3E6896F88530002B39D13D
:10CB600021460120FFF766FA3868022104F0D4FA62
:10CB7000B0E796F88180C7E715F0C9FF082881461D
:10CB8000C6D086F8820096F89A2001999DF8110087
:10CB900006F1930315F077FFC145C4D0C1E74B7987
:10CBA00003F0C003402BCBD133464A4615F06BFF50
:10CBB0000028CBD10299404607F0E4FA0028C5D1FD
:10CBC00087E7404607F018FB00281CBF06464FF0D9
:10CBD0000109B0E70EF030F80CF0E4FC002386F811
:10CBE0008530BDE710000020402200202DE9F047ED
:10CBF000072984B00E46044617464DD140680028E8
:10CC000000F08F80637C012B00F0BA80DFF80C828B
:10CC1000D8F8003093F88100082860D002AA0DF1FE
:10CC2000070107F0BFF9002800F0F0809DF8070029
:10CC300002A917F048FB0546D8F80090062E99F88F
:10CC400049A000F28F80BAF1000F18BF55464B463D
:10CC500083F88B50724B1B6833B139462046984796
:10CC600089F88C00D8F80090636843B1627C89F839
:10CC70009A201A68C9F893209B88A9F8973099F8E8
:10CC80008C300120002B00F0C680A3680BB1072E6A
:10CC900038D004B0BDE8F0874568002D00F09080E2
:10CCA000437C012BB2D16B7903F0C003402BADD193
:10CCB000DFF86881D8F8005095F88530002B7CD0DB
:10CCC00015F025FFD8F8003085F8810093F8810031
:10CCD00083F882000122082883F889209ED16168A8
:10CCE000607C17F0F0FAD8F80020616805468132C0
:10CCF000607C07F08DF800289ED1D8F80090A9F844
:10CD00008B00C2E799F881100829C2D00028C0D052
:10CD1000184607F07DF9D8F80030012283F88A2000
:10CD2000B7E7002A52D0DFF8F480D8F8009099F8DD
:10CD300049A0054699F88B30002B5ED06368002B24
:10CD400081D102F0EDFD20B1D8F8002092F88B508F
:10CD50002DB9BAF1000F53D0D8F8002055464B46F4
:10CD6000914675E7082E2ED8002FE3D16368002B7B
:10CD70007FF469AF6378DB06E3D54B46012567E7AF
:10CD8000437903F0C003402B7FF440AFDFF88C8081
:10CD9000D8F8005095F885307BB1002F90D195F8E8
:10CDA000B11001298CD107F015F985F88500D8F864
:10CDB000005095F88530002B82D195F881002BE743
:10CDC000DFF8588038E74B46002541E7134C2368CD
:10CDD000012583F88B5093F8AB30002B3FF459AF0B
:10CDE0002368D3F8AC00503018F015F900287FF410
:10CDF00050AF236883F88C504BE71D464B4627E71E
:10CE000007F000F8D8F800200546A8E740F65131B1
:10CE10003220FBF71BFE99F88B0036E740220020FA
:10CE2000A00000202DE9F04FDFF8FCB0847CDBF897
:10CE3000007097F88660012C83B0054689469246BB
:10CE4000984686F0010637D0002497F885302246B0
:10CE500003B397F85030032B35D06B681BB397F8AA
:10CE60008170082F25D03846019206F0A9FF019A5B
:10CE7000002818BF0646EAB1DBF8003093F88A3084
:10CE8000002B46D015F04DFEDBF8002000210346B4
:10CE900082F88A108AF8003089F8004088F800602B
:10CEA00003B0BDE8F08F019202F03AFD019A00282C
:10CEB00035D17AB90023EDE783685B7903F0C003CD
:10CEC000402BC1D1C1E797F84930002BC5D097F866
:10CED0008470C6E7DBF8003093F88970002FE9D141
:10CEE000A8680193394607F075F8019B83F885001F
:10CEF000DBF8003093F88530002BCBD0019315F090
:10CF000006FE08280ED0DBF80020019B82F8810085
:10CF1000C0E7A968384607F035F90346BAE7DBF8F9
:10CF200000709CE73B46B5E74022002008B507F0BB
:10CF3000A5FA024B02461A70012008BD100000201D
:10CF40002DE9F0416A4C6368D4F800800022054660
:10CF50001A8018460F460DF0B7FD032D31D0052D70
:10CF60004BD0606808F1930116F005F898F89A1014
:10CF7000606816F014F8236893F8862093F84170DF
:10CF800003F142065AB193F85020032A2ED093F8A9
:10CF9000810007F031F900281CBF064601276068B0
:10CFA000314615F0DAFF6068394615F0EBFF514B5A
:10CFB000D3F80431002B40F09680052D0BD0BDE84E
:10CFC000F0816068037823F00F0343F003030370DC
:10CFD0000C234370C6E723683168DA6CC2F80A1084
:10CFE000B188D181DB6C5F72BDE8F08193F8492094
:10CFF000002ACCD093F88400CBE7D4E9000631783E
:10D0000021F02F0141EA471141F00501222331703F
:10D010007370C36C1B6AC6F80F30C26C936BF374E9
:10D020001F0A1B0C37757375D369B2F8407041F64F
:10D030004B518B42D16B3BD9DFF8BCC0ACFB01E15B
:10D04000890AACFB07C7BF0AF175C1F30721B775A1
:10D0500031762949A1FB0313C3F38F2373761B0A8F
:10D06000B376938CF3761B0A3377D38C73771B0AD2
:10D07000B377D2F8CF30C6F81F3092F8D33086F8A5
:10D080002330C36C96F8242093F8DA3022F01F0284
:10D0900003F01F03134386F8243006F01DFB96F8B7
:10D0A000243003F01F0343EA401386F8243058E786
:10D0B000DFF848C0ACFB01E14909ACFB07C77F09B9
:10D0C000F175C1F30721B7753176A3F57A7741F28F
:10D0D00070718F42BDD80A49A1FB03139B0903F568
:10D0E00050639BB2BAE740F237613220FBF7AEFCE7
:10D0F00040220020001000405917B7D11F85EB5186
:10D10000D34D621010B507F0B9F90B4A0B4B1468F8
:10D11000187094F885301BB90DF0E8F8032010BDA5
:10D120000DF08AFD0CF03EFA002384F885300DF0F6
:10D13000DDF8032010BD00BF4022002010000020B9
:10D1400070B51F4C23680E2093F8B1100CF030FE20
:10D15000236893F85030032B29D165685DB32846C6
:10D160000DF0B2FC236893F8B13013F00C030CBF40
:10D17000184628200DF012FD2668681D96F8B1505B
:10D1800006F056FF236886F8850093F8852052B193
:10D1900015F00C0F14BF552550250CF0E5F9284665
:10D1A0000DF03EFD2368082283F8702070BD01F069
:10D1B00029FF0546D2E740F204513220FBF746FC36
:10D1C0004022002038B50D4D2C6894F8853063B9A5
:10D1D0000023012184F87010A4F8B23084F8B43030
:10D1E0002046BDE8384003F067BF0DF025FD0CF088
:10D1F000D9F9002384F885302C68E9E74022002023
:10D2000038B50F4D07F03AF92C680E4A94F885307E
:10D21000107063B90023012184F87010A4F8B230B3
:10D2200084F8B4302046BDE8384003F045BF0DF027
:10D2300003FD0CF0B7F9002384F885302C68E9E78A
:10D24000402200201000002038B5104D02F0B8F93F
:10D2500007F014F92C680E4A94F88530107063B901
:10D260000023012184F87010A4F8B23084F8B4309F
:10D270002046BDE8384003F01FBF0DF0DDFC0CF088
:10D2800091F9002384F885302C68E9E740220020DA
:10D290001000002038B507F0F1F8114D114B02468F
:10D2A00028681A7000218E3015F010F92C6894F857
:10D2B000853063B90023012184F87010A4F8B230DE
:10D2C00084F8B4302046BDE8384003F0F5BE0DF0D8
:10D2D000B3FC0CF067F9002384F885302C68E9E78B
:10D2E000402200201000002038B507F0C7F8114D8B
:10D2F000114B024628681A7000218E3015F0E6F8AE
:10D300002C6894F8853063B90023012184F87010EB
:10D31000A4F8B23084F8B4302046BDE8384003F0B9
:10D32000CBBE0DF089FC0CF03DF9002384F885306C
:10D330002C68E9E7402200201000002038B5234C7B
:10D34000236893F8B4205F2A9EBF5109204A555C98
:10D350005A6F88BF002522B10120FFF7F3F980B38F
:10D360002368D86F0DF0E8FB236893F85020022A59
:10D370001BD0032A0CD0062240F20110002183F8B2
:10D38000B15083F87020A3F8A90083F8891038BD44
:10D3900093F89220012AEED115F00C0F0AD12946FC
:10D3A00000200DF063FC2368E5E793F89220022A41
:10D3B000E1D1F1E793F85530012B14BF2946042140
:10D3C000EEE740F2B4413220FBF740FB4022002060
:10D3D000CCFC060070B5154D0521286803F092FCC1
:10D3E00050B12B68012093F8B1100DF03FFC2B6871
:10D3F0000B2283F8702070BD2E6896F8853063B9D3
:10D400000023012186F87010A6F8B23086F8B430F7
:10D410003046BDE8704003F04FBE04460DF00CFCF2
:10D420000CF0C0F886F885402E68E9E7402200201D
:10D4300070B5164D00210320FFF782FD28680321F7
:10D4400003F060FC40B1012108460DF00FFC2B6891
:10D45000092283F8702070BD2E6896F8853063B974
:10D460000023012186F87010A6F8B23086F8B43097
:10D470003046BDE8704003F01FBE04460DF0DCFBF3
:10D480000CF090F886F885402E68E9E740220020ED
:10D4900070B5374D2B6893F8B4205F2A9EBF5109B1
:10D4A000344A565C5A6F88BF00262AB10120FFF724
:10D4B00049F9002857D02B68D86F0DF03DFB2C6838
:10D4C00094F85030022B2CD0032B0FD094F89230CC
:10D4D000022B11D0012B13D0DBB30523002284F8DB
:10D4E000B16084F8703084F8892070BD94F892306F
:10D4F000012B1AD0022BEFD10023A4F8A930ECE7BE
:10D5000094F8B130A3F10203B3FA83F35B094FF04F
:10D51000000263F3070263F30F22A4F8A9202C682A
:10D52000DBE794F89230022BD4D116F00C0F09D11E
:10D53000314600200DF09AFB2C6894F89230022BB3
:10D54000C8D1D9E794F85530012B14BF31460421D6
:10D55000EFE702F0E5F984F8A90001F0DFFC84F8B8
:10D56000AA002C68B9E740F2B4413220FBF76EFA0A
:10D5700040220020CCFC060070B5264C236893F8AE
:10D580005030032B24D16668002E3ED020680C2337
:10D5900080F87030012103F0BFFD00210520FFF766
:10D5A000CFFC2068062103F0ADFB0546A0B123683F
:10D5B000012093F8B1100DF059FB22683378D16C3B
:10D5C000C3F34013012082F89B3081F8CE0070BD78
:10D5D00001F018FD0646D7E7266896F8853063B94E
:10D5E0000023012186F87010A6F8B23086F8B43016
:10D5F0003046BDE8704003F05FBD0DF01DFB0BF041
:10D60000D1FF86F885502668EAE740F28351322040
:10D61000FBF71CFA4022002070B5B8B9A9B11E4A28
:10D62000136893F8701008292CD993F870100C29FE
:10D630002DD893F87030926803F180435268093B0B
:10D64000BDE8704052F82330184770BD124D2C6869
:10D6500094F885306BB904F1B2020023012184F8FB
:10D660007010A4F8B23093702046BDE8704003F00B
:10D6700023BD0DF0E1FA0BF095FF002384F885300F
:10D680002C68E8E741F20D413220FBF7DFF941F267
:10D690000E413220FBF7DAF94022002070B5294D07
:10D6A0002B6893F85030032B82B026D16E68002E81
:10D6B00043D028680A2380F87030002103F02CFD45
:10D6C0002A683378D26C92F8CE4004EA531404F0FE
:10D6D000010405202146FFF733FC2868042103F0EC
:10D6E00011FB70B12A683378D16CC3F3401382F810
:10D6F0009B3081F8CE4002B070BD01F051FC06466F
:10D70000D5E72C6894F885306BB9002301212046B9
:10D7100084F87010A4F8B23084F8B43002B0BDE8D8
:10D72000704003F0C9BC01900DF086FA0BF03AFF8F
:10D73000019884F885002C68E7E740F25C513220BC
:10D74000FBF784F9402200202DE9F04305468FB015
:10D7500006F094FE2C788A4B024604F00F041A70EF
:10D760002846224604A902F033F9072C57D1059820
:10D77000002800F0A2809DF82130012B00F0CF801E
:10D78000804D2B6893F88100082869D002AA0DF11A
:10D79000070106F007FC002800F0E9809DF807006B
:10D7A00002A916F090FD06462F68062C97F84990BE
:10D7B00000F29880B9F1000F18BF4E46B846724B80
:10D7C00087F88B601B6833B1002104A8984788F85C
:10D7D0008C00D5F80080059B4BB19DF8212088F87E
:10D7E0009A201A68C8F893209B88A8F8973098F870
:10D7F0008C300120002B00F0BF80069B0BB1072C62
:10D800004DD0214604A8FEF753FD2D6895F88530CC
:10D810000446002B38D120460FB0BDE8F083059EAA
:10D82000002E7AD09DF82130012BA9D1737903F015
:10D83000C003402BA4D1534D2E6896F88530002BA1
:10D8400000F0868015F063F92B6886F8810093F864
:10D85000810083F882000122082883F8892095D16D
:10D8600005999DF8210016F02EFD2A6805990646B7
:10D8700081329DF8210006F0CBFA002894D1D5F82A
:10D880000080A8F88B00B8E70DF0D6F90BF08AFEFF
:10D890000023204685F885300FB0BDE8F08398F866
:10D8A00081100829ADD00028ABD0184606F0B0FB97
:10D8B0002B68012283F88A20A3E7324D2B680126CA
:10D8C00083F88B6093F8AB30002B9AD02B68D3F899
:10D8D000AC00503017F09FFB002892D12B6883F8E2
:10D8E0008C608EE7082C36D8059B002B7FF462AF46
:10D8F0009DF81130DB0631D402F012F830B1D5F8C2
:10D90000008098F88B60002E7FF459AFB9F1000FBA
:10D9100027D0D5F800804E4651E71A4D44E74379A9
:10D9200003F0C003402B7FF42BAF164D2E6896F802
:10D9300085306BB196F8B110012983D106F04AFB0E
:10D9400086F885002E6896F88530002B7FF47AAF34
:10D9500096F8810018E7B846002630E7B846012659
:10D960002DE706F04FFAD5F80080064627E740F687
:10D9700051313220FBF76AF898F88B003DE700BF81
:10D980001000002040220020A0000020F0B55B4CD9
:10D9900083B001F04BFB236893F85030032B6FD119
:10D9A0006568002D00F0A480206890F8803090F821
:10D9B0007020034493F8B56080F8B1601AB190F814
:10D9C0007030012B4AD190F883204D4B13441F79BE
:10D9D00038460CF0B7FB236893F8802083F89970E1
:10D9E000134493F8B5707B1E072B72D8DFE803F061
:10D9F000045D71047171710401F0CCFA39460CF0C8
:10DA0000D7F928460DF060F8394601200CF0A0FB4C
:10DA1000012E39D1E81C266806F00AFB236886F837
:10DA2000850093F8852032B140250BF09DFD2846F6
:10DA30000DF0F6F8236893F85020023A012A13D922
:10DA4000002240F608000321A3F88100C3F88920D2
:10DA500083F8A82083F8701003B0F0BD002103F014
:10DA600051F920B32068AEE793F880201A4492F869
:10DA7000B5100129E4D100200DF0F8F82368DFE7A4
:10DA800001F08EFA05468CE7681D276806F0D0FA8B
:10DA9000236887F8850093F88520002ACBD016F0FC
:10DAA0000C0F14BF55255025BFE70D20A6E72568AC
:10DAB00095F8853093B900230121284685F8701028
:10DAC000A5F8B23085F8B43003B0BDE8F04003F0FB
:10DAD000F3BA4FF4FA613220FAF7B8FF01900DF073
:10DAE000ABF80BF05FFD019885F885002568E2E74B
:10DAF00040F2EE313220FAF7A9FF00BF40220020A9
:10DB0000CCFC060008B506F0B9FC044B18700CF00C
:10DB1000EDFBBDE80840FFF739BF00BF1000002053
:10DB200010B506F0ABFC0D4A0D4B1468187094F854
:10DB300085302BB90CF0DAFBBDE81040FFF726BFAB
:10DB40000DF07AF80BF02EFD002384F885300CF0F0
:10DB5000CDFBBDE81040FFF719BF00BF40220020F9
:10DB60001000002038B50446FEF768F9237A032B2D
:10DB700077D03E4D002B49D12A683D4992F8833039
:10DB800092F848000133A1FB034C0CF4FF7404EB42
:10DB90005C041B1B40FA03FC1CF0010FDCB216D125
:10DBA0000133A1FB034C2CF0010404EB5C041B1BB0
:10DBB00040FA03FC1CF0010FDCB208D10133A1FBD9
:10DBC000034121F0010404EB51015B1ADCB282F83D
:10DBD000834092F954000CF0A5FA2C6894F8863032
:10DBE00083B1D4E928126FF000439A4208BFB1F123
:10DBF000FF3F07D017F018FDD4E92823904271EBBE
:10DC0000030305D2BDE83840FFF7C0BE2A68E0E74D
:10DC1000012006F083FA0028F4D02D6806F0BCF944
:10DC2000044617F001FD63011B1B4FEAD46262F149
:10DC30000002520242EAD3525B021B1942F1000C6D
:10DC40004FEA8C1E9A014EEA936ED31A6EEB0C02C9
:10DC50001B1942F100021B1842EB0101C5E92831F2
:10DC6000D0E74FF411613220FAF7F0FE4022002095
:10DC7000ABAAAAAA70B50446FEF7E0F8237A032BF4
:10DC80005DD0012B67D04BD85D4D5E492A6892F874
:10DC9000833092F848000133A1FB034606F4FF7479
:10DCA00004EB56041B1B40FA03F6F607DCB215D44E
:10DCB0000133A1FB034626F0010404EB56041B1BB1
:10DCC00040FA03F6F007DCB208D40133A1FB0341AC
:10DCD00021F0010404EB51015B1ADCB282F88340AD
:10DCE00092F954000CF01EFA2C6894F88630002249
:10DCF00084F8A82083B1D4E928126FF000439A4237
:10DD000008BFB1F1FF3F07D017F08EFCD4E92823FC
:10DD1000904271EB03033DD2BDE87040FFF736BE81
:10DD2000023B012B0AD8364C236893F8A800A8B907
:10DD3000FEF774FD2368052283F8702070BD304E15
:10DD40003368586F002856D1FEF7FCFC054668B1D1
:10DD5000237A012B97D12A4D2A68C1E70120FEF7CB
:10DD60005DFD2368062283F8702070BD01F028FC59
:10DD7000346894F88530B3BB04F1B202002301216A
:10DD800084F87010A4F8B23093702046BDE870405B
:10DD900003F092B9012006F0C1F90028BCD02D682B
:10DDA00006F0FAF8044617F03FFC63011B1B4FEA2C
:10DDB000D46262F10002520242EAD3525B021B19A2
:10DDC00042F100064FEA861C9A014CEA936CD31A82
:10DDD0006CEB06021B1942F100021B1842EB010119
:10DDE000C5E9283198E70CF027FF0BF0DBFB84F83E
:10DDF00085503468C0E740F626113220FAF726FE37
:10DE000040220020ABAAAAAA2DE9F041A94E33680E
:10DE100093F8532086B05AB193F88B20054672B11F
:10DE20002C78012C12D0022C00F0B980002C46D0A6
:10DE30000CF05CFA0324204606B0BDE8F08193F8AC
:10DE40008C30002BF4D02C78012CECD10CF04EFA55
:10DE5000326892F8B130022B6B7800F0D38003F077
:10DE60001803182BE6D192F85030032B00F0D08025
:10DE7000914B93F900107F2900F01A817F221A70CC
:10DE8000326892F8B13002910021039192F8821029
:10DE9000019192F8991000914232FF21284601F039
:10DEA000D5F80028C6D0A9690120FEF731FD002869
:10DEB000C0D03368012283F892200224BBE70CF023
:10DEC00015FA336893F85030032BB3D06B7813F006
:10DED000100F14BF08220122C3F3001732EA030314
:10DEE000A8D1AB688DF815408DF816408DF8174015
:10DEF000002B00F0A5800DF117030DF116010DF1B7
:10DF000015022846FEF78EFF31689DF8153091F80E
:10DF10004180002B40F0BF80AB68AA7C4231404674
:10DF200014F0B1FD88B9336893F85130023B012BEE
:10DF300080D89DF81630002B3FF47CAF9DF815304B
:10DF4000002B7FF477AF4FF0FE08002F7BD05A48AC
:10DF500090F900407F2C00F0AB803268002792F8E7
:10DF6000B130CDE9024792F88240019492F899408D
:10DF700000947F24047041464232284601F066F83E
:10DF800000283FF457AFA9690120FEF7C1FC002823
:10DF90003FF450AF3368022483F892704BE70CF0E3
:10DFA000A5F9326892F85030032B3FF443AF6B78F9
:10DFB00003F01803182B7FF43DAF3F4991F900009F
:10DFC0007F2875D0002792F8B130CDE9020792F88A
:10DFD0008200019092F8990000907F2008704232F0
:10DFE000FF21284601F032F800283FF423AFA96949
:10DFF0000120FEF78DFC00283FF41CAF336883F846
:10E00000924018E703F01903192B3FF42CAF11E7E6
:10E0100069680023B1FA81F11A4649092846FDF7DB
:10E020008DFE00283FF406AFAB699B7813F0E00348
:10E0300034D1336893F88730002B7FF419AFF9E6B9
:10E040004FF0FF0881E71C4B93F900707F2F2FD012
:10E0500032687F21197092F87030032B05D092F846
:10E060007030062B0CBF0324012492F8B130CDE9A7
:10E07000027492F88240019492F8994000944146CB
:10E080002846423200F0E2FF00283FF4D3AE01F010
:10E0900065FA0324CFE648F0020856E7402B7FF4E8
:10E0A000E7AE336893F88830002B7FF4E1AEC1E629
:10E0B000FEF7A4F8402200201000002030B50546ED
:10E0C0008BB006F0DBF92C78504B024604F00F04BD
:10E0D000284669461A7001F015FD072C3FD04C4DBB
:10E0E000002221466846FEF781FD2B6893F8B13087
:10E0F000013B072B74D8DFE803F010067304737339
:10E100007304072C26D00CF0F1F803242D6895F841
:10E1100085308BB920460BB030BD062C02D0F2D82A
:10E12000022CF0D821466846FEF7C2F82D6895F813
:10E1300085300446002BEDD00CF07EFD0BF032FA5A
:10E140000023204685F885300BB030BD9DF80030A7
:10E15000012BD8D16846FFF757FE0446D6E79DF855
:10E160000030022B14D02A4D2A68012B92F8B120DE
:10E170003BD0BBB912F00C0F14D09DF80120D10692
:10E1800010D522F0030201938DF80120029309E0DB
:10E190009DF801301E4D002223F0030301928DF8FB
:10E1A00001300292002207216846FEF71FFD2B680E
:10E1B00093F8B130013B072B12D801A252F823F09B
:10E1C00055E102004DE10200E1E1020055E10200EB
:10E1D000E1E10200E1E10200E1E1020055E10200BB
:10E1E00041F2BC113220FAF731FC9DF801100023F6
:10E1F0006FF34101022A8DF801100293D2D0CAB206
:10E2000063F3000201938DF80120CBE7100000209A
:10E21000402200202DE9F041B84D90B00C4606A9EF
:10E2200001F070FC2B6893F8A90038B19DF8192013
:10E230006FF300028DF819200022079293F8AA00CC
:10E2400038B19DF819206FF341028DF81920002292
:10E2500008929DF8180093F8923098420BD001F084
:10E26000AFF92C68012694F88530002B50D1304648
:10E2700010B0BDE8F081214606A801F067FB78B92F
:10E280009DF819301B07EAD50B9B58781A7800F0D7
:10E290000F0142EA0121000901F07CFB0028DED0D9
:10E2A0002246072106A8FEF7A1FC2C6894F88B30C3
:10E2B00013B994F88C301BB3089B00228DF81520FD
:10E2C0008DF816208DF8172083B30DF115020DF18E
:10E2D00017030DF1160106A8FEF7A4FD2C689DF8A2
:10E2E000152094F84170F2B99DF818609DF81680D9
:10E2F0009DF81730012E21D0022E75D0002E55D05A
:10E3000001F05EF901262C6894F88530002BAED020
:10E310000CF092FC0BF046F90023304684F885306F
:10E3200010B0BDE8F08147F00207DDE79DF8186006
:10E33000012E98461A464FF0FF07DDD19DF81900CF
:10E3400094F8A91000F0090CBCF1090F04D00029C1
:10E3500089D010F0080F86D094F850C0BCF1030F9C
:10E3600000F0908010F0020100F0CE80002A40F012
:10E370009980089B9DF82A2094F8410004F14201FD
:10E3800014F081FB002840F08D802C6894F8513007
:10E39000023B012B3FF667AFB8F1000F3FF463AFCC
:10E3A000FE2106A8FEF778F92C685CE794F8503057
:10E3B000032B3FF457AF9DF819309B0748D4FF2734
:10E3C00094F88C3033B14E4B1B681BB10D9808B1DB
:10E3D0000F999847394606A8FEF7DCFA2C68002802
:10E3E0003FF440AF02263EE794F8501003293FF473
:10E3F00039AF9DF8190000F00906092E7FF432AFFD
:10E40000022900F0A78010F0020100F00C81002A20
:10E4100040F0DD80089B9DF82A2094F8410004F12B
:10E42000420114F030FB002840F0D1802C6894F8B1
:10E430005130023B012B3FF615AFB8F1000F3FF40E
:10E4400011AFFE2106A8FEF727F901262C680AE77E
:10E45000002AB5D194F84100089B9DF82A2004F1C8
:10E46000420114F010FB2C680028A9D194F8513017
:10E47000023B012B3FF6F6AEB8F1000F3FF4F2AECF
:10E48000FE279DE706A8FDF759FC00283FF43BAFA7
:10E4900028688E3014F03CF82C6800283FF4E3AE76
:10E4A0000C26E0E6174B93F900407F2C00F0E58046
:10E4B0002A687F21197092F87030032B00F0B08029
:10E4C00092F87030062B0CBF4FF0030C4FF0010C8C
:10E4D00092F8B130CDE9024C92F88240019492F862
:10E4E00099400094394606A8423200F0AFFD00285A
:10E4F0003FF409AF01F032F82C68B4E64022002066
:10E5000084010020100000205E4B93F900207F2A38
:10E5100000F0B38094F870007F2703281F7005D0A7
:10E5200094F87030062B0CBF0321012194F8B13010
:10E53000CDE9022194F88220019294F8992000926A
:10E5400006A804F14202FF2100F080FD00283FF4FC
:10E55000DAAECFE710F0020100F08A8072B9002B2A
:10E560003FF465AF089B9DF82A2094F8410004F120
:10E57000420114F088FA00283FF458AF414B93F958
:10E5800000407F2C79D000217F2203201A70FEF7F3
:10E59000D7FC2A68012692F8B130CDE9024692F8FC
:10E5A0008240019492F899400094394606A842327C
:10E5B00000F04CFD00283FF4A6AE28688E3013F022
:10E5C000A7FF2C6800283FF44EAE0B264BE62D4BE0
:10E5D00093F900407F2C50D02A687F21197092F85F
:10E5E0007030032B4BD092F87030062B0CBF0326F3
:10E5F000012692F8B130CDE9024692F882400194AA
:10E6000092F899400094394606A8423200F01EFD67
:10E6100000283FF426AE00F0A1FF01262C6822E678
:10E620004FF0000C54E7174B93F900207F2A24D0B9
:10E6300094F870007F2603281E7005D094F870307F
:10E64000062B0CBF0321012194F8B130CDE9022142
:10E6500094F88220019294F89920009206A804F17F
:10E660004202FF2100F0F2FC00283FF4FAADD2E7AD
:10E67000044B93F900407F2C86D1FDF7BFFD0026A7
:10E68000B7E700BF1000002010B5044605F0F6FE05
:10E690002378084A03F00F03072B107005D120469A
:10E6A0000321BDE81040FFF7B5BD00F089FF012050
:10E6B00010BD00BF1000002010B5044605F0DEFEBE
:10E6C0002378084A03F00F03072B107005D120466A
:10E6D0000121BDE81040FFF79DBD00F071FF012052
:10E6E00010BD00BF1000002090F83E00003818BF99
:10E6F00001207047007A003818BF0120704700BF22
:10E70000C36C10B553B1022242721B884381044688
:10E71000054914F0BAFF0023E36410BD40F2213133
:10E720003220FAF793F900BF39BC0200014B024ACC
:10E730009A60704740220020A0010020014B024A4D
:10E740009A6070474022002088010020036823B1AE
:10E75000054A916813600B68184710B540F65411CC
:10E760003220FAF773F900BF4022002038B50E4D71
:10E7700000F026FF2C6894F8853063B9002301214E
:10E7800084F87010A4F8B23084F8B4302046BDE8A4
:10E79000384002F091BC0CF04FFA0AF003FF00235E
:10E7A00084F885302C68E9E74022002080F8481082
:10E7B000704700BF11F001031DBF012380F8B53081
:10E7C0000222012211F0020F05D003444FF0020C87
:10E7D00083F8B5C013460A0703D51844082380F808
:10E7E000B5300020704700BF80F85310704700BF5D
:10E7F00010B5044690F84000A0F1020CBCF1010FE6
:10E8000007D910B1023818BF0120BDE8104005F04B
:10E8100075B90029F6D112F0FD0F14BF01200020B8
:10E82000194614F06AF9082801D0012010BD94F8A7
:10E8300040000028E6D1E8E790F8403013F0FD0FE3
:10E8400014BF0120002005F059B900BF80F8401026
:10E85000704700BF38B590F84030044613F0FD0F04
:10E8600000F1420114BF0120002084F8410005F0AE
:10E870002DF994F84030023BDBB2012B94BF012309
:10E88000002384F8863000D938BD05F085FB0546A5
:10E8900016F0CAFE6B015B1B4FEAD56262F1000203
:10E8A000520242EAD3525B025B1942F1000C4FEA7A
:10E8B0008C1E9A014EEA936ED31A6EEB0C025B1912
:10E8C00042F100021B1842EB0101C4E9283100208B
:10E8D00005F024FC0028D7D140F6CB113220FAF7FE
:10E8E000B5F800BF10B50446081E0CBF0121002179
:10E8F00084F849104FF0080184F8520084F884101D
:10E9000009D112F0FD0F194614BF0120002014F0A8
:10E91000F4F884F8840010BD08B59AB180F8561058
:10E920001368C0F85730C36C918890F84120A0F864
:10E930005B105A72D0F84220C3F80A20B0F8462083
:10E94000DA8108BD40F6E9113220FAF77FF800BFFE
:10E9500080F887100020704780F8881000207047EA
:10E9600090F85030032B0ED0013B012B01D9002031
:10E97000704790F8510000F0FD00A0F10100B0FADE
:10E9800080F04009704790F85200A0F10100B0FA01
:10E9900080F04009704700BF10B5044611B190F8EF
:10E9A00085306BB994F85030032B01D000F008FE8D
:10E9B0000020A4F8B20084F8B40084F8700010BD00
:10E9C0000CF03AF90AF0EEFD002384F88530E9E70F
:10E9D00008B58E3013F0A5FD002008BD02490222C3
:10E9E000363014F052BE00BF25BC020010B5012124
:10E9F00004460020FAF70EFD002836D0227812F0E7
:10EA000001032AD1012112F0020F08D000EB030C00
:10EA10000B46A17880F8501002218CF8B5105207EF
:10EA200006D50344E17880F85010082283F8B52019
:10EA3000237980F84030637980F8513013F0FD0F6E
:10EA40000CBF0123002380F84930A37980F84830B7
:10EA5000E37980F85330002010BD617880F85010C1
:10EA6000012380F8B5300221CDE740F64121322064
:10EA7000F9F7ECFF2DE9F041012182B006460020B4
:10EA8000FAF7C8FC012104460846FAF7C3FC05461C
:10EA9000204601F047FF02E094F870301BB194F873
:10EAA0007030012BF8D1002D47D0284601F03AFFF5
:10EAB00002E095F870301BB195F87030012BF8D159
:10EAC00000F058FA00210F463F2240F20718204676
:10EAD00010F0B0FE04F1600084F8507084F8837088
:10EAE00084F85460A4F8488013F0B3FF3F223946FD
:10EAF000284610F09FFE85F8507085F8837085F8E1
:10EB00005460A5F8488005F1600013F0A2FF0023CF
:10EB100084F8AB3040F2011140F20272C4F8AC301C
:10EB20006846CDE90033ADF80010ADF80520FFF7D9
:10EB30005DFFC0B902B0BDE8F08100F01BFA3F22D2
:10EB40002946204610F076FE40F2071384F8505014
:10EB500084F8835084F85460A4F8483004F16000CD
:10EB600013F077FFD3E740F66B013220F9F76EFF21
:10EB7000F8B51D4E03460F46002001217360FAF7D9
:10EB80000BFC38B34FF49C720021044610F052FE87
:10EB900001210846FAF700FC054688B14FF49C7243
:10EBA000002110F047FEB368CBB13846FFF762FF93
:10EBB000204601F0DDFE2846BDE8F84001F0D8BE51
:10EBC000B36863B13846FFF755FF2046BDE8F8400B
:10EBD00001F0CEBE40F672013220F9F737FF40F661
:10EBE0007C013220F9F732FF4022002008B590F86E
:10EBF0007030022B15D1023901290DD84AB90B4BBF
:10EC00001B680022A3F8B22083F8B42083F8702098
:10EC100008BD00F0D5FCF2E740F67F213220F9F77D
:10EC200015FF40F671213220F9F710FF4022002035
:10EC300008B500231A461946603004F08BFE002800
:10EC40000CBF0C20002008BD08B501210020FAF7F8
:10EC5000E1FB28B190F8AB00003818BF012008BDD7
:10EC600040F6F9213220F9F7F1FE00BF2DE9F04717
:10EC700005468CB00C4600200121FAF7CBFB00289A
:10EC800000F030810646B83001F0AAFE28B93046BF
:10EC9000FFF72AFD002800F0FE8005F1250702A9F4
:10ECA000384600F02FFFE87CD5F80920D5F80D3064
:10ECB000D5F81110D5F81560C4F80320C4F8073052
:10ECC000D5F81920D5F81D30C4F80B1010F0100934
:10ECD000D5F82110C4F80F6004F10308C4F81B1024
:10ECE000C4F81320C4F8173058D0430740F1E98026
:10ECF0000023E3720423237004F0A0FC07460028DD
:10ED000000F09C802378042B40F0F58094F80D905F
:10ED100019F0100F00F0EB807D4ED4F80300D8F806
:10ED20000410D8F80820D8F80C3094F80BA006F19D
:10ED3000080CACE80F00D8F81000D8F81410D8F878
:10ED40001820ACE8070004F11F01524606F1240028
:10ED500010F0F8FC19F0040148D0F37EFE2B45D1E9
:10ED60002373338CA4F81130737CE374337AE3702B
:10ED700001232371737A6371D6F80A30C4F8063020
:10ED8000F389F06963811123C4F80D002370002F0B
:10ED900055D14FF48273ADF8043063E095F8243018
:10EDA000242BA5D89DF80830022BA1D0584EE5227F
:10EDB000737904F11F01384614F06DFA7279E0722C
:10EDC000034613443846737114F05DFA7379834235
:10EDD00090D0637B012262F3461363730423237094
:10EDE00004F02CFC0028D4D04F468BE7494B327AF4
:10EDF0009B8863810AF10A0313FB02F3E27002337A
:10EE0000727A6370627104EB0A03D6F80A20707C90
:10EE1000C4F80620032284F80CA02270587319F05D
:10EE200008002DD004232371BAF11F0F67D83A4987
:10EE3000524604F10D0010F085FCA8E7344E30680E
:10EE4000A5F1080111F0FDFEEFF3108272B63379DF
:10EE50000133DBB233718AB100224FF40173727156
:10EE6000ADF804309DF804209DF80530002062F3D1
:10EE7000070063F30F200CB0BDE8F08762B6EBE744
:10EE800009F00303032B29D029BB022B28D0002B28
:10EE900039D12271C8E71E4EA5F10801306811F082
:10EEA000D0FEEFF3108272B633790133DBB23371E7
:10EEB00002B962B600224FF400737271ADF80430EB
:10EEC000D0E79DF818600599324604F11F0010F054
:10EED00039FCE6720EE701232371A5E72071A3E751
:10EEE0002371A1E740F2C9113320F9F7AFFD562194
:10EEF0003320F9F7ABFD55213320F9F7A7FDA62103
:10EF00003320F9F7A3FDA3213320F9F79FFD00BFBC
:10EF10004C220020562200207022002010B5094CFF
:10EF2000606C28B190F82400FF3818BF012010BD94
:10EF3000206811F076FE60640028F3D14E21332062
:10EF4000F9F784FD4C220020253270B592B20546B7
:10EF50000C461E4611F03CFE45B1054A00231560E3
:10EF600082F8484082F849601471536470BD00BF54
:10EF70004C22002038B5064C00252068E564A4F832
:10EF8000505011F048FE94F848306564237138BD44
:10EF90004C220020014B93F8490070474C2200207E
:10EFA00010B5174C606C08B12D3010BD206811F001
:10EFB00038FE6064F0B10023C0F81930C17EC0F89B
:10EFC0001130FF224FF0010C7F24C0F81D30C0F833
:10EFD0002130C0F829306CF3461180F82B40C0F87E
:10EFE0001530C0F82530C277827480F82420C176AD
:10EFF0002D3010BD40F285113320F9F727FD00BFF9
:10F000004C22002010B5084C606C08B12D3010BDAA
:10F01000206811F006FE60640028F7D14FF4CB7130
:10F020003320F9F713FD00BF4C22002010B5064C29
:10F03000616C21B1206811F004FE00236364002399
:10F04000E364A4F8503010BD4C2200202DE9F04FAD
:10F0500085B089469DF8446001929DF838109DF86E
:10F060003CB09DF9402090F800A0B34F054698466B
:10F0700096BB7C6C002C00F0A9810020C4F819001C
:10F08000C4F81100C4F81D00C4F82100C4F8290018
:10F09000C4F81500C4F82500E07EA276012262F3D0
:10F0A00046106274FF22E277A27484F824207F2243
:10F0B00084F82B2008F1FF3204F10803E076072AD8
:10F0C00000F2C981DFE812F029012901C701AE0170
:10F0D000C701C701C701AE013B79012B00F09E813A
:10F0E000BAF1020F0AD0007CB7F85030034440F266
:10F0F0007260834200F39281A7F850307C6C002C40
:10F1000000F01F82A2760122627408F1FF3204F13E
:10F110000803072A00F29F81DFE812F008000800C8
:10F120009D017E019D019D019D017E014246A277C8
:10F1300084F82C106A69607F002A40F03481012E27
:10F1400040F0F7802978002900F05081A1F1010CEE
:10F15000E27EBCFA8CFC4FEA5C1C6CF30002E276A7
:10F1600092075CBFA1F1020CBCFA8CFCE27E54BF9A
:10F170004FEA5C1C4FF0010C6CF34102E27612F096
:10F18000020294F81BC01CBFB1FA81F2520962F36B
:10F19000C30C84F81BC0D5F808C0BCF1000F00F008
:10F1A000D980022E10D0002E00F0CA80012E0BD183
:10F1B000002900F06F81012900F09581022900F0FB
:10F1C000C580BAF1000F03D1AA69002A40F0CA80B5
:10F1D000E27E6FF34612E27636B918F00C0F03D0D8
:10F1E0006A78D00600F1CC802A6A1AB192F9002020
:10F1F00084F82B206A68002A6FD0627F002E00F00E
:10F20000C380012E00F01081022E52D0BCF1000FFD
:10F2100040F0F380F86C38B101930025057247493E
:10F2200014F03FFA019BFD64E27E02F06002202AA6
:10F2300000F0CA800022227440490193184614F05D
:10F2400030FA019B7A6C002A00F068810832934200
:10F2500040F069813B793868013BDBB200227A6477
:10F260003B7111F0DEFC7864002800F06181D4F875
:10F270001120D4F81530D4F81910D4F81D50C0F866
:10F280001D50C0F81120C0F81530C0F81910D4F87E
:10F290002120D4F82530D4F82910C0F82910C0F85E
:10F2A0002120C0F82530012005B0BDE8F08F022AEA
:10F2B00013D1BBF1080F04F1130200F0FA80584695
:10F2C00004F11201029304F06DFE029B002800F08D
:10F2D0003481A27C42F00202A274AA68D2B1022E4A
:10F2E000627F97D0002E40F08880BAF1000FDAD10B
:10F2F000032A00F0D980A9F10202012A04F12501B4
:10F3000040F2A280AA681068C4F8250092888A801A
:10F3100084F82490002EC6D07CE7404684F82C1058
:10F3200060776A692AB1298841F2FF0C1CEA010F53
:10F330003ED129780AE700BF4C2200206DEC020084
:10F3400000297FF441AF032800F0BC80E27E42F048
:10F350000402E276012E7FF437AFBAF1000F7FF49A
:10F3600037AF31E79178507801F01F0250EA02225E
:10F37000E27E0CBF0221012161F34612E2762BE707
:10F380006A68002A78D0627FBAF1020F57D0BAF1CA
:10F39000010F8CD0BAF1000F51D1032A89D16A78BC
:10F3A000D1069AD485E7032E02D1E17E0907C0D4A5
:10F3B0005178C1F30311E1775178127801F00F0110
:10F3C00042EA01222284BAE6FB643BE73868CDE9D1
:10F3D000021211F026FCDDE90212044678640028CE
:10F3E0007FF44BAE4E213320F9F730FBEA69002A57
:10F3F0003FF4ACAE52886284A8E6012E7FF40AAFD7
:10F40000BAF1000F3ED1786C00287DD090F824200E
:10F41000FF2A3FF470AFFDE6032288E6002005B026
:10F42000BDE8F08F032079E7BAF1000F18D1786CAE
:10F43000002860D0827CFF2A3FF43BAF4DE7BCF14F
:10F44000000F7FF452AF2EE701980268C4F8252020
:10F4500082888A805CE740F281210620F9F7F6FA7B
:10F46000BAF1010F33D0BAF1020F3FF422AFBCF171
:10F47000000F3FF4CFAEC0E7BCF1000F3FF413AF75
:10F48000627F32E7BAF1010F29D0BAF1020F7FF49F
:10F49000C1AE30E794F82420FF2A3FF457AFBAF109
:10F4A000000F7FF495AE8FE66A78D2063FF5FBAE8B
:10F4B00021E7697CA17469680868C4F81300898829
:10F4C00091800AE76A78D2063FF57EAE3EE7022ACF
:10F4D0007FF4EFAEBCF1000F3FF49CAE8DE7022A43
:10F4E0007FF409AF96E602287FF430AFBAF1000F3F
:10F4F0007FF46EAE68E63868029311F092FB029BCF
:10F500007864002896D16DE73868029311F089FB82
:10F51000029B786400287FF479AF63E74FF4D771DA
:10F520003320F9F793FA40F2AF113320F9F78EFA4E
:10F5300040F239213320F9F789FADB213320F9F73A
:10F5400085FA3868CDE9021211F06BFBDDE9021291
:10F550000446786400287FF4D5AD43E710B5164C17
:10F56000606CD0B1837F93B92279012A0ED02279C1
:10F570006364013AD2B222712279C2B103740F4995
:10F58000083014F08EF80023A4F8503010BD237911
:10F590006BB10023A4F8503010BD206811F041FB7E
:10F5A00060640028DED14E213320F9F74FFA40F293
:10F5B000E5213320F9F74AFA4C2200206DEC0200D5
:10F5C00038B5234C606C002835D0837F13B3E06CD2
:10F5D00008B3C37C022262F34613C374002505728C
:10F5E0001C4914F05EF8606CE564D0B1827F92B97A
:10F5F0002379012B0ED023796264013BDBB22371A6
:10F600002379FBB102741349083014F04AF800233F
:10F61000A4F8503038BD2379A3B10023A4F85030AA
:10F6200038BD206811F0FDFA60640028DED14E215B
:10F630003320F9F70BFA206811F0F3FA6064002820
:10F64000C3D1F4E740F2E5213320F9F7FFF900BF19
:10F650004C2200206DEC02002DE9F04F614D9146E7
:10F660002A7983B0012A98469DF834A09DF830305D
:10F670009DF938B020D06C6C07460E46002C00F087
:10F6800087804FF0000C0122C4F811C0C4F815C0E7
:10F69000C4F819C0C4F81DC0C4F821C0C4F825C0FE
:10F6A000C4F829C06274062E00F28880DFE806F0F4
:10F6B0000741558686865A0003B0BDE8F08FE27E8A
:10F6C00022F0130242F01302E276082B04F1130237
:10F6D00039D0184604F1120104F064FC00287CD0F3
:10F6E000A37C686C43F00203A374E27E84F81AB032
:10F6F0000123A4F81D3052074FF0FF03E37738D4FD
:10F7000084F824307F2384F82B3084F82CA0002840
:10F710005ED0A04257D12B79013B0022DBB26A6454
:10F720002B7102743049083003B0BDE8F04F13F07C
:10F73000B8BFE27E22F0150242F01502082BE276F5
:10F7400004F11302C5D17B7CA3747B681968C4F8EB
:10F7500013109B8893802046C7E7E27E42F0100298
:10F76000E276B2E7E27E22F0120242F01202E27684
:10F77000ABE7A8F10203012B04F1250216D9BB68FF
:10F780001968C4F825109B88938084F82480B9E711
:10F790002868019311F045FA019B6864044600282B
:10F7A0007FF46FAF4E213320F9F750F9D9F80030CC
:10F7B000C4F82530B9F804309380E6E740F23931D7
:10F7C0003320F9F743F940F2AF113320F9F73EF94E
:10F7D0004FF4D7713320F9F739F9DB213320F9F7EA
:10F7E00035F900BF4C2200206DEC02002DE9F84FE6
:10F7F000494E9DF928A099463379012B71D0746C3C
:10F8000080460F461546002C6DD000224FF0010BAC
:10F81000082FC4F81120C4F81520C4F81920C4F822
:10F820001D20C4F82120C4F82520C4F8292084F81C
:10F8300011B004F1130233D0384604F1120104F080
:10F84000B1FB002864D045F01A0505F01B02E57EE7
:10F8500084F81AA0FF23E37784F8243025F01B05F1
:10F86000A37CA4F81DB01543726C84F82C907F2102
:10F8700043F0020384F82B10E576A374002A42D0EB
:10F8800094423BD13379013B0022DBB27264337185
:10F890002274224904F10800BDE8F84F13F001BFBB
:10F8A00098F81130A374D8F804100868C4F813004D
:10F8B00089889180FF23E37784F824307F2384F8BC
:10F8C0002B30E37E84F81AA045F01A0505F01B05DD
:10F8D00023F01B031D43A4F81DB084F82C90E5769B
:10F8E000D0E7BDE8F88F306811F09BF904467064EA
:10F8F00000288AD14E213320F9F7A8F840F2AF1141
:10F900003320F9F7A3F84FF4D7713320F9F79EF8B5
:10F91000DB213320F9F79AF84C2200206DEC02002D
:10F9200010B5094C606C20B1807CFF3818BF0120F5
:10F9300010BD206811F075F960640028F4D14E21E3
:10F940003320F9F783F800BF4C22002070B5104E29
:10F95000736C05460C467BB13CB92B8841F2FF0223
:10F960001A420CBF0120002070BD032C0ABFD87EB4
:10F970000020C0F3C00070BD306811F052F903469A
:10F9800070640028E8D14E213320F9F75FF800BFFA
:10F990004C22002070B50D4E736C04460D4653B1D9
:10F9A000DA7FA24201D0002070BD188C401BB0FA53
:10F9B00080F0400970BD306811F033F9034670647F
:10F9C0000028EDD14E213320F9F740F84C220020D9
:10F9D00070B50C460546164613F0DDFA60742846ED
:10F9E00013F0E4FAA074062E13D8DFE806F0041929
:10F9F0000412041204000023EA1CC4E901230121BB
:10FA000061706B78063BDBB223743BB10935E5606E
:10FA100070BD0023C4E9013363702374E36070BDDB
:10FA2000002303216A1823740935C4E90125617094
:10FA3000E36070BD70B5C3780C4613F03F015BD036
:10FA4000054613F0A8FA6074284613F0AFFAA074C4
:10FA50002B796370E878830923702B7913F0010602
:10FA600041D14FF0050C4FF00B0E624613F002012E
:10FA70001CBF05EB0C017246A160590744BF01325F
:10FA8000D2B213F00801666002D0961CA918F2B237
:10FA9000616113F0100102D0D61CA918F2B2A16165
:10FAA00013F0200103D002F11206A918F2B213F0EC
:10FAB0004003E16102D0AB180132D2B200F03F0046
:10FAC000011D891A11F0FF01236214BFAB180B4608
:10FAD00063626B78013B1B1ADBB2237453B10A4497
:10FAE0001544E56070BD4FF00B0C6E1D4FF0110E0C
:10FAF0006246BBE7E36070BD20462822BDE8704047
:10FB00000FF098BE70B5067806F00F06072E25D0C8
:10FB10000C46054613F03FFA6074284613F046FA87
:10FB2000A074062E13D8DFE806F0041D0412041298
:10FB300004000023EA1CC4E90123012161706B78F1
:10FB4000063BDBB223743BB10935E56070BD002391
:10FB5000C4E9013363702374E36070BDBDE8704095
:10FB6000FFF768BF002303216A1823740935C4E92D
:10FB700001256170E36070BD90F85030012B1FD0FB
:10FB800008290FD004293AD0022931D011F00C0FE6
:10FB900040F2DC434FF0280208D14FF402601044D9
:10FBA0001844704741F64C734FF4A872082903F1CA
:10FBB000500310D140324FF4824010441844704733
:10FBC00008291FD0042917D0022940F6480008BF91
:10FBD0004FF485607047042905D12E324FF48250CE
:10FBE0001044184470470229D7D14FF48260D6E7F9
:10FBF00018224FF44373F8E741F2BE10704740F605
:10FC0000E823D1E744F29020704700BF08B540F2E6
:10FC100027312120F8F71AFFF8B5044615F004FD46
:10FC2000D4F82C2105460E46002A56D04FF0000C81
:10FC300094F832016146634604EB83030CF1010C36
:10FC4000D3F8DC205FFA8CF3FE3283421144F3D9FF
:10FC5000D4F8D870B94214BF0127022738460EF0F5
:10FC60004BFE312837D9431C5DD0D4E93A321918FC
:10FC70008A4298BFD01AD4F8B830D4F8BC205B1BA5
:10FC800062EB0606012B76F1000255DB002298425A
:10FC9000B2415ADA41F28836864228BF064615F04C
:10FCA000C3FCC5F174050544B54214D83946304645
:10FCB0000EF072FE78B9D4E93B20D4F8E830334432
:10FCC00030449342C4F8E830C4F8F00044D0BDE8B2
:10FCD000F8400EF0B7BD0020F8BDD4F8D8C094F8B5
:10FCE00032010727ACFB07E71146134604EB8303F9
:10FCF0000132D3F8DC30FE331944D3B28342F5D954
:10FD00008C451BD0D4F8D020D4F8C030D4F8D4100F
:10FD10009B1AD4F8C42062EB0102734572EB07030F
:10FD200011D301279AE7D4E93A30C61A41F2883351
:10FD30009E4228BF1E46B2E70026B0E75EEA0703F0
:10FD400001D003278AE7022788E741F288308342FF
:10FD500028BF03461E46A2E7D4E94023C4E9342362
:10FD6000B5E700BF2DE9F04F8FB004461D46BDF842
:10FD7000606004928B4615F057FCD4F8DC80CDE926
:10FD8000050194F8321108F1FE039C4651B101229D
:10FD900004EB82000132D0F8DC00D2B2FE308A429D
:10FDA0008444F5D9D4F8D870ADB3674500F0278105
:10FDB000049BA3BBD4E94067D4F8D800059A331854
:10FDC000A2EB0605B5FBF0F500FB05F547F10007D2
:10FDD000ED18A5EB020347F10007B3F5857F00F2AC
:10FDE000CE81D4F8C8309B1BB3FBF0F300FB036655
:10FDF000049B03939A4604EB0A03AE1B4519B6FB1A
:10FE0000F0F693F8B50047F10007082840F08D8020
:10FE10004FF4D26935E1049A002A00F09A80002359
:10FE20000393059B13F5FA65069B43F1000701F068
:10FE30008DFF01F01BFFD4F82C3181469BB3D3F822
:10FE4000F802002101F01EFF8145824600F02E825B
:10FE5000D4F82C01514600F53C7001F0D7FED4F8DF
:10FE60002C110023C4F82031002900F0BF83BAF11F
:10FE7000000F00F01682079101F074FF0799002827
:10FE800000F0AF83DAF80820DAF800309B18DAF8CF
:10FE90000420C1F8F03242F10002BAF92430A1F88E
:10FEA0001433C1F8F422494604F5807001F0AEFE27
:10FEB000B9F1000F19D0D9F80030D9F80800D9F8F5
:10FEC0000410C018B9F92430A4F82431CDE9005742
:10FED000D4F8D89041F100014A4601F0F1FE4845BE
:10FEE00000F26883451947F1000701F035FFD4F8A7
:10FEF000D830EB1AC4F8003167F10003C4F80431BC
:10FF0000002E00F0AE8042F2107329463A46E6FB1E
:10FF10000312C4E92E124FF0000A012604EB0A0373
:10FF200093F8B50008283FF473AF042800F07181FE
:10FF3000022800F0A381431E072B00F23882DFE87D
:10FF400013F03A01360236029900360236023602C2
:10FF50009900D4E94002059E351AB5FBF7F507FB79
:10FF600005F515EB000906F20B15A5EB090542F1A5
:10FF70000002AF4294BFEF1B2F46002900F0B6826B
:10FF8000BB429DBFFE3FA7EB0807012300230129C9
:10FF900015D0D4F8E00000F1FE06BE4203D8FE3FC3
:10FFA00001333F1ADBB2022909D0D4F8E41001F181
:10FFB000FE00874203D3FE3F01337F1ADBB204EB1E
:10FFC00083019A46D1F8DC8004EB0A0191F8B50070
:10FFD000082800F08281042800F0E481022800F063
:10FFE000A782411E072900F2E281DFE811F08202B8
:10FFF000E001E001E501E001E001E001E50194F844
:020000023000CC
:10000000283123B1B4F92431002B7FF4D1AE049B05
:10001000002B40F0DE82D4E92E126FF000439A42AA
:1000200008BFB1F1FF3F00F0518194F83131234412
:1000300093F8B500082800F07882042800F07C824C
:10004000022800F05982431E072B00F2B081DFE83E
:1000500013F05E02AE01AE01BD01AE01AE01AE0114
:10006000BD014FF0FF326FF00043B246C4E92E23CA
:10007000012653E74FF0A009022800F00181282350
:1000800099440BF003FAD4F8B820C44B511B00F587
:100090002340D4F8BC2000F1A100A3FB003062EBA8
:1000A000070209F1C509012909EB901372F100005B
:1000B000C0F289800020884570EB020200DB884690
:1000C00004EB8A0A039ADAF8DC00404528BF404670
:1000D000C4F8EC0012B9002E40F0A080D4F82C2116
:1000E000049929B1D4E94089C4E93057C4E9348975
:1000F0000021C4E93257C4F8E8308BF80B10ABF894
:100100000810002A62D094F832C10E460A4604EB69
:1001100082020131D2F8DC20FE321644CAB26245B6
:10012000F5D9D4F8D820964214BF012202228BF8C8
:100130000A20039ACBF80430002A3FD001228BF822
:100140000020D4F8B8200599D4F8BC40521A06997A
:1001500064EB0104012A74F100015DDB9049002584
:10016000914275EB040400DA0A46D21ACBF810204B
:1001700083428CBF002001200FB0BDE8F08F94F8BF
:10018000B500049B8DF82030082800F06581042814
:1001900000F0F581022800F0F581431E072B00F2E4
:1001A0000681DFE813F0BB0104010401AD01040185
:1001B00004010401AD014FF4A8795DE7CBE90457D0
:1001C0008BF80020D4E74FF0000879E7D4F8D8E0A6
:1001D00094F832C14FF007081146AEFB0889164665
:1001E00004EB82020131D2F8DC20FE321644CAB29E
:1001F0006245F5D9B64547D0D4F8D020D4F8D4100C
:10020000AA1A67EB0101424571EB09023AD30122B8
:100210008DE740F2BE2934E70022A6E7710089B2DB
:10022000B4F92401079313F075FBB4F82411D4F842
:100230002C21079B091A09B2A4F8241162B1A2F873
:100240001413D2F8F0120918C2F8F012D2F8F4120E
:1002500041EBE071C2F8F412D4F80011C6172D1862
:1002600046EB07070818D4F80411C4F8000146EB60
:100270000101D4F8EC00C4F8041131E74FF048094B
:100280001823FDE6022252E7D4F8C020D4F8C410A7
:10029000AA1A67EB0101424571EB0902F2D203226F
:1002A00045E700220023C1E9BC23FCE5D4F82C116A
:1002B000D4F80831D1F8F822934238BF1346C4F875
:1002C000083101F53C73C4F82031D0E5049E0123C8
:1002D000DDE90557B246039320E64FF4D266039357
:1002E00007920BF0D3F82D49079A00F52340A1306F
:1002F000A1FB003007F1C5010E4406EB901040450C
:10030000039B28D804EB8A03D3F8DC30A3EB07085F
:10031000B8F1000FC0F2608115EB0905D4F80011A7
:10032000D4F8D86042F10007D4F8C020531AB3FBC8
:10033000F6F306FB03F35B18C4F80031A5EB0303E7
:10034000B3FBF6F6D4F8043143F10003C4F80431EA
:1003500000230393E2E594F8321199420ED9013358
:10036000DEB2D4F8D8309D4280F0298104EB8603B8
:10037000B246D3F8DC8008F1FE05C9E7D4F8D830DE
:100380009D4263D3B5EB430F4FEA430180F01C81DC
:1003900004EB8A030D46D3F8DC80B9E7D34D621035
:1003A0000040420F4FF4A07606F5BF7697E740F283
:1003B00011110520F8F74AFB04284FF0A006F3D0EE
:1003C000022800F0B68028210E4488E704284FF068
:1003D000A00540F09E8005F5BF750BF057F8864AE2
:1003E00000F52343A133A2FB0323C535059A05EB92
:1003F000931540F20B13D3180C93069B099543F108
:1004000000030D934FF0000A4FF4003308A88DF855
:1004100020A00A930DF07AFB002800F0C6800C9A09
:10042000D4F8B8300D999B1AD4F8BC2062EB0102C5
:100430005B1B62F10003002B4FF00103DDE9055760
:1004400003935646BFF66AADD04667E51D4604EBFA
:100450008A03D3F8DC805BE74FF4D2650BF016F823
:10046000D4F8D810D4F8C830D4F82C6100F5234261
:1004700005F1C500D4F800515B1BB3FBF1F301FBA0
:1004800003F35B195C4D0C9302F1A102A5FB025230
:1004900000EB9212D4F80401099240F1000000220E
:1004A0000D90ADF828208DF82B20002E47D094F821
:1004B00032511046134604EB83030132D3F8DC308B
:1004C000FE331844D3B29D42F5D281420CBF0220C4
:1004D00001208DF82A0008A812F0CCFB4FF0000A8A
:1004E000DDE90C570646CDF80CA017E50B468A4609
:1004F0006AE54FF4A87663E7482518231D446CE7A6
:1005000004284FF0A0050BD105F5BF75A6E74FF401
:10051000A8750228F1D028231D445EE74FF4A87582
:10052000022830D028231D4498E74FF4D26554E7C1
:10053000482618210E44D2E64FF4A0754BE7072554
:1005400094F832C1A1FB055E3746324604EB8202C5
:100550000136D2F8DC20FE321744F2B26245F5D9FA
:10056000B94215D0D4F8D0209B1AD4F8D42060EB2F
:100570000202AB4272EB0E0308D30120A9E74FF44D
:10058000A075C1E7482518231D4467E70220A0E7AE
:10059000D4F8C0209A1AD4F8C43060EB0303AA42FE
:1005A00073EB0E03F2D2032093E740F2BB4121200C
:1005B000F8F74CFA40F28F312120F8F747FA40F271
:1005C0004D412120F8F742FA40F26A412120F8F724
:1005D0003DFA0123039324E440F273412120F8F70C
:1005E00035FA40F227712120F8F730FA40F22171F4
:1005F0002120F8F72BFA00BFD34D6210F0B5013976
:1006000089B00446072900F21081DFE811F05C0090
:100610003600360073000E0178000B0009012046F9
:10062000FEF7DCF994F82831002B00F0128194F8E1
:100630003031002B3ED1D4F82C0120B1D4F8203138
:10064000002B00F0018104F5807001F0BBFA204618
:10065000FEF7EEFA002384F83031C4F82C3184F828
:10066000283194F8B0000DF01DFA002800F0F68053
:10067000202384F8B03009B0F0BD90F8B43090F881
:10068000B32003F01F0352EA032340F0C48000228A
:100690000092012302A92046FFF764FB0028BED088
:1006A00094F8B00002A90DF047FB002800F0D880B4
:1006B00009B0F0BDD4F82031002BC4D004F580700F
:1006C00001F01EFBC3E7012180F82A1190F82931BF
:1006D00003F0FF05002B43D0FEF75EF994F82A31B2
:1006E000002BE5D009F0B2FE0DF00AF8002384F8E3
:1006F0002A31DDE709B0BDE8F0400AF039BB90F8D7
:10070000293143BB90F8B43090F8B32003F01F03B5
:1007100052EA032379D090F8B13013F00C0F1AD0BD
:1007200090F8F830BBB9012180F8F81044F2365047
:100730000EF032F978B9D4F8E830D4F8F00044F289
:10074000365210441344C4F8E830C4F8F0000EF0F8
:1007500079F80028ACD109B0BDE8F040FEF706B842
:1007600090F8B0000DF0BCF9D4F8003194F8326183
:10077000D4F8D8700294C4E930010595A0EB030CBD
:10078000B6B1BCFBF7F207FB0233C01A2A462B4670
:1007900004EB8303D3F8DC3003F1FE01884203D37A
:1007A000FE380135C01AEDB20132D3B29E42EFD20B
:1007B00094F8B43094F8B32084F8315103F01F0357
:1007C00052EA03238DF8185034D0D4F8F420039261
:1007D00003238DF81030002702A88DF81970FDF75B
:1007E000B5FF94F82A31002B3FF462AFD4F8E8004B
:1007F000B538C4F8F0000EF025F800287FF458AFA3
:100800004FF4DC712120F8F721F9FFF705FA0028F1
:100810007FF44EAF9FE701220321FEF7E7F936E7A9
:1008200040F2ED112120F8F711F940F2F1112120E9
:10083000F8F70CF9BC4538BF0123BC458DF81030E2
:1008400034BF00270127C7E700F53C7001F0BAF973
:10085000F9E640F265112120F8F7F8F8FFF7D6F92C
:1008600040F25D712120F8F7F1F800BF014B1870DC
:10087000704700BF1100002070B590F828311BB9F7
:1008800003F0FF05284670BD0446FF2380F8293198
:1008900090F8B0000DF05CFD94F8B0000EF0A6F9F1
:1008A00000212046FEF778F80546A0BB94F83031C9
:1008B0003BB1D4F8203153B104F5807001F020FA37
:1008C00009E0D4F82C0110B1D4F82031F3B104F5CB
:1008D000807001F077F9002684F8296194F83031AE
:1008E0002046B34218BF0C25FEF7A2F984F8306108
:1008F000C4F82C6184F8286194F8B0000DF0D2F8A7
:1009000070B1202384F8B030284670BD00F53C70EB
:1009100001F058F9DBE74FF417712120F8F796F84A
:10092000FFF774F910B5044690F82831C3B90023D5
:10093000A4F8243194F8283103F0FF009BB942F267
:10094000107340F2712142F2126284F83201C4F84D
:10095000D830C4F81031A4F81411C4F8DC2010BD4C
:10096000FFF78AFFE3E74FF430712120F8F76EF8C4
:100970001A4B002210B51A601A6841F6690320214B
:100980009A4280F8B0101FD8044690F82831C3B9B5
:100990000023A4F8243194F8283103F0FF00C3B9F0
:1009A00042F2107340F2712142F2126284F8320175
:1009B000C4F8D830C4F81031A4F81411C4F8DC20FD
:1009C00010BDFFF759FFE3E740F649012120F8F792
:1009D0003DF84FF430712120F8F738F8A0220020BC
:1009E00090F87000003818BF0120704770B588B0CB
:1009F00090F82831002B41D1C0F82C1191F8183310
:100A0000044603F0FF06002B3CD1FF2380F8283179
:100A100080F8296190F8320184F8306184F83161FE
:100A2000A4F8246131463546334604EB8303013193
:100A3000D3F8DC20CBB2FE3283421544F5D91948F5
:100A4000C4F8085121460DF001F8202884F8B000C0
:100A500010D000230093012202A92046FFF782F95B
:100A6000D0B194F8B00002A90DF066F978B1304623
:100A700008B070BD0726304608B070BD0C26304661
:100A800008B070BD4FF427712120F7F7DFFF40F267
:100A9000B2212120F7F7DAFF40F2B1212120F7F748
:100AA000D5FF00BFFD05030030B585B090F82821C3
:100AB000002A68D191F800C002F0FF03CDE90133AC
:100AC00003931CF0010343D11CF0020F4FF001020D
:100AD0004FF002059E461C4646D004AB03EB8E0E3B
:100AE0000C694EF80C4C1CF0040FCC682B463FD11F
:100AF000013AD2B240F2712180F8322113F00102A2
:100B0000C0F8D840C0F81041A0F8141103D00199E2
:100B1000FE39C0F8DC1099070BD504A901EB82015E
:100B200000EB820451F80C1C0132FE39C4F8DC10D1
:100B3000D2B21B0709D504AB03EB820300EB8200A2
:100B400053F80C3CFE3BC0F8DC30002005B030BD53
:100B5000D1E901421CF0020F01924FF003054FF062
:100B600002024FF0010EB8D11CF0040F1A46BFD09C
:100B7000D1E9054504A901EB820143F00803DBB28A
:100B800041F80C5CB6E74FF430712120F7F75EFFB7
:100B9000F0B589B0002A3CD1044690F8283103F022
:100BA000FF06002B3DD10F4680F82961FF2380F816
:100BB000283190F8320184F83161A4F82461B446F8
:100BC0003546334604EB83030CF1010CD3F8DC20EB
:100BD0005FFA8CF3FE3283421544F3D91848C4F807
:100BE000085121460CF032FF202884F8B00014D0C0
:100BF00000970023012202A92046FFF7B3F8C8B1ED
:100C000094F8B00002A90DF097F870B1304609B021
:100C1000F0BD1126304609B0F0BD0726304609B0B8
:100C2000F0BD0C26304609B0F0BD40F2093121205C
:100C3000F7F70CFF4FF442712120F7F707FF00BFD1
:100C4000FD050300D0F82C3170B5002B4DD00446C3
:100C500090F8283103F0FF050BB9284670BDFF233B
:100C600080F8293190F8B0000DF072FB94F8B000D4
:100C70000DF0BCFF00212046FDF78EFE0546C8BBE7
:100C800094F830313BB1D4F8203153B104F5807081
:100C900001F036F809E0D4F82C0110B1D4F8203175
:100CA000F3B104F5807000F08DFF002684F829610F
:100CB00094F830312046B34218BF0C25FDF7B8FF39
:100CC00084F83061C4F82C6184F8286194F8B0008D
:100CD0000CF0E8FE98B1202384F8B030284670BDAF
:100CE00000F53C7000F06EFFDBE74FF44671212009
:100CF000F7F7ACFE4FF417712120F7F7A7FEFEF7C8
:100D000085FF00BF70B590F8293113B10026304639
:100D100070BD04460D4614F087FC94F8B130062DE2
:100D200057D8DFE805F0270404073604040001263D
:100D3000304670BD13F00C0F14BF4FF461754FF4C3
:100D40005775D4F8C020D4F8E830801AC53B054464
:100D5000AB428CBF01260026D9D82046FEF75CFFA7
:100D60000028D4D0D4F8E860C53EB5422CBF002698
:100D70000126CCE7082B26D0042B27D0022B17D036
:100D80005A1E072A0FD8DFE802F0180E0E070E0EC3
:100D90000E074FF4FC75D4E7042B4FF0A0050ED1DD
:100DA00005F21625CDE740F211110520F7F74EFEAA
:100DB000482518231D449835C3E74FF4A875022B26
:100DC000F7D02823F6E74FF4E565BAE74FF4A075AE
:100DD000E6E740F26E312120F7F738FE2DE9F04FBB
:100DE00090F8B4305F2B8BB005464CD8AE495A0909
:100DF00011F80290B9F1080F00F02A8195F9B2209C
:100E000095F8B340002A03F01F0395F8B22044EA96
:100E10000323ACBF1E264FF4967603FB06F6D309D8
:100E200014BF4FF496771E2708F080FFA6EB00084A
:100E300008F0A6FF95F8B23013F0400F14BF32242B
:100E40004FF4FA74064411F072FB031908EB070023
:100E500000FB03F3954C03F5742303F23F23A4FB3B
:100E60000323B8F5D17F4FEA934473D395F8293122
:100E700003F0FF0A53B195F82A31002B40F0DE80D1
:100E80000BB0BDE8F08F4FF00009B7E748460AF015
:100E9000F5FA854BDFF818B203EB8903D3F8048029
:100EA00008F52343A133ABFB032307EB9317AB37C1
:100EB00007EB4407074448460AF0E0FA0390484627
:100EC0000AF0E4FA494681462846FEF755FEA8EBAB
:100ED0000908ABFB0838039BD5F8C4208DF810A097
:100EE00000F1C50BBB44ABEB030BD5F8C0308DF85C
:100EF0001BA0843B42F1FF329B1942F100021C1BF4
:100F000062F100036B4AADF818A01078ABEB981BA8
:100F1000FE28CDE90843CDF814B003D095F8502051
:100F2000032A03D00AF08CFEDDE908438DF81A008D
:100F3000C5E9324395F8B000C5F8E8B0C5F8F470DB
:100F400004A90CF0F9FE002895D140F2D6612120C9
:100F5000F7F77CFD48460AF091FA534BDFF850A1B1
:100F600003EB8903D3F8048008F2E733AAFB0323D9
:100F700007EB9317203737442744074448460AF0C5
:100F80007DFA834648460AF081FA4946814628465A
:100F9000FEF7F2FDA8EB0908AAFB083800F1C50A24
:100FA000BA44D5F8E890AAEB0B0AAAEB981AD145F7
:100FB00060D2404B93F80080B8F1FE0F03D095F853
:100FC0005030032B02D00AF03BFE804640460DF025
:100FD00093FCAAEB090ABAF1320F38BF4FF0320A7C
:100FE000824528BF8246414650460DF0D5FCA8B345
:100FF000012202212846FDF7F9FD95F82A31002B40
:101000003FF439AF95F8292102F0FF03002A7FF45D
:1010100032AF00931A4604A92846FEF7A3FE002823
:101020003DD095F8B00004A90CF086FE00287FF4AE
:1010300022AF40F244712120F7F708FD09F006FACB
:101040000CF05EFB002385F82A310BB0BDE8F08F71
:10105000002280F8F8204FF00409CFE6D5F8E80028
:101060005044C5F8E800B538C5F8F0000DF0EAFBCB
:101070000028BDD0103E95F83111049502220023BE
:10108000341B04A8079405978DF820108DF81820BC
:101090008DF82130FDF75AFB0BB0BDE8F08F2846E4
:1010A000FDF79CFCE7E600BFD4FC060083DE1B4393
:1010B000D34D62101100002010B590F82A3188B08D
:1010C000044623B190F8292102F0FF036AB194F895
:1010D0002A310BB908B010BD09F0B8F90CF010FBBB
:1010E000002384F82A3108B010BD00931A4602A9E3
:1010F000FEF738FE58B194F8B00002A90CF01CFEBF
:101100000028E4D140F244712120F7F79FFC2046EB
:10111000FDF764FCDBE700BF2DE9F047012982B051
:101120000C46064620D8D0E9309808F023FE96F801
:10113000B1708246394604F0010011F0F6FD054613
:1011400038460AF0A3F9012C4FF000033ED1082FD6
:1011500000F0BF80042F00F08680022F14BF4FF4F0
:10116000FC724FF4A67233E0022940F0C380D0F83D
:101170002C210024012380F8303182F8184390F8A4
:10118000B130214663F3070163F30F21A2F87C100D
:10119000FF2182F87E10D0F82C0113F00C0F00F123
:1011A000440014BF0121214603F0C6FBD6F82C01F0
:1011B000002800F09A8000F06FFB96F82A31C6F8FC
:1011C0002C41002B7CD102B0BDE8F0874FF4FC72BB
:1011D00015EB0A0543F100044E4B03EB470315EBF7
:1011E00009051B8DD6F82C7103F2E73303444A48F6
:1011F000A0FB03134FEA931348EB0404ED1A64F1C8
:101200000004AD1844F10004D7F81C8000F028FD5C
:1012100006F5807383423AD0D7E9BC014246CDE956
:10122000005400F04DFD80456ED33C4BD6F82C1198
:101230001B68CE69834219D9CE633318024641F642
:101240004B5086428CBF41F66A004FF4FA708242DE
:10125000A1F8400053D25B1944F10004C1E9BC3449
:1012600002B0BDE8F08740F28642B1E741F64B5349
:101270009E4231D92A4AA2FB0032920A40F2E2434E
:1012800003FB1202821ACA630346821AD7E797F851
:1012900081000028C9D0D6E9409A00F063FD38B932
:1012A000B7F91433A7F8140313EB09094AEBE37AEF
:1012B000CDE9005442464846514600F001FDB4E7EE
:1012C00009F0C4F80CF01CFA86F82A4102B0BDE817
:1012D000F08740F6E8327BE7124AA2FB003252095F
:1012E000642303FB1202821ACDE740F2D971212058
:1012F000F7F7ACFB40F62D012120F7F7A7FB40F2F2
:10130000BD712120F7F7A2FB40F2A2312120F7F7AF
:101310009DFB00BFD4FC0600D34D6210A02200202C
:101320005917B7D11F85EB512DE9F043DFF88080C5
:10133000012383B088F8003000254FF6FF77202680
:101340001DE0009BEBB193F81823D2B11888B84286
:101350001DD02146F8F75EF88146F0B190F81903E8
:101360000DF044FC99F8190389F818430CF09AFB26
:10137000C0B189F8196309F53C7000F023FCCDE990
:1013800000556846F8F780F804460028D9D00023B5
:1013900088F8003003B0BDE8F0834FF4F9713520D0
:1013A000F7F754FB40F2E1113520F7F74FFB00BF90
:1013B000A42200202DE9F04782B006460C461546CF
:1013C0001F460EF05FFB002800F09E804FF096094C
:1013D0004FF08C08002301A801930AF079F9019BD2
:1013E00013F0030F18BFC84694F8C690002F40F0C2
:1013F000988094F81833032B00F20181DFE803F0A2
:1014000043027602D4F81CA0554600F0ABFC00283D
:1014100060D000200346D4F8F022AD18D4F8F422AE
:1014200042F100022D1843EB0203C4E9BC53C6E9A4
:1014300004530025A6F80880357094F8C63003F0F0
:10144000FD020C2A59D0262B57D0204613F0A0FDC0
:10145000002800F0C88094F81833012BDAB216BFC8
:101460000223B272B3720023F37204F1440012F04B
:101470009CF9706027B1A9F10E09B9F1010F55D897
:1014800002B0BDE8F087002D00F0AF8094F87C201A
:101490005D4B94F87DA033F81250012384F8183383
:1014A000504609F0F3FF05F29D7558491AF00C0FEC
:1014B0000544A1FB053514BF2821002101EB95113E
:1014C00082312046002512F008FAAA4600F04AFCB4
:1014D00000289ED1B4F91403022112F01BFAB4F8CB
:1014E00014331B1AA4F81433C31794E7D4F820A3B9
:1014F000032384F81833554687E7204613F048FD48
:1015000001250023B372AEE70EF018FA00280BBFD6
:101510004FF07E094FF08D094FF074084FF08308AB
:1015200058E70121204607F091FF62E75146304617
:1015300011F0A0FB87B2204613F02AFD8046B5B912
:10154000874214D3B572D4F8F0320AFB00F29B182C
:10155000D4F8F422336142F100027261BAF1000F53
:1015600048D05146304611F085FB404487B2394699
:10157000204607F06BFF00F0F5FBE0B1D6E9043040
:10158000D4F88420C4E9BC30002A3FF479AFB4F821
:10159000F620B4F8C0309B1A1BB2002B7FF770AF57
:1015A000B4F888100B44013BB3FBF1F313FB0123A8
:1015B000A4F8F63064E77F00B7F5803FB4BFB9B256
:1015C0004FF6FF71B4F9140312F0A4F9B4F8142320
:1015D0003369121AA4F814237269C31842EBE0703D
:1015E00033617061CCE705468BE740F23B21352043
:1015F000F7F72CFA40F2B5213520F7F727FA40F239
:1016000073213520F7F722FA10FD0600D34D621042
:101610002DE9F04786B0002800F0BF800446082975
:1016200000F29880DFE801F02C8C050516961B234C
:1016300091000146012368460022FFF7BBFE94F8A3
:10164000190369460CF078FB002800F0AB8006B067
:10165000BDE8F08706B0BDE8F04709F089BB01207E
:101660000AF0DEFA06B0BDE8F047F8F745BE90F89C
:101670001833042BEBD04FF4AA713520F7F7E6F9B5
:1016800090F81833002B00F0928007F01FFE00281E
:10169000DDD00EF0F7F9002861D040F2811540F25C
:1016A00077170023684600930AF012F8009BDFF8D2
:1016B000088113F0030F94F87D3018BF2F4613F004
:1016C0000C0F98F8013018BF2837002B54D0E5696B
:1016D00004F1440012F069F881460EF0D3F90028B5
:1016E00050D04FF0FE0AF42600236846009309F01C
:1016F000EFFF009B13F0030F18BF564602200DF0BA
:10170000FBF84E44AD1B25EAE575854228BF05462A
:10171000022128460DF040F900B92E443A463146E0
:10172000204612F0C2F80346E069C8F804300DF014
:1017300089F800288BD14FF490713520F7F786F99E
:1017400006B0BDE8F04713F0E7BB40F25911352071
:10175000F7F77CF940F25D113520F7F777F90EF0D5
:10176000EDF8002840F2691540F25F171CBF4FF4F6
:10177000BC754FF4B77794E7656CE3699D4228BF69
:101780001D46A5E70EF0DAF800280BBF4FF0E60A79
:101790004FF0F50ADC26EB26A6E74FF493713520CF
:1017A000F7F754F940F2E3213520F7F74FF94FF4FA
:1017B00097713520F7F74AF9A4220020024B002246
:1017C000C3E90022FFF7B0BDA422002008B5FFF74F
:1017D000ABFD002008BD00BF014B5870704700BF33
:1017E000A4220020C0F8F812704700BF70B582B084
:1017F00004460EF047F9C8B14FF4E5754FF4E076B2
:1018000001A80023019309F063FF019B13F0030F6C
:101810000CBF31462946204612F072F8B0F5296F08
:1018200028BF4FF4296080B202B070BD0EF086F878
:10183000002840F2C11540F2B71604BF4FF4D97525
:101840004FF4D476DCE700BF38B5A0B190F8183378
:10185000044603F0FF05C3B990F81933202B0FD1CC
:1018600021460C480CF0F2F8202884F8190314BF24
:1018700028460D2038BD4FF4E2713520F7F7E6F821
:101880004FF4E3713520F7F7E1F840F2C511352048
:10189000F7F7DCF811160300F0B587B0002800F068
:1018A000B28090F818330446002B40F0B68090F8D0
:1018B0001933202B00F0AC800EF0E4F8002800F083
:1018C000948096258C2600236846009309F000FF3B
:1018D000009B13F0030F94F8183318BF2E46032B08
:1018E00000F2A080DFE803F045027402E56900F031
:1018F00039FA002860D000200246D4F8F032D4F83B
:10190000F412ADF80860EB1841F100011B1842EB2E
:101910000102C4E9BC32CDE9043294F8C63003F0C8
:10192000FD0200210C2A8DF8001057D0262B55D02F
:10193000204613F02DFB002853D094F81833012BC8
:10194000DAB216BF02238DF80A208DF80A30002380
:1019500004F144008DF80B3011F027FF694603466F
:1019600094F8190301930CF0E7F9002846D007B06A
:10197000F0BD94F87C202E4B94F87D7033F8125013
:10198000012384F81833384609F080FD05F29D756F
:10199000284917F00C0F0544A1FB053514BF282179
:1019A000002101EB95118231204611F096FF0025B0
:1019B00000F0D8F900289ED1B4F91403022111F0E7
:1019C000A9FFB4F814331B1AA4F81433C21794E710
:1019D0000323D4F8205384F8183388E7204613F003
:1019E000D7FA00238DF80A30B1E70DF0A7FF0028E1
:1019F0000BBF7E258D257426832664E740F2D9111E
:101A00003520F7F723F840F2D3113520F7F71EF809
:101A100040F2D5113520F7F719F84FF4EA71352067
:101A2000F7F714F840F273213520F7F70FF800BFED
:101A300010FD0600D34D621008B508F09BF9044B69
:101A40005A6882422ABF1878002080F0010008BD41
:101A5000A422002070B5044686B0042900F28580D7
:101A6000DFE801F0670D03124900042384F81833FE
:101A700008F0ECFC06B0BDE870400BF041BE03235B
:101A800080F8183306B070BDC269D0F84033C0F892
:101A900020239A4204D0283013F0F2FAD4F84033CD
:101AA000D4F83C2394F87C0094F87D603149E263DB
:101AB000B4F83823A4F84020D4F84423E36131F883
:101AC00010506262304609F0E1FC05F29D752A492A
:101AD00016F00C0F0544A1FB053514BF2821002189
:101AE00001EB95118231204611F0F7FE022384F8B4
:101AF000183306B070BD90F87D6090F87C201D4BC7
:101B0000304633F8125009F0C1FC05F29D751A49B0
:101B100016F00C0F0544A1FB053514BF2821002148
:101B200001EB95118231204606B0BDE8704011F0FE
:101B3000D4BE124B1A7802F0FF03002A95D1014659
:101B400001226846FFF736FC94F8190369460CF049
:101B5000F3F828B1B4F8C0300133A4F8C03087E7F7
:101B600040F2E3213520F6F771FF40F23E31352097
:101B7000F6F76CFF10FD0600D34D6210A422002082
:101B8000024B0022C3E90022704700BFAC220020B4
:101B9000034B186808B10C2070475860704700BFAD
:101BA000AC220020C3690BB1012070478369002B70
:101BB000FAD1034B1B68181AB0FA80F0400970473D
:101BC000AC220020C369ABB110B4D0E90214DA68CA
:101BD000D0F818C0C3F818C0214411448269D960F4
:101BE00032B1D36100220023C0E9062310BC704744
:101BF000DA60F7E7826904490A6002B1D361002222
:101C00000023C0E906237047AC22002008B5C1615B
:101C1000A1B18B698861836173B1D861C169002307
:101C2000C36041B1CB6823B18268934211D39B1A40
:101C3000C3600023CB6008BDC360F3E7074A1368A5
:101C400083611BB1D861C1691060E8E71060C360AF
:101C500008BD2D213720F6F7F9FE00BFAC22002089
:101C6000014B1868704700BFAC220020044B1B6872
:101C700023B118469B69002BFBD17047184670476B
:101C8000AC2200200D4B1B68B3B100B584464FF069
:101C9000FF3E002000E01346DA68944503D89645DD
:101CA00084BF184696469A69002AF4D111B90028D3
:101CB00008BF18465DF804FB18467047AC220020A8
:101CC00030B585B0DDE90834C01A61EB0404002C9E
:101CD00015460BDB214603AA009202AB2A460DF003
:101CE00067FC002C039805DB05B030BD404264EB77
:101CF0004401F0E70028F7D0281A05B030BD00BF36
:101D0000036A2DE93048DBB182689C68A24217D390
:101D1000D0E90615D0E906BCC3E906BC4DB1AB61FC
:101D2000996951B1C068CB610244121BDA60BDE809
:101D30003088054D2B600029F4D1D960BDE830888A
:101D4000CD213720F6F782FEAC220020014B012284
:101D50001A717047AC220020014B00221A717047A3
:101D6000AC220020014B1879704700BFAC22002044
:101D700038B52C4B1B68864608466BB34FF0000CF9
:101D800064461D690CB1A54204D22C46002D43D0F7
:101D9000B3F814C09B69002BF3D1ECB1A0421CD363
:101DA000B0FBF4FC0EF1FF3E0EEB0401B1FBF4F1CD
:101DB0008C4511D304FB0CF3B3FBF4F504FB153590
:101DC00025B9B3FBF2F502FB15350DB30CF1FF3C61
:101DD0008C45A3EB0403EFD238BD431E2344B4FB70
:101DE000FEFEB3FBF0F37345F6D8B4FBF3F503FB4B
:101DF000154149B9B5FBF2F102FB115121B9B5FB0F
:101E0000FCF10CFB115129B101337345EDD938BDFB
:101E1000184638BD284638BD4FF496713720F6F77E
:101E200015FE00BFAC22002008B523211A20F6F7CA
:101E30000DFE00BF38B505460C4691F8FB3113B1D5
:101E400091F805328BB9002D50D02B7873B194F8EE
:101E5000F0318BB304F1B00013F045F900230022F8
:101E6000C4E968230023C4F8A83138BD94F8F231DE
:101E70006BB9B4F8AC010221F7F7CCFA38B104F22F
:101E8000152100F5AE700EF083FE00283ED0B4F8A8
:101E9000B0010921F7F7D4FA002844D16B6F002B69
:101EA000E3D1B4F8AE010821F7F7CAFA0028DCD074
:101EB00060211A20F6F7CAFD94F8F23103F0FF0111
:101EC0007BB9B4F8AC01F7F7A5FA50B104F21521CB
:101ED00000F5AE700EF05CFE18B92B211A20F6F753
:101EE000B5FD4FF6FF73A4F8AC31B3E794F8F231C7
:101EF00073B9B4F8AC010221F7F78CFA40B104F2DF
:101F0000152100F5AE700EF043FE08B9FFF78CFF07
:101F1000B4F8B0010921F7F793FA0028A5D04E21B3
:101F20001A20F6F793FD53211A20F6F78FFD00BF14
:101F300090F8F23123B9B0F8AC010221F7F76ABA90
:101F40000020704738B550B390F8C7302A2B0446AC
:101F50001FD14AB92B2380F8C73094F90831002BE0
:101F6000A8BF002017DB38BD1F230D4680F8522183
:101F700080F85331322380F8C7300029EDD0B1F812
:101F8000AE010821F7F746FA68B12946FFF752FF7C
:101F9000E3E70C2038BDDA211A20F6F757FDB3210C
:101FA0001A20F6F753FDD5211A20F6F74FFD00BF92
:101FB000FFF7C8BF014B1868704700BFC801002079
:101FC00038B50D210546F7F7E7F9A0B1044641F20F
:101FD000302200210DF02EFC41F201420123A4F831
:101FE000A42084F8F230FFF7E5FFC4F81841C4F8E4
:101FF0002001258038BD3A215320F6F727FD00BF88
:1020000010B504460EF02FFF08B9002010BDE043C4
:102010000EF029FF0028F8D0E31683EAA4635A1EC5
:102020001A42F2D0E3B25A1E13405A1E1342ECD0A9
:10203000A0B211F0C3FC0B28E7D8204611F0BAFC7F
:102040001828E2D8A3B2B3EB144F04D184EA1423C6
:1020500013F0FF1FD9D0044B63405A1E1A4214BF1D
:1020600001200020D2E700BFD6BE898EF0B5070C54
:10207000A7F5AA42144B543A012A03EA90231FD928
:1020800027F4004042F6AA22801A18BF012000223D
:10209000162116461F2487EA060562EA0505013562
:1020A00010D0DD03ADB245EA5606E503ADB2013905
:1020B00045EA52024FEA53034FEA5404EBD1F0BD14
:1020C0000020E4E70020FAE7E0FF3F00F8B51E46F5
:1020D0008B1F9BB240F67A45AB4207461046BDF8CF
:1020E00018203AD8841FA4B2AC428CBF002401242B
:1020F0002546A7BB1C4B1B796BB15CB96FF45065CF
:102100004B19062B06D86FF45063C418062C8CBFED
:10211000002401242546F5B1814223D8B6F5FA7F83
:1021200020D2A2F10A039BB240F676418B4219D825
:102130000EF0A3FF013642F21073B6B25A43464383
:10214000B2EB460F0ED9BDF81C50BDF820008542F9
:102150008CBF002501252846F8BD0024C8E797F864
:102160008130C9E70025F6E780230020304BF0B529
:10217000B0F87070B0F86E605D880C4611461A8831
:10218000974228BF1746964228BF16461B2E85B099
:102190002ED0B5F5A47F2DD040F648039D4201AA6C
:1021A00028BF1D460EF092FFBDF80A309F4228BF9F
:1021B0001F46BDF80C30E780AB4228BF2B46238179
:1021C000BDF806309E4228BF1E46BDF80830668026
:1021D0009D4228BF1D46A580FF232370E3881B3B3B
:1021E0009BB2E02B08D94FF4B7613920F6F72EFCEB
:1021F0001B2FCED105B0F0BD63881B3B9BB2E02BFB
:1022000002D940F2BA51F0E72389A3F5A4739BB237
:1022100040F64812934202D940F2BC51E5E7A38848
:10222000A3F5A4739BB29342E4D940F2BE51DCE71C
:1022300080230020012821D8022B0DD1114BA2F5BB
:102240007A7098421CD8A1F57A70984218D88A42C0
:102250008CBF1220002070470B48824210D8012BFF
:1022600007D140F252739A420AD9084BA1F6C41022
:10227000EBE7042BF9D140F6C313F4E712207047C3
:1022800030207047A7F970028FFD7002CBF3700207
:1022900010B503210020F7F7BDF8044670B90321FB
:1022A000F7F77AF8044620B940F21B313920F6F7E7
:1022B000CDFB034B93F9281012F052FB204610BDC2
:1022C00080230020F7B5114B9C7EDD7E9F8B064658
:1022D00014B901F0DBF90446A5B901F0D7F90546B8
:1022E00014B9092003B0F0BD0028FAD0304601A986
:1022F0008DF804408DF80550ADF8067010F011FD12
:102300000020EFE7002CF1D1EBE700BFE42700202D
:102310002DE9F04399466A4B6A4D87B00446186828
:1023200002901B798DF80C300F462046002116468E
:1023300002F036F8644BC4F828332046AB68278097
:1023400040F8443FFFF752FA804601F099F9A4F8AB
:102350004E80DFF878812B7C84F84C3010F0200F11
:10236000D8F800301DBFAA886988A4F86E101B2217
:1023700008BFA4F86E20A4F8702063B1002304A85D
:102380008DF81030059412F05EFED8F8003094F904
:102390008010384698474E4F3B79003B18BF0123C9
:1023A00084F8813007F108030FCB04F18C0C04F1A1
:1023B00028088CE80F00404612F062FED7F81E0095
:1023C000D7F82210FB8C424603C213806B7801932E
:1023D0002B780093AB886A8804F1180104F114008B
:1023E000F7F78AF8636923B941F25D013920F6F7FE
:1023F0002DFBA36913B941F25E01F7E70EF0F9FD79
:102400002062B9F1000F04D002F05AFB20F07F40A7
:10241000A06396F84A2006EB4202508D0EF02DFE86
:1024200041F64B539842014647D9908C0EF025FE59
:1024300040F2E242FFF79CFC40F2E2430146E161D8
:10244000C4F80013A4F8043396F84A20E96806EBB0
:1024500042062046338EA384F38EE384FFF7C2F94D
:1024600002A904F1CE0010F0C5FCFF2384F82C3340
:102470003B6B23B1012204F5B171204698472046F9
:10248000FFF720FF054602F01BFB0C23B0FBF3F225
:1024900002FB1303DBB25A1DD2B2082A98BF0D33D8
:1024A00020468CBF84F8DA2084F8DA30012101F06C
:1024B00077FF284607B0BDE8F0834FF47A73BEE794
:1024C00003670700E4270020A9230020CC01002097
:1024D0008023002008B510F0D5FA01F07DFC01F052
:1024E000E3F811F0D0F801F0EBFF03F0A9F902F0E6
:1024F0000FF8012001F09CF80D4A0E490E481160BA
:1025000000231B2153839180D383138413760B4ABA
:102510008261838080F8293001F1A47101228375E2
:1025200001600277BDE808401E3012F0AFBD00BF69
:10253000E427002003021B0080230020F90000078D
:10254000044B41F64C521B21C3E9022219745A6113
:10255000FFF7C0BFE42700207FB5364DAB680446C7
:1025600040F8443FF9F742F9064601F089F8A4F82B
:102570004E60314E2B7C84F84C3010F0200F3368C5
:102580001DBFAA886988A4F86E101B2208BFA4F892
:102590006E20A4F870205BB1012302A88DF80830EA
:1025A000039412F050FD336894F980102088984706
:1025B000224B1A79002A14BF0122002203F10803DA
:1025C00084F881200FCB04F18C0686E80F0041F6D9
:1025D0004C5318BF4FF47A73E3612046FFF772FE45
:1025E000064648B120880221F6F72AFFF0B140F2F2
:1025F0007E513920F6F72AFA04F1280012F040FD46
:102600006B7801932B7800936A88AB8804F11801EA
:1026100004F11400F6F770FF636913B940F28F51AB
:10262000E7E7A3691BB94FF4B261E2E70926304638
:1026300004B070BDE4270020CC01002080230020DE
:102640002DE9F34105460E4612F0CFF9002800F0BF
:10265000AE80284612F049FA30B1B6F80130013B9D
:102660007F2B01D9122404E0284612F042FA20B947
:102670000C24204602B0BDE8F0812846F9F7BCFAE8
:102680000028F5D1284612F055F980460028EFD1F0
:10269000284603F0F1FE0028E4D0B6F80170F17886
:1026A00042F2107328465F4312F00BFA042130788F
:1026B000F6F7B0FE062104463078F6F7ABFE002CA4
:1026C00077D038B141F2F4713920F6F7BFF990F8BC
:1026D000BD800446404E3368002B6CD04034204609
:1026E00012F0A5FC002866D0204612F094FC0028C9
:1026F00061D1B8F1000F08D0384B20461B689847CD
:10270000002858D041F60801DEE7354933684969A9
:1027100042462046984700284DD041F60D01D3E7A8
:10272000284612F0E2F940B902210DF10600F6F751
:10273000FBFD064658B90D249BE7284612F0E7F941
:102740000028F1D1274B1B79002BEDD18AE700211E
:1027500001F0C0FDBDF8063033802846314612F046
:10276000F7F9284612F0D3F9A0B9284612F0D9F9A2
:1027700001463046FFF7F0FE044600287FF479AFAB
:102780003A4631462846F8F719FF044620B141F68B
:10279000390199E70121ECE7124B1B6B002B3FF449
:1027A00068AF024606F5B1713046984761E74224AA
:1027B0005FE700288BD1284612F08FF901460028E8
:1027C000AED13A462846F8F7F9FE044600283FF411
:1027D00050AF41F6160177E7D4010020D001002068
:1027E000E427002080230020014B93F92800704744
:1027F00080230020034B5A8802801B7883700020BE
:10280000704700BFE42700207FB583781A2B064667
:1028100009D8042B05D9012202FA03F3324A1342E4
:1028200005D1122519E0292B01D03B2BF9D1308895
:10283000B0F5706FF5D2694610F083F980B968463B
:102840000EF007FC037803F0FF05B3B9B3784370CB
:10285000FF230370684610F0EFFE284604B070BDF9
:1028600030880921F6F7D6FD044600283AD0B0F8A2
:10287000AC0102A910F065F908B10C25EDE7B4F838
:10288000AE010821F6F7C6FD024620B940F6D60192
:102890003920F6F7DBF803781BB994F8C831032B1D
:1028A000EBD102A80EF0D5FB90F84A100029E4D134
:1028B00094F8F01101F0FF050029DED1B4F8B01151
:1028C000A0F84C1094F8B41180F84E10127D80F8E6
:1028D0004F20B27880F8502084F8F021FF2280F851
:1028E0004A20BAE70225B8E7200038040188A1F1A0
:1028F0001B039BB2E02B0CD84288A2F5A4739BB2B9
:1029000044F24810834204D8034B002019805A80B7
:1029100070471220704700BF80230020034B1A88A5
:102920005B88028043800020704700BF8023002026
:1029300038B504784278857804F0010352EA03013F
:1029400004F0020401D1112038BDBCB9002DFAD029
:10295000002B08BF144601E00024254620460EF057
:10296000DFFC0028EFD028460EF0DAFC0028EAD081
:10297000054B00209C76DD769883E5E7002BEBD1B4
:1029800014461D46EAE700BFE427002013B500887F
:10299000694610F0D6F818B10224204602B010BDE6
:1029A00068460EF0C6FD0028F6D068460EF051FBD2
:1029B000827C03460AB13A24EFE768460EF043FBF7
:1029C00090F86C2002F0FF04002AF4D190F8632004
:1029D000920705D101229A74684610F02DFEDCE7BB
:1029E00002490222643010F062FED6E7134204006E
:1029F00070B50378032B8AB0044603D91225284604
:102A00000AB070BD4378032BF8D8437E85780BB9A4
:102A1000012DF3D115F0F80FF0D1AB074DD5022DF4
:102A2000ECD15D4B5B79002BE8D000F02FFE35EA4E
:102A3000000340F0AF80A67816F0010506D02269A9
:102A4000A168E0780123FFF7F5FB0546B00707D53D
:102A50002269A168E0780223FFF7ECFB2843C5B2A6
:102A6000710707D52269A168E0780423FFF7E2FB2C
:102A70002843C5B2002DC2D1052E0FD12679E168B9
:102A8000626904233046FFF7D5FB05460028B6D11E
:102A9000E378B342B2D1A3689942AFD1237E013B20
:102AA000062BABD801210020F6F7B4FC054638B957
:102AB00040F669513920F5F7C9FF6E079ED0B4E79B
:102AC000B830FDF78DFF002862D162788DF80920BB
:102AD00022788DF80820227E8DF80A20627EA37865
:102AE0008DF80C30003A18BF01228DF80B20DA0760
:102AF0008DF804302DD513F004032169A06803D0AC
:102B00004208914228BF1146E278012A1ABFB2FA60
:102B100082F252090222CDE904018DF805205BB151
:102B20002379012B1ABFB3FA83F35B0902238DF8D3
:102B30000730E368CDE90831284603A9FDF7B4FF63
:102B4000054600287FF45BAF01A8FBF74FFF054661
:102B500055E7022B0CD1E278012A1CBFB2FA82F3AE
:102B60005B098DF80630A368069323690793E3E7B2
:102B70005B07E1D5E378012B1ABFB3FA83F35B0956
:102B800002238DF80730A368089323690993D3E7DC
:102B90000C2534E7112532E78023002000B589B0E9
:102BA00043798DF8043083798DF8053001238DF851
:102BB000063003788DF80730B0F8013040F271210B
:102BC0004B430393B0F803204A430C490592C97E56
:102BD0008DF81C1000218DF81D100949A2F6C412B1
:102BE0008A4209D8A3F6C4138B4205D801A8FFF77F
:102BF000FFFE09B05DF804FB3020FAE780230020D7
:102C00003C369C002DE9F04F437A9A0791B0044678
:102C100005D5594A127912B943F001034372657A16
:102C20006B0704D11225284611B0BDE8F08F15F0CE
:102C3000F80FF7D100F02AFD35EA000340F09E813D
:102C400094F8483053B9012DECD1A3694B4AA3F253
:102C50005373934200F29481012602E015F00106BD
:102C6000F3D1AF0745BF731CB2464FF0FF0ADEB287
:102C70006D070AD5B31D424A54F82330A3F6C41396
:102C8000934200F27D810136F6B204F1220504F18F
:102C90000C074FF000095FFA89F8464526D82378DB
:102CA000012BBFD813B9A378012BBBD86378032BB2
:102CB000B8D894F84930013B062BB3D80121084617
:102CC000F6F7A8FB074618B90121F6F7A3FB07465C
:102CD00007F1B800FDF784FE002840F04781384630
:102CE000FBF708FD00284FD03A259CE7C24531D0BC
:102CF000FA683B689A4295D8288C69882A89EB89BA
:102D0000B5F814B00290688B0591CDE900B00020B1
:102D1000CDE90623FFF7DAF9002800F03181B8F198
:102D2000000F12D02888059988427FF47BAFE9888C
:102D3000069A91427FF476AFAA89079B9A427FF464
:102D400071AF6B8A5B457FF46DAF09F10109023504
:102D50000437A0E7012EF8D1FA680A48A2F57A7381
:102D6000834200F20D813B68A3F57A71814200F243
:102D700007819A42E9D955E7802300203CF670028A
:102D8000CBF37002A7F970023846FBF7ADFC0028C0
:102D9000AAD17C4B9B7E53B9CDE9093306238DF82C
:102DA0002A3009A8F6F770FB002800F0D98000212E
:102DB0000DF12200F6F7B8FA0646002800F0DC8094
:102DC000BDF8221001232246FFF7A2FA054600288B
:102DD00040F0B7803046FEF737FD0546002840F04A
:102DE000B0806178384604F10308FBF72FFDA27824
:102DF000217843463846FBF7FBFC002800F0B880FA
:102E00003846FBF727FDA278217843463846FBF782
:102E100069FD657A022D07D000F038FC284000F0EB
:102E200005000EF01EF9054629463846FBF7C2FCA0
:102E30000546002840F08580032387F85030FE6463
:102E4000A0780EF0F6F8424601463846FBF764FDDE
:102E500023783BB9A178424630460EF0D2F90028DB
:102E600040F0888001213846FBF772FD05460028B6
:102E700067D101213846FBF76FFD0546002860D178
:102E8000627A8DF8240012F0010306D0E1680A91FD
:102E9000A1690B9101218DF8241090070FD5022A0A
:102EA0000BD104EB8301C86889690D919DF824104A
:102EB0000C9041F002018DF824100133DBB2510770
:102EC0000BD504EB8301C86889690F919DF8241024
:102ED0000E9041F004018DF8241002F00502052A3D
:102EE0000FD104EB8303E268DB680B99520891422F
:102EF00094BF0B910B925B080F9A9A4294BF0F926A
:102F00000F9309A93846FDF7CFFD94F84810003912
:102F100018BF012105463846FBF766FC94F84910B6
:102F20003846FBF743FC65B93846FBF751FD0546CB
:102F300038B931463846FDF759FD054600283FF4BB
:102F400072AE308800F036FD30880021F6F778FA4E
:102F500000283FF468AE41F2F1213920F5F776FD03
:102F6000099B93F8A530802B3FF41BAF0C255AE644
:102F70001225E6E70B25E4E70D2554E6112552E678
:102F8000302550E68023002010B54379032B94B000
:102F900056D823F002038DF80630D0F80630CDF86D
:102FA00007304389ADF80B3002798DF804200123F6
:102FB0008DF80D30027B03888DF8052040F27122D8
:102FC0005343049341884A430792847B417B41EAFF
:102FD0000421ADF82810047CC17B41EA0421ADF83E
:102FE0002E10847C417C41EA0421ADF83410047D2C
:102FF000C17C41EA0421ADF83A10417D847D41EA6B
:103000000421ADF84010C17D007E41EA0021ADF8F9
:10301000461000218DF84C100B488DF84E100B49CE
:10302000C07E8DF84D00A2F6C4128A420AD8A3F6DB
:10303000C4138B4206D801A8FFF7E4FD14B010BDFD
:103040001220FBE73020F9E7802300203C369C006B
:103050002DE9FF410778EF2F04460D4601D91225CF
:103060009CE0B0F80130ADF80C309DF80C30D8067B
:103070006CD4990603F0030265D5002AEFD11A0734
:1030800003D503F06703012BE9D163781E0711D440
:103090002179E278E07942EA0122617942EA01424B
:1030A000A17941EA0021207A41EA00418A42D6D83A
:1030B0001F2AD4D9627A013A062AD0D8A27A032AE2
:1030C000CDD813F0040102D1023A012A03D8E27AE2
:1030D000012AC4D811B9A27C032AC0D813F0100168
:1030E000227D43D0012ABAD1237E012BB7D80029F3
:1030F0004CD06378D80703D500F024FA00284CD0D0
:103100006378227D03F01801082959D1022A44D19D
:103110001B0709D4E279A37943EA0223227A43EA1E
:103120000243B3F5804F38D81FFA87F80321404691
:10313000F6F770F90646002848D0F8F75DFD00283C
:1031400050D00C252AE0032A99D188E713F0600FAC
:1031500085D103F00F0203F00703052B95D0931ED2
:10316000012B92D9002A7FF47AAF8EE7022A04D18C
:1031700003F06F03092B7FF472AFA37D013B022B99
:103180003FF66DAFE37D0F2BAED968E700F07EFA16
:1031900081070AD4237D022B04D11125284604B0CF
:1031A000BDE8F081A37D022BF7D000F06FFA420753
:1031B0009FD4237D032BF0D0A37D032B99D1ECE783
:1031C000022AA5D0A27E002AA2D0E6E7032140462B
:1031D000F6F7E2F80646002840D0214B93F9281074
:1031E00011F0BEFB0021384611F001FF18BB30463C
:1031F00011F070FC21462870E074304603F094F919
:10320000637E0546002BC9D00028C7D1F16C024669
:103210006846F6F751FAF06C2A4601210DF04DFD93
:10322000F16C68460422F6F747FAF06C2A46294604
:103230000DF043FDB2E7403011F0F9FE0028D6D082
:10324000637813F0330F7FF40AAF3046A77D11F097
:1032500068FC0DF0FFFF8742C9D072E707259DE7A4
:103260008023002030B50279042A8BB0034658D859
:103270004488B4F5804F54D82B4810440021027A7A
:10328000C578ADF8041042F0100242EA4502457BD1
:10329000807C8DF80C1042EA850242EAC00202F0FE
:1032A0001F028DF80420BDF80420ADF80D201A8807
:1032B0008DF80F208DF81240120A240A8DF8111093
:1032C0008DF814108DF810208DF813405A7B8DF86E
:1032D00015205A798DF816209A79D3F807008DF8C1
:1032E0001720B3F80B209B7B8DF81E307F238DF8C1
:1032F0001F30012306908DF82110ADF81C208DF8A9
:1033000020308DF8223003A88DF823108DF824107A
:103310008DF825108DF8261001A9FFF799FE0BB046
:1033200030BD1220FBE700BFAAFD060013B50378ED
:10333000044653B1002301A8019308F0C9F9019B89
:103340009B0702D00C2002B010BD024B22781A71EC
:103350000020F8E7802300200278034672B142780B
:1033600062B142881A2A09D982881A2A06D9044ADF
:10337000006810609B88938000207047122070477F
:10338000E4270020024B02689A600020704700BFCB
:10339000E4270020024B0268DA600020704700BF7B
:1033A000E42700200378A3F10A02112A9DBF024AF4
:1033B0000020137412207047E42700200378FF2BAD
:1033C00015D14378FF2B12D18378FF2B0FD1C3780F
:1033D000FF2B0CD1037923F0E0021F2A07D113F051
:1033E000E00F04D0034A5B09D37600207047122017
:1033F000704700BF802300200378012B9FBF044A41
:1034000003F001030020137788BF1220704700BF2C
:1034100080230020014B1876002070478023002075
:10342000014B5876002070478023002008B5052006
:1034300000F00AF911F0A8FD014B024A1A6308BD19
:10344000802300206D21030008B5052000F0FCF862
:1034500004F022FE014B024A1A6308BD80230020BB
:103460006D21030008B5FEF78BFBFEF7A7F9FFF708
:10347000BBF9BDE8084001460148FBF779BB00BF36
:10348000B423002008B502F0D9FFF8F789F8BDE8A9
:103490000840014802F0BCBFB423002008B50FF07B
:1034A000EFFA064800F58471F6F7CEFC02200DF025
:1034B00048FBBDE8084000200DF043BBB4230020CA
:1034C00008B5074B012283F80A2202F0BFFF03F080
:1034D00015FFFFF7E3FFBDE8084001F05BB900BF4F
:1034E000B423002010B5064C064904F503700EF015
:1034F0005CFF04F504700449BDE810400EF055BFB0
:10350000B4230020D8010020E001002010B5094CB0
:10351000094904F503700EF048FF04F504700749EB
:103520000EF043FF04F505700549BDE810400EF0AC
:103530003CBF00BFB423002018020020200200205E
:1035400010020020014B93F80A027047B4230020B8
:1035500010B5094C094904F503700EF026FF04F577
:10356000047007490EF021FF04F505700549BDE818
:1035700010400EF01ABF00BFB4230020000200204C
:1035800008020020F801002010B5094C094904F593
:1035900003700EF00AFF04F5047007490EF005FFF2
:1035A00004F505700549BDE810400EF0FEBE00BFF1
:1035B000B4230020E8010020F0010020F8010020E1
:1035C00038B5094C0D4601F0D5F8D4F80C02C4F812
:1035D00004510EF0E2FEFEF7B3FF01F089FA012379
:1035E00084F8183238BD00BFB4230020014B93F893
:1035F00018027047B423002010B50C4CD4F8100208
:103600000EF0CBFED4F814020EF0C7FEFEF762FFF8
:10361000202000F027F82F2000F024F8262000F0CA
:1036200021F8002384F8183210BD00BFB423002015
:10363000014B83F819027047B4230020014B93F823
:1036400019027047B4230020C2080549012300F085
:10365000070003FA00F08B5C18438854704700BFE2
:1036600018000020C208054900F00700012383402C
:10367000885C20EA03008854704700BF18000020CF
:10368000014BD3E90001704718000020054B186872
:10369000C0F3C022C0F30020400040EA820040F0A6
:1036A000010070471800002008B508F019FB084A0F
:1036B000002332F82310814205D302EB83039B7869
:1036C000044A137008BD01330C2BF2D10023F7E735
:1036D00000FE0600CE250020024B187800F00700FF
:1036E000704700BFCE25002010B544682388A4F899
:1036F0000E3284F80D1294F87C000DF0BCFD84F8B5
:10370000100294F87D000DF0B6FD064984F8110210
:10371000022204F501700FF0CAFF002384F86C3117
:1037200010BD00BF33250400406806490388A0F897
:103730000032B0F87430A0F8023200F2F7100FF047
:10374000B0BF00BF6B2504002DE9F743456895F82D
:10375000C73095F8C680242B04460F462CD1C735B8
:1037600038460FF048FF00284DD038460FF037FF9D
:10377000814638460FF037FF01460EF04BFF666872
:1037800048B396F87C30984225D096F86C21012AEF
:103790000CBF96F86E2196F87820114233D0B8F11C
:1037A000220F18D096F87520114214D153B940F267
:1037B0006D110620F5F74AF9B8F1220F40F0C480E8
:1037C000C635CDE7042B01D0042832D1984294BFEE
:1037D00000200120B8B948460EF01CFF00284BD04D
:1037E00096F87D30834247D096F86C31012B0CBFA0
:1037F00096F86F3196F8793019EA030F14BF012358
:103800000023002B38D1636893F86C21012A19D169
:103810001E212046FFF768FFB8F1220F20D1FA7869
:103820006368182A83F8512110D040F26D217E2060
:10383000C0E7082BCAD00828C8D098422CBF002067
:103840000120C7E7002283F86C21E5E70A2283F80C
:10385000C62093F80431002B3CD140F27521E6E7F5
:10386000002320462B7010F0C2F83946204603B0E2
:10387000BDE8F04310F0F9B8304601AA39460EF021
:1038800014FF666880BB96F86C31012B29D1B6F81D
:10389000C03096F87C10B6F8700106F573720EF021
:1038A0006BFF0646C0B901462046FFF71DFF2E708C
:1038B000636803F1C702954202D1002283F8C72052
:1038C000636803F1C70295424FF0000539D12046E5
:1038D00010F08DF8002038E06368282283F8C620B5
:1038E000E6E786F86C01E3E738460FF082FEA6F8BB
:1038F000CC036068B0F8CC33B0F8C020013B9B1A11
:103900009BB247F6FD72934207D9282380F8E9302D
:103910000F49E0300FF0C5FED2E790F8C7300E2B0C
:1039200002D00B3B012B01D82A23EFE79DF804308E
:1039300080F8CE339DF8053080F8CF3326232B70E6
:10394000BEE783F80451C5E7022003B0BDE8F08369
:103950008151030030B505680446084651B115B1E0
:103960002179994215D1FF216171237122600023D1
:10397000637130BD002DFCD0FF236371237921607A
:103980000122054902FA03F3C1F8083560711046B7
:10399000EFE70020EDE700BF00F00140044B0022FC
:1039A00083F832204FF6FF729A86DA861A877047BC
:1039B000D0250020054B9A8E824201BF002283F859
:1039C00032204FF6FF729A86704700BFD025002044
:1039D000014BD886704700BFD0250020094A034616
:1039E000908E4FF6FF71884206D192F8321001296D
:1039F00005D01A6001207047002018607047002031
:103A0000704700BFD0250020064B93F83220012AD2
:103A10001FBF0120DA8E83F832009A8608BF00208B
:103A2000704700BFD0250020014B1887704700BFAA
:103A3000D0250020064B0246198F988E884205D16A
:103A400093F8320018B113600120704700207047CE
:103A5000D0250020094B998E1A8F914201D0002069
:103A600070474FF6FF729A8693F83220002AF6D0FC
:103A7000002283F832200120704700BFD0250020AB
:103A8000054B998E1A8F914203BF93F83200B0FA1A
:103A900080F0400901207047D025002050B90A4A23
:103AA0001346012003F8010B0868C2F801008A8858
:103AB0009A807047012805D1034B0A689A608A886A
:103AC000D8719A81704700BF0A26002048B90A4B76
:103AD000187880B1D3F80120B3F805300A608B80E4
:103AE0007047012806D1044BD87920B19A680A6042
:103AF0009B89F4E7002070470A26002020B9054B77
:103B0000187800F00100704701280ABF014B00201F
:103B1000D879F6E70A260020F7B500228B888DF8C1
:103B20000600ADF8043008680C4B8DF80720019DA5
:103B30001C78014603F5AC73D0B2844201D808204A
:103B400009E0D3E90076AE4208BF8F4203F10803D3
:103B500002F10102F0D103B0F0BD00BF1826002031
:103B600030B5094B01465C78002203F58173D0B271
:103B7000844201D8082005E013F8015B8D4202F170
:103B80000102F4D130BD00BF18260020F8B52E4C3C
:103B90006278013AD2B22318824293F802516270DD
:103BA00032D0130101019E1C8F1C2644274406F1CC
:103BB000100C56F804EB47F804EB6645F9D1823354
:103BC00082312344214403F1100653F8047B41F869
:103BD000047BB342F9D1A618211896F8023181F876
:103BE00002314FF48577062313FB027213FB00703A
:103BF000A318A258225004EB000C9B88ACF80430A8
:103C000096F83A3181F83A312846FFF7A9FF08289B
:103C100018D12378013BDBB29D42237012D02B33A5
:103C200004EBC30393E8030005F12B0204EBC2028B
:103C300082E803002078FFF793FF08281CBF2418B0
:103C400084F80251F8BD00BF18260020F0B5254DBC
:103C500095F8984189B0224605F2991168460BF013
:103C600071FD214668460EF02CFF0446B8B300EB08
:103C70004001C9B202A8F5F73DF9601E95F8A161AF
:103C8000C0B2012495F8982105E0731CB3FBF2F152
:103C900002FB1133DEB206F120030DEB030111F834
:103CA000203C002BF1D100EB400220326A4406EBAD
:103CB00046032B4412F8187C83F8A27112F8177C83
:103CC00012F8162C83F8A37183F8A42101F8204C74
:103CD0000138AB19C0B2FF2883F89941D2D109B09D
:103CE000F0BD00BF1826002070B5064688B00C460F
:103CF000002A4FD02A4A92F8A131D01890F8991191
:103D000021B94FF480712820F4F7A0FE03EB4301A2
:103D10001144013391F8A251E57091F8A35191F843
:103D2000A41161710021257180F8991192F8981100
:103D3000B3FBF1F001FB103382F8A13192F8C231EC
:103D400023B9184902F5DD700FF0AEFC657905F076
:103D50003F0545F0400565710D22002168460BF0D6
:103D600069FDE3788DF80F3023798DF80E3004AAC1
:103D70000423694630468DF80D500BF021FA9DF86A
:103D80001F3023709DF81E3063709DF81D30A370A6
:103D900008B070BD03216018F5F7ACF8D6E700BF96
:103DA000182600204D3C0300044B5A78824286BFFF
:103DB0001B1893F84A010020704700BF1826002006
:103DC000044B5A78824286BF1B1893F842010020A8
:103DD000704700BF18260020064B00224FF4617187
:103DE0001A8083F8C32183F8C421A3F8C61183F88D
:103DF000C221704718260020014B83F8C401704788
:103E000018260020014B93F8C401704718260020A3
:103E100010B51446FFF780FE082803D1012000F0FA
:103E2000010010BDFFF79CFE064B5A788242F5D97F
:103E300004B12070184490F83A31012BEED090F87C
:103E40004A01ECE7182600202DE9F0478246894612
:103E500017469846FFF760FE08280546064603D039
:103E6000FFF77EFE082863D1334C6378072B61D8B7
:103E7000082D18D12678731C072E237003D96B21C7
:103E80002820F4F7E3FD06F12B03DAB2D9F800009D
:103E900044F8320004EBC20104EBC303B9F8042078
:103EA0008A8083F806A065786B1C290163704B1C1F
:103EB00007F11002234412F8010D03F8010FBA4272
:103EC000F9D1813108F11003214413F8012D01F8D3
:103ED000012F9845F9D1102140460EF060FE25448F
:103EE000102185F8420138460EF059FE85F802612E
:103EF000667885F84A01002385F83A3131460F4843
:103F00000EF0DFFD314605460D480EF0DAFD012DBD
:103F100003D8002818BF0135EDB284F89851002568
:103F2000284684F8A151FFF791FE2846BDE8F087A6
:103F30001220FBE70720F9E7182600205A27002067
:103F40006227002010B5064B5878013840B200288F
:103F500000DA10BDC4B22046FFF718FE601EF5E778
:103F600018260020014B83F8C30170471826002053
:103F7000014B93F8C301704718260020431E9BB2E3
:103F80004AF2B71293429DBF024BA3F8C60101202B
:103F90000020704718260020014BB3F8C601704777
:103FA0001826002030B50A4B5C7884420ED918449C
:103FB00090F802012B3003EBC004A5790D7053F883
:103FC00030001060A3889380012030BD0020FCE702
:103FD0001826002070B506460D4606F02DFE05F0A9
:103FE000E1FA0A4B93F8C3415CB1597859B1981C76
:103FF00082333246002D08BF184605F09DFA05F0C1
:10400000FBFA204670BD0C46FBE700BF18260020D7
:1040100008B5064B03EB01130246012103F18200B0
:1040200005F08AFABDE8084005F0E6BA1826002037
:104030000246074810B590F8C34124B1417821B138
:10404000023005F079FA204610BD0C46FBE700BFB0
:10405000182600202DE9F74F2F4C9A4663788342AB
:104060008046894656D9231893F8425185F00105B8
:10407000F9B193F84A31E3B945F002070135BAF1D5
:10408000000F18D1FA070AD5062101FB084104EBFD
:104090000810524601F585718230FFF725FEBB07F7
:1040A00034D504EB0810524649460230FFF71CFE97
:1040B0002CE02F46E3E794F8A1614FF0010B002DAF
:1040C000E0D0A319019393F8991199B90092DAB14C
:1040D00000F0DEFC06EB46012144019B81F8A201C1
:1040E0004FEA102C009A81F8A3C1000C81F8A401BA
:1040F00083F899B194F898310136B6FBF3F103FBDC
:104100001166F6B2013DDAE747F00407384603B01E
:10411000BDE8F08F0027F9E718260020F8B5184C05
:10412000064648B3617804F5A1700EF0CAFC94F815
:1041300098510746294604F299100EF0C2FC2D1A38
:10414000EDB2AF421AD8002506270FE0E21892F828
:10415000422152B907FB034104EB0313324601F538
:10416000857103F18200FFF7BFFD01356278EBB284
:104170009A42EBD80120F8BD0546E5E70020FAE7B2
:1041800018260020F0B51B4E7378834289B007468D
:104190000D462CD9331893F8424144BB0D222146D9
:1041A00068460BF047FBEB788DF80F302B798DF8D4
:1041B0000E3006EB07106B798DF80D3004AA04233E
:1041C000694682300AF0FCFF2A789DF81F309A4237
:1041D0000AD16A789DF81E309A4205D1AC789DF8D4
:1041E0001D00231A5C425C41204609B0F0BD00204E
:1041F000FBE700BF18260020074B5A78824209D9F6
:104200001A1892F842212AB9062202FB003000F562
:10421000857070470020704718260020064B5A789A
:10422000824281BF1B1893F83A01B0FA80F040092E
:1042300098BF0020704700BF18260020F8B50E4632
:1042400007460621304615460EF0A9FC044640B14B
:104250000A482946427800F59D700BF0EBFA20469B
:10426000F8BD314638460EF048FC08281FBF034B06
:10427000C018012480F83A51F1E700BF1826002049
:1042800030B50024A0F85240B0F8564042F2107504
:104290004C43B4FBF2F4A0F85640541E05FB034314
:1042A000B3FBF2F3A0F85430094BB3FBF2F3013344
:1042B000A0F85A30B0F84C3005FB0344436CB4FB13
:1042C000F2F459438464B1FBF2F2426430BD00BFA2
:1042D000005A620270B504460D4659BB4FF4806225
:1042E0000BF0A8FA012384F8CE30492384F81B315F
:1042F000042384F81C316FF03B0384F81D316F23D5
:1043000084F81E316FF03F0384F81F312B2384F8AB
:104310001A31FE2384F856317F2384F8C5301E4BB2
:10432000C4F8B030202384F8205184F8215184F857
:10433000843370BD012922D10023C269A0F80E3355
:1043400080F80333154B1344B3FBF2F3C0F8F0309D
:1043500040F6B833A0F8F4301146C38CA830FFF70C
:104360008FFF11F047FA30B1206AFDF77FFE10B9D8
:1043700084F8F052DDE7002384F8F032D9E702290F
:10438000D7D1B0F8DA33D0F8D423C169BDE8704092
:10439000A830FFF775BF00BF00E0FCFF7FC3C90175
:1043A00070B504460D4659BB4FF462720BF042FAE9
:1043B000012384F8CE30492384F81B31042384F888
:1043C0001C316FF03B0384F81D316F2384F81E31DC
:1043D0006FF03F0384F81F312B2384F81A31FE233A
:1043E00084F856317F2384F8C530144BC4F8B030BC
:1043F000202384F8205184F8215184F8193370BDAA
:10440000012912D1C2690E4B1344B3FBF2F3C0F879
:10441000F03040F6B833A0F8F430C38C114604F104
:10442000A800BDE87040FFF72BBF0229E7D1B0F824
:104430004633D0F84023C169F1E700BF00E0FCFF3C
:104440007FC3C901034B80F880101B680BB1008843
:104450001847704728020020074B93F90030184492
:10446000142804DC10F17F0F03DB40B270471420E6
:1044700070476FF07E007047E027002007B57F236C
:104480000DF107008DF8073006F0E4FB9DF90730C9
:1044900068B10A4A5078404243FA80F0142808DC98
:1044A00010F17F0F07DB40B203B05DF804FB184644
:1044B000FAE71420F8E76FF07E00F5E7E027002028
:1044C000024B00221A705A70704700BFE02700208C
:1044D000054B1B7833B9054B1A681B7902600371D1
:1044E0000120704700207047E227002020000020B4
:1044F000054BFF221A70054A01681160017911719C
:1045000000221A70704700BFE22700202000002020
:1045100007B5064B186800901B798DF80430684683
:10452000FFF7E6FF03B05DF804FB00BF0367070079
:104530000346407848B1DB783A2B05D8034AD35C70
:104540001B1A5842584170470120704730FE060040
:104550003A2908B5C17003D8064B5B5C437008BDAF
:10456000FF2904D04FF489612A20F4F76FFA012360
:10457000F4E700BF30FE06002DE9F04385B0894620
:1045800002A9144698460EF0DCFA0546002840D1F0
:10459000039E34B9012486F8CD40204605B0BDE81D
:1045A000F0837769214638460CF0CEF8014690B387
:1045B0001B4B5B88A34230D301AA38460CF019FA92
:1045C000019B1D809D7096F8CD300198002B0CBF8B
:1045D000494602210EF010FF019822464146033061
:1045E0000BF0B0F8214638460CF0E3F8044618B951
:1045F0007B212B20F4F72AFA9DF808302BB102A872
:104600000FF01AF8039BA3F8FA52002386F8CD3076
:10461000C3E70124C1E70446BFE72C46BDE700BF5E
:10462000E4270020024B987FC04300F00100704750
:10463000E4270020034B987F80F00200C0F3400085
:10464000704700BFE427002010B5094C1422002158
:1046500020460BF0EFF81222002104F114000BF0B9
:10466000E9F801232373231DC4E9003310BD00BF03
:10467000082800207FB505460C4619B9F121102005
:10468000F4F7E4F903888B8000234B728669304687
:104690000CF0A1F9014608B9FA21F0E701AA304669
:1046A0000CF0A7F9E08008B9FF21E8E7FB2802D960
:1046B00040F20111E3E701980EF0A6FE012801D0B7
:1046C000022805D12072206828B94FF48C71D6E7F2
:1046D00040F21111D3E70199E28803310BF032F86F
:1046E00030460CF08EF910B940F21D11C7E70021D9
:1046F00030460CF0C2F810B94FF49171BFE70B4B84
:10470000DA7F82B11A8C2888013A02A91A840EF045
:1047100018FA10B140F22B11B1E7039AB2F8DE306B
:104720000133A2F8DE3004B070BD00BFE4270020E2
:1047300010B520B940F21B211020F4F787F9416031
:104740000272EFF3108472B6094B1A1D02605968A9
:1047500019B1097A012908BF1A601A681060186037
:1047600004B962B6BDE8104093F826000AF054BEC2
:1047700008280020024B83F82600FFF765BF00BF22
:1047800008280020014B024A1A6070472C020020C2
:1047900075460300014B024A1A6070472C02002044
:1047A000754603002DE9F341584D594F06466B6895
:1047B0001B7A0C2B07D1FB7F2BB13B8C1BB9002044
:1047C00002B0BDE8F0812B69BBB11B7AABB12C699B
:1047D000002CF4D094F808805FFA88F8052323723F
:1047E000A8F102030A2B00F28280DFE803F017230E
:1047F0003880505F5050505073006C68237A012B02
:10480000DDD0EFF3108372B66A6812686A6003B98C
:1048100062B6237A002BD6D02C61DBE7636823B91C
:1048200040F2A1111020F4F711F9314620469847C3
:1048300004201CE0636813B94FF4D571F2E73146E8
:10484000204698470346C3F30723012BADF8040025
:10485000C0B24FD0022B0AD100232B614CE0636819
:1048600013B94FF4DA71DDE7204698470020EFF3E3
:10487000108372B6227A052AD1B201D000293FD125
:10488000002222722A61002B36D162B634E0214B1D
:104890001B68002BEAD06068424631469847B8F161
:1048A0000A0FC5D100232B61042089E763680BB987
:1048B000C621B7E70D2232701988A6F8031001222D
:1048C00000245869B2707271B47121460BF0D5FFA3
:1048D0002C61E9E7606810B940F2DF11A2E70E4BE6
:1048E00031461B68984700232B61022068E74FF48C
:1048F000F47197E70323237200283FF458AF5FE772
:10490000002B7FF454AF62B651E700BF08280020A7
:10491000E4270020300200202C0200200448037FFE
:1049200023B90449022214300EF0AFBE704700BF15
:10493000082800207D3604001B234FF01B128384BF
:10494000038482618382C260038541B94FF4A473FA
:10495000094AC3844384C261C382026170474FF431
:104960002963C38443844FF4A47203F12963C361B0
:10497000C2820361704700BF480148010346F0B599
:10498000B3F86820B3F86A6093F87D40B3F852C07A
:10499000B3F856500846B3F85C108A4228BF0A465E
:1049A000B3F86010A3F85220B14204F00C0428BF01
:1049B0003146002CB3F8584007BFB3F85A700E4682
:1049C0004FF429674FF42966944238BF1446B94220
:1049D00038BF39469445A3F85660A3F85840A3F869
:1049E0005A1033D1AD1B18BF0125B3F86410B3F8CA
:1049F0005E40B3F850C0B3F854708C4228BF0C46E8
:104A000093F87C1011F00C0F22D1B3F86210B3F8B8
:104A100066E0714528BF7146A445A3F85040A3F84D
:104A2000541002D18F4200D1ADB11B88A0F80930DB
:104A3000A0F80B40A0F80D10A0F80F20A0F811600E
:104A40000549BDE8F04002220EF031BE0125CCE759
:104A50004FF42961E0E7F0BDC13604000B8BA2F8EA
:104A60000B304B8BA2F80D308B8BA2F80F30CB8B19
:104A7000A2F809000249A2F8113010460EF011BE4A
:104A80000F370400014B1878704700BF2F28002013
:104A9000094AD2E90003434083EAB01181EA432185
:104AA0004FEAF3435360054B116058434FEAF060FF
:104AB00000EB8000704700BF30280020BB79379E94
:104AC000094AD2E90203434083EAB01181EA432153
:104AD0004FEAF343D360054B916058434FEAF060CF
:104AE00000EB8000704700BF30280020BB79379E64
:104AF00038B50A4C04F1080508212846F4F7FAF9FC
:104B0000D4E902231343F7D0FFF7DAFF2060FFF761
:104B1000D7FF236860600343F6D038BD30280020FB
:104B2000174B184A9A60184ADA62184A1A61184AEA
:104B30005A61184A9A61184A1A63184A5A62184AFE
:104B4000DA64184A9A64184A9A63184B184A9A60A9
:104B5000184A1A62184A5A60184A1A60184A9A6221
:104B6000184ADA62184ADA60184A9A61184A1A63CF
:104B7000184A9A64184ADA64184A5A62704700BFA1
:104B800034020020F93A04007D3E0400473E040050
:104B90000B3E0400955303003D56030021550300CE
:104BA000514104007941040099540300200300207E
:104BB000253B0400C9400400433B0400953B04002E
:104BC00041400400E13F0400714004002340040020
:104BD00033420400E3410400C7410400EF400400F5
:104BE000174B184A9A60184A5A60184A1A60184AAD
:104BF0009A62184ADA62184ADA60184A9A61184AC0
:104C00001A63184A1A62184ADA64184A9A64184AE7
:104C10005A62184B184A9A60184A5A62184ADA625D
:104C2000184A1A61184A5A61184A9A61184A1A634E
:104C3000184A9A64184ADA64184A9A63704700BF9F
:104C40000C040020F93A040035520300A15203007D
:104C5000993E0400853F0400F53E04009B3F04009C
:104C60003D5603009954030051410400794104006A
:104C700021550300F8040020253B0400EF40040008
:104C8000BD3F0400FD5303000540040035540300FC
:104C900033420400E3410400C7410400C94004005A
:104CA000054B064A1A65064A5A65064B064A1A65B6
:104CB000064A5A65704700BF34020020733C040066
:104CC000E33B040020030020BD3B0400293D040019
:104CD000044B054A5A65054B054A1A65054A5A654B
:104CE000704700BF0C040020E33B0400F8040020E0
:104CF000BD3B0400593D0400054B064A9A65064A2F
:104D0000DA65064B064A9A65064A1A66704700BF7E
:104D100034020020E7270400652904002003002056
:104D2000EF250400C7290400054B064A9A65064A88
:104D30001A66064B064A9A65064ADA65704700BF4E
:104D40000C040020BD28040049370300F8040020AB
:104D5000EF250400332A0400392A73B505460C46B2
:104D60003DD8392A3ED8DFE812F0420083008D009A
:104D70009900B10097009700C000C200C8009700DA
:104D80009700CD00D800C2003D003D00DC00970038
:104D90009700F800F800FF00060112013D003D00F9
:104DA00031014E0157015D0163016E017001720115
:104DB00074017F018701B401B6013D003D008F0100
:104DC0003D003D00AC019A01A401A601A801AE017D
:104DD000B201B0013D0097003D003D00AA01FF2A4D
:104DE00000F07B8140F2D6315120F3F72FFE41686D
:104DF000D1F84033B1F8382341F64B50834294BF89
:104E0000642040F2E240B2FBF0F241F64B50D2B2E5
:104E100083422271D1F83C2394BF642040F2E240E7
:104E2000B2FBF0F292B26271120AA3F57A70A2712B
:104E300041F2707290429DBF4FF47A72B3FBF2F36D
:104E400003F5506340F2E24288BFB3FBF2F39BB23A
:104E5000E3711B0A2372B1F8443363721B0AA37215
:104E6000B1F84613204602B0BDE870400EF0F0BA2B
:104E70004368D3F828132046013102B0BDE87040E2
:104E80000EF01ABB02784368012A02D193F8583118
:104E900001E093F86131237102B070BD456820468E
:104EA00005F55B710EF017FB05F55D7120460EF000
:104EB0001CFB05F5537120460EF01DFB05F5A47192
:104EC000204602B0BDE870400EF023BB416820468A
:104ED00001F546710EF025FB6968204601F5487121
:104EE00002B0BDE870400EF020BB4368CEE7084634
:104EF00002B0BDE8704000F073BB02B0BDE8704086
:104F000000F080BB0D230B7159234B7100238B7173
:104F1000FB23CB7111230B72BEE7436893F8523128
:104F2000B9E7037846687BB996F8583163B196F8CB
:104F3000551120460EF06EFB96F85411204602B033
:104F4000BDE870400EF06ABB96F853112046A836B3
:104F50000EF060FB96F8AA10F0E70146204602B07A
:104F6000BDE870400EF0B0BD436893F86E21227129
:104F700093F86F3109E0436893F86C21012AF4D06B
:104F800093F878200A7193F87930637184E7456863
:104F900095F833030DF003FC014620460EF021FB8B
:104FA00095F8320310F00C0F07D095F87C3013F011
:104FB0000C0F02D0984218BF00200DF0F0FB014604
:104FC000204602B0BDE870400EF007BB45680023E4
:104FD000204601218DF804300EF01AFA2A7C6B7CF1
:104FE000032A08BF002203F01F0343EA82139DF83F
:104FF000042002F02002134301A920468DF804305A
:105000000EF00FFA48E74168204601F2791102B02C
:10501000BDE870400EF0BCBA084602B0BDE8704072
:1050200010F01EB8084602B0BDE8704010F020B87D
:105030002F4B1B68002B3FF42FAF2946204602B0B0
:10504000BDE8704018472B4BF3E72B4BF1E72B4B98
:10505000EFE72B4B1B68002B3FF41EAF02462320CB
:1050600002B0BDE870401847254B1B68002B3FF489
:1050700013AF02462420F3E7214B1B68002B3FF4BB
:105080000BAF02462520EBE74168204601F29B1258
:1050900001F2791102B0BDE870400EF085BA194BEB
:1050A0001B68002B3FF4F8AE204602B0BDE870400C
:1050B0001847154BF4E7154BBBE7154BB9E7154BF4
:1050C000B7E7154BB5E7154BB3E7154BB1E7154BF4
:1050D000AFE7154BADE7154BABE7436893F8C72334
:1050E000D3F8C813204602B0BDE870400EF09CB95A
:1050F000E8050020EC050020E4050020F005002074
:10510000180600201C06002020060020F4050020C0
:10511000F8050020080600200C06002000060020EC
:10512000FC050020040600201406002010060020C4
:105130003A289ABF024B53F820000020704700BF66
:10514000340200203A289ABF024B53F82000002076
:10515000704700BF0C0400203A289ABF024B53F856
:1051600020000020704700BF200300203A289ABF8B
:10517000024B53F820000020704700BFF8040020C5
:1051800030F8023CF7B504460E467BB100238DF89B
:1051900004308DF805309DF80430002063F30700DB
:1051A0009DF8053063F30F2003B0F0BD1E4B30F8BF
:1051B000E05C1B680BB1383898471C4B1B680BB17F
:1051C00028469847FEF75CFA4B0408D50D2128467F
:1051D000F4F736F918B179216320F3F737FC0A2385
:1051E00000273370B770A6F80350637A54F8C80CE0
:1051F00073710BF05EFB08B98321EDE72846FEF7DB
:10520000D9FB39462846F4F71BF902212846F4F762
:1052100017F918B9064B1B6803B1984704238DF89A
:1052200004300023B5E700BF240600202C06002030
:105230002806002070B5044640680D4690F8C72047
:1052400001230021A8300DF0B6FC20B32846666883
:105250000EF03CF9A6F8CC036068B0F8CC33B0F897
:10526000C020013B9B1A9BB247F6FD72934208D9BE
:10527000282380F8E9300949E0300EF012FA0020C6
:1052800070BD00F2CE3128460EF01BF963680B2288
:1052900083F8C720F3E70120F2E700BF8151030044
:1052A00070B5054640680C4690F8C72001230021E0
:1052B000A8300DF080FC002867D06B68204693F87A
:1052C00081100EF0CCF828B921462846BDE8704080
:1052D0000EF0CBBB6868B4F80D30B0F8C020A0F871
:1052E000CC33D24313449BB247F6FD72934208D9A4
:1052F000282380F8E9302649E0300EF0D2F900206A
:1053000070BD20460EF09EF86FF45063C3189BB238
:10531000062B6E6896BF4FF47A7340F2E243A0F515
:1053200050605843C6F8D403237941F64B5290425B
:1053300085BFC3EB431203EB820303EB830303EB51
:10534000830395BF03EB83035B009B009BB241F695
:105350004B52A6F8CE339042B4F8053094BF642285
:1053600040F2E2425343C6F8D03320460EF06DF8C7
:10537000A6F8D80320466E680EF06EF86B68A6F8A3
:10538000DA030E2283F8C720B9E70120B8E700BF8F
:105390008151030038B5436893F8C6201C2A04469F
:1053A00025D193F80A111D88002283F8092183F87A
:1053B000042183F8762303F5347071B10D4983F825
:1053C0000A2183F8D922A3F8DA5202220EF05DF9FD
:1053D0006368002083F8C60038BD012283F8D91223
:1053E00083F8DC220449A3F8DA520222EEE7022015
:1053F000F2E700BFA73D04008F3D040008B54068F8
:1054000090F8C730162B04D04FF492711F20F3F799
:105410001DFB012380F80931172380F8C730BDE850
:1054200008400349022200F577700EF02EB900BF44
:10543000BB3D040038B5436893F8C7201D2A0446D5
:1054400004D040F271111F20F3F700FB93F80A110A
:105450001D88002283F8092103F5347071B10C49CD
:1054600083F80A2183F8D922A3F8DA5202220EF037
:105470000CF96368002283F8C72038BD012283F845
:10548000D91283F8DC220349A3F8DA520222EEE7AC
:10549000A73D04008F3D040070B5446805780E46B2
:1054A00004F1A8005DBB94F8C7202B4629460DF0F7
:1054B00082FB40B37168B368184A23F41E530A4054
:1054C000C4F81A2123F01003C2F3076242F0080265
:1054D0001B041B0C84F81D210022C4F81E31A4F803
:1054E00006219DB194F80831013384F80831D4F8CD
:1054F000B83043F00103C4F8B830154604E0D4F8DE
:10550000B830DB07D6D50125284670BD012384F8C5
:105510000831042384F8C730F6E700BF2F4904F7A9
:10552000F8B54468077894F8C62006460D463B4611
:10553000072104F1A8000DF03EFBA0B3AB68696839
:105540001B4A23F41E5323F010030A401B041B0CB8
:10555000C4F81A21C2F30762C4F81E3142F00802EF
:10556000002384F81D2184F8043184F8C63017B96B
:10557000736883F8737194F81A3203F0FF06A3B9C5
:105580002388A4F81C3284F81B626B68C4F81E32AE
:10559000AB680849C4F82232022204F212200EF04D
:1055A00074F83046F8BD0126FBE70026F9E700BF96
:1055B0002F4904F7A7400400406890F81A325BB9FD
:1055C0000388A0F81C321A2380F81B3203490222F8
:1055D00000F212200EF059B8704700BFA740040037
:1055E00010B50446FEF74CF821F41E51044B21F08F
:1055F000100109040340090C6360A16010BD00BFE5
:105600002F4904F737B50C464568FEF739F80A4BC1
:1056100095F81A2121F41E5121F0100103400904CC
:105620000093090C13408DF8003001916B4603CBB9
:105630006060A16003B030BD2F4904F7F8B544683D
:10564000057894F8C62004F1A8070E462B460821D9
:1056500038460DF0B0FA90B394F80B3198071DD48A
:1056600030460DF068FF84F81501B6F80530A4F84F
:105670001631B6F80730A4F8183194F80B3143F01E
:10568000020284F80B21DA0702D494F872312BB1AC
:105690002549022204F586700EF009F894F80B31C2
:1056A000DB0724D46DBB94F8C7202B462946384627
:1056B0000DF081FAA0B94F214020F3F7C7F955B991
:1056C00094F8C7202B46294638460DF074FA002876
:1056D000C2D10120F8BDD4F8B8309907BCD5F8E79D
:1056E000012384F8C73084F80831A4F8065194F8EF
:1056F000C6300020012B04BF84F8C60084F80401E2
:10570000E8E7D4F8B83013F0020201D05621D3E70D
:1057100043F00203C4F8B83094F80831A4F8062125
:10572000013384F80831E2E713420400044B9B681C
:105730005843C3F580534B4303EB2030704700BF01
:105740004028002070B54568044604F0E9FA85F861
:10575000B700FEF793FE7F28014685F8C5000ED0FE
:10576000D5F8B000FFF7E2FF054BC5F8B0001B7B92
:105770002BB1044B20461B68BDE87040184770BD34
:105780004028002034060020014B1B68184700BF4A
:1057900030060020F0B5204E054630780024147005
:1057A00080B1431E7768DBB2181B01280BDC07EBC6
:1057B000C40057F834604068884208BFAE4212D136
:1057C00014700120F0BD1819461007EBC60E57F8EB
:1057D00036C0DEF80460AC45C0F347008E412CBFF4
:1057E00003460446E0E7B54271EB000002D21470B4
:1057F0000020E7E707EBC30057F8334040688842D2
:1058000008BFAC4201D11370DBE7A542814128BF3C
:1058100001331370ECE700BF5028002010F007029E
:1058200008B503D063214820F3F710F918B1034BF2
:10583000197258601A70C80008BD00BF50280020B7
:10584000014B00221A70704750280020014B187A33
:10585000704700BF502800202DE9D3430EF027FDEC
:105860000DF1070207460E46FFF794FF98B9114C59
:105870002278237A93420ED0616813466FF0604E0F
:105880009DF80700984209D301EBC003C3E90076F5
:1058900001322270012002B0BDE8D08303EB0E007C
:1058A00001EBC000D0E90089013BC0E90289DBB20D
:1058B000E6E700BF5028002037B50EF0F8FC0DF1E8
:1058C0000702FFF767FF0446A0B10C4A9DF80700E6
:1058D00013785568013BDBB213701A1AD2B2411C1F
:1058E000D200834238BF002205EBC10105EBC000A6
:1058F00009F0E2FE204603B030BD00BF5028002072
:105900001A4B33F8113030B5082900F1FF3403F297
:10591000E7334FF47A724FEAC414B3FBF2F317D0B3
:10592000042919D002290CBF18252825002208298E
:105930002A4415D0042916D0022915BF08250425AC
:105940001921122105FB0122234400FB023030BD46
:105950004FF4A8754022EAE74FF4A8752E22E6E737
:1059600040251421EEE71025FBE700BF6CFE060082
:1059700010B5244B1A68D2F80F300362537D117DA5
:105980001B0443EA0123D17C0B438363B2F8191053
:105990006FF45063CB18062B96BF4FF47A7340F226
:1059A000E243A1F550615943C161937D41F64B54E7
:1059B000A14285BFC3EB431403EB840303EB8303D2
:1059C00003EB830395BF03EB83035B009B009BB258
:1059D000A0F8403041F64B54B2F81730A14294BFC2
:1059E000642140F2E2414B43C363B2F81B3083842D
:1059F000B2F81D30C38492F8243003F01F0380F8FE
:105A0000DA3010BD5C28002038B5074D044600F19F
:105A1000690128680DF0A1FA94F868102868BDE8BB
:105A200038400DF0AFBA00BF5C28002038B5084DF3
:105A3000044600F169010623286800220DF0C2FB2C
:105A400094F868102868BDE838400DF09BBA00BF94
:105A50005C28002070B504460D46CE301946164627
:105A60000DF0C8F90E4B1B6893F8243084F87C5075
:105A70005B0984F8F13284F87D50FF2384F87E308E
:105A800015F00C0F04F1440014BF01210021FEF7B2
:105A900053FF31462046BDE87040FEF7D3BC00BF3F
:105AA0005C280020F8B504460E466588C07F15F0D6
:105AB0000401134618BF04F177013246FEF7CAFA13
:105AC000C20705460BD5012384F86830E07FFEF756
:105AD00093FB0368C4F869308388A4F86D30AB0782
:105AE0000CD5094E0127306884F8767004F17701EF
:105AF0000DF041FA306839460DF051FA85F0040096
:105B0000C0F38000F8BD00BF5C28002010B504463B
:105B1000084694F8D83073BB237884F8D930082924
:105B200004F1DB0217D004F1DA01FEF73BFA20B9E9
:105B300040F6BF712D20F2F789FF94F8DA3043F078
:105B4000020384F8DA3004F1D0000B49BDE81040BC
:105B500002220DF09ABD094B1868034613F8031B87
:105B6000C1F3801184F8DA10D0F80310C4F8DB1008
:105B70009B889380E7E710BDF14204005C28002079
:105B800070B504460E461546FDF758FDA0B92378BA
:105B900084F8C030637CA4F8C16084F8BF500BB1B6
:105BA00094F8483084F8C33004F1B6000349BDE8E6
:105BB000704002220DF069BD70BD00BFBD480400F9
:105BC00038B5B0F848301A4D0133A0F84830AB7CF6
:105BD00004462BB105F030F803F0E4FC0023AB746D
:105BE00000232B7194F889302BB101212046BDE8A8
:105BF0003840F5F78FBF637CBBB1B4F848209A42B8
:105C000013D301212046F5F785FF6388DB0748BFE2
:105C1000236A204644BF19884322BDE838405CBF50
:105C200043224FF6FF71FFF7ABBF0021DEE700BF55
:105C30005C28002038B50F4D2B79012B044602D08B
:105C40002B79022B05D1AB7C1BB104F0F5FF03F0DF
:105C5000A9FC09F0E7FE95F8283023B92046FFF7A4
:105C6000AFFF002038BD2046F5F792FD0028F9D19E
:105C7000F4E700BF5C28002018B1084BD86AFFF792
:105C80009FBF51B1054A1379116BD06A096903F1BD
:105C90008043033B51F82330184770475C280020AD
:105CA0002DE9F043032985B0054690467ED090F853
:105CB000883003F0FF02002B7DD1052904D16B88C9
:105CC000DE0760D5002A5ED10127DFF8F09099F851
:105CD0001260B6B10CF01BFF082888F8000014D041
:105CE00002AA0DF10701FEF75DF920B940F64271F5
:105CF0002D20F2F7ABFE9DF8070002A90EF0E3FAA3
:105D0000064698F80030082B08D1D9F8001011F891
:105D1000030BC0F380100EF0D6FA0646D9F8001037
:105D200095F86F2011F8030B05F17003C0F3801094
:105D30000CF0A9FED9F80010044611F8030BC0F3CB
:105D400080100CF0DAFE8146FEF768FA014640B199
:105D5000B9F1080F1BD04846FEF726F880F0010184
:105D6000C9B298F80000082815D094B9EB7F1C1A26
:105D7000604260416B885A0706D421B996B96B7DA1
:105D800093B1BB4210D0002005B0BDE8F0830021E4
:105D9000E7E70120EEE714B181F00104E4B204F07A
:105DA0000100E7E73046EFE70120EDE743889B0776
:105DB000E9D5022789E70529E5D180E75C2800209D
:105DC0002DE9F341454C2379012B07D02379022B90
:105DD00004D040F6E2412D20F2F738FEE26A176A5D
:105DE0000FB197F88170A8B90125A37C1BB104F00D
:105DF00023FF03F0D7FB002D6CD0E06AF5F7C8FC59
:105E0000002861D004F072FA236B9B6802B0BDE8F1
:105E1000F0411847216811F8096B02F16903F00994
:105E200092F868200CF02FFE0028DDD006F00F0657
:105E3000052E20682DD190F8243003F01F03102B7D
:105E400027D9D4F82C8098F8135015B308230DF1F6
:105E50000702314640468DF80730FFF721FF002842
:105E6000C3D098F8E930002BBFD1226808F1EA01CD
:105E7000D31C233253F8040B41F8040B9342F9D19D
:105E80001B880B800222164908F1E1000DF0FDFB92
:105E9000ABE739460DF0ABF80028A5D02379E06ACE
:105EA000012B05D02379022B02D040F6BB4192E7AB
:105EB0002379226B03F180435269013B314652F84A
:105EC00023309847054690E7E06A02B0BDE8F0410C
:105ED000FFF776BE02B0BDE8F08100BF5C2800206D
:105EE00009430400F0B585B008230DF10702052130
:105EF00004468DF80730FFF7D3FE064618B9002692
:105F0000304605B0F0BD394F396897F8202011F8B8
:105F1000030B07F12103C0F380100CF0B4FD05461C
:105F20000028ECD13A68216A104691F8CE3010F87A
:105F300003CB03EA5C1303F0010381F8CE30D2F8FF
:105F40000330C1F803308388A1F807301346D4F832
:105F500020C013F81F1BC1F380118CF80210D2F877
:105F60001F001B79029060468DF80C30FFF700FD92
:105F700094F91420206A02AB0121FFF76BFD216A1E
:105F800084F895500B88A4F89630FF2384F8B3303A
:105F90004FF6FF73A4F8B4309DF8072020460EF0AA
:105FA00026FC1349022204F18C000DF06EFB236ADB
:105FB00010491A88A4F8CD2093F8CE3084F8CF3059
:105FC000022204F1C4000DF060FB236A2A461988FE
:105FD0002046FFF7D5FD084B3D711B68002B8FD085
:105FE000206A2A46214698478AE700BF5C2800209D
:105FF00087470400DB42040040060020032973B5F4
:10600000044604D0052927D0012002B070BD082322
:106010000DF107028DF80730FFF742FE0028F3D09C
:10602000237C23B19DF807102046FFF76FFD0F4D2D
:106030002B68062204265A701E702046FFF7E4FCE7
:1060400094F85C20A16D28680CF0C2FF28682E71BE
:1060500004F03AFD0020D8E7054B1B6823B19847B0
:1060600080F00100C0B2D0E71846CEE75C280020DF
:106070003C0600202DE9F04104460E4619B300F11C
:10608000300528460EF0F4FDA0B963881A072ED516
:1060900028460EF004FE074628460EF0E9FD381AA1
:1060A000C0B20EF00CFE544A936803442846936035
:1060B0000EF0BAFD28460EF0BCFD04F043F821793D
:1060C000252003F075FE4C4D94F8762028680023B7
:1060D000037043706388103B0D2B57D8DFE803F043
:1060E00052564E0C56395656565656565639204626
:1060F000BDE8F041FFF764BD062343702023037021
:106100002046FFF781FC638823F008039BB2152B20
:1061100005D094F85420216D28680CF04AFF2868B7
:1061200004F0D2FC03232B7136B16388102B32D1DB
:106130002179002004F00CF86388103B0D2B56D811
:10614000DFE803F058554F4F554F555555555555A8
:10615000554F0C2343702123037042B104F17701A2
:106160000CF009FF012128680CF019FFC8E704F1C1
:1061700070010CF000FF94F86F10F4E70623037031
:106180004370BDE7022303700623F9E740F255612F
:106190002D20F2F75BFC04F130084046EF680EF06A
:1061A0007EFD064640460EF063FD013E301A6188D2
:1061B0002822C0B200F01AFC63881B07074406D5EA
:1061C000AB681F440EF078FD3844C4F820012279F2
:1061D0003946002004F0E6FA0028ADD140F65751C8
:1061E000D6E721790120BDE8F04104F03FBD40F63B
:1061F0006B51CDE7BDE8F0815C28002038B54388BD
:10620000102B044604D1BDE838400121FFF732BF0E
:106210000B4DAB7C23B103F0A7F9402004F000FD47
:10622000286804F051FC608810F0040002D1217944
:1062300004F01CFD002004F0B1FC01232B7138BDDB
:106240005C280020024B0121D86AFFF713BF00BF72
:106250005C28002010B50A4C237983B1E06AFFF76F
:10626000E9FC60B1E06A43881B0704D5BDE8104033
:106270000121FFF7FFBEBDE810400EF04ABB10BD84
:106280005C2800202DE9FF4108230DF107020521BC
:1062900004468DF80730FFF703FD00286CD0384D19
:1062A000206AFFF765FB2B68D3F81F0093F82320C3
:1062B0008DF80C200290226AD3F80310C2F8031064
:1062C000B3F80710A2F807101B78206AC3F38013F5
:1062D00083702C4B1B6813B1012221469847276A13
:1062E000286897F802800E23082643700670002164
:1062F0000CF08EFF00224FF0030128680CF08FFF96
:106300002046FFF793FB286841460CF048FE062321
:1063100001222868F91C0CF055FF6179FF2003F079
:1063200047FD286804F0D0FB94F914206179206AB5
:106330000DEB0603FFF78EFB216A9DF80720002373
:1063400084F895300B88A4F89630FF2384F8B33096
:106350004FF6FF73A4F8B43020460EF048FA236AD3
:106360001A88A4F8CD2093F8CE3084F8CF302E715F
:10637000012004B0BDE8F0812046FFF721FCF7E7DB
:106380005C2800204006002010B5154CA37C1BB1F2
:1063900004F052FC03F006F9E06AF5F7F9F920B1D0
:1063A000E06A438803F0180323B9E06ABDE81040AF
:1063B000FFF706BC2379012B07D02379022B04D0E9
:1063C00040F6E7312D20F2F741FB2379226B03F1F0
:1063D0008043D268013BBDE8104052F82330184793
:1063E0005C28002010B50948037903F0FF0453B975
:1063F00024222146043009F01DFA04F01DFC03F0AC
:10640000D1F8204610BD0C24FBE700BF5C2800201B
:1064100010B5094C002323712060FFF7E3FF20B182
:1064200040F225312D20F2F711FB236B13B94FF405
:106430004A71F7E710BD00BF5C280020014B024AFB
:106440001A6370475C28002094690300044B054AD6
:106450001A60054B054A1A60054B064A1A607047D8
:106460003C060020E55E0300400600209DBA0200C5
:106470003806002085620300F8B5867DB31EDBB2C6
:10648000012B04468CBF0027012796B3023E18BF9C
:106490000126012B2DD800F1700190F86F000CF04F
:1064A0002CFB054663889B0605D4082D2CD0284676
:1064B000FDF786FC40BBE577A77784F86860FDF7B9
:1064C0006BFD05460FF0B0F8164BA5FB03351B1806
:1064D00045EB01050022C4E9183584F87620114601
:1064E0002046FFF7DFFA70B940F2C2412D20F2F7E3
:1064F000ADFA0825D6E704F169013046FDF7E6FA62
:106500000028D8D10020F8BD002EF4D0637F002BE6
:10651000F8D0D4F81730C4F86930B4F81B30A4F8B8
:106520006D30C8E740420F002DE9F04F07460C469A
:1065300005460FCF9BB00EAE0FC60FCF0FC697E824
:106540000F0086E80F0006A86E7995F812900EF0FD
:1065500050FBA37A029323780393237D6178013B58
:10656000DBB2022B01F07F0800F28180684A1344FD
:10657000C9069F7C06D4A37D013BDBB2022B76D8F3
:1065800013449E7CB9F1010F05D1082F08BF0427E1
:10659000082E08BF0426617A06A80EF031FB237D81
:1065A000A27E022B08BF617D02F1010206BF01310C
:1065B000C9B20121D2B206A80EF024FB18F0080FD0
:1065C0006CD106A80EF06BFB6378DA06824653D4D2
:1065D000F3F75AF8394681465046FFF791F9CDF85E
:1065E000008001460123324648460DF09CFE227988
:1065F000E37843EA0223627940F2712143EA0243DD
:1066000000F2D6204B43B0FBF1F04843984238D813
:106610004FF0000B94F818A00593A37C04930AF1A3
:10662000FF33D3F1000AE86C4AEB030A0AF0D3FB0C
:106630008146E86C0AF0DFFB484538BF484680B227
:10664000059B0DF1180960B308A9CDE90A3BCDF807
:106650002090ADF824808DF830708DF831600EF008
:1066600063F8059BE8B945201BB0BDE8F08F40F208
:1066700093210620F2F7EAF92822414600F096F924
:10668000B5E7E379A27942EA0322237A42EA034298
:1066900001FB02F3984298BF0346B9E700239B46EB
:1066A000B8E7CDE9103B049B8DF84D30039A029B6F
:1066B0008DF83C708DF83D608DF848A08DF84E3017
:1066C0008DF83820ADF83A800EAF0FCF2E460FC6AA
:1066D0000FCF0FC697E80F0086E80F0099E8030078
:1066E0002863A986E37A13F0FD0F14BF012300236A
:1066F00085F86F30E3682B67238AA5F87430E27D54
:1067000095F8463062F3071385F846300020ABE772
:106710006CFE06002DE9F041784E337986B00446D0
:1067200003F0FF0513B90378FF2B04D140F6DE1107
:106730002D20F2F78BF9724B0293724B0393724B3D
:106740000493336B75715B6880F8895002A80593D8
:106750003582B560B57104F0A1F903F0BFFB04F018
:106760006BFA02F01FFF694803F0E2FC684804F08E
:106770008FF904F13007284609F012F938460EF077
:1067800053FA38460EF055FA03F0DCFC2179252047
:1067900003F00EFB94F9140003F0C4FC28462179A1
:1067A00003F0B6FE0546F06030B92046FFF708FA60
:1067B000284606B0BDE8F081012104F180000CF00C
:1067C0004FF904F15001E06C0AF094FA04F1580119
:1067D0000746E06C0AF0B5FA80461FB194F8243001
:1067E000002B63D1B8F1000F62D094F82550A37F3D
:1067F00013B963885B070AD5D4E918126FF0004318
:106800009A4208BFB1F1FF3F54D1002D5AD1002F59
:1068100008BF474694F88B3003B9AFB1638813F0D3
:10682000100511D1606CC0F30B200EF07CF994F8C8
:10683000463084F8450023F00F03C0F303201843CB
:1068400084F8460084F88B5030680330FDF7F0FB85
:106850006588B07415F001054ED00023CDE90033F2
:10686000276A02238DF80630FF2386F8203007F1CF
:106870000A086846F2F708FE002899D1009CA74252
:10688000F7D07A7A607A434604F10A010CF0FBF8FB
:106890000028EED0A37886F82030D4F80330C6F86C
:1068A00021301C4BB4F807209A8081E701259EE730
:1068B00045469CE70EF0B8FED4E91823904271EBF0
:1068C0000303A2D3012205EA02012046FFF7EAF8FA
:1068D00068B1FDF761FB05460EF0A6FE0E4BA5FB69
:1068E00003351B1845EB0105C4E918358FE7002D6A
:1068F0008DD040F61F211BE7012559E75C280020B9
:1069000089630300C15D0300795C0300D6BE898EF4
:10691000555555007D28002040420F00024BD8629B
:106920001B6B1B68184700BF5C28002043881A07B0
:1069300010B5044612D5036A11493C2280F895200F
:106940001B88A0F89630FF2380F8B3304FF6FF7312
:10695000A0F8B43002228C300CF097FE6388DB077D
:1069600043BF236A3C2219883C2258BF4FF6FF716F
:106970002046FFF705F9012384F8893010BD00BFD8
:1069800087470400FD5F0300FD6103000F49040019
:1069900009490400394B04005562030045620300B5
:1069A00090690300886903008469030001380228A4
:1069B00008B503D9CA212F20F2F748F813290A4B4A
:1069C00005D811290CD8102907D0D821F3E71529AB
:1069D000FBD103EB4003D88801E033F8100008BD79
:1069E00003EB40039889FAE782FE060008B5431ED0
:1069F000DBB2012B05D91D291ED0EE212F20F2F785
:106A000025F810390D291BD8DFE801F0071A1111FC
:106A10001A0C1A1A1A1A1A1A1A160B4A02EB4303FC
:106A2000588A08BD084A02EB4303D88AF9E7064AA8
:106A300002EB4303588BF4E740F25A335843F0E734
:106A40004FF48171DAE700BF82FE060008B5084BFB
:106A5000586890F8CC304BB990F8C7200123062134
:106A6000A8300CF0A8F800F0010008BD0120FAE7FA
:106A700090280020F8B52D4B1A89402842EA0002E0
:106A80001A8105D158680421BDE8F840F4F732BFF7
:106A900000F00302032A04D140F60E213120F1F761
:106AA000D5FF10F0020418BFD960C50705D5CA7814
:106AB0001961062A0DD00B2A18D02CB1DA68D278C9
:106AC000052A1FD00B2A2AD0820644BF08221A7535
:106AD000F8BD5A6892F8C7101929EED10026002790
:106AE0000121C2E94A6782F8CB10E6E75A6892F8BA
:106AF000C710132901BF002182F8CB10012182F8B1
:106B00000A11DAE75A6892F8C7101729DCD1002475
:106B10000025C2E94C45012182F8CC10D4E75A681F
:106B200092F8C7101229CFD10021F5E79028002054
:106B300013B5044601A8FCF751FF20B940F2ED71EE
:106B40003120F1F783FF32220021019808F072FE14
:106B5000019803210CF050FC0198037823F01003F6
:106B600003702146FDF7F4FC019906482246FEF722
:106B7000F3F8FCF749FF10B940F2F771E0E702B013
:106B800010BD00BF9028002070B5274C636893F8B3
:106B9000CE6393F8CF53002E3FD193F87C10002D95
:106BA0003DD193F87D2083F87C1083F87D20FF226F
:106BB00083F87E201D4B1B680BB1606898476368A3
:106BC00093F86C31012B02D056EA050303D0164826
:106BD0000021FCF789FD606844300CF0E6FD0546B5
:106BE000606800F2D111FDF7C9FE60680521F4F775
:106BF00081FE606844300CF0D8FD8542044610D216
:106C000005F01EF80146601B322838BF322007F01D
:106C1000C3FEB0FA80F0400970BD3146BFE72A4696
:106C2000C1E70120F8E700BF90280020600600209F
:106C3000002908BF1F21302810B5134619D80D2888
:106C40002ED9A0F10E02222A2AD8DFE802F0142958
:106C50002929142914291A1429292929293F2929DC
:106C60004529293838385029292929292929142939
:106C70005800362814D1BDE810401A4600210EF005
:106C800022B8234C606890F8C630222B0AD12046E7
:106C9000FCF72AFD6368002283F8C62083F80421EC
:106CA000002010BD2F2BFBD190F8C72001230B2112
:106CB000A8300BF080FF0028ECD12A21E7E7154B24
:106CC0001B68002BECD0BDE810401847124B1B6826
:106CD000002BE5D01D20F6E7104B1B68002BDFD002
:106CE0000B4840680A462021BDE8104018470C4B6D
:106CF0001B68002BD4D0BDE8104005481847094A4E
:106D00001468002CCCD00A46184630212346EBE705
:106D1000902800205C0600206C0600204806002019
:106D20007806002054060020184B09795B6802465B
:106D300093F8C600222819D02F2817D0292817D059
:106D4000042817D0102817D01E2817D093F8C73062
:106D5000242B15D0302815D0352815D0362803D04F
:106D6000372814BFFE203020FFF762BF1620FBE754
:106D70002320F9E70E20F7E71220F5E71420F3E7C8
:106D80001720F1E72620EFE72E20EDE790280020DE
:106D900008B50C4B5B6893F85621FE2A04D040F2EC
:106DA000FC713120F1F752FE83F8560111B9A3F8B6
:106DB000061108BD0022A3F80021012283F8042156
:106DC000F7E700BF90280020104B1A7DCAB970B9B0
:106DD0005B68D96941F64B52914215D9B3F86C10F2
:106DE000B3F8502091420FD81846F4F7E9BC1A893D
:106DF000120708D55B6893F8C800083818BF01204F
:106E00007047002070470120704700BF9028002085
:106E10004368D3F8B83013F0300F2DE9F743044638
:106E20000D4656D108460CF0A0FB30B92946204645
:106E300003B0BDE8F0430CF018BE284666680CF0BD
:106E400090FB074628460CF088FB804628460CF04D
:106E50008AFB814628460CF082FB443600904B4664
:106E60004246394630460CF0D5FC1B4B1A89920736
:106E700011D5DA68D278142A0DD16268D2F8B83008
:106E800043F01003C2F8B83020460CF0A6FD0020F5
:106E900003B0BDE8F083626892F8C6101E29ECD0FA
:106EA00092F86321002AE8D1626892F86221002AF0
:106EB000E3D16168D1F8B82042F02002C1F8B820CF
:106EC0005A68114602F5F27231F8440BFDF7C6FD1F
:106ED000DAE70120DCE700BF90280020F7B5944CEA
:106EE0000546002840F0DC8023891F0745D56368EC
:106EF00093F85621222A13D02A2A01D01C2A05D120
:106F0000002283F874218A480CF05EFD636893F8D0
:106F10005621FE2A11D14FF4A8613120F1F796FDD8
:106F200083F8AA01834B1B68002BECD0606800F546
:106F3000D57100F5AE709847E5E7FE2283F856213B
:106F400093F8C7201B2A08D1002683F809617848E6
:106F50000CF04DFD636883F8C760606890F8C63038
:106F6000212B2ED0342B3BD0636893F8C820082AFD
:106F700002BF0222627583F856212389DE0763D59A
:106F80006068276990F8C720FE7801230521A830A2
:106F90000BF011FE60B1B31EDBB2092B00F2C4800E
:106FA000012202FA03F340F23332134200F0BC80B4
:106FB0003846FDF7BDFAE0B939465D480CF055FD9D
:106FC00096E090F8C72001230B21A8300BF0F3FDC9
:106FD000636818B12F2283F8C620C5E72222FAE79A
:106FE000012380F8C533002380F8C63080F80431CF
:106FF000BAE7FE78012E01D9162E0FD1636893F8F7
:10700000C6000CF009FD48B1636893F8C620212A38
:1070100004D0222A40D12F2283F8C620112E6BD013
:107020005CD8072E6AD00D2E6AD03046FEF78AF85B
:107030000346002859D1FF2EBED1A369002BBBD037
:107040006368012283F8C6232389580706D562683E
:1070500092F8C820072A04BF0122627599070FD54C
:10706000E368DE780D2E4DD0112E4DD0072E4DD079
:107070003046FEF77BF80346002849D02C48984755
:107080002389DA060CD5636893F8C7200B2A07D149
:107090000C2283F8C72003E0162E0CBF2025022502
:1070A000237D1B0717D56068012390F8C7200521B1
:1070B000A8300BF080FD0646002837D1019001A9C9
:1070C0000320F3F735F9019B2BB11E720C22616886
:1070D00001980CF0DAFA284603B0F0BD142EA4D1C2
:1070E000154B1B68002B3FF467AF21691048984788
:1070F0000028A9D00546D3E7104BF6E7104BF4E77C
:10710000104BF2E7104BB9E7104BB7E7104BB5E760
:10711000FF2E06D16268342182F8C61082F8C403BB
:10712000AEE740F23451F8E60825B9E70825D2E782
:10713000902800204C06002068060020DF4D040047
:10714000B5710300296D0300914D0400AF4D04009B
:107150005571030010B5164BDB681979436893F835
:10716000C6200A2A09D193F851218A4205D100226A
:1071700083F8C62083F8042110BDD3F8B82012F09C
:10718000080407D022F00802BDE81040C3F8B82078
:107190000CF02DBCFF2905D1342283F8C62083F8DA
:1071A000C443E9E740F2CE413120F1F74FFC00BF84
:1071B0009028002038B50B794568262B95F8C62015
:1071C00004463BD8112B08D80E2B3ED12246184638
:1071D0000121BDE838400DF076BDA3F1120014285E
:1071E00033D801A555F820F0CD7103004B72030090
:1071F000CD7103004B72030063720300CD71030075
:107200004B7203004B7203004B7203004B7203007E
:107210004B720300B17203004B7203004B72030008
:107220004B7203004B7203004B7203009F7203000A
:107230004B7203004B720300B9720300362BC5D0AA
:1072400005D82E2BC2D0302B3DD0002038BDFF2BCF
:10725000FBD1214B9B69002BF7D0012385F8C63366
:10726000F3E7222A01D02F2AEFD120460CF0ACFB05
:10727000636893F8C720232AE7D093F81B2122F0F4
:10728000010283F81B21626892F81B3123F0080386
:1072900082F81B311A212046FCF726FAD5E7292A65
:1072A000D3D10E4B1B68002BCFD020469847CCE79C
:1072B000332ACAD10A4BF5E70A4B1B68002BC4D00E
:1072C00020469847C1E7372ABFD1074A1268002AEB
:1072D000BBD019469047B8E79028002064060020EC
:1072E000700600207406002058060020024B002083
:1072F000C3E90600704700BF90280020024B00221F
:10730000C3E90622FDF76CBC90280020024B986967
:10731000003818BF01207047902800202DE9F04365
:10732000964C22896368D20556BFB3F8FA20002232
:10733000013287B046BFA3F8FA2083F80C23A3F8E4
:10734000FA2007460E46FFF781FB60B1238960688B
:107350001B0540F1C78090F8CC30002B00F0C280B4
:107360000023C0F8EC30238903F4407343B1606814
:1073700090F8CA30002B00F0D380032B00F0D680A9
:107380006168238991F8CA20012A04D15D0544BFB0
:10739000022281F8CA20002F40F00A8458065DBFFF
:1073A000B1F82423013292B23A46A1F8242303F023
:1073B0000A020A2A0DD1E268D278022A09D123F002
:1073C000080330462381FFF789FD08230643F6B200
:1073D00023813046FFF782FDA3690643F6B2002BF6
:1073E0005FD01422002101A808F024FA636893F802
:1073F0007D0004F04BF86368054693F87D0004F0C7
:107400003DF862681388ADF80430B2F8C030ADF8CA
:107410000830D3694FF47A7105F5FA75B5FBF1F5CB
:107420000544ADF80A5041F27070A3F57A758542B3
:1074300099BFB3FBF1F303F5506340F2E241B3FBB4
:10744000F1F39BB2ADF8063092F8C63333B1206940
:10745000C31C04930BF0CEFF8DF8140062689DF8F6
:107460000C3092F8C52362F300038DF80C3001A8AC
:10747000A369984763680499002283F8C62383F8B8
:10748000C52371B193F8C4235AB993F8C620342A9E
:1074900007D09DF8142022B10878FF284BD11B2A71
:1074A00050D9606890F85631FE2B79D1002E77D1F3
:1074B000012390F8C8201946A8300BF07CFB002867
:1074C0006ED1636893F86031002B43D0636893F802
:1074D0006121A3F8FE6083F8582101210220FFF703
:1074E00057FC5DE0D0F8EC30D0F8F0200133934247
:1074F000C0F8EC3004D8618CD51A05318D4202D821
:10750000012180F8F8109342FFF42DAF0023C0F85A
:10751000EC301B49022200F5E4700CF0C8F822E7B9
:10752000012180F8CA10F4F7E5F929E7022380F871
:10753000CA300121F7E70728B3D1022AB1D1487830
:10754000FF28AED1012083F8C403C3F8C81383F821
:10755000C723A6E76068012390F8C7200421A8305C
:107560000BF029FB0546002840F023816268D2F821
:10757000B830D90706D531460920B0E79028002059
:1075800043410400980740F1A88031460C20FFF7E2
:10759000FFFB626892F80B3143F0010382F80B3174
:1075A0006568B5F8003395F804830133A5F8003316
:1075B000B8F1000F00F0D482F2F7ACFE10B1002356
:1075C000A5F800336068012390F8C7200021A83097
:1075D0000BF0F1FA28B9636893F8C7300C2B40F030
:1075E000D7826068012390F8C6200021A8300BF0F4
:1075F000E2FA002800F0CC826068012390F8C820ED
:107600000021A8300BF0D7FA002800F0C18263688F
:1076100093F8CA20022A40F0BB8293F80C23002A78
:1076200040F0B682586909F044F9002800F0B082B1
:10763000606890F85631FE2B40F0AA82B0F8FA321A
:10764000012B40F2A582B0F8FC20B0F8FA10951E8C
:10765000A942B8BF02F1FF324FF0010380F80233B4
:10766000B0F80053B8BF531A618CB8BF9BB28D42BB
:107670003BBF4A1C521B012292B2934228BF1346C1
:10768000012B04BF002280F8022390F88B207AB9E6
:107690006168D1F884205AB1B1F8F620B1F8C01071
:1076A000521A91B212B2002A02DD9342A8BF0B46D1
:1076B0006068B0F8C02090F8CA1013449BB201294A
:1076C000A0F8FC3240F272820239012940F266824F
:1076D00040F661013120F1F7B9F9590702D5314679
:1076E0001320FCE6180706D592F8503182F858317D
:1076F00031460720F3E6190602D500211B20EEE6ED
:1077000013F030013FD092F86331002B40F04D83ED
:10771000636893F86231F3B1606890F8C730262B44
:1077200000F5B17100F2CE322BD090F8C630A3F143
:10773000260CDCF1000343EB0C030CF03FF862680D
:10774000D2F8B83023F0200343F01003C2F8B83069
:10775000002382F862316068D0F8B830DB0640F16F
:10776000248300F2D111FDF709F96368B3F86620AC
:10777000A3F85821B3F86A20A3F85A210021152054
:10778000ADE60123D9E713F0400201D02420A6E69C
:1077900013F4807102D011461E20A0E613F400728B
:1077A00001D02F209BE6590540F1FF821146312080
:1077B00095E6636893F8C720123A0B2A48D8DFE8A9
:1077C00002F006474747090C474747474732002121
:1077D0000B2084E60021042081E693F8C0030128F1
:1077E00008D100210520FFF7D3FA6368002283F84F
:1077F000C023D5E602287FF4D3AE93F80A510622BF
:107800001DB183F858210021EDE7A64803210CF0B3
:10781000FDF8636893F81A3113F0040F294614BF7A
:1078200011200D20DFE70021062058E6002111205D
:1078300055E692F86C31022B02D1002117204EE65A
:1078400092F86C31012B03D192F86D31002BF4D0FA
:107850006068012390F8C6200021A8300BF0ABF936
:1078600090B16068012390F8C7200421A8300BF084
:10787000A2F948B9636893F8F8302BB101211220BE
:107880002DE600212D202AE6606890F8C6200A2AFD
:1078900005D190F8513180F85831012129E7002DA8
:1078A0007FF47EAE01232946A8300BF084F900282E
:1078B00000F0AE80636893F873213AB101210E2085
:1078C000FFF766FA636883F8735169E693F87221EB
:1078D0008AB193F80B2192070DD101210C20FFF7FB
:1078E00057FA636893F80B2183F8725142F0010252
:1078F00083F80B2154E693F8623153B3636893F82D
:10790000633133BB606890F8C730262B00F5B17146
:1079100000F2CE321BD090F8C630A3F1260CDCF179
:10792000000343EB0C030BF049FF6368002283F86C
:10793000622101211420FFF72BFA6368B3F8662057
:10794000A3F85821B3F86A20A3F85A2128E60123A6
:10795000E9E7626892F86C110129CBB27AD192F80A
:107960006D21002A76D160680B2190F8C720A830DD
:107970000BF021F900286DD1656895F87C804046B0
:1079800009F08AFC814695F87D0009F085FCB9F183
:10799000020F95F86E311FD0B9F1030F1ED0B9F167
:1079A000010F04D1012B14BF00230123C3B995F8A3
:1079B000C7200123032105F1A8000BF0FCF838BB18
:1079C0006068012390F8C7200221A8300BF0F3F87B
:1079D000F0B90121162082E5022BE4E7042BE2E74F
:1079E000022895F86F3127D003282CD00128DED14A
:1079F000012BDCD14146B5F8C030B5F8700105F572
:107A000073720AF0B9FE0146F8B92648FBF76CFE1E
:107A10006068012390F8C6200021A8300BF0CBF855
:107A200000283FF4BDAD636893F8C433002B3FF4E6
:107A3000B7AD0121FF2052E5022B14BF0023012323
:107A4000002BB4D0D6E7042BF7E76368282283F82D
:107A5000C620A5E5636893F8A9317BB1636893F804
:107A60006D315BB96068012390F8C7200B21A83005
:107A70000BF0A1F810B90121232030E5636893F8D9
:107A8000A63143B101212520FFF782F96368002266
:107A900083F8A62184E5636893F8AA3123B1012114
:107AA00022201CE590280020636893F874315BB3B2
:107AB000636893F878010DF0DCF9616878B19F4B49
:107AC00091F878211B689E4801F279119847636804
:107AD00080B102289CD1002283F8742198E7994B49
:107AE00097481D6891F8783101F29B1201F27911E3
:107AF000A847ECE793F878010DF0BBF9012108B134
:107B00001C20ECE42A20EAE4636893F8B23113B154
:107B100001211D20E3E4636893F8B33113B101211F
:107B20002E20DCE4636893F8B43113B101213620D0
:107B3000D5E4636893F8B53113B101213020CEE468
:107B4000636893F8B63113B101213220C7E463684A
:107B500093F8B831002B3FF45BAF01212620BEE43F
:107B6000F2F7D2FB08B1A5F80083F2F7DBFB00289F
:107B70003FF428AD95F80C330133DBB2022B85F8C6
:107B80000C3382BF0023A5F8003385F80C3319E5C8
:107B90006368002283F80223012389E590F8C85026
:107BA000B0F8FA10082D65D102295CD8A0F8F83297
:107BB0002289636855065BBFB3F80E23B3F8FE1243
:107BC00000225218A3F80E2393F86031002B00F026
:107BD00089806368B3F8FE20B3F8FE120A44A3F864
:107BE000FE20636893F8040130B1B3F80021B3F8C4
:107BF000FE120A44A3F8002193F908110029C1BF1D
:107C0000B3F80621B3F8FE525219A3F8062193F8EF
:107C1000E92052B9002F40F0C280627D022A6DD166
:107C200093F85821062A18BF1622636893F8E830A3
:107C300033B96068444980F8E920E0300BF031FD49
:107C400060680DF002F9414B1B681BB1404A606847
:107C5000116898476368002283F8032307B0BDE8E2
:107C6000F043FBF7F7BEB0F8FC301A440132A0F83D
:107C7000F8229DE7B0F8FC504B1CAB420FDA6D1AAE
:107C8000ADB2022D0BD0033DADB290F8F83043B940
:107C9000FEF7DCFEB0B96DB1013DADB20BE00025E1
:107CA000F3E790F8C62001230921A8300AF083FFEA
:107CB0000028EDD100256368B3F8FC221544A3F831
:107CC000F85275E76268D2E93B23911C8B4207D3D7
:107CD0009B1A022B04D0033B9D4288BF9DB2DAE77A
:107CE0000023F9E76068012390F8C8201946A830FE
:107CF0000AF061FF00287FF46CAF72E7012A08D117
:107D000093F8C920002A90D160680021F3F7F2FDB2
:107D100099E756B1F00640D4310740D4B20640D4BA
:107D2000B30740D140F68D11D4E498B1B3F8000107
:107D3000B3F8022190420DD3222276E77C06002080
:107D40009028002084060020815103004406002072
:107D500028000020002905DDB3F80611B3F8022140
:107D60009142E9D2B3F8FE10B3F8FC2091420BD255
:107D7000636893F8CA10B3F8FA2051B1B3F8FC3035
:107D80009342C1D8082250E793F86031002BD3D139
:107D9000EEE7052AB8D93E2247E71E2245E73D22F5
:107DA00043E7232241E72A223FE7626892F8C7307F
:107DB000322B3FF43BAD09D8232B3FF43AAD2B2BAC
:107DC0007FF446AD00212020FFF789BB3A2B3FF41A
:107DD00058AD3C2B7FF43CAD00213320FFF77FBB37
:107DE000F7B5764C012727700023606080F8037395
:107DF0000088238123756375FBF7EAFD63681888A3
:107E0000FBF712FE6368B3F8FA22264612B393F822
:107E10005621FE2A1ED193F86031DBB160683B46E3
:107E200090F8C8203946A8300AF0C5FE054688B942
:107E3000636893F86121A3F8FE0083F858210220BB
:107E40003946FEF7A5FF6368022083F80253FEF768
:107E50006FFE04E0636893F85601FE28F7D163686B
:107E600093F80523002A4FD0002362686384B2F898
:107E7000FE32B2F80013013B11FA83F1A2F80013AD
:107E8000B2F8FA109FB211FA83F3A2F8FA30FEF7B3
:107E9000DDFD28B16268D2F8EC303B44C2F8EC302A
:107EA0006068B0F8FA32012B9CBF0133A0F8FA32B7
:107EB00000250FB180F80C5390F8C73080F80253BA
:107EC000A3F10B02012A2BD8B0F8C030B0F8CC23B4
:107ED0009B1A19043ED400F2CE31CE300AF08AFF4C
:107EE000636883F8C750FF2283F822216168B1F8E4
:107EF000FE2201F1A8000AF0C3FF002840D040F69E
:107F000015113120F0F7A2FD93F82E322BB96268DB
:107F1000B2F84230928C9A42A7D363689B8CA4E754
:107F2000262B17D1B0F8CC23B0F8C0309B1A1A0416
:107F300010D480F8C750FEF727FE6368014630B9B9
:107F400083F86C0103B0BDE8F040FFF7E7B983F8B0
:107F50006C51CBE790F8C630262B01D0282BC5D129
:107F6000B0F8C030B0F8CC239B1A1B04BED4002359
:107F700080F8C630FEF708FE01460028B6D1E1E7DA
:107F80000F4B009396E803000E4B0F4AF1F790FF5A
:107F9000E16919B194F8200002F024FE6068012321
:107FA00090F8C7200521A8300AF005FE20B103B0E3
:107FB000BDE8F040F1F774BF03B0F0BD9028002099
:107FC0001D730300C96D0300756A030038B50446CC
:107FD000084694F8C03313B10C25284638BD94F8F0
:107FE000C730172BF8D194F8E43303F0FF05002BCA
:107FF000F2D199B10A4B5968D1F82033C4F84C3109
:1080000001F59C72052301F5447107F0D9F80123AD
:1080100084F8C03320460CF025FFDEE70223F7E7A3
:1080200090280020D0F8D433C269934210B504469A
:1080300004D1D0F8D813426A914220D02288A4F803
:108040003022A3F57A7141F2707291429DBF4FF4D4
:108050007A72B3FBF2F303F5506340F2E24288BF59
:10806000B3FBF2F39BB2A4F83232D4F8D833094907
:10807000C4F83432022204F226200BF018FB02214D
:108080002046FCF727F9002384F8C730032384F83F
:10809000CA3010BD6B3B040008B5FCF719FE024B5B
:1080A000024A1A6008BD00BF68060020116E030076
:1080B000154B5B6893F8040128B1B3F80011B3F8CD
:1080C000022191421ED293F908212AB1B3F8061178
:1080D000B3F80221914214D2B3F8FC20B3F8FE1099
:1080E00091420ED2B3F8FA0093F8CA3023B90528AA
:1080F00094BF00200120704782428CBF00200120E5
:1081000070470120704700BFB4280020184B5B68FF
:108110001B2883F8560116D8164AC240D10725D429
:10812000112806D193F8582152B10022A3F800215A
:10813000704707281AD0092818D0152803D1002223
:10814000A3F806217047A0F11E02D2B2192A08D95D
:1081500002280BD90022A3F80021012283F8042170
:1081600004E0054921FA02F2D207F3D5704700BFB7
:10817000B42800200010080941004A0270B5204DC3
:108180006B6893F8321309B993F87C1093F8332392
:108190000AB993F87D2083F87C1083F87D20FF22B4
:1081A00083F87E20174B1B680BB168689847002145
:1081B0001348FBF799FA686844300BF0F6FA064664
:1081C000686800F2D111FCF7D9FB68680421F9F75F
:1081D00041FC686844300BF0E8FA864204460CD251
:1081E00003F02EFD0146A01B322838BF322006F0D6
:1081F000D3FBB0FA80F0400970BD0120FCE700BF5E
:10820000B4280020AC060020104B0246187AC8B9EA
:10821000012A0DD15B68D96941F64B52914214D9BC
:10822000B3F86C20B3F850309A420ED8F9F704BC7A
:108230005A89520708D55B6893F8C800073818BFF9
:10824000012070470020704701207047B4280020AB
:10825000C278012A07D10D4A5268B2F82E23427221
:10826000120A827270473AB9084A5268B2F8362345
:108270004273120A82737047182A05D1034B5B6858
:10828000B3F830130BF0B1B9704700BFB428002029
:1082900038B590F8C6300E3B012B044639D8B0F8FB
:1082A000C030B0F8362301339BB29A4231D10388F3
:1082B000A0F83032D0F8403341F27072A3F57A71F1
:1082C00091429DBF4FF47A72B3FBF2F303F5506312
:1082D00040F2E24288BFB3FBF2F39BB2A0F8323225
:1082E0000025D0F84433C0F8343280F82F520949C1
:1082F000022200F226200BF0DAF984F8345302212E
:108300002046FCF74DF803212046F9F7A3FB84F83B
:10831000C65038BD6B3B0400384A034608465189B5
:10832000194370B5518103F00301032904D140F6CC
:108330003A113620F0F78AFB13F0020118BFD06023
:10834000DC0748BF106121B1C178062922D00B2972
:108350002DD0990644BF082111721B064DD55268D5
:10836000C478D569B2F8C030968C41F64B518D4235
:1083700094BF4AF6C8710621334498BFB1FBF5F1AA
:10838000012C0B449BB219D1A2F82E33BDE87040EA
:10839000FFF75EBF516891F8C6401A2CD9D100246E
:1083A0000025C1E94C45012481F8CC40D1E7516852
:1083B00091F8C640142CCCD10024F5E714B9A2F8EA
:1083C0003633E3E7182CE1D1B2F8321399B192F8C1
:1083D000324314F00C0F0BD092F87C1011F00C0FFC
:1083E00006D08C4204D092F83313002908BF002332
:1083F000A2F83033CAE70B46FAE770BDB428002074
:1084000038B55368162814460D4693F8C6204BD04D
:10841000324B08D8122816D0142821D040F20D4132
:108420003620F0F713FB2E282ED03628F6D15868C8
:108430000F210023A8300AF0BEFB18B363680022A6
:1084400083F8B4212CE0586809210023A8300AF0F1
:10845000B2FBB8B120460021BDE838400BF078BE31
:1084600058680A210023A8300AF0A5FB50B1204625
:108470000BF0AAFA35B1626892F81A3123F02003A2
:1084800082F81A31002038BD58680E210023A83028
:108490000AF091FB0028F5D06368002283F8B3212D
:1084A00020460BF091FAEDE7212AEBD120460BF0A4
:1084B0008BFA6DB1626892F81B3123F0010382F8E8
:1084C0001B31626892F81B3123F0080382F81B31DC
:1084D0001A212046FBF708F9D4E700BFB428002092
:1084E000002908BF1F21252870B5134634D811284C
:1084F00003D8032860D0002456E0A0F11202132A0A
:10850000F9D801A454F822F0AD850300F7840300E4
:10851000AD850300F7840300AD850300F7840300F5
:10852000F7840300F7840300F7840300F784030053
:10853000F784030025860300F784030031860300D7
:10854000F7840300F7840300F78403001586030013
:108550001586030015860300392821D82D28CAD98D
:10856000A0F12E020B2AC6D801A454F822F000BFB5
:10857000AD850300F784030049860300F7840300F8
:10858000F7840300F7840300F7840300F7840300F3
:10859000AD850300F7840300F784030049860300D8
:1085A000FE2814BF00240224204670BDBDE87040A0
:1085B0001A460021FFF724BF284D6B6893F8C620A8
:1085C000182A01D0152A47D193F80A21002A43D14D
:1085D00083F8092183F8042193F8D83203F0FF04CB
:1085E00023B140F272313620F0F730FA6868038820
:1085F000A0F8DA3280F8D91280F8DC4280F87643AD
:108600001749022200F534700BF03FF86B6883F8CD
:10861000C640C9E7134B1C68002CC5D02346BDE8F3
:1086200070401847104B1C68002CBDD01D20F5E78A
:108630000E4B1C68002CB7D0084B58680A461F2107
:108640002346BDE870401847094A1468002CABD097
:108650000A4601461846F3E70224A5E7B42800209D
:108660008F3D0400A8060020A006002090060020F0
:1086700098060020134B09795B68024693F8C60000
:10868000A0F111030C2B11D9292811D01E2811D0CB
:10869000052811D0212811D0352811D0362803D033
:1086A000372814BFFE203020FFF71ABF0320FBE756
:1086B0002320F9E71420F7E71220F5E71620F3E767
:1086C0002E20F1E7B428002010B50C794268232C45
:1086D00092F8C63030D8112C01D8002010BDA4F17A
:1086E00012011129F9D80FF2080C5CF821F000BF33
:1086F0007D870300DB8603007D870300DB860300A4
:108700007D870300DB860300DB860300DB86030036
:10871000DB860300DB860300DB8603009B87030008
:10872000DB860300A3870300DB860300DB860300F0
:10873000DB8603008B870300A4F12E02D1B20B2944
:10874000CBD80B2AC9D801A151F822F07D870300AC
:10875000DB860300B3870300DB860300DB860300B0
:10876000DB860300DB860300DB8603007D870300D6
:10877000DB860300DB860300C58703000246012178
:108780002046BDE81040FFF73BBE292BA5D1114B79
:108790001B68002BA1D098479FE7332B9DD10E4B30
:1087A000F6E72D2B99D10D4B1B68002B95D0104669
:1087B000F1E7372B91D10A4B1B68002B8DD030216C
:1087C00098478AE7382B88D1054B1B68002B84D04B
:1087D0003921F5E7B0060020A40600209406002009
:1087E0009C0600202DE9F3479D4C6389074660688D
:1087F000DB0556BFB0F8FA3000230133A0F8FA3099
:108800000E460CF063FB48B1638960681D0525D5F1
:1088100090F8CC3013B30023C0F8EC30638903F434
:10882000407343B1606890F8CA3023B9012180F8E1
:10883000CA10F9F70FF9002F40F0C581002E40F063
:10884000C281628951072ED5636893F8C610032947
:1088500021D140F2D1413620F0F7F8F8D0F8EC30D1
:10886000D0F8F02001339342C0F8EC3004D8818C6A
:10887000D51A05318D4202D8012180F8F8109342B3
:10888000CCD30023C0F8EC307649022200F5E47026
:108890000AF00DFFC2E793F8C810072902BF0121B3
:1088A000217583F8C86092070FD5E368D878072848
:1088B00008D0112821D0FCF74FFC034618B940F22C
:1088C0002551C8E7684B6648984763891B0740F104
:1088D0009F80606890F856312A2B06D81B2B0ED843
:1088E000012B3BD0032B4DD073B3636893F8562113
:1088F000FE2A76D140F23151ADE75C4BE3E71C3BF9
:108900000E2BF2D801A252F823F000BF9D8903007C
:10891000EB880300EB880300EB880300EB8803007F
:10892000AB890300B7890300EB880300EB880300E1
:10893000EB880300EB880300D7890300EB88030072
:10894000EB8803009D890300B0F8C020B0F836130F
:10895000521A1504C9D480F83433C6E7B0F8C030D1
:10896000B0F82E239B1A1904BFD4D0F8282313780B
:1089700013B94FF411716EE7013B1370002380F8B7
:10898000C630B2E790F8C630152BAED003F0FD0329
:10899000182BAAD0002380F87633A6E7002380F8AE
:1089A0007431626882F804319FE7314B1B68002BF9
:1089B0009BD0984799E7002380F8AA312D4B1B687C
:1089C0002BB1606800F5D57100F5AE70984724486A
:1089D0000AF0FAFF89E7284B1B68002B85D0204856
:1089E000E7E7FE2283F8562193F8C6200E2A2AD004
:1089F000262A2AD00C2A02D10D2283F8C62093F809
:108A0000C820082A01BF02222275002283F8C8204C
:108A10006389DA0742D56068256990F8C620EE7848
:108A200000230521A8300AF0C6F880B1B31E0F2B31
:108A30006FD8DFE803F00C6E0C0C0C6E6E6E6E0CD3
:108A40006E0C6E6E6E0C0F22D7E72722D5E72846F4
:108A5000FBF76EFD90B9294601480BF01AF81CE0AF
:108A6000B428002043410400934E0400AF4E04009C
:108A70008C06002050060020B4060020E8780D285F
:108A800041D0112841D0072841D0FCF751FB0346C3
:108A90000028E0D09B48294698470646237A1B07C2
:108AA00016D56068002390F8C6200521A8300AF08A
:108AB00082F8054678BB009069460320F1F738FC40
:108AC000009B2BB11D720C22616800980AF0DDFD3D
:108AD0006068FFF7DDFB606890F85631FE2B72D1BD
:108AE00090F8C82000230121A8300AF064F800287B
:108AF00069D1636893F8602102F0FF036AB1022034
:108B0000FFF704FB5FE0804BC4E7804BC2E7804B7C
:108B1000C0E70826C2E70826DAE76068194690F839
:108B2000C620A8300AF047F828B1636893F8F830F7
:108B30000BB11220E4E7606890F8C620252A74D0B3
:108B400025D8142A30D01ED8032A35D0132A2DD088
:108B500000230421A8300AF02EF8A0BB636893F824
:108B6000C720062A00F28880002A00F08980013A96
:108B7000052A00F28580DFE812F0AC00BB00A300FC
:108B80002D0183002F011A2AE2D10620B8E7322AEC
:108B900054D005D82E2A4FD0312AD9D12720AFE77B
:108BA0003D2AD5D13420ABE70B20A9E7D0F84833D4
:108BB000C0F848310320A3E790F8513180F85831CC
:108BC000072380F85631656895F8602102F0FF03AD
:108BD000002A00F0F882B5F8FE300133A5F8FE3027
:108BE00095F8041121B1B5F800310133A5F8003131
:108BF00095F9082122B1B5F806310133A5F80631FF
:108C0000002F40F04B83237D022B00F04383012B88
:108C100040F0E482636893F8C930002B40F0F3829F
:108C200060680021F8F716FF40E3182380F85631FA
:108C30000023A0F80031C6E7212061E7012380F876
:108C400058311120FFF762FA6368002283F8C620CA
:108C5000B9E71D2A14D8DFE802F05D5D13139713FE
:108C600013131313C113131313131313CEB3C61318
:108C7000C813CA13131313CC1F3AD1B21D29E8D954
:108C8000606890F85631FE2B9DD1002390F8C620E5
:108C90001946A83009F08FFF002800F0E5806368CE
:108CA00093F83433002B00F0AA80636893F8C70070
:108CB0000AF0B2FE002840F0A280FFF727FAD3E0C6
:108CC00093F8502183F85821072283F85621002277
:108CD00014E00C2283F8562193F80B21002142F076
:108CE0000102A3F8061183F80B2183F8C710C7E728
:108CF000132283F856210022A3F8062183F8C72007
:108D0000BEE700BFB428002075860300EB4E0400C8
:108D1000C986030093F86331002BB1D1636893F8DF
:108D20006231C3B1606890F8C730262B00F5B1718D
:108D300000F2323226D090F8C630263B012B8CBF91
:108D4000002301230AF03AFD6368202283F8C7203C
:108D5000002283F86221606890F8C730202B8FD101
:108D600000F2D111FBF70AFE6368B3F86620A3F89E
:108D70005821B3F86A20A3F85A211520FFF7C6F945
:108D80006368B8E70123DDE793F86C21012A0ED16F
:108D900093F86D315BB963685A6FD3F86E11A648CA
:108DA00009F006FD6368182283F8562168E76368B6
:108DB00093F86C21022A7FF463AFD3E91D21EEE71B
:108DC000002583F858511120FFF7A0F9636883F854
:108DD000C75055E7092278E71B2276E72420FFF7E2
:108DE00095F9636873E71E20F9E72F20F7E7312034
:108DF000F5E73420F3E72720FFF788F940E76368B9
:108E000093F8762382B193F8CB203AB193F8CC3023
:108E100013B940F202611EE50A204EE7D3F8482359
:108E2000C3F84821032048E793F873210AB10820CA
:108E300043E7D3F87823002A67D012F8513C012B7E
:108E400002D040F21A6106E512F8283C13B140F254
:108E50001B6100E5606890F81D319D0601D51F205B
:108E60002BE7764B1B689847606890F85631FE2BCD
:108E70007FF4A9AE002390F8C6201946A83009F067
:108E80009AFE00283FF49FAE636893F82C33002BC2
:108E90003FF499AE636893F8C7000AF0BDFD00285F
:108EA0007FF491AE6368B3F8C0300A2B7FF68BAEC7
:108EB0006846FBF70DFB00283FF485AE6568052288
:108EC00005F1CF01684606F0D7FB002800F0788155
:108ED000D5F82833194611F8012B002A00F06981D2
:108EE0000522684606F0C8FB00287FF46CAE636874
:108EF000D3F828231378013313700120FFF706F904
:108F00006368002283F82C235DE693F8722172B126
:108F100093F80B2112F00301A6D10C2042F00102BC
:108F200083F8560183F80B2183F872119CE793F8BC
:108F3000623133B3636893F8633113BB606890F8B0
:108F4000C730262B00F5B17100F2323217D090F8FD
:108F5000C630263B012B8CBF002301230AF02EFCD8
:108F60006368002283F862216368B3F86620A3F87F
:108F70005821B3F86A20A3F85A2114209DE6012352
:108F8000ECE76368DFF8B08093F86C21012A57D1D1
:108F900093F86D31002B53D1636893F8C7000AF042
:108FA0003BFD00284CD1656895F87C90484608F058
:108FB00095F9824695F87D0008F090F9BAF1020F14
:108FC00095F86E310CD0BAF1030F0BD0BAF1010F46
:108FD00004D1012B14BF002301232BB916206CE60A
:108FE000022BF7E7042BF5E7022895F86F3114D030
:108FF000032819D00128F1D1012BEFD14946B5F84A
:10900000C030B5F8700105F54C7209F0B5FB0146AA
:1090100060B90948FAF768FB26E7022B14BF002362
:109020000123002BEAD1D9E7042BF7E7D8F8043065
:10903000282283F8C62017E7B428002094060020D1
:10904000636893F874315BB3636893F878010BF04D
:1090500010FF616880B1984B91F878211B689748A0
:1090600001F279119847636888B102287FF4FCAE59
:10907000002283F87421F7E6914B90481D6891F81F
:10908000783101F29B1201F27911A847EBE793F8CE
:1090900078010BF0EEFE08B11C200EE62A200CE64B
:1090A000636893F8A9317BB1636893F86D2102F08E
:1090B000FF034AB960680B2190F8C720A83009F077
:1090C0007AFD08B92320F8E5636893F8A6313BB12F
:1090D0002520FFF71BF86368002283F8A621CAE762
:1090E000636893F8B2310BB11D20E6E5636893F82D
:1090F000AA315BB363680921B3F8AC01F0F78AF9D0
:1091000018B9636883F8AA01B5E790F8F03103F065
:10911000FF021BB9636883F8AA21ACE790F8C83155
:10912000032B0FD8DFE803F00808020CD8F804304E
:1091300093F8B03180F8F131D8F804300022EAE732
:109140002220BAE540F2EF51FFF785BB636893F840
:10915000B3310BB12E20B0E5636893F8B4310BB195
:109160003620AAE5636893F8B5310BB13020A4E549
:10917000636893F87C330BB139209EE5636893F8FC
:10918000B6310BB1322098E5636893F8B831002B03
:109190003FF46AAE636893F83433002B7FF464AE17
:1091A000484B1B68002B3FF45FAE4448984727208C
:1091B00083E50098C3F801009DF804300B7196E632
:1091C00085F82C03A0E695F8C820012105F1A80038
:1091D00009F0F1FC00287FF4FEAC01E55EB1F00679
:1091E0005AD431075AD4B2075AD1B3065AD440F6EA
:1091F000CC11FFF730BB19B3B5F80011B5F8023147
:1092000099421DD92223304985F8E93005F1E00063
:109210000AF047FA0023A5F8C63085F8CA3060681E
:109220000221F8F717FC636893F85621012A3DD113
:10923000D3F828231378BBBB40F6FE11FFF70BBB16
:109240002AB1B5F80621B5F802319A42DAD8B5F854
:10925000FE20B5F8FC309A420FD2B5F8FE20B5F8E2
:1092600002319A42CED295F8CA20B5F8FA3052B9F6
:10927000052B7FF6D5AC3E23C5E7636893F86031D4
:10928000002BBFD1E9E7B5F8FC209A423FF6C8AC05
:109290000823B8E71623B6E71E23B4E73D23B2E759
:1092A0002A23B0E72323AEE7013B137002B0BDE8E9
:1092B000F047FAF7CFBB00BF80060020B42800209B
:1092C00088060020B806002081510300F0B55B4DF0
:1092D00000232B7085B00446686000886B812B7278
:1092E0002B75FAF775FB6B681888FAF79DFBB4F8D5
:1092F0001A236968013292B201F1A80009F0C0FD99
:109300002E4620B14FF4BA713620EFF79FFB94F848
:10931000C730A4F81A03262B13D1B4F8C030B4F820
:1093200030239B1A19040CD484F8C700FEF726FFDB
:10933000B8B900210846FFF755FA0024204605B0C9
:10934000F0BD94F8C630263B022B0AD8B4F830237F
:10935000B4F8C0309B1A1A0403D4002384F8C63032
:10936000E4E794F8C6300C3B012B20D8B4F8C030A9
:10937000B4F82E239B1A1B0419D4D4F8281304F133
:10938000CE00013109F036FD94F8C6300D2B0BD11B
:10939000D4F82823137813B94FF4CE71B4E7013B06
:1093A0001370002384F8C630FF2384F82231FEF7BF
:1093B0007FFE044608B10124C0E76B6893F856713C
:1093C000FE2F25D003A8FAF709FB10B940F2EC7183
:1093D0009AE732222146039806F02CFA03980321DB
:1093E0000AF00AF80398037823F010030370394653
:1093F000FBF7AEF8039911483A46FBF7ADFCFAF7D4
:1094000003FB10B94FF4FF617EE70398FEF720FFDE
:109410000B4B009396E803000A4B0B4AF0F748FD0C
:109420006868002390F8C6200521A83009F0C3FB26
:1094300004460028BFD0F0F733FD7FE7B4280020B2
:10944000E587030009820300198303002DE9F04139
:10945000DFF8C08004460D46002600F5E4770DB91C
:10946000BDE8F081B4F81A330133A4F81A33B4F824
:10947000FA300133A4F8FA3020460BF027FDC8B1CA
:10948000D4F8EC30D4F8F02001339342C4F8EC3037
:1094900004D8A18CD01A0531884202D8012184F861
:1094A000F810934206D3C4F8EC60022241463846D5
:1094B0000AF0FDF894F8043123B1B4F80031013317
:1094C000A4F8003194F9083123B1B4F8063101331E
:1094D000A4F8063194F8602102F0FF037AB1B4F8E1
:1094E000FE300133A4F8FE302046FEF7D1FEB4F87A
:1094F000C030013D0133A4F8C030ADB2AFE794F8FD
:10950000C820012104F1A80009F055FB0028E6D18C
:10951000EAE700BF43410400014B1874704700BFE5
:1095200018290020034B00214FF480521970A3F832
:10953000012070479429002070B506460220144689
:109540000D4600F01BFA064B01221A70054B033C36
:10955000C3F81045C3F80865C3F8045570BD00BFD3
:109560009429002000F0004008B5022000F006FA1F
:1095700009480A4B0A494FF0010C80F800C000224C
:109580004FF40000C3F80021C3F80421C3F80821F8
:10959000C1F8040508BD00BF9429002000F0004078
:1095A00000F00140114B1A786AB1114A11494FF489
:1095B0000000C2F80805D1F800213AB910210020B6
:1095C00099705A701870002000F0D8B9D1F80421B1
:1095D000002AF3D0D1F8082112B110210022EEE7C1
:1095E000D1F800140122C9B2E9E700BF9429002094
:1095F00000F0014000F0004008B5022000F0BEF984
:10960000064B0748002201210170C3F80021C3F86E
:109610000421C3F80821196008BD00BF00F0004014
:109620009429002008B5114B1A78587892B1104A45
:10963000C823D2F8001141B1D2F8040120B1D2F808
:109640000801B0FA80F0400908BD013B13F0FF03A8
:10965000EFD101E0022803D1FA213B20EFF7F6F920
:10966000A0F10100B0FA80F0400908BD9429002063
:1096700000F000400A4B1A787AB10A4BD3F8002167
:109680004AB1D3F8042132B1D3F808211AB9D3F87A
:109690000004C0B27047102070479878704700BF30
:1096A0009429002000F00040024B00221A809A709A
:1096B000704700BF982900202DE9F8430446012097
:1096C0001D460E469DF820902F4F904600F056F90B
:1096D00004F0030040EA054040F08070C7F804053C
:1096E000C7F80865294E35710CF03FF838B9D7F83E
:1096F000182522F0FF0242EA0802C7F81825244B79
:10970000244AC3F8082514F0FB0F05D1224AC3F8F8
:109710009825FC3AC3F89C25B9F1020F2FD81F4BAE
:1097200013F80950B9F1000F20D1174B012CC3F8E1
:10973000205506D00123022C7370F4700BD9BDE8BC
:10974000F88303F580331649164AC3F89815C3F811
:109750009C257470F4700C4B012200213270C3F808
:109760000011C3F800121A60BDE8F8830CF01BF872
:109770000028DAD14FF4F9713C20EFF767F940F295
:10978000E7113C20EFF762F900F000409829002033
:1097900000F001400000020200F100400C00070050
:1097A000501100400CF00040284B5A7870B5002A48
:1097B00042D0274AC2F80C15C2F81005DC78012502
:1097C0009D70ECB1042C13D0197881B31B79023B46
:1097D0000021012BC2F8041105D81E480323C0F84C
:1097E0005011C2F81C351C4B1C4AC3F8042570BD2F
:1097F00000211D70C2F80411C2F80052156070BD3E
:109800001B78F3B1144BC2F804414FF40034C3F891
:109810000445D2F8006116B15560C3F808450B78CD
:1098200003704B78043343708B78837070BD4FF4B2
:1098300089713C20EFF70AF940F217213C20EFF73D
:1098400005F9E6213C20EFF701F900BF9829002037
:1098500000F000400010004000F001400000020253
:10986000064B1A782AB106490648C1F808050022B5
:109870001A700022A3F80120704700BF9829002029
:1098800000F001400000020208B50B4B1B784BB101
:109890000A4BD3F8042152B1D3F80004003818BFA2
:1098A000012008BD40F27D213C20EFF7CFF840F2C7
:1098B0007E213C20EFF7CAF89829002000F00040F4
:1098C000F8B5184B1B783BB3174CD4F8043113BBD5
:1098D000164B0222C4F804231F691A6942F01002D1
:1098E0001A61D4F8043107F0100753B9104E4FF441
:1098F0000045C6F880510BF09BFFD4F80431002BD3
:10990000F7D027B9094A136923F010031361064BF6
:109910000222C3F80823F8BD40F28E213C20EFF765
:1099200095F800BF9829002000F0004000ED00E00D
:1099300000E100E0014B01229A60704700F0004016
:1099400008B50B4B4FF40042C3F88020BFF34F8F94
:10995000BFF36F8F074B0022C3F80025C3F8002523
:10996000FFF77EFF044B4FF40002C3F8082508BD43
:1099700000E100E000F0004000F0014038B5144C78
:109980000023C4F80035C4F800350546FFF768FF2A
:10999000104B4FF40002012DC3F8082503D0022D0F
:1099A00008D085B938BD0223C4F800350A4BC4F885
:1099B0001435F7E70321C4F800150749C4F8141556
:1099C000C3F80425EEE782213D20EFF73FF800BF02
:1099D00000F0004000F001409D290020074B9B78DB
:1099E000012B08D0022B05D1830702D4044B01229E
:1099F0001A61704770474207F8D57047A82A0020BF
:109A00000010004008B5144B93F84530D9070ED527
:109A10009A070DD5114BD3F8002242F00102C3F88A
:109A20000022D3F8503503F0F603022B0FD008BD07
:109A30005B07FCD50A4B0B4AC3F8AC250BF0F6FDCF
:109A40000028F4D040F203613E20EEF7FFFF40F221
:109A5000FC513E20EEF7FAFFA82A0020001000403B
:109A600000F001400810004030B52D4A431E83B07D
:109A7000044682F82400072B48D8DFE803F0423D73
:109A8000473847474704274B0520C3F81005264BA6
:109A9000244D5B5C92F92520C5F8083501F07F0361
:109AA000C5F85435204601AB01F098FD9DF904003E
:109AB00001F0F4FC9DF8050001F02EFE58BB0BF000
:109AC00099FE90B14FF08052D5F88835D2F8202316
:109AD0001449022C0CBFC2F30662C2F3062223F41F
:109AE000FE4343EA0223C1F8883503B030BD0D4B75
:109AF0000620C3F81005CAE70A4B0420C3F8100576
:109B0000C5E7084B0320C3F81005C0E740F6B9517C
:109B10003E20EEF79BFF40F2CD513E20EEF796FF40
:109B2000A82A0020001000401000070070B54E4E1B
:109B3000431E82B0044686F82400072B00F28F8073
:109B4000DFE803F0574D8D528D8D8D04474B052274
:109B5000C3F81025464A454B525CC3F8082501F06E
:109B60007F02C3F854257378012B63D03F4DD5F89D
:109B70000032FF2243F4887386F84820C5F800328B
:109B80000BF008FE18B314F00C0244D00122C5F803
:109B90000423D5F83C3786F8472023F0004323F010
:109BA000FF0343F0004343F07D03C5F83C37D5F88D
:109BB0007C3786F8462023F0004323F0700343F0FF
:109BC000004343F06003C5F87C37EA632A6420460B
:109BD00001F0E8FC0BF00EFE80B102B070BD234B2B
:109BE0000422C3F81025B5E7204B0622C3F8102540
:109BF000B0E71E4B0322C3F81025ABE70BF009FEBC
:109C00000028EAD1194AD2F8683543F4C023C2F8D3
:109C1000683502B070BDD5F83C3786F8472023F090
:109C20000043C5F83C37D5F87C3723F00043C5F82E
:109C30007C37CCE796F92520F07801AB01F0CEFC1B
:109C40009DF9040001F02AFC9DF8050001F064FD77
:109C500000288BD040F2CD513E20EEF7F7FE40F6C3
:109C6000B9513E20EEF7F2FEA82A00200010004075
:109C7000100007001B4B10B560220021184605F0AC
:109C8000D9FD45F6FF72A0F848200BF053FD10B93E
:109C90000BF059FD60B114482422FF2105F0CAFDE4
:109CA0004FF080430022C3F8082EC3F8102E10BDD9
:109CB0000BF052FD0028EED10BF06CFD78B90BF0E3
:109CC00060FD044658B908483822FF2105F0B2FD6E
:109CD0004FF08043C3F8084EC3F8104E10BD024841
:109CE0004022DAE7A82A0020000E0040962808B596
:109CF00007D8064B95288CBF002201221A701885C0
:109D000008BD40F20B213E20EEF7A0FEA82A00205D
:109D1000024B185C00F51660704700BF100007008A
:109D2000014B93F838007047A82A002030B40B4B41
:109D30000B4A93F838101D6B586B02EB8102401BE5
:109D4000D36C146F916A074A03F2E7331B1B084474
:109D5000A2FB032300EB931030BC7047A82A00201D
:109D600010000700D34D6210014B186B704700BF05
:109D7000A82A0020014B586B704700BFA82A00207A
:109D8000084B094A93F83810186B02EB8102074917
:109D9000D36C926A03F2DB53801AA1FB0323A0EB7E
:109DA00093107047A82A002010000700D34D6210BE
:109DB00008B5154B013983F8440007291AD8DFE8A4
:109DC00001F01715190419191904104A104B40F025
:109DD000007040F44030C3F81425C3F81805D3F8D8
:109DE000503503F0F703032B09D008BD094AEDE70E
:109DF000094AEBE740F20B313E20EEF727FE40F236
:109E000023313E20EEF722FEA82A002008019063AD
:109E1000001000400801100108011000224BD3F887
:109E2000002222F0020242F4801210B5C3F8002290
:109E30001E4C1F4AC4F8A02502F5DE421C32C4F8AD
:109E4000A4254FF48022C4F804250278032A26D1E1
:109E5000012919D0D3F814451649427824F4702406
:109E6000C3F81445086A02F03F0242F40C3240F095
:109E7000030042F420720862C3F80009C3F81029F5
:109E8000012381F85C3010BDD3F81415427821F419
:109E9000702040F400200749C3F81405E2E74FF4AE
:109EA0005E713E20EEF7D2FD0010004000F0014050
:109EB0002C110040A82A002008B50BF09BFC50B1E3
:109EC000054AD2F8743723F0807323F0010343F07E
:109ED0008073C2F8743708BD00100040474B02225F
:109EE00070B5C3F88020BFF34F8FBFF36F8F444C22
:109EF00000220123C4F8FC2FC4F8FC3F0BF089FCBE
:109F000028B1D4F83C3743F48063C4F83C370BF0F5
:109F10002CFC60B13A4AD2F83C3723F0004323F0DE
:109F2000FF0343F0004343F09603C2F83C370BF0C5
:109F300061FC40B1324AD2F8403723F47F4343F406
:109F4000B053C2F840372E4C2E4BC4F8783701F08E
:109F5000F3FB38B14FF08053D3F83033591C18BF9E
:109F6000C4F84C374FF010231B6E5A1C0AD02449FA
:109F7000D1F88C251B0403F47F0322F47F021343E2
:109F8000C1F88C351E4D204A204C40F20311C5F813
:109F90003415107C012340F25B6284F82430C5F84C
:109FA0003825C5F830350323C5F81035022640F2B0
:109FB0000123C5F85036C5F8006201F0C3FB144B0D
:109FC0004FF04062C3F804250023237023876363A6
:109FD00084F8453096222285D5F80029226284F83B
:109FE0005C30064A236EC2F880611021C5F8041364
:109FF000166013B1BDE87040184770BD00E100E085
:10A00000001000402C00008934000020A82A002005
:10A0100000F0014038B503683D493E4A1C0E1B0262
:10A02000C1F82445C1F81C354368C1F83C35037AB2
:10A0300082F8263090F809C0837A82F844300CF117
:10A04000FF3107295ED8DFE801F036565D045D5D1B
:10A050005D04314D2E4C43F0007343F44033C4F89B
:10A060001455C4F81835D4F8503503F0F703032B12
:10A0700031D082F824C007293FD8DFE801F034143A
:10A080003E0C3E3E3E04224B0521C3F81015C37A18
:10A0900082F8253038BD1E4B0621C3F81015C37A4F
:10A0A00082F8253038BD1A4B0421C3F81015C37A45
:10A0B00082F8253038BD1649184CC1F8144543F0D4
:10A0C000007343F44033C1F81835D1F8503503F02C
:10A0D000F703032B04D140F223313E20EEF7B6FC08
:10A0E000012382F824300A4B0321C3F81015C37AE8
:10A0F00082F8253038BD0A4DACE740F6B9513E2014
:10A10000EEF7A4FC40F20B313E20EEF79FFC00BFBF
:10A1100000100040A82A00200801906308011000E8
:10A1200008011001014B83F825007047A82A002080
:10A13000034B020E0002C3F82425C3F81C05704728
:10A1400000100040014B83F826007047A82A002029
:10A150002DE9F0415F4D95F84530DB0786B040F1C1
:10A16000AA8000280CBF04220222002304460E46C7
:10A170008DF804208DF8063001F062FD01284FF0C3
:10A18000FF3088BF00208DF8050001A805F0BEFB58
:10A19000002840F08B8095F845304F4F43F0020384
:10A1A00085F84530D7F800324FF0010843EA08033C
:10A1B00085F85D80C7F80032002C3BD0012C58D0C8
:10A1C0002B8D464A952BD2F84C257ED8B4FA84F4D0
:10A1D00001A8022364098DF804308DF8054005F0CC
:10A1E0000BFC0DF1030005F09DFB002868D1AA7857
:10A1F0009DF80330012A18D0022A11D183F00203FE
:10A20000C3F3400385F85E303BB13549324B4FF420
:10A2100060100122C1F808051A6106B0BDE8F0819E
:10A2200085F85E0006B0BDE8F08183F00403C3F357
:10A230008003E7E795F826103046FFF715FC274B1B
:10A240002A8D85F80280952AC3F84C80C7F80080D3
:10A25000D3F84C35BAD9234823492833C36001F0D9
:10A2600043FA01300128B1D940F224713E20EEF7C3
:10A27000EDFB95F826103046FFF758FC0223AB7033
:10A280002A8D164B952ADC647C60D3F84C359DD919
:10A29000144815492933C36001F02CFA0130012814
:10A2A00094D940F22E713E20EEF7D0FB40F6E72124
:10A2B0003E20EEF7CBFB40F257713E20EEF7C6FB97
:10A2C00040F618313E20EEF7C1FB40F232713E20DD
:10A2D000EEF7BCFBA82A00200010004000800040E0
:10A2E00000F0014034000020A400070070B582B0E7
:10A2F00005F098FB05F0B8FB504A514BD2F80463C7
:10A3000010240221C2F80843C2F800124FF4602161
:10A31000C3F80815D2F850354A4C0021DBB2054687
:10A3200006F0100684F84510002B51D1238D952B93
:10A3300004D9A378012B76D0022B6AD03F4B0022A0
:10A34000C3F810212271D3F83C1784F8472021F07C
:10A350000041C3F83C17D3F87C1721F00041C3F843
:10A360007C1794F85C102280A270E9B184F85C201C
:10A37000D3F8002222F4801242F00202C3F8002235
:10A380002F4A4FF48021C2F80815D3F8142522F47F
:10A390007022C3F81425226A22F00302C3F80029B0
:10A3A0002262294AC3F810291EB1244B1022C3F897
:10A3B000042315B1214B01221A6194F85E302BB1B0
:10A3C0001E4A01210023116184F85E3002B070BD85
:10A3D000FF238DF807300123C2F8101113619DF897
:10A3E00007304BB90CE09DF80730013BDBB28DF82C
:10A3F00007309DF807301BB1D2F81031002BF2D096
:10A400009DF80730002B91D140F691013E20EEF7E8
:10A410001DFB01F07BF9013001288FD940F6A8011E
:10A420003E20EEF713FB01F06BF90130012885D9CE
:10A4300040F6A2013E20EEF709FB00BF00100040ED
:10A4400000F00140A82A0020803202002C4BD0B539
:10A4500000222C4CC3F84825C3F84425C3F84025F6
:10A46000C3F84C25FFF742FF238D952B34D894F881
:10A470005D302BB105F050FA00283CD184F85D0026
:10A48000002005F055FA88BBE26B1F491C4B42F0D7
:10A490004462C1F808251D4AC3F848050026002774
:10A4A0000221E063C3F844052076C3F84005C4E9FF
:10A4B0000C67C3F84C05C3F84801C3F84401C3F85E
:10A4C0004001C3F84C01C2F88010BFF34F8FBFF3B7
:10A4D0006F8FC2F88011D0BD01F000F90130012862
:10A4E000C5D940F241513E20EEF7B0FA40F25A5140
:10A4F0003E20EEF7ABFA40F257513E20EEF7A6FAB7
:10A5000000800040A82A002000F0014000E100E0A7
:10A510002DE9F0439B4C94F8453043F0020387B09B
:10A520000F4684F845300646002840F08680042314
:10A530000DEB03098DF804308DF8060001F080FB67
:10A5400001284FF0FF3088BF00208DF805004846F5
:10A5500005F0DCF9002840F0D780012594F826109A
:10A5600084F85D503846FFF77FFA2378A570AB4238
:10A5700006D18549D1F8002242F00802C1F8002234
:10A58000824A834802EB47024FF48011B2F8AC5084
:10A59000E26B05F5FA7542F48012E263A0FB052533
:10A5A0007C4AAD09C2F80415002B66D194F84530F9
:10A5B00043F0020384F84530FFF724FA0BF036F835
:10A5C0008046002868D103F05BF8002E724B0390A0
:10A5D00008BF012200F5A87018BF00228DF8048082
:10A5E00002938DF8052053F8203004935BD1674E19
:10A5F000674A06EB47074846B7F8AC3003F51673D1
:10A60000A2FB03239B09059305F0F6F9238D952BF7
:10A610007FD80DF1030005F085F9002840F0A780F0
:10A62000A2789DF80330012A69D0022A53D084F819
:10A630005E00284607B0BDE8F08300234FF0020813
:10A640008DF806308DF8048001F0FAFA01280DF13A
:10A6500004094FF0FF3088BF00208DF80500484600
:10A6600005F054F9054600284ED101239E4284F896
:10A670005D305ED02378002B98D0012B9CD194F8CC
:10A68000453043F0040384F84530FFF7BBF90AF086
:10A69000CDFF8046002896D0FFF728FE00252846EB
:10A6A00007B0BDE8F08328234846059305F0A4F9D8
:10A6B000238D952BADD9012E5ED1384838492923F9
:10A6C000C36001F017F801300128A2D940F22E71C1
:10A6D0003E20EEF7BBF983F00203C3F3400384F896
:10A6E0005E30002BA5D02B49274B4FF46010C1F8EA
:10A6F0000805012228461A6107B0BDE8F08383F0FF
:10A700000403C3F38003EAE740F6E7213E20EEF7B7
:10A710009DF92248282306F19401C36000F0E4FF6C
:10A72000013001287FF675AF40F224713E20EEF72C
:10A730008DF994F826103846FFF7F8F9237884F855
:10A740000280012B06D11049D1F8002242F0040208
:10A75000C1F80022E26B42F40012E2630D4A4FF4AA
:10A760000011C2F804152925002B86D11EE740F6FA
:10A7700018313E20EEF76AF940F232713E20EEF7D2
:10A7800065F900BFA82A0020001000401000070053
:10A79000D34D621000F001400080004034000020E2
:10A7A000A40007002DE9F0430D4687B01746064682
:10A7B000002839D104230DEB03088DF804308DF8FF
:10A7C000060001F03DFA01284FF0FF3088BF00205D
:10A7D0008DF80500404605F099F8002840F00B81FF
:10A7E000A14C4FF0010994F8261084F85D9038468A
:10A7F000FFF73AF9227884F802904A4500F0E080A9
:10A800009A4B9B4903EB4703B3F8AC3003F5FA735B
:10A81000A1FB0313A5EB9315002A40F0F180954BA3
:10A82000954AC3F8AC2531E000234FF002098DF8BA
:10A8300004908DF8063001F003FA01280DF10408A8
:10A840004FF0FF3088BF00208DF80500404605F02E
:10A850005DF8002840F0CF800123834C9E4284F8AD
:10A860005D3040F0F78094F826103846FFF75EF927
:10A87000237884F80290012B00F0A280293D002B60
:10A8800040F0BE807B4B7D4AC3F8AC257C4B794AB7
:10A89000C3F840557B49C2F8A815A3F5E043102141
:10A8A000C3F80413E36B43F40023E3634FF4002382
:10A8B000C2F8043594F8453043F0020384F845307B
:10A8C000FFF7A0F86E4B0122DA64D3F84C25AA42B8
:10A8D00062D20293002E4FF000038DF804300393F0
:10A8E00008BF012304958DF8053026D15F4E604ADC
:10A8F00006EB47074046B7F8AC3003F51673A2FBEA
:10A9000003239B09059305F077F8238D952B00F21F
:10A910008C800DF1030005F005F8002840F09580CB
:10A92000A2789DF80330012A31D0022A1ED084F883
:10A930005E00012007B0BDE8F08328234046059360
:10A9400005F05AF8238D952BE3D9012E40F087802E
:10A950004D484E492935C56000F0CCFE0130012834
:10A96000D7D940F22E713E20EEF770F883F0020343
:10A97000C3F3400384F85E30002BDAD03D493E4BF0
:10A980004FF460100122C1F808051A61D1E783F085
:10A990000403C3F38003EDE7364A0025C3F84055AE
:10A9A000C2F8AC55E36B4FF4002123F40023E363BA
:10A9B000C2F80815FFF79AFC284607B0BDE8F083F7
:10A9C0002F4B2C4AC3F840552E49C2F8A815A3F5C1
:10A9D000E0431021C3F80413E36B43F40023E36363
:10A9E0004FF40023C2F8043594F8453043F00403D3
:10A9F00084F8453064E740F6E7213E20EEF726F87C
:10AA00001F4B1C4AC3F840551E49C2F8A815A3F5B0
:10AA1000E0431021C3F80413E36B43F40023E36322
:10AA20004FF40023C2F804354AE71748283506F1E9
:10AA30009401C56000F058FE013001287FF669AF2F
:10AA400040F224713E20EEF701F840F618313E2026
:10AA5000EDF7FCFF4FF401613E20EDF7F7FF40F208
:10AA600032713E20EDF7F2FFA82A00201000070007
:10AA7000D34D621000F0014000100040041000406F
:10AA8000008000404081004034000020A400070006
:10AA9000014BC3F83C0570470010004010B5044658
:10AAA000074804F045FF28B994E80F00054C84E8F6
:10AAB0000F0010BD40F611113E20EDF7C7FF00BF9B
:10AAC000DD9903000C2B002008B5174B174993F8AC
:10AAD0004520C1F8040542F0010C1864900783F882
:10AAE00045C00CD5D1F8003243F00103C1F8003263
:10AAF000D1F8503503F0F603022B0FD008BD5307F1
:10AB0000FCD50B4B0B4AC3F8AC250AF08FFD00288F
:10AB1000F4D040F203613E20EDF798FF40F2FC5183
:10AB20003E20EDF793FF00BFA82A00200010004050
:10AB300000F001400810004038B5144B5A6B8242B7
:10AB40001ED2134901244C64D1F844251C760532E9
:10AB50008242D86105D30F4BD3F8042102B91C619E
:10AB600038BDDA6B0C4C0025C1F8445142F4800228
:10AB7000C1F844054FF48001DA63C4F8041538BD08
:10AB800040F622113E20EDF761FF00BFA82A002009
:10AB9000008000400010004000F0014010B50F4C54
:10ABA00094F839C094F838100222BCF1010F034622
:10ABB0002276208D94F824200BD000F0D3FCE061A5
:10ABC000636B074A00210344C2F84411C2F84435BC
:10ABD00010BD00F0A9FCE061F2E700BFA82A002048
:10ABE00000800040C30003F1804303F5F83310B444
:10ABF000084A094CC3F81025012202FA00F0E26B62
:10AC0000C3F81415054B0243E26310BCC3F80405F6
:10AC1000704700BF04110040A82A002000F0014046
:10AC2000044BC3F86005D3F8002242F04002C3F899
:10AC30000022704700100040054BD3F8002200218D
:10AC400022F04002C3F80022C3F86015704700BF2D
:10AC500000100040044BD3F84835024603F07F0350
:10AC60005B420120137070470010004070B5324EF7
:10AC7000338DF170952B8CBF0022012286B032708B
:10AC8000044608BB01227270B278022A30D096F8CE
:10AC9000242001AD29492A4801EB4201B1F8C02026
:10ACA00002F2E732A0FB021203EB9212B4FA84F430
:10ACB0000123640928468DF804308DF8054002927E
:10ACC00004F09AFE06B070BD0222727001ADB17838
:10ACD00096F824200229DDD11849194801EB820198
:10ACE0000A6F02F2E732A0FB0212A3EB9212DDE739
:10ACF00001AD96F925202B46084696F8261000F05F
:10AD00006DFC9DF9040000F0C9FB9DF8050000F002
:10AD100003FD58B90B4AFF2386F84830D2F80032B9
:10AD200043F48873C2F80032338DD0E740F2CD513E
:10AD30003E20EDF78BFE00BFA82A00201000070080
:10AD4000D34D621000100040024B0022C3F8402592
:10AD5000704700BF0080004030B4044BD3E9144575
:10AD60009B6DC0E9004530BC0B607047A82A0020ED
:10AD70002DE9F043B14BB24C0125DD6487B0D3F827
:10AD80004C6594F8447003F0B5FD94F846302065A6
:10AD90000022A6656265002B70D0AA4BD3F804018F
:10ADA000D3F8101100295FD1002840F03981D3F881
:10ADB0000021002A00F07382FF22C3F800015D61C8
:10ADC0000492049A2AB908E0049A013A0492049A77
:10ADD0001AB1D3F81C21002AF6D0049B002B00F0F6
:10ADE0004283984B94F84910D3F8482502F07F022B
:10ADF0009142C0F0A982934B01210020C3F81C01AD
:10AE000084F84820C3F80813196499638B4B8D4963
:10AE100001228020C1F804031A64D3F84025D3F836
:10AE2000445502F56A521832954240F22582D3F811
:10AE30004025E06B02F51C52103240F40020E06324
:10AE400001F5F031C3F840257F48804A0025C3F85A
:10AE500040514FF40023C1F8A805C1F8AC25C1F852
:10AE6000043507B0BDE8F08384F846208021784A95
:10AE7000C3F808134FF40023C2F80835238D952B2F
:10AE8000A37840F28E80012B00F08480022B00F02A
:10AE900038826F4AE16BC2F8081500226949E26303
:10AEA00084F84520D1F80022257E22F48E7222F00B
:10AEB0000102C1F8002265B1604AD2F8441100399C
:10AEC00018BF0121012B00F08480022B00F0668165
:10AED00000255C4BD3F81031002B40F05B81594BBF
:10AEE000D3F804110022891A18BF01218DF814101B
:10AEF00005A8C3F80021C3F80C21C3F81021C3F83A
:10AF00000421C3F81421C3F81821C3F80821C3F899
:10AF10006C2104F09BFD10B145F01005EDB2474BDC
:10AF20000022C3F8442105F01802102A59D0434BDF
:10AF300094F83910D3F84825D3F844350229C4E9E8
:10AF40000C325ED0A378022B5BD094F82410637887
:10AF500094F802C084F8381084F839C0002B00F04F
:10AF6000858115F0110F40F0C881207994F8008098
:10AF7000B3F1010918BF4FF00109012800F0288141
:10AF8000022867D0002800F0F38040F6BF213E2061
:10AF9000EDF75CFD00F0B4FB0130012800F24A82BD
:10AFA000A3782B4AE16BC2F808152648217E0022BF
:10AFB000E26384F84520D0F8002222F48E7222F059
:10AFC0000102C0F8002200297FF476AF012B7FF444
:10AFD0007CAF1C4BD3F80C51002D3FF47AAF082501
:10AFE0007DE7A278012AA2D194F83910D3F8482538
:10AFF000D3F8443545F020050229C4E90C32EDB2FE
:10B00000A3D194F82410042901D008299FD10D4B15
:10B01000D3F8143413F0060F0CBF0821042196E76F
:10B020000B4A8020C3F808034FF40023C2F8083508
:10B0300084F8461007B0BDE8F08300BF00800040F0
:10B04000A82A002000100040408100401410004059
:10B0500000F00140B048FEF7DDFF61690023B8F160
:10B06000010F2380A370237104D13B368E4208D890
:10B0700084F80080E2784846FFF794FB002840F00F
:10B080009481A64A0126166194F85C30FBB1A34B6B
:10B09000A349D3F8002222F4801242F00202C3F83E
:10B0A00000224FF48022C1F80825D3F8142522F499
:10B0B0007022C3F81425226A22F00302C3F8002983
:10B0C0002262984AC3F81029002384F85C30EB0709
:10B0D00000F1C980A80700F1A48015F0280F06D060
:10B0E00085F02001E36EC1F340113046984715F01A
:10B0F000100501D0236F9847A378022B18D1237E27
:10B10000B3B1022B00F04A81012B40F0A781E36923
:10B11000626B934240F29D81834AC2F84435E36BEF
:10B120007F4A43F480034FF48001E363C2F80415BF
:10B1300004F004FC00287FF47DAF002D3FF47AAFCB
:10B140000390039B01330393039B013364D0734A41
:10B15000D2F8503503F0F703042B57D0734B00207F
:10B160000221C2F81001C3F8801107B0BDE8F083D6
:10B17000208DBCF1000F00F06781012B019240F09F
:10B18000DB80BCF1010F00F04B8100F08FF9019AD8
:10B19000811863E745F01005EDB2A0E65F4AD2F8EA
:10B1A0000C01D2F80024002806BF00230425062540
:10B1B00012F0010F18BF1D4631B105F00B0345F029
:10B1C000010243F00103D5B2002B7FF488AE80E684
:10B1D0005148FEF71FFF94F83930002B00F02F8103
:10B1E000012B94F8382000F00081514B03EB8203CF
:10B1F000226BD96C9B6AD21A4E4B01F2DB51A3FB36
:10B200000131A2EB91126169114427E7039B0133DD
:10B210000393039B01339BD140F6BA413E20EDF7E7
:10B2200015FC0AF0E7FA00285BD10AF0F2FA0028D0
:10B2300057D13A4BD3F85034D90152D51A0705D01B
:10B2400013F0F00F02D013F4706F4AD1334AD2F8E2
:10B250005414C3F30442012A43D1012941D0C3F35A
:10B260004253022B3DD8636E984740E72380A3707A
:10B27000237123761E4607E7294C00224FF4002550
:10B28000C3F84025C3F84021C1F80803C4F80855A5
:10B29000C3F84021C1F80803C4F80855CAE6D3F83A
:10B2A000481594F84700C3F81C2101F07F0184F889
:10B2B0004810002858D194F84920D3F874358A42B0
:10B2C00075D89AB20F2A02D9B3F5003F6FD3134B4A
:10B2D00001221A649A63114BD3F81C310593059B24
:10B2E00094E5236C5B78BB4253D945F00405EDB27D
:10B2F0000020A36E31469847F9E6FEF7F7FF0026D7
:10B30000C2E600F003FA431C012B7FF649AE40F67B
:10B31000A8013E20EDF79AFBB02A00200010004063
:10B3200000F00140803202000080004000E100E0B7
:10B3300010000700D34D6210BCF1010F75D000F072
:10B34000E3F8019A811889E6D3F83C1721F000410F
:10B35000C3F83C17D3F87C17002021F0004184F893
:10B360004700C3F87C1746E594F849008842B2D2FA
:10B37000D3F83C1784F8472021F00041C3F83C176C
:10B38000D3F87C2722F00042C3F87C271D649D631C
:10B39000A1E785F00400C0F38000AAE7636BE169D0
:10B3A000334A0B44C2F84435B9E600266CE6314A0C
:10B3B000D2F83C3723F0004323F0FF0343F000436F
:10B3C000012143F07D0384F84710C2F83C37D2F8DE
:10B3D0007C3723F0004323F0700343F0004343F035
:10B3E0006003C2F87C37116475E7531E072B0ED833
:10B3F000DFE803F012140D040D0D0D040E211E4B99
:10B4000003EB82039A6A236B9B1A5A18FBE640F2FD
:10B41000AA213E20EDF71AFB0321F0E70221EEE717
:10B4200000F062F8019A811818E600F04DF8019AD0
:10B43000811813E640F6A2013E20EDF707FB40F22B
:10B440004E713E20EDF702FB40F651013E20EDF734
:10B45000FDFA40F69C413E20EDF7F8FA40F69B419C
:10B460003E20EDF7F3FA40F6BF313E20EDF7EEFA5D
:10B47000008000400010004010000700024B03EB6A
:10B480008003986A704700BF10000700024B03EB6F
:10B490008003186F704700BF10000700024BC0B256
:10B4A000C3F80C05704700BF0010004010B50446FB
:10B4B0000846FFF7EBFF034BA3FB0030A4EB901013
:10B4C00010BD00BFD34D6210054B064A33F8113052
:10B4D00003F2E733A2FB0323023800EB931070471B
:10B4E00008010700D34D6210054B064A33F81130AE
:10B4F00003F57A73A2FB032300EB9310704700BFA0
:10B5000008010700D34D621010B504460846FFF746
:10B51000BDFF044A00F2E733023CA2FB0330A4EB78
:10B52000901010BDD34D621038B50C4D35F8111088
:10B5300005EB82056C69214401F6B7314FF47A744A
:10B5400004FB001406481D46A0FB04341046FFF718
:10B5500095FF0535A4092C44204438BD0801070097
:10B56000D34D621070B5064608461546FFF78EFFAC
:10B570000A4B03EB85034FF47A715C69084B04F6C0
:10B58000B734024601FB0644A41A2846A3FB043440
:10B59000FFF774FFA4090530204470BD08010700BF
:10B5A000D34D621010B504460AF0F4F850B10A4ABF
:10B5B000D2F84037082C23F0004304D0042C02D0EA
:10B5C000C2F8403710BD23F47F4343F0004343F4F7
:10B5D0004443C2F8403710BD001000402DE9F04F41
:10B5E000294C83B0064698460D46174600F0CCF825
:10B5F0002378B342814602D16378AB422AD0731ECE
:10B60000072B38D8DFE803F02435373337373704D2
:10B6100002200DF107033A46294600F0BBF88246A6
:10B6200070BB28469DF907B0FEF772FB53460246F1
:10B630004146584600F076F8B8F80030267065703C
:10B64000A380A071A77084F8039003B0BDE8F08FC9
:10B650000020DEE794F90230BB42D0D1E378834288
:10B66000CDD1A38894F90600A8F80030EDE70320B7
:10B67000CFE70120CDE740F2F2310620EDF7E6F901
:10B680003D217520EDF7E2F94C000020014B1860D8
:10B6900099807047242B002070B5084E0446002581
:10B6A000E36A53B1E16AF0680B68E3620D704D70B4
:10B6B0008D70CD7005F0C5FAF2E770BD502B0020FB
:10B6C000024BD86019745A82704700BF502B00207B
:10B6D000014B1B681B681847BC060020014B1B6808
:10B6E0005B681847BC060020014B1B68DB681847E5
:10B6F000BC060020014B1B681B691847BC060020D4
:10B70000014B1B685B691847BC060020014B1B6896
:10B710009B691847BC060020014B1B689B6A1847B1
:10B72000BC06002010B4034C2468A468A44610BCD6
:10B73000604700BFBC060020014B1878704700BF6F
:10B74000CC31002000220F4938B50446134644FA94
:10B7500002F0C007D5B248BF581C02F1010244BF35
:10B76000CD54C3B2042AF2D1064DC3F10402042B16
:10B77000D2B24FF0FF0188BF0022E81804F05AF857
:10B780002C7138BDD8310020014B187D704700BFA7
:10B79000882B0020042810B511D883B104280CBFD1
:10B7A00010242824A1420AD2064C54F8200018B1D3
:10B7B00041568A42A8BF0A461A70002010BD6FF099
:10B7C0001500FBE7882B002030B50346114890F99F
:10B7D0001C209A4219DD90F924209A4217DA9A1A0D
:10B7E000846AA05C0C4A15569D420DD00E32002989
:10B7F00018BF01309442C0B206D129B1013BDBB27F
:10B80000012B01D80130C0B230BD0D20FCE7002073
:10B81000FAE700BF882B00208001070008B5054B20
:10B8200093F91C30984203DAFFF7CEFF024B1B5608
:10B83000184608BD882B00208001070010B51C4C5D
:10B8400094F82C3073B9012384F82C3009F084FF6C
:10B8500048B1184BA362D823236284F8243008230C
:10B86000A361237710BD09F08CFF0028F1D109F006
:10B8700091FF0028EDD109F054FF38B10E4BA362BF
:10B88000D823236284F824300423E9E709F052FF27
:10B890000028F3D109F057FF0028EFD109F065FF28
:10B8A0000028EBD140F2BB11742003F0D5FB00BFA0
:10B8B000882B0020BB0107008E010700034610B350
:10B8C000007888B91A79012A1ED85A79012A1BD81A
:10B8D0009A680E49643A8A4216D8D8680C4B984246
:10B8E0002CBF00200120704701280CD11A79012AB1
:10B8F00009D85A79012A06D8DA680449643A8A4292
:10B9000001D89868EAE70020704700BF3C86010034
:10B910000040420F10B5054C236813B1984700232F
:10B920002360BDE8104001F0EBBE00BFB82B002043
:10B930002DE9F8438846074680B300F037F84FF00A
:10B94000000905465FFA89F6AE420AD2304600F099
:10B9500033F890F8264009F10109002CF2D1FF2EAE
:10B9600003D16FF00B00BDE8F883304600F024F8F7
:10B970000546848480F8264080F8286001460A48FD
:10B9800002F064F8202885F827000AD001232F62EE
:10B9900085F82630204688F80060E4E76FF015004F
:10B9A000E1E76FF02200DEE7BB520400014B18799B
:10B9B000704700BFBC2B0020054B1A79824283BF21
:10B9C0001B6800EB400003EB00100020704700BF35
:10B9D000BC2B002010B510F003040A460BD1074918
:10B9E0000A71086030B102EB42021201214603F0F5
:10B9F00021FF204610BD6FF00D00FBE7BC2B00209F
:10BA000043F60952C0F3080302FB03F3400A03F5AF
:10BA1000807302FB00F000EB5320704743F6095C93
:10BA2000C0F3080210B50CFB02F2C0F34E24030E63
:10BA300043EA01230CFB04F0090E02F580724FEA81
:10BA4000411C00EB52205A01B2EB030E4CEAD36CBE
:10BA50006CEB01044FEA841C4FEA8E12B2EB0E022B
:10BA60004CEA9E6C6CEB040C4FEACC0C4CEA527C1A
:10BA7000D200D31841EB0C01DA03C903801841EA64
:10BA8000534141F1000110BD430B48F2376C0CFBF0
:10BA900003F34FEA134C00B5104B43F6095E0EFB5F
:10BAA0001C0000FB03F35B0D0EFB03FE03EB4C23BA
:10BAB0000EF5745C0CF1080CB0EB5C2F08D80EF599
:10BAC000807EA0EB5E20C0B20B6010705DF804FBBE
:10BAD000013300200B6010705DF804FB6F0C010057
:10BAE000F8B5274DA94246D8264E274F450F45EABF
:10BAF000C105A6FB0514C0F34F31A40B01EB0541B2
:10BB000007FB1411A6FB0151890B41EA04411F4CAC
:10BB100004FB110448F2376C600B0CFB00F04FEA99
:10BB2000104C43F6095E1A480EFB1C4505FB00F05D
:10BB3000400D0EFB00FE00EB4C200EF5745C0CF18A
:10BB4000080CB5EB5C2F12D80EF5807EA5EB5E2EAF
:10BB50005FFA8EFE069D85F800E00D0628184FEA74
:10BB6000112141F10001186059601460F8BD0130E5
:10BB70004FF0000EEEE796219B2003F06DFA00BF18
:10BB8000FF7F841E83DE1B43000024F40080841E9C
:10BB90006F0C0100420B48F2376303FB02F2120CF8
:10BBA00043F6095C074B0CFB120101FB0333013B1D
:10BBB0005B0D0CFB03FC5002B1EB5C2F88BF013026
:10BBC000184470476F0C01001F2810B59FBF054B2C
:10BBD000440103EB4010195196BF42600020012040
:10BBE00010BD00BFC82B002070B5012504460E46CD
:10BBF00085407AB1002000F065FDE30003F1804349
:10BC000003F5F833C3F81005C3F81465034BC3F804
:10BC1000045570BD014BC3F80855FAE700F0014028
:10BC200008B5064B93F80024202A03D13F210220B7
:10BC300003F012FA83F8300408BD00BFC82B0020BF
:10BC400008B5064B93F80024202A03D14521022091
:10BC500003F002FA93F8280408BD00BFC82B0020A7
:10BC600010B5094A92F80034202B03D1502102204C
:10BC700003F0F2F9590102EB4313BDE810405258AA
:10BC800058680421104700BFC82B002008B501B335
:10BC9000F0B14FF0FF331A46E0FB01320E498A4201
:10BCA00003D971216D2003F0D7F9180D40EA023055
:10BCB000C3F30F134FF22441B0FBF1F203EB00404A
:10BCC000064B03FB1200B0FBF1F040EA02400130EA
:10BCD00008BD0846FCE700BF3F420F00000024F407
:10BCE000014B9888704700BF04300020014B5888F2
:10BCF000704700BF0430002010B5EFF3108472B617
:10BD0000064A93790133DBB293719379012B01D108
:10BD100009F0A8FC04B962B610BD00BF04300020D1
:10BD200070B50C4C267866B90125A0602570FFF728
:10BD3000E3FF00F075FA30B94FF080432573C3F884
:10BD40000453002070BDA368002BFAD09847A6606A
:10BD5000F7E700BF0430002038B5FFF7CDFF00F053
:10BD60005FFA094C4FF0804540B109F068FC0123AF
:10BD70002B61042363730023A37338BD0323637310
:10BD80000123C5F80433F6E70430002010B5EFF3C3
:10BD9000108472B60A4B9A7922B94FF496716D20CD
:10BDA00003F05AF99A79013AD2B29A719A791AB98A
:10BDB000DB7B0BB900F022FA04B962B610BD00BFFC
:10BDC0000430002008B5054B1A7822B100221A73FE
:10BDD0001A70FFF7DBFF002008BD00BF0430002011
:10BDE000024B587B003818BF0120704704300020F8
:10BDF00073B51B4D2B7F63B9286A00F0030009F06F
:10BE00004BFC30B1EFF3108372B66A7B1AB103B901
:10BE100062B602B070BD01226A7303B962B64FF018
:10BE200080430822C3F808234FF42073ADF806308E
:10BE3000BDF80640A4B2631E9BB2ADF80630002CDC
:10BE4000F6D14FF080460748C6F80C4109F04BFC8C
:10BE500085F82540FFF780FF0823C6F80433D8E7AC
:10BE600004300020283000202DE9F041384C94F8AF
:10BE70002630002B69D04FF08043D3F80071D3F8FF
:10BE8000046157B10122C3F80823237B2BB1A368B7
:10BE9000002525730BB19847A5604EB14FF0804344
:10BEA0000022C3F804210222C3F80823FFF7A0FFF1
:10BEB0004FF080462748D6F80C8194F82550EDB213
:10BEC00009F015FC20B140F2C5116D2003F0C4F853
:10BED00047B1637B032B05D10423637309F0AFFBE8
:10BEE00001233361B8F1000F16D04FF080430022D8
:10BEF000C3F80C21637B042B02D040F2D711E4E796
:10BF000009F06CFCC0B14FF080430022C3F8342C20
:10BF100002236373FFF73AFF4DB1002384F8253005
:10BF2000637B022B01D1FFF717FFFFF72FFFBDE85F
:10BF3000F041084809F0EABB09F017FC0028E2D1FB
:10BF400009F028FC0028DED1E2E7BDE8F08100BF5F
:10BF5000043000202830002010B5044C206A00F086
:10BF6000030009F099FB0028F8D010BD0430002030
:10BF7000F8B5054650B10278042A07D8437842B98B
:10BF8000013B1F2B02D88378212B07D96FF01500B6
:10BF900076E0002BFAD18378002BF7D1814B012773
:10BFA000C3F88070BFF34F8FBFF36F8F4FF08046A1
:10BFB000C3F880717C4C4FF0FF33C6F80833002380
:10BFC000C6F80031C6F80431C6F80C31A371AB884D
:10BFD000A38009F04CFB08B12770A771D6F80C2498
:10BFE000D6F80C34D20303D5DF0701D500F012F9DF
:10BFF00040F2F55363802B78A978237700222262E0
:10C000002174A273042B4ED8DFE803F005033B49EB
:10C010004B000123236209F031FB00284ED009F0C8
:10C0200034FB236A03F00303984247D1AB79002B1A
:10C030003ED1FFF791FF237C6BB12B785BB900F009
:10C04000EFF8054603F07EF96FF00043002D00F095
:10C05000A580C4E905034FF08043D3F80C24D3F83E
:10C060000C34D20303D5DB0701D500F0D3F84D4AD9
:10C0700001230020607384F82630C2F880311360F9
:10C08000F8BDFFF739FE4FF08043D3F80C14D3F816
:10C090000C24CE03F9D5D007F7D50223BAE7434BDA
:10C0A000B8E7434BB6E740F216316D2002F0D4FFFB
:10C0B0004FF080430222C3F80423BCE74FF08043D3
:10C0C0000122DA600022C3F80421226AC3F818258D
:10C0D00009F027FB10B34FF080534FF08042D3F8A4
:10C0E0004432C3F34233C2F83C3509F01AFB10B3B3
:10C0F0004FF080430122C3F84C254FF080430122CA
:10C100009A600222C3F80423AA79002A93D1D3F8B3
:10C11000042391071CD440F2CD21C6E709F00AFBA5
:10C120000028D8D109F00FFB0028D4D109F01DFB5D
:10C130000028D0D1D9E709F0FDFA0028D8D109F0BC
:10C1400002FB0028D4D109F010FB0028D0D1D4E79D
:10C15000184A1669116941F010011161D3F80431D0
:10C1600006F010060BB909F065FB4FF08047D7F8D1
:10C17000043183B1FFF7F0FE26B90E4A136923F0AC
:10C18000100313614FF080430222C3F808230022FA
:10C19000C3F804214FE709F04BFBE8E7C4E9053099
:10C1A00059E700BF00E100E0043000200100020078
:10C1B0000100030000ED00E010B50D4C04F1240077
:10C1C00009F095FA48B9637B022B01D1FFF7C4FD52
:10C1D000BDE81040074809F099BA074A012384F8DE
:10C1E0002530BDE81040C2F80031FFF785BD00BF23
:10C1F000043000202830002000E100E04FF08042B1
:10C20000012353600023C2F80031014A13707047C4
:10C210002B300020014B01221A7070472B30002078
:10C220004FF08043D3F8003123B9034B187800F066
:10C23000010070470120FAE72B300020094B4FF036
:10C24000FF32C3F808230022C3F84025C3F8402179
:10C25000C3F84425C3F84421C3F84825C3F848214E
:10C26000704700BF00800040084B094A1B78012B33
:10C2700016BF4FF440314FF400310023C2F8481389
:10C28000C2F808130BB9C2F84031704730300020B3
:10C2900000B0004070B5EFF3108472B6094A0A4B43
:10C2A0000025D2F80415D2F804612EB15968013185
:10C2B0005960C2F80451F4E75B6804B962B6C0E99A
:10C2C000001370BD00B0004030300020094BD3F89F
:10C2D0000435C01A20F07F4323F001033BB120F066
:10C2E0007F40B0F5000F8CBF022000207047012076
:10C2F000704700BF00B00040104B4FF40062C3F81D
:10C300008020BFF34F8FBFF36F8FC3F880210C4B9A
:10C3100001225A609A60D3F80425002AFBD109490A
:10C32000C3F808134FF44031C3F84813C3F8402151
:10C33000C3F84421C3F80421704700BF00E100E0C6
:10C3400000B000400200030008B5144BD3F80425E8
:10C3500022F00302C3F80425D3F8082542F00302B3
:10C36000C3F80825102292FAA2F2B2FA82F2092A40
:10C3700004DD0B4840F2913102F064FEC3F8102551
:10C380000122DA60074A9268C3F80022064B4FF494
:10C390008072C3F880211A6008BD00BF0080004091
:10C3A000096707003030002000E100E008B50A4BC3
:10C3B0004FF48072C3F88020BFF34F8FBFF36F8FAD
:10C3C0000649C3F8802101204860FFF737FF044B7E
:10C3D000086100221A7308BD00E100E000800040FF
:10C3E0003030002010B5234C0023FF224FF0FF31E6
:10C3F0004FF0FF30C4E90401237062736360FFF7FC
:10C40000D5FFFFF779FF1C4B4FF400621A60A1695A
:10C410001A4A31B901231360184B0222C3F80423CE
:10C4200010BD174B1748C3F8A805C3F8AC15C3F8DF
:10C430005C294FF40022C3F80425134A0521C2F8F1
:10C44000401501211160D2F840110029FBD04FF4B2
:10C450000021C3F8081501215160D1600021C2F804
:10C460004011C2F84015C3F8A815C3F8AC15C3F8BD
:10C47000AC15D1E73030002000E100E000B0004012
:10C4800000F001404081004000800040014BD3E9B2
:10C490000401704730300020014BD3F80405704789
:10C4A00000B0004013B56846FFF7F4FEDDE9000474
:10C4B000FFF7A6FA024B0021E4FB030102B010BD16
:10C4C0000080841EB1F1FF3F08BFB0F1FF3F2DE9AE
:10C4D000F041424C05460E463AD1414DD5F8003167
:10C4E0008BB3404E404BC6F80835FFF7BDFE4FF00A
:10C4F00000080123A36084F80D80FFF757FFFFF7C2
:10C5000023FF3A4BC5F80081394FC6F8A8354FF4E0
:10C510000023C6F8AC75C6F8043509F0CDF8D5F897
:10C5200000312BB10123C5F800817B60FB60F4E78B
:10C53000013041F100010223C4E904012370FF230B
:10C540006370BDE8F08109F0B7F8C51C41F1000641
:10C55000D4E90473B34208BFAF42F2D0214B224A60
:10C56000C3F80825FFF780FE1D4A4FF4803125F0FF
:10C570007F480023C2F808134046C2F84813C2F8A7
:10C580004031FFF7A3FE20B140F226316C2002F0CB
:10C5900063FDC2F84085C2F844132378012B06D10D
:10C5A00027F07F473846FFF791FE0128FAD0002395
:10C5B00001276373A760FFF7F9FEFFF7C5FE094B7C
:10C5C00027704FF00042C3F8042504236370044B26
:10C5D000C4E90456C3F84873B3E700BF3030002005
:10C5E00000B0004000F001400000088000B10040B1
:10C5F00000800040032870B52D4B06D9011FC9B239
:10C6000001292FD940F276310BE0D3E90441B1F191
:10C61000FF3F08BFB4F1FF3F06D11B7B23B940F2B7
:10C6200055316C2002F018FD2249234D00F1100411
:10C630000123800003FA04F4C5F808430B5000F10D
:10C64000804101F50041D1F84005101A022805DDAE
:10C65000C1F84025C5F80443012002E00020C1F8DC
:10C66000400570BD1C782CB15B78834202D140F24A
:10C670007231D6E7114B124E22F07F458A001344E7
:10C680004FF480348C400022C6F808432846C6F890
:10C6900048431A60FFF71AFE40B901F5A87146F841
:10C6A0002150C6F80443C6F84443D5E71046D8E7FE
:10C6B00030300020408000400080004040B1004009
:10C6C00000B0004008B520B14FF461716C2002F059
:10C6D000C3FC014808BD00BF40810040032837B5B6
:10C6E00008D9041FE4B2012C19D940F2CA316C20D8
:10C6F00002F0B2FC234900F1100201239340C1F87B
:10C70000083300F5A873002241F823201E4B810056
:10C710005A5053F820300093009B03B030BD1B4D9E
:10C720002B7893B16A7882420FD1194A1949C2F81D
:10C730000815012B01D1FFF739FE00232B704FF0B4
:10C74000FF324FF0FF33C5E90423134A4FF480331F
:10C75000A340C2F80833C2F8483304F5A87352F86E
:10C760002300FFF7B3FD012818BF0C4B22B24FEA9C
:10C7700084041CBF00211951084B53F82230019347
:10C78000019BCAE70080004040810040303000201B
:10C7900000F001400000088000B0004040B10040BF
:10C7A00010B50A4B0446012210B1C3F8442310BD52
:10C7B000C3F84823FFF7FAFD054B4FF0FF304FF069
:10C7C000FF31C3E904011C70F1E700BF00B0004075
:10C7D000303000201F4A08B5D2F80433D90311D5F0
:10C7E000D2F8403173B10023C2F84031D2F840058D
:10C7F000FFF76CFD30B14FF48033C2F808330420EA
:10C8000001F0ACFE134AD2F804339B0311D5D2F8E1
:10C81000443173B10023C2F84431D2F84405FFF724
:10C8200055FD30B14FF40033C2F80833052001F054
:10C8300095FE084BD3F8042132B10022C3F804213D
:10C84000054A536801335360044B4FF40062C3F848
:10C85000802108BD00B000403030002000E100E041
:10C8600038B5364C637BFF2B64D0237883B101222B
:10C87000022B227319D1324B4FF40022C3F8082542
:10C88000002323704FF0FF324FF0FF33C4E904233D
:10C890002C4BD3F8042310030DD5D3F84C2152B1FF
:10C8A00040F20F416C2002F0D7FB02236078237026
:10C8B000FFF714FFECE7D3F8042351030DD5D3F8A9
:10C8C000483153B10220FFF709FF1F4B4FF480722C
:10C8D000C3F88021022001F041FE1A4BD3F8042353
:10C8E00092030DD5D3F8443153B10120FFF7F6FE82
:10C8F000154B4FF48072C3F88021012001F02EFE09
:10C90000104DD5F80433DB0316D5D5F840319BB173
:10C910000020FFF7E3FE0C4B4FF48072C3F8802138
:10C920000020FF236373A060C5F80002BDE8384013
:10C9300001F014BE0620F9E738BD00BF30300020FA
:10C9400000F001400080004000E100E02DE9F04FE0
:10C9500097B01C46CDE90212DFF8FCA28046FFF733
:10C9600095FD4FF080420123C2F80835DAF8002027
:10C970000F461360B949082202EB44125318555868
:10C98000B3F80E90CDF81090D3E901B201EB441C3E
:10C9900006921C7B5A7BDB6800920CF1080C079313
:10C9A0000646BCE80F000DF1380EAEE80F009CE81B
:10C9B00003008EE8030025F07F40FFF721F84B4687
:10C9C00001331C44A64B9842044400F237829C4237
:10C9D00000F3E480002CC0F2C180FFF721FC009B33
:10C9E000012B024608D0DAE90613B3F1FF3F08BF76
:10C9F000B1F1FF3F00F0B7800192FFF777F940F205
:10CA000056339842019A00F0D78040F2F55398428D
:10CA100000F0CF80B0F5C67F00F0C5800023019301
:10CA2000002103200591B7F1FF3F08BFB6F1FF3F9A
:10CA30001FD0AE4277EB0B03C0F08280B6EB050C43
:10CA400067EB0B03BCF5000F73F1000380F000826D
:10CA5000A5EB060CBCF1000F33460ADD0598002853
:10CA600000F0AD809AF8200000280CBF0846002096
:10CA700000E0434615F1FF39A9EB030C4BF1FF3100
:10CA800084454B4657DB002A41D00993029B08910D
:10CA9000B9EB080861EB03020292FFF727F940F2B5
:10CAA000563C6045DDE90813029A00F0DD8040F253
:10CAB000F55C604500F0BE80B0F5C67F14BF09206C
:10CAC0001620804572F1000280F0BA80039A012A94
:10CAD00000F0CC80059A002A73D1B7F1FF3F08BF60
:10CAE000B6F1FF3F6DD0B6EB090C67EB0102BCF16C
:10CAF000050F72F1000080F28481BCF1010F72F128
:10CB0000000318DA39463346059FB14668E0DAE992
:10CB10000620B0F1FF3F08BFB2F1FF3FB5D0DDF80E
:10CB200004C0AA1A6BEB0000624570F10002ACD29F
:10CB3000009A012AA9D00026304617B0BDE8F08F30
:10CB4000B5EB060C6BEB0703BCF5000F73F10003AC
:10CB500080D340F23171702002F07EFA04F1F45477
:10CB600004F5902439E700287FF446AF0190FFF7E1
:10CB7000BDF840F256339842019A00F04B8140F2E2
:10CB8000F553984200F01D81B0F5C67F00F01F817B
:10CB90000123032011460192059344E704F1614407
:10CBA00004F5F70419E700210D23032001930591F3
:10CBB00039E73223019333E71C23019330E708461A
:10CBC00058E7484605930291FFF77CFC0299059BC4
:10CBD0000027B1F1FF3F08BFB9F1FF3F00F03381FB
:10CBE00023F07F402A1A22F07F42013AB2F5000F6B
:10CBF000A1D2069B5B191B1A23F07F43B3F5000FEC
:10CC000099D80291FEF7FCFE164B0299A4EB00089E
:10CC100098453BD3041B9C42C0F0DF80104B9845E5
:10CC200030D89C4240F22881C4F1614404F5F704F5
:10CC3000A0462CE03B20804572F10002FFF446AF95
:10CC40000593009B02915F1E484618BF0127FFF71E
:10CC500039FC059B0299BCE750300020C82B00200E
:10CC6000FF7F841E0040420F25202AE7B7F1FF3FD7
:10CC700008BFB6F1FF3F00F0F58039463346B146B4
:10CC80000027ADE708F1F45808F5902844467D4B9D
:10CC900093F8283023B9049B1E33A34280F2A58069
:10CCA000039B012B04D001200291FFF717FD02998D
:10CCB000049B4BB1A8EB0302012000230291FFF774
:10CCC00099FC0299002854D000234246184602914C
:10CCD000FFF790FC0299064600284AD0009BDAF83C
:10CCE0001820012BDAF81C3000F08480002F44D18A
:10CCF000B3F1FF3F08BFB2F1FF3F00F09880012081
:10CD0000FFF74EFD9AF82030002B40F08980049AFE
:10CD10001932A24280F2A1800024A8EB020223462D
:10CD20000220FFF767FC30B1DAF800301C604FF0EA
:10CD30008043C3F80845069B1093079B119300237B
:10CD40008DF850300A934FF0FF324FF0FF33CDE9AA
:10CD50000E5BCDE90C230AAD0FCD4A4C0FC40FCDAD
:10CD60000FC495E80F0084E80F00304617B0BDE807
:10CD7000F08F0120FFF7B2FCDDE6B3F1FF3F08BF03
:10CD8000B2F1FF3F0BD00091FFF700F84FF0FF32F8
:10CD90004FF0FF33CAE906230099002FB2D0019B60
:10CDA000B9EB030261F100030520FFF723FC002823
:10CDB0005DD09AF82030002BA9D101238AF82030C9
:10CDC000A5E7322101233520019105932BE60D21A2
:10CDD000012310200191059325E62A4B93F8283072
:10CDE0006442A046002B7FF45BAF4FF4F2617020E9
:10CDF00002F032F9B3F1FF3F08BFB2F1FF3FCCD0F0
:10CE0000C1E7484608930291059FFFF75BFB029933
:10CE1000089BDEE61C2101231F200191059302E6F9
:10CE20000520FFF75BFC00238AF820306FE7FEF750
:10CE300063FF08F041FCCAE9060160E740F22141C6
:10CE4000702002F009F940F27C71702002F004F9C0
:10CE500040F23571702002F0FFF840F2BA71702094
:10CE600002F0FAF840F2A361702002F0F5F840F207
:10CE70002621702002F0F0F840F65801702002F0F0
:10CE8000EBF800BFD02F00202DE9F04F8F4F97F81F
:10CE9000214004EB44033B4483B05E7A202E48D00B
:10CEA0008B4BE5B26400002B00F08980894BDFF8E2
:10CEB0002892002B5FD006EB451207EB420A4FEA9F
:10CEC00045189AF82830013BDBB2052B34D8834A49
:10CED00012F803B0BBF1090F2ED0AFF30080EFF3CF
:10CEE000108372B62C443C449AF829206272A27ACC
:10CEF000B24204BF2022A27213B9AFF3008062B61F
:10CF0000B044730107EB480809EB4616012259F8B3
:10CF10000330706888F828205946984797F82140D0
:10CF200004EB44033B44E5B25E7A202E4FEA44040E
:10CF3000C1D103B0BDE8F08F40F26E61702002F005
:10CF40008BF862B6B044730107EB480809EB46164C
:10CF5000012259F80330706888F82820594698470C
:10CF600097F8214004EB44033B44E5B25E7A202E5F
:10CF70004FEA4404DDD006EB451207EB420A4FEAC4
:10CF800045189AF82830013BDBB2052BD4D8534A18
:10CF900012F803B0BBF1090FCED0AFF30080EFF36E
:10CFA000108372B62C443C449AF829206272A27A0B
:10CFB000964204BF2022A272002BC3D1C1E7454B89
:10CFC000DFF818B1DFF810A14FF02009002B51D085
:10CFD00006EB451207EB42024FEA451892F828305B
:10CFE000013BDBB2052BA7D81BF803100929A3D0FE
:10CFF000EFF3108372B62C443C4492F829206272FD
:10D00000A27A964208BF84F80A90002B54D0B0440C
:10D0100007EB480873010AEB461601225AF8033061
:10D02000706888F82820984797F8214004EB44035B
:10D030003B44E5B25E7A202E4FEA4404C8D178E73B
:10D0400062B6B044730107EB48080AEB46160122AA
:10D050005AF80330706888F82820984797F82140DC
:10D0600004EB44033B44E5B25E7A202E4FEA4404CD
:10D070003FF45FAF06EB451207EB42024FEA45185B
:10D0800092F82830013BDBB2052B3FF655AF1BF879
:10D09000031009293FF450AFEFF3108372B62C440C
:10D0A0003C4492F829206272A27A964208BF84F822
:10D0B0000A90002BC5D1C3E70191AFF3008062B69F
:10D0C000B044019907EB4808A4E700BF50300020A6
:10D0D0000000000000000000C82B0020EC01070049
:10D0E0002DE9F04F85B00D4614461F469DF838B027
:10D0F000FEF750FD2E686968031947F10002B3423C
:10D10000019372EB01030292C0F0CA80DFF8A8918C
:10D11000DFF8A8810BEB4B034B440393DA46039BE8
:10D120001C7A202C3BD040F2F5578C460FE06B7BED
:10D13000012B02D0537D012B56D004EB4A1409EB8E
:10D14000440494F82940202C29D0D5E9006C08EB40
:10D1500044124FEA441B91681369D0685B1840F190
:10D1600000009E427CEB0003E1D240F2563740F2D1
:10D17000F55608EB0B0C2968AB68DCF808006A6808
:10D180005B1842F100029842DCF80C3093411AD34C
:10D190009CF81530012B02D06B7B012B03D00120B2
:10D1A00005B0BDE8F08F411A0091FEF79FFDB8422F
:10D1B00000993FD0B04228D0B0F5C67F14BF0123FC
:10D1C0000E239942EBDA08EB0B032A7C197E91427D
:10D1D0001FD904EB4A1409EB440494F82940202C8D
:10D1E000DDD04FEA441BC4E7761AFEF77FFD40F21C
:10D1F0005633984220D0B84209D0B0F5C67F14BF4C
:10D2000001230E239E42B0DB97E73323D9E7332374
:10D21000F8E7D3E902611C695B7DA61941F10001C1
:10D22000012B0BD0019BB342029B8B4138D3C5E944
:10D23000006174E71D23C4E71D23E3E76B7B012B2B
:10D24000F0D00091FEF752FD40F25633984200991B
:10D250002CD040F2F553984226D0B0F5C67F14BFCB
:10D2600001230E239C42DDDAFEF740FD40F25633E7
:10D2700098421FD040F2F553984219D0B0F5C67FBE
:10D2800014BF01260E26C344DBF80830DBF80C106F
:10D29000F618019B41F10001B342029B8B41C6D2BB
:10D2A000002005B0BDE8F08F3323DBE71D23D9E76D
:10D2B0003326E8E71D26E6E750300020C82B002083
:10D2C0002DE9F047154692F8008092F80BC0AF7A2E
:10D2D00012891C4686B00023E3602361C4E9003351
:10D2E00027749DF8389084F80DC00646A3606361EA
:10D2F000E28184F811800F46B8F1000F42D1FEF7A9
:10D300008DFBD5E904C24C4BC31841F1000E9C457E
:10D3100072EB0E030AD3013E47F1FF37C4E9006701
:10D320004FF47A73A36006B0BDE8F087263041F170
:10D330000001844572EB0103EDD3288901300021FF
:10D34000844572EB01036AD3BCEB000062EB010180
:10D3500004F10C03009303AA04ABFEF7C1FB039B8B
:10D360006A682889473313441844FEF713FCDDE943
:10D370000432C01A20F07F40C4E90032A06006B039
:10D38000BDE8F0872D4804A9801A04F10C02FEF7CD
:10D390007BFB2B4B1B78202B24D02A490B69D1E92E
:10D3A0000521053342F1000A13EB01084AF1000A96
:10D3B0006B68227BE089473310441844C4E9008A33
:10D3C000FEF7E8FB3246A0603B462869CDF80090A6
:10D3D0002146FFF785FE0028A5D1C4E9006706B005
:10D3E000BDE8F087637B16F1090847F1000A012BBD
:10D3F000DED0FEF715FF0028DAD1FEF777FC40F209
:10D40000563398420ED040F2F55398420FD0B0F503
:10D41000C67FCDD116F1160847F1000AC8E740468D
:10D42000414695E716F1250847F1000AC0E716F1D5
:10D430003B0847F1000ABBE70040420FFF7F841E14
:10D44000C82F0020D02F00202DE9F047374DDFF8FE
:10D45000E08000EB40032B4406461C7A4700FFF7B0
:10D460001BF84FF0200C4FEA461E08EB44110EEB60
:10D470000403D1F808A00A69AAEB000929F07F4942
:10D48000B9F5000F05EB43030DD812EB0A02121A8F
:10D4900022F07F42B2F5000F05D8BCF1200F0BD16E
:10D4A0002046BDE8F08793F82930202BA4461C467F
:10D4B000DBD1BCF1200FF3D0BB192B440CEB46128F
:10D4C00005EB420293F8088092F829201A72710144
:10D4D00044464FF0040E0B1905EB430322469445D6
:10D4E000204683F828E093F82940F4D1BB192B4457
:10D4F0000A4493F80AE0BEF1200F5FFA8EFC18BFD1
:10D500008C443E4418BF05EB4C0C05EB42023544FD
:10D5100008BF83F809804FF0200318BF8CF82980DA
:10D52000A87282F829302046BDE8F08750300020EC
:10D53000C82B00202DE9F0414E4D01EB41032B4457
:10D540000C461E7A202E80464FEA410741D14A4BB5
:10D550000BB1AFF3008008F0AFF895F82230202B24
:10D560000AD0464BD3E904E210F1020C41F100036A
:10D57000E64572EB030331D3202E0AD042463346F0
:10D58000FFF7E4F900283FD085F822600220BDE8CB
:10D59000F081D5E90623B3F1FF3F08BFB2F1FF3FA9
:10D5A0001FD195F8203043BB0420FFF797F808F00F
:10D5B00093F80020FFF7F4F829684FF0804220200C
:10D5C00085F8220000230B600120C2F80835BDE871
:10D5D000F0810846FFF738FF8642B8D00020BDE84A
:10D5E000F081FEF7D3FB4FF0FF334FF0FF32C5E978
:10D5F000062395F82030002BD6D00520FFF76EF8D3
:10D60000002385F82030CFE73B192B4406EB44126A
:10D6100005EB420293F808E092F829201A726101A2
:10D6200073460420CA189C4605EB4202664592F8F0
:10D63000293082F82800F5D13B192B443C44987AD4
:10D640002028C2B218BF5218614418BF05EB42022D
:10D6500005EB4101254408BF83F809E04FF02003A2
:10D6600018BF82F829E085F80AC081F82930002027
:10D67000BDE8F0815030002000000000D02F0020D5
:10D6800008F028B8F8B5194A194D002342F22000D5
:10D6900020214FF0FF364FF0FF37A972288185F81F
:10D6A0002130136082F82830C2E90267AB73C5E904
:10D6B00006671C4685F8221085F8203005F12802FF
:10D6C00002F814300134202CFAD101260948EE73F7
:10D6D00001F076FE084B1870084B1C7001F0E0FE5C
:10D6E0002860FEF77FFE85F82360F8BDD02F00206C
:10D6F0005030002089CE030000300020C82F0020C9
:10D700002DE9F04F85B007F0D7FFC04E0746884699
:10D7100007F0E2FFD6E90223B3F1FF3F08BFB2F101
:10D72000FF3F05D04FF0FF324FF0FF33C6E9022331
:10D7300096F82830ABB94FF40C71B069FEF7A6FA31
:10D7400033697269B169023342F100025B1842F138
:10D7500000021B1842F100029F4278EB020380F0A6
:10D760006181AB4C4FF0FF304FF0FF31FEF7AAFE66
:10D77000E37B002B40F04581A64991F800B00122DF
:10D78000BBF1200FE27300F0378120220A7084F889
:10D790002220A373336094F8213003EB430AA244A0
:10D7A0005FFA83F99AF808505B009542009307D01E
:10D7B000994B03EB45102A46407E012800F0C580B6
:10D7C000009BDFF858A203EB0908202DA0444FEA84
:10D7D000491708D04846FFF737FE854203D098F82E
:10D7E0000850202DF6D1BAF1000F01D0AFF3008020
:10D7F00007F062FF94F82230202B09D0D6E90423E9
:10D8000010F1020E41F1000C724573EB0C03E6D3EC
:10D81000202D38D02B460122FFF798F8002859D048
:10D8200084F8225007EB0B0304EB430393F8282002
:10D83000022A1DD1009A4A442244062183F8281066
:10D84000917ACBB220291CBFDB1904EB43035F4460
:10D8500018BF83F829B0009B08BF82F809B04B4479
:10D86000234404EB470783F80AB0202387F82930C4
:10D87000FF232374009B4B441C44637A202B5DD10F
:10D8800005B0BDE8F08FD4E90623B3F1FF3F08BF30
:10D89000B2F1FF3F07D0FEF779FA4FF0FF324FF0B9
:10D8A000FF33C4E9062394F82030002B3FD1042035
:10D8B000FEF714FF07F010FF0020FEF771FF21684C
:10D8C0004FF080420023202084F822000B60C2F831
:10D8D0000835A7E77B1904EB430398F8080093F891
:10D8E000293088F80830024604211346BA1804EBA0
:10D8F00042029D4282F8281092F82920F5D198F82A
:10D900000A1088F80A30CAB220291CBFD21904EBC9
:10D9100042023B4404EB430318BF82F829004FF056
:10D92000200208BF88F8090083F8292057E705205E
:10D93000FEF7D4FE002384F82030B8E7384B18787F
:10D9400005B0BDE8F04F01F067BD0978202914D07B
:10D95000316970694F1DB16940F10000791840F1DB
:10D960000000019003EB4213D3E9020288420198C0
:10D97000824128BFC3E9021022E701FB0531487D3F
:10D9800017F1090148F1000C0128CDF804C0E9D0D5
:10D99000CDE90251FEF744FCDDE902211E4B10B136
:10D9A0009AF80850DEE7CDE90221FEF79FF940F230
:10D9B0005635A842029A184B0CD040F2F555A842B1
:10D9C00014D0B0F5C67F03990AD00098484420448B
:10D9D000057AC7E717F1250148F100000190F4E747
:10D9E00017F1160148F100000190EEE717F13B0135
:10D9F00048F100000190E8E74FF43171702001F028
:10DA00002BFB40F2C121702001F026FBD02F00201B
:10DA100050300020C82F0020C82B0020000000003C
:10DA200000300020074B084A1B78580102EB4313D3
:10DA3000082112585868904740F2B621702001F032
:10DA40000BFB00BFC82F0020C82B002070B5134C63
:10DA50000D460646FEF780FA94F8213004F1280CB2
:10DA6000D9B20CEB831C002302E00133202B12D02F
:10DA70001CF81320D8B2002AF7D103EB4111084A51
:10DA800004EB4104590102EB43135650012284F880
:10DA900028205D6070BD184670BD00BF503000206A
:10DAA000C82B00201F280AD80C4991F8213000EB20
:10DAB000431301EB430393F82820012A01D00020EF
:10DAC000704791F8213000EB431301EB43034FF013
:10DAD000000C104683F828C0704700BF503000206B
:10DAE00010B5094C04EB4014D4E90201FDF796FF90
:10DAF000227DE38A9B1803F101034FF0000252419B
:10DB0000181842EB010110BDC82B00200378002B30
:10DB100040F0EF802DE9F04F804A5368C3F30803CB
:10DB20008BB08246002B40F0CF80DFF8F4917D4F20
:10DB3000DFF8F4B109F1080827B1002140F24940AB
:10DB4000AFF3008099F82140E4B24FF0000389F868
:10DB5000103027B1002140F24E40AFF30080734BEC
:10DB6000661C03EB841E06F0010503EB851CBEE872
:10DB70000F00ACE80F00BEE80F00ACE80F00BEE8F5
:10DB80000F00ACE80F009EE80F0024B28CE80F00F5
:10DB90002E4627B1002140F2DE30AFF3008004EBC7
:10DBA000440405EB450508EB040338F804209B7892
:10DBB00028F805204544AB7057B1002140F2E2300F
:10DBC000AFF3008027B1002140F25340AFF3008053
:10DBD00007F072FD009604AB524604460D46FFF76F
:10DBE0006FFB27B1002140F25A40AFF30080504B49
:10DBF0001B78202B44D0DBF81030DBF81420DBF846
:10DC00001810053342F100025B1842F10002DDE911
:10DC10000401984271EB020C009628D34548224635
:10DC20002B4604A9FFF75CFAC0B1DDE90401FDF75A
:10DC3000F5FEBDF81E309DF81C401B1903F10103D1
:10DC40004FF0000252411B1842EB0102CAE90432B4
:10DC500027B1002140F26D40AFF3008099F81030F9
:10DC6000002B7FF469AF01200BB0BDE8F08FCDE948
:10DC7000043204A922462B462E48FFF731FAD4E796
:10DC80009DF81D1014F1090345F100020129BED0D1
:10DC9000CDE90232FEF7C4FADDE902320028B6D13E
:10DCA000FEF724F840F25631884232D040F2F55166
:10DCB000884229D0B0F5C67FDDE90232A7D114F140
:10DCC000160345F10002A2E7103B59B2002912DB0E
:10DCD00001F1604101F5614191F80003400900281C
:10DCE000C2D0DFF83C900F4FDFF83CB009F10808D4
:10DCF00022E70020704703F00F03043B1344187E13
:10DD000040090028EDD1AFE714F13B0345F10002D3
:10DD10007DE714F1250345F1000278E700ED00E00E
:10DD20005030002000000000D02F0020783000206C
:10DD3000C82F00200040420F2DE9F04FB14A536830
:10DD400091B0C3F3080303900791002B40F03D828C
:10DD500008230693079B1B78012B00F2E882DFF86B
:10DD6000A8B2BBF1000F04D0002140F24350AFF342
:10DD700000800023DFF894A2DFF89482049301244A
:10DD8000BBF1000F04D000214FF4AA60AFF3008074
:10DD900024B9A04B0BB1AFF3008062B69AF82130E2
:10DDA0005FFA83F9CDF814904FF000038AF8103031
:10DDB000069B002B40F0AB80BBF1000F04D000218C
:10DDC00040F26450AFF3008007F076FC059B0093AF
:10DDD000079A0AAB0446FFF773FABBF1000F04D0B1
:10DDE000002140F26C50AFF30080039B03EB49131A
:10DDF0000AEB43034FEA491693F82830013B012B05
:10DE000000F2CB80DDE90A3224F07F441D1B25F0AF
:10DE10007F4121F00101002940F0D680039A09EBEF
:10DE200049035344B218997A0AEB4202042082F85B
:10DE3000280020294FEA49020992CAB200F015824F
:10DE40003244039B0AEB420282F829301A464FEA19
:10DE500049034B44534416440AEB46069A72202366
:10DE600086F82930002304930125BBF1000F04D06C
:10DE7000002140F27150AFF30080674B0BB1AFF35C
:10DE80000080EFF31086344672B69AF81030002BFB
:10DE90007FF476AF039B0AAF08EB43140FCF08342F
:10DEA0000FC497E8030084E80300A5B1069B002B8C
:10DEB00000F0B281049B23B1584B1B78202B00F05B
:10DEC000FC819AF82130DB4303F001038AF821300A
:10DED000FF238AF8103026B94E4B0BB1AFF3008008
:10DEE00062B6BBF1000F04D000214FF4B560AFF370
:10DEF0000080002D53D1BBF1000F04D0002140F26F
:10DF0000B450AFF30080284611B0BDE8F08F059AF9
:10DF1000434B551C05F0010503EB821E03EB851CEA
:10DF200017B2BEE80F00ACE80F00BEE80F00ACE887
:10DF30000F00BEE80F00ACE80F009EE80F00A946F6
:10DF40008CE80F002EB2BBF1000F04D0002140F28C
:10DF5000DE30AFF30080334B07EB470706EB460696
:10DF6000DA19D95B9278995333449A70BBF1000F58
:10DF70000CD0002140F2E230AFF30080BBF1000F83
:10DF800004D0002140F25A50AFF300809AF81030CC
:10DF9000002B7FF4F5AE05950EE7002565E79AF8AE
:10DFA000213003EB430353445B7A202BA3D0BBF116
:10DFB000000F04D0002140F2AF50AFF300801A4BA5
:10DFC000187801F029FA96E725F07F45B5F5000F9E
:10DFD0003FF624AF0C99C9180C1B24F07F44B4F50C
:10DFE000000F3FF61BAF09EB490151440C7A4FEA91
:10DFF0004901202C099100F045812021944604918B
:10E000001A4627E000ED00E000000000503000203C
:10E01000C82B00200000000000000000C82F0020D6
:10E020007830002058300020003000209DF8351056
:10E03000012903D0417D012900F0B18033190AEB99
:10E04000430393F82930202B00F02B81DDE90A2CC3
:10E0500004941C4608EB4410650187680169C36895
:10E06000C91943F1000E8A427CEB0E03DED213463F
:10E070006246049F0C9908EB0500C918D0F808C047
:10E0800042F100028C45C16871EB020275D3427DFA
:10E09000012A03D09DF83520012A59D0049B9F42C4
:10E0A00000F0EA80202F00F04781049B202B06EB34
:10E0B00007030AEB430393F8292000F02F81049B08
:10E0C000F3180AEB430393F8294083F829202246EA
:10E0D0000520B3180AEB430311468F4293F8292019
:10E0E00083F82800F5D1099B4B445344987A2028A3
:10E0F00008BF5C72099B4B44C1B253441CBF8919D1
:10E100000AEB41019F72039B18BF81F82940F31865
:10E11000F1190AEB43030AEB4101202081F82900A1
:10E1200083F82920049B834200F0B2801C463444CB
:10E130000AEB4404039B84F8293000230493039BD7
:10E140001E440AEB4606032386F8283001258CE698
:10E15000ACEB03030893FDF7C9FD40F25633984238
:10E16000089B55D040F2F55290424DD0B0F5C67F95
:10E1700014BF01220E229A4290DD45449DF83830AA
:10E180002A7E9A424FD933190AEB4303274693F864
:10E190002940202C6CD0DDE90A3265016AE7D71BE3
:10E1A000FDF7A4FD40F25633984233D040F2F553C8
:10E1B00098422BD0B0F5C67F14BF01220E22BA427E
:10E1C0007FF73CAFDDE90A3253E7103B59B2002933
:10E1D00043DB01F1604101F5614191F800335B09D6
:10E1E0000693002B7FF4B6AD584B1B78202B00F024
:10E1F000A880079B1B780693002B3FF4B0AD40F23C
:10E200003C51702000F028FF3322B4E73322D6E7D8
:10E210001D22B0E71D22D2E7FF238AF81030002E1E
:10E220007FF45FAE58E6099B039A4B445344B218FF
:10E23000997A0AEB42020420202982F82800CAB207
:10E2400008D03244039B0AEB420282F829301A4676
:10E25000099BFEE5039A5A72FAE703F00F03043BA9
:10E2600013441B7E5B090693BBE7039A5A72EEE5E3
:10E27000049B9F427FF419AF202B11D1099B4B4483
:10E2800053441C7A039BF3180AEB430383F8294099
:10E29000099B039A4B4453441A72012304934EE79B
:10E2A0001C4633190AEB430393F82920039BF31808
:10E2B0000AEB430383F8292039E705990220FFF789
:10E2C00039F900287FF4FDAD9AF82130039F03EB64
:10E2D0004301514407EB43128C7A0AEB42020420BB
:10E2E000202C82F82800DDB24FEA4312E0B24FEA58
:10E2F000430319D011180AEB410181F829703946FE
:10E300002B4453440A440AEB420299722023049D91
:10E3100082F82930002E7FF4E4ADDDE5099B4B4403
:10E3200053441C7A1A72D2E64F723946E8E74FF42A
:10E33000A861702000F090FE4FF4E871702000F0AA
:10E340008BFE40F23951702000F086FEC82F00206D
:10E350002DE9F84F7B4CDFF8F08105464FF0010BBB
:10E3600004F1080AB8F1000F04D0002140F2C650B1
:10E37000AFF30080BBF1000F04D1744B0BB1AFF3CE
:10E38000008062B64FF000032374B8F1000F04D090
:10E39000002140F2CB50AFF3008094F821606C4B29
:10E3A000B146013606F0010703EB891E03EB871C1B
:10E3B000BEE80F00ACE80F00BEE80F00ACE80F00AD
:10E3C000BEE80F00ACE80F009EE80F003E468CE868
:10E3D0000F00B8F1000F04D0002140F2DE30AFF39F
:10E3E000008009EB490907EB47070AEB09033AF8F4
:10E3F00009209B782AF807205744BB70B8F1000F1A
:10E4000004D0002140F2E230AFF30080237C03F01F
:10E41000FF01002B40F08680B8F1000F03D040F2DE
:10E42000D550AFF3008005EB461304EB43037701AF
:10E4300093F82820032A73D106EB4602224492F86F
:10E4400008904D4578D0B9F1200F69D04B4601E0D6
:10E45000202B65D0FA1804EB4202194692F82930B5
:10E460009D42F5D1202D5BD07B19394404EB430349
:10E4700004EB410193F8293081F82930B8F1000FFD
:10E480000CD0002140F24B30AFF30080B8F1000F08
:10E4900004D0002140F2DA50AFF300802F4404EBA7
:10E4A0004707012387F82830B8F1000F04D0002176
:10E4B00040F2E350AFF30080264B0BB1AFF3008086
:10E4C000EFF3108B72B6237C002B7FF44BAF4D45DE
:10E4D00003D1214B1B78202B1CD094F82130DB4337
:10E4E00003F0010384F82130FF2323740124BBF1DE
:10E4F000000F04D1154B0BB1AFF3008062B6B8F139
:10E50000000F04D0002140F20560AFF300802046E8
:10E51000BDE8F88F31460220FFF70CF80028DCD167
:10E520000024E4E7B8F1000F3FF424AF002140F2EB
:10E53000D150AFF3008015E7202DF1D093F82930AA
:10E5400013729BE750300020000000000000000024
:10E550007830002000000000C82F002070B5062889
:10E560000DD8DFE800F01C52040C0C740D00B14A09
:10E570004FF0804112680123C1F80835136070BD67
:10E58000AD4D2B78202B00F09180AC4C5A0104EB60
:10E590004313A2585868BDE8704005211047A54CA8
:10E5A000D4E90623B3F1FF3F08BFB2F1FF3F00F00B
:10E5B000D080A34E0120FEF7F3F8737F012B04D027
:10E5C000FDF72EFE002800F030819B4D2B78202B8C
:10E5D00000F09B80FF23A373D6E90223B3F1FF3F32
:10E5E00008BFB2F1FF3F05D00520FEF703F8002871
:10E5F00000F016812B78914A590102EB4313BDE8D4
:10E60000704052585868012110478B4D2B78202BB1
:10E6100000F0A6808A4E737F012B04D0FDF700FE28
:10E62000002800F0F380834CD4E90623B3F1FF3FC8
:10E6300008BFB2F1FF3F61D02B78804A590102EB4D
:10E640004313BDE870405258586800211047794C78
:10E6500094F820307BB1D4E90623B3F1FF3F08BF23
:10E66000B2F1FF3F00F0A2800120FEF799F80023ED
:10E6700084F8203070BD704D2A78202A00F09D80EB
:10E680006F4E4FF0FF324FF0FF33C6E90223A37BFA
:10E69000002B00F0B6802B78684A590102EB431337
:10E6A000BDE870405258586806211047614890F8FC
:10E6B000213003EB43010144DAB20B7A202B00F046
:10E6C000AA8003EB421200EB420292F829400C723E
:10E6D000FF210174022182F82810584C58492B70F0
:10E6E0000022C27381F8282004EB4312127E002A14
:10E6F0007FF44CAF01F04EF92B7847E7FDF7FCFAB9
:10E7000006F0DAFFC4E9060196E794F82130DAB2A0
:10E7100003EB43032344197A20297CD001EB4212F6
:10E7200004EB420292F829001872FF232374434B32
:10E73000297003EB41110023097EE37386F828302A
:10E74000022382F8283000297FF444AF01F022F937
:10E7500040E7FDF7D1FA06F0AFFFC4E9060128E76C
:10E76000344A92F8213003EB43001044DBB2017AC3
:10E77000202950D001EB431302EB430393F82940C7
:10E780000472FF201074022083F828002B4B29709C
:10E7900003EB41112A4E097E0023D37386F82830FB
:10E7A00000297FF438AF01F0F5F834E7FDF7A4FA5B
:10E7B00006F082FFC4E9060156E794F82120D1B2A1
:10E7C00002EB42022244107A202824D000EB4111AF
:10E7D00004EB410191F829601672FF222274174A56
:10E7E000287002EB4010164E027EE37386F8283044
:10E7F000022381F82830002A7FF443AF01F0CAF8E1
:10E800003FE740F24361702000F026FC40F2516186
:10E81000702000F021FC40F24721702000F01CFC29
:10E8200040F22F61702000F017FC40F22961702047
:10E8300000F012FC50300020C82F0020C82B002010
:10E84000D02F002070B5274B1A78202A86B044D0EC
:10E85000254CD4E90213B3F1FF3F08BFB1F1FF3FEC
:10E8600036D1224D05EB42150646D5E90201FDF7EA
:10E87000D5F8EA8A2B7DD31803F101034FF000028B
:10E8800052419B1942F1000218180DF10B0342EBA3
:10E890000101009303AA04ABFDF722F99DF80B20B8
:10E8A000DDE904310F2A94BF002201229B1841F1B7
:10E8B0000001C4E902310E4B9B7B13B9012006B065
:10E8C00070BDD4E902230520FDF794FE06B070BDAB
:10E8D00040F62F01702000F0BFFB40F62E017020A3
:10E8E00000F0BAFBC82F0020D02F0020C82B00203A
:10E8F00050300020FDF7D0BD38B5234B93F800E031
:10E90000BEF1200F3AD0214D95F8213095F821C065
:10E9100003EB43032B445FFA8CFC1B7A202B1FD0A4
:10E920001B4C4FEA4C1C06E0634405EB430393F891
:10E930002930202B14D004EB4312117E8142F3D8EE
:10E9400004EB4E14D4E9021320694018D2E90212F4
:10E9500043F10003814272EB030304D2002038BD6F
:10E960004FF0FF3038BD0B4B081A1C68FDF748F814
:10E9700004F132038342F1D8001B38BD40F6680130
:10E98000702000F069FB00BFC82F0020503000202D
:10E99000C82B0020D02F00202DE9F04F8D4B1E7882
:10E9A00087B0202E019000F010818B4F8B4D97F88F
:10E9B000213003EB43033B44804628681C7A2B69D3
:10E9C00003930DF11302AB6902938946404405A9F4
:10E9D000FDF75AF8824BA8F132029A4261D8DFF86B
:10E9E0000482059B696908EB4616B2689B18326978
:10E9F0009B182A699B1A23F07F40B0F5000F50D86E
:10EA000097F821A0AB61202C85F820905FFA8AFA54
:10EA100018BF4FF0200B00F0CB8008EB441C9B1874
:10EA2000DCF8080041F100019842DCF80C308B4121
:10EA30004FEA44164ED39CF81530012B02D06B7F61
:10EA4000012B32D00520FDF749FE97F821104FF039
:10EA5000FF324FF0FF33BBF1200FC5E90223C9B2EB
:10EA600040F0A48001EB4101394420240B7A594A3B
:10EA700097F82110127802EB411207EB420282F85C
:10EA800029302B68019A13442B60FF233B74202C00
:10EA900040D0554B187800F0BFFC002007B0BDE80F
:10EAA000F08F012007B0BDE8F08FA0EB0209FDF761
:10EAB0001DF940F25633984220D040F2F553984267
:10EAC0001AD0B0F5C67F14BF01230E234B45B9DD24
:10EAD00095F820904644337E4B4511D904EB4A13F8
:10EAE00007EB430393F82930202B17D0A346D5E931
:10EAF00004211C46AB6990E73323E7E71D23E5E7D4
:10EB0000DDE902312A695B189B1A0220AB6107B06C
:10EB1000BDE8F08F002007B0BDE8F08F0520FDF7BD
:10EB2000DDFD4FF0FF324FF0FF3397F82110C5E9BC
:10EB30000223C9B201EB41033B4404EB411207EB52
:10EB4000420293F808A092F829201A724FEA410C69
:10EB5000480153464FF0050800EB030E07EB4E0E3D
:10EB60001A4694421E468EF828809EF82930F3D12A
:10EB70000CEB010EBE4461449EF80A90B9F1200FDF
:10EB80005FFA89F818BF80443944024418BF07EB84
:10EB9000480807EB42028E724FF0200114BF88F83C
:10EBA00029A08EF809A082F8291060E75C46C1E729
:10EBB0000520FDF793FD97F821104FF0FF324FF03D
:10EBC000FF33C5E90223C9B24CE74FF40961702055
:10EBD00000F042FAC82F002050300020D02F002033
:10EBE000CE3F420FC82B0020003000202DE9F04F0F
:10EBF000A64C94F8213000EB431304EB430383B09D
:10EC000093F82830002B00F03C8194F82170DFF855
:10EC100080820546FFB2B8F1000F04D0002140F613
:10EC2000CF00AFF300807E0105EB471704EB4707E9
:10EC3000B8F1000F40F0E880771904EB470797F828
:10EC40002830012B09D0043B022B40F2D08006F083
:10EC5000EFFD97F82830012BF5D1DFF838B201230A
:10EC60000193ABF1200AB8F1000F04D0002140F667
:10EC7000E600AFF30080019B23B9874B0BB1AFF3E4
:10EC8000008062B64FF000032374B8F1000F04D087
:10EC9000002140F6EB00AFF3008094F82160B1460C
:10ECA0000BEB891EBEE80F00013606F001070BEBE7
:10ECB000871CACE80F00BEE80F00ACE80F00BEE810
:10ECC0000F00ACE80F009EE80F003E468CE80F00F6
:10ECD000B8F1000F04D0002140F2DE30AFF3008025
:10ECE00009EB490907EB47070AEB09033AF8092042
:10ECF0009B782AF807205744BB70B8F1000F04D066
:10ED0000002140F2E230AFF30080237C03F0FF01EA
:10ED1000002B40F08E80B8F1000F03D040F6F500D4
:10ED2000AFF3008006EB460323444FEA46095F7ABF
:10ED3000BD4200F09B80202F30D0700101E0202FD9
:10ED40002CD0C31904EB430339463A4693F8297093
:10ED5000BD42F4D1202D21D00144284404EB4000D1
:10ED600004EB410190F8293081F82930B8F1000F07
:10ED700006D0002140F243300192AFF30080019AA7
:10ED800009EB060323449B7A9F4260D0B8F1000F41
:10ED90000CD0002140F24B30AFF30080B8F1000FEF
:10EDA00004D0002140F6F900AFF300803B4B0BB1DB
:10EDB000AFF30080EFF31083019372B6227C002A38
:10EDC0007FF451AF84F82160FF22227423B9324BC3
:10EDD0000BB1AFF3008062B6B8F1000F04D0002190
:10EDE00040F60B10AFF3008003B0BDE8F08F73194D
:10EDF00004EB4303DFF89CB0012283F828200123B1
:10EE00000193ABF1200A2EE797F82830012B3FF44D
:10EE100024AF043B022B16D9002140F6DB00AFF3F0
:10EE2000008006F005FD002140F6DF00AFF3008012
:10EE3000FEE6B8F1000F3FF41EAF002140F6F100EE
:10EE4000AFF300800FE7012387F82830EBE7B8F134
:10EE5000000F06D0002140F246300192AFF300804F
:10EE6000019A09EB060323449A728FE7202D95D06F
:10EE700005EB461204EB420292F829205A72202236
:10EE800074E740F6C601702000F0E6F8503000202C
:10EE900000000000783000200000000000000000AA
:10EEA00070B586B063BB064610460D46FCF7A8FD5C
:10EEB0000DF10B030446009303AA04AB2946304628
:10EEC000FCF70EFE039A1349A31A8B420BD3121BB5
:10EED0008A420ED310498B420DD88A4215D9C2F10D
:10EEE000614303F5F7030A9AA2F10F00C01A06B0B6
:10EEF00070BD5342F7E703F1F45303F59023F2E7B3
:10EF000040F61111702000F0A7F840F6580170206B
:10EF100000F0A2F80040420FFF7F841EBFF34F8F26
:10EF20000549064BCA6802F4E0621343CB60BFF3A5
:10EF30004F8F00BFFDE700BF00ED00E00400FA05C1
:10EF4000094B01225A604FF0FF32C3F80823074BE8
:10EF50004FF48042C3F88020BFF34F8FBFF36F8F11
:10EF6000C3F88021704700BF00E0004000E100E0EE
:10EF7000094B01225A604FF0FF32C3F80823074BB8
:10EF80004FF48052C3F88020BFF34F8FBFF36F8FD1
:10EF9000C3F88021704700BF00C0004000E100E0DE
:10EFA000084B0022C3F8FC2F0122C3F8FC2F064BAC
:10EFB0000222C3F88020BFF34F8FBFF36F8FC3F8D7
:10EFC000802170470010004000E100E0F8B51B4EC2
:10EFD000337805460C4617466BBBFCF72FFC184BE5
:10EFE0007760002D08BF1D4628463472FFF7D8FF12
:10EFF000FFF7BEFFFFF7A4FFFCF7BAFF0546C0B955
:10F00000FEF740FBFCF7A8FFFCF7F2FE06F05DFA06
:10F01000002C0CDB04F01F026409A40004F160441E
:10F0200004F5614401239340C4F880312360012337
:10F0300033702846F8BD4FF0FF35FAE7F83000206E
:10F04000F201070008B572B6024B5B6803B198473E
:10F05000FFF764FFF83000201FB572B6134B5D68F0
:10F060008DB9FFF75BFFB2FBF6F2DCB20133002A89
:10F07000F9D104F110036B4403F80C2C0A2234B9C3
:10F0800001A8A847EDE7024600230A26EDE7631E24
:10F0900004AEDCB256FA83F3B0FBF2F602FB1600C4
:10F0A000303003F80C0C3046E9E700BFF8300020A0
:10F0B000074B93F90830002B09DB5A09012103F0B3
:10F0C0001F0301FA03F34032024941F8223070472E
:10F0D000F830002000E100E0014B1878704700BFD5
:10F0E000F83000202DE9F84FDFF8C4A0314C324D44
:10F0F000DFF8C890074601269AF800805FFA88F882
:10F10000FF238AF80030B8F1000F01D08AF80130EF
:10F11000EFF3108272B600236660C4F80031C4F8C1
:10F120000431C4F8047526603AB962B605E0D4F833
:10F13000043133B92B69DB0620D4D4F80031002B1D
:10F14000F5D0D4F80431002BE2D1B8F1000F13D17F
:10F150009AF80130DBB28AF8018003214FF4804233
:10F16000C4F80813C4F80481C4F80081C9F88021E8
:10F170008AF80080002BBFD1BDE8F88F4FF48043A0
:10F18000C9F88031EFF3108B72B60323C4F804334F
:10F19000D4F8003113B9D4F804311BB1BBF1000F1E
:10F1A000CBD1C2E706F044FBBBF1000FC5D1BCE7F1
:10F1B0000431002000E0004000ED00E000E100E04C
:10F1C00070B51646DA078CB01D4686468C4640F16F
:10F1D000A280C37B8DF80030837B8DF80130437BA8
:10F1E0008DF80230037B8DF80330C37A8DF804303C
:10F1F000837A8DF80530437A8DF80630037A8DF8DE
:10F200000730C3798DF8083083798DF80930437958
:10F210008DF80A3003798DF80B30C3788DF80C30F7
:10F22000837842788DF80D3003788DF80F308DF8A3
:10F230000E20CA7B8B7B8DF810208DF811304A7B15
:10F240000B7B8DF812208DF81330CA7A8B7A8DF8EB
:10F2500014208DF815304A7A0B7A8DF816208DF827
:10F260001730CA798B798DF818208DF819304A79C2
:10F270000B798DF81A208DF81B30CA788B788DF8B1
:10F280001C208DF81D304A780B788DF81E208DF8E3
:10F290001F306C462046FFF725FFAB0731D59DF8A0
:10F2A0002F009DF82E109DF82D209DF82C303070E9
:10F2B00071709DF82B009DF82A10B270F3709DF8C4
:10F2C00029209DF82830307171719DF827009DF834
:10F2D0002610B271F3719DF825209DF8243030720C
:10F2E00071729DF823009DF82210B272F3729DF89E
:10F2F00021209DF8203030737173B273F3730CB01A
:10F3000070BD0DF1200CBCE80F0030607160B26080
:10F31000F3600CB070BDDEF80410DEF80820DEF8F3
:10F320000C3000686C46A646AEE80F00DCF8000022
:10F33000DCF80410DCF80820DCF80C30AEE80F0034
:10F34000A8E700BF1B4B4FF4805270B5C3F8802074
:10F35000BFF34F8FBFF36F8F174D184C0021C5F8C7
:10F360000011C3F880212669236943F0100323614B
:10F370000123C5F8043306F010062B60D5F80031E0
:10F38000A3B11EB9236923F0100323610A4B0122A4
:10F39000D3F808055A60C3F808230022C3F80021F7
:10F3A000044B4FF48052C3F8802170BD06F040FA40
:10F3B000E4E700BF00E100E000C0004000ED00E035
:10F3C00038B50C49024605200138C0B2FF2803D1E8
:10F3D00048216920FFF740FE01EBC0031D7905F0CD
:10F3E000FF04002DF0D141F8302001225C719C71A6
:10F3F0001A7138BD08310020042808B503D94F21FF
:10F400006920FFF729FE034B03EBC00000230371C3
:10F4100008BD00BF08310020042808B503D95821D1
:10F420006920FFF719FE094B03EBC0000379012B9C
:10F4300001D05921F4E7437982790133DBB29A4252
:10F4400018BF4371BDE80840FFF732BE0831002005
:10F4500070B5124C06250026013D15F0FF0500D1C0
:10F4600070BD94F8281004EBC1031A79012A09D160
:10F4700058799A79904205D05A79D2B29A7154F853
:10F480003130984794F828300133DBB2042B94BF15
:10F4900084F8283084F82860DEE700BF08310020B7
:10F4A00008B506F03EF970B906F044F958B906F00F
:10F4B0004AF940B906F059F9044A054B002808BF3B
:10F4C0001346184608BD024BFBE700BF00E70140AA
:10F4D0000C05004008B506F048F908B3EFF31080BA
:10F4E00072B6104A1369116941F010011161A2F559
:10F4F000406203F01003D2F80011D2F804210A434D
:10F5000000D040BF20BF00BF00BF00BF00BF23B975
:10F51000044A136923F01003136100B962B608BDF1
:10F5200020BFFCE700ED00E0914270B53BD2B2FA9B
:10F5300082F33BB1C3F1200420FA04F49940214343
:10F5400098409A40160CB1FBF6FC06FB1C142404F0
:10F550001FFA82FE030C85B204EB10400CFB0EF484
:10F56000844206D9201A90428CBF02200120ACEBC5
:10F57000000C03EB01410CFB1211B1FBF6F006FB92
:10F58000101105EB014100FB0EFE8E454FEA0C4CBD
:10F5900006D9AEEB010E96458CBF02220122801ADD
:10F5A00040EA0C0070BD73219620FFF755FD00BFA7
:10F5B00070B51D4604461646FFF7B6FF049B28604B
:10F5C00000FB16441C6070BD2DE9F8431C4652EA4E
:10F5D000040349D0074615460E467CB9914208D32C
:10F5E00021463046FFF7A0FF04462A46384604FB72
:10F5F0001561FFF799FF2146BDE8F883B4FA84F955
:10F60000B9F11F0F34DC4FF0010808FA09F2A2FB30
:10F61000051320FA08F002FB043226FA08F140EA4A
:10F62000C670FFF781FFC9F11F03D8404FF00001FA
:10F6300018D0431E8C4661EB010105FB01F203FB70
:10F64000042280461846A5FB033EFB1A724466EB73
:10F6500002061F46AF4276EB040324BF40466146D4
:10F66000BDE8F8838446F5E7CA219620FFF7F4FC4D
:10F67000E7219620FFF7F0FC92B1013A17D010B5C0
:10F68000034600EB020C01E09C450BD08E461C4665
:10F6900011F8012B13F8010B9042F5D0801A10BD20
:10F6A0001046704760789EF80120801A10BD0078DF
:10F6B0000A78801A704700BF10B5441A94422BD3C1
:10F6C0004AB34B1CC31A022B31D9531E072B2ED918
:10F6D00022F003048C4686460C445CF8043B4EF84A
:10F6E000043BA445F9D122F003039A4202F003043B
:10F6F00000EB030C01EB030E0DD0CA5CC254012CCD
:10F7000009D09EF801308CF80130022C03D09EF80D
:10F7100002308CF8023010BD002AFCD08B18024455
:10F7200013F801CD02F801CD8B42F9D110BD4B1E6B
:10F730000244014613F8014F01F8014B9142F9D1FF
:10F7400010BD00BF81EA00039B072DE9F0415DD1A8
:10F7500087075FD0002A57D0034601E0002A53D024
:10F7600011F801CB03F801CB9E0702F1FF32F5D16E
:10F77000032A28D941EA0305141F6D074FEA940EA6
:10F780004AD12B2C48D90EF101084FEA580C03EB53
:10F79000CC0CA1F108051C46F5E90267E4E8026714
:10F7A0006445F9D118F0010F28F0010403D051F895
:10F7B000245043F824500EF1010402F0030203EB3D
:10F7C000840301EB8401FAB1541E022C20D922F0EB
:10F7D00003058C460D449E465CF8044B4EF8044BE2
:10F7E000AC45F9D122F00304A2422344214402F0A3
:10F7F000030509D00A781A70012D05D04A785A708D
:10F80000022D1CBF8A789A70BDE8F0810346DAE7C2
:10F810001546EFE70346ABE70EF1010701EB87075B
:10F820001D1F0C4654F8046B45F8046FBC42F9D117
:10F83000C1E700BF2DE9F04184075FFA81FE5FD088
:10F84000002A59D0034601E0002A55D003F801EB05
:10F85000990702F1FF32F7D14EEA0E24032A44EA57
:10F8600004443ED9151FAE08172D06F10106C3F357
:10F87000800147D99846002940D048F8044B771AB0
:10F8800003EB810C79080CEBC101CCE900440CF1CD
:10F89000080C6145F9D127F0010C08EB8C01674594
:10F8A000CCEB8C7805EB880517D02F1F032F0C604D
:10F8B00013D9A5F10807032F4C600ED9A5F10C0749
:10F8C000032F8C6009D9A5F11007032FCC6004D950
:10F8D000143D032D0C6188BF4C6102F0030203EB61
:10F8E00086034AB1013A83F800E005D0012A83F883
:10F8F00001E018BF83F802E0BDE8F0811546BEE7DD
:10F900000346A9E719461546CFE700BF014B1B6820
:10F910001B68184700070020014B1B685B681847ED
:10F9200000070020014B1B689B6818470007002058
:10F93000014B1B681B69184700070020034B186820
:10F94000034BC01A18BF0120704700BF00070020FA
:10F95000FC01070038B50E4C237803F0FF05B3B95E
:10F960006378012B06D102236370636813B1636867
:10F97000984765606378032B09D10025657063683B
:10F980002BB1A3685B69984763689847656038BD89
:10F9900070310020014B01229A77704770310020AE
:10F9A000042873B5064604D940F23D116820FFF7DC
:10F9B00053FB104D0124FFF7CDFF2C706B78022B09
:10F9C00014D1AB683046DB68984705EB4602537D9F
:10F9D00083420DD3AB7FA34200D0137D8DF804305A
:10F9E000AB688DF805601B6801A8984702B070BD30
:10F9F0002346F3E77031002010B520B940F25311CF
:10FA00006820FFF729FB064B5A78022A02D05A7861
:10FA1000032A04D19B68BDE810405B68184710BDFD
:10FA20007031002010B5084C6378022B02D0637847
:10FA3000032B02D1A3689B6898470023A377237008
:10FA4000BDE81040FFF786BF70310020054B5A78A3
:10FA5000022A02D05A78032A02D19B681B691847F0
:10FA60000020704770310020054B5A78022A02D0DE
:10FA70005A78032A02D19B689B6918470020704777
:10FA800070310020024B5878003818BF01207047B1
:10FA90007031002010B500210446E8F7FBF920B9C9
:10FAA0002046BDE81040E8F785BA04F10040E8F7C9
:10FAB00081FA404261EB410110BD2DE9F0478646D5
:10FAC0008C460846089E154674461946002B40F0A1
:10FAD000C2808542B2FA82F245D94AB1C2F120030E
:10FAE00000FA02FC2EFA03F3954043EA0C0C944012
:10FAF0004FEA154EA8B2BCFBFEF8230C0EFB18CC47
:10FB000008FB00F943EA0C43994528D9EB1808F1A2
:10FB1000FF3704D2994502D9A8F102072B44A3EB81
:10FB20000903A4B2B3FBFEFC0EFB1C330CFB00F07C
:10FB300044EA0344A04214D92C190CF1FF3304D237
:10FB4000A04202D9ACF102032C44241A43EA074034
:10FB50001EB1D440002334607360BDE8F08747468F
:10FB6000DDE76346F1E792BB431B01214FEA154EE7
:10FB7000AFB2B3FBFEFC200C0EFB1C330CFB07F8F2
:10FB800040EA0343984562D9EB180CF1FF3004D2E8
:10FB9000984502D9ACF102002B44A3EB0803A4B2B0
:10FBA000B3FBFEFC0EFB1C330CFB07F744EA0344DB
:10FBB000A7424ED92C190CF1FF3304D2A74202D927
:10FBC000ACF102032C44E41B43EA0040C0E7C2F15D
:10FBD000200320FA03F1954090402EFA03F30343EB
:10FBE0004FEA154EAFB2B1FBFEFC0EFB1C10190C18
:10FBF0000CFB07F841EA0041884504FA02F422D9D7
:10FC000069180CF1FF3004D2884502D9ACF102002A
:10FC10002944A1EB08019BB2B1FBFEFC0EFB1C11B9
:10FC20000CFB07F743EA01439F420ED9EB180CF196
:10FC3000FF3104D29F4202D9ACF102012B44DB1BFD
:10FC400041EA004192E76046E3E76146F7E7604634
:10FC5000A3E76346B7E7834206D916B900210846F1
:10FC60007BE7C6E900E0F9E7B3FA83F78FB983428F
:10FC700001D3724508D8BEEB020460EB03030120F8
:10FC80009C461EB9002168E73846FAE7C6E9004CF1
:10FC9000F8E7C7F1200CBB4022FA0CF41C432EFA03
:10FCA0000CF120FA0CF3B84001434FEA14490EFA64
:10FCB00007F5B3FBF9F81FFA84FE09FB18300B0CAB
:10FCC00008FB0EFA43EA00439A4502FA07F240D9CC
:10FCD000E31808F1FF3004D29A4502D9A8F10200D6
:10FCE0002344A3EB0A0389B2B3FBF9F809FB1833E9
:10FCF00008FB0EFE41EA03418E452CD9611808F13C
:10FD0000FF3304D28E4502D9A8F10203214443EA0D
:10FD10000040A0FB0298A1EB0E014145CE464346B0
:10FD200002D306D14D4504D2B9EB020E68EB0403B1
:10FD30000138002EA6D0B5EB0E0261EB030101FAEB
:10FD40000CFC22FA07F34CEA0303F940C6E9003140
:10FD500098E74046C5E74346D9E738B505460C461F
:10FD6000E9F74AF930B13E2D04D12046BDE83840CC
:10FD7000E9F782B938BD1FB5014601A800F006F8C1
:10FD800001A803F065FC05B05DF804FB0B88C3F324
:10FD90000B0383804B88C380002242724B78C3F3ED
:10FDA0000113012B02D0022B18BF1346043103723A
:10FDB0000160704710B58B880370437803F0F0033F
:10FDC00043708A88C2F3032213434370CA88827047
:10FDD000CA8803F0CF03120A4370C2700A7A120174
:10FDE00002F03002134303F03F0343704A7A43EAC0
:10FDF000821343700C4609680430814205D0E288C2
:10FE0000FB2A28BFFB22FFF79DFCE0880430C0B22C
:10FE100010BD10B48B880370437803F0F003437077
:10FE20000A468988C1F303210B434370D18881704E
:10FE3000C17801F0C001C170D488C4F30524214306
:10FE400003F0CF034370C170147A240104F030042E
:10FE5000234303F0BF034370547A43EA841301F051
:10FE60003F0103F07F034370C17011680430814289
:10FE700003D0D28810BCFFF765BC10BC70472DE9D9
:10FE8000F8430B78013B05460C46372B00F2718294
:10FE9000DFE813F04E005200560009016F02D10056
:10FEA000D700DD00E300E900ED00EF00FF000501F1
:10FEB00038006F025B006F026100F300F900460139
:10FEC0004C0140016F0252016F02650195019B01D7
:10FED000A1016F02A701B301B901E601EC014002E3
:10FEE0001E0232023A0224022C02F201F801FE0143
:10FEF00004020A02100214021802690246024C02AD
:10FF0000580252020E23B1F803200B7042F2830311
:10FF10009A4209D10623637066780236324621463A
:10FF20002846FFF70FFC5CE03121C720E8F78EFD83
:10FF30000C230B700823EEE71A230B700123EAE76A
:10FF40003E230B700223A370E6E73E230B701223BF
:10FF50004B700B23F7E72920E9F78EF828B13E23F1
:10FF60002370222363702923EDE70A20E9F784F840
:10FF70003E2305F1080204F108012B70A0B30A2307
:10FF8000AB70E378EB70A3882B71A3881B0A6B71AD
:10FF9000A379AB71E379EB71A368AB608B88938035
:10FFA000D4F80E30C5F80E30638A6B8263696B61DA
:10FFB000238B2B83638BAB76638B1B0AEB76A38B34
:10FFC0002B77A38B1B0A6B77E38BAB77E38B1B0A37
:10FFD000EB7794F8203085F820301F226A700232C7
:10FFE00096B23046BDE8F8830123AB70E378EB703E
:10FFF000A3882B71A3881B0A6B71A379AB71E3797A
:020000024000BC
:1000000003F00103EB71A368AB608B889380638B73
:10001000AB73638B1B0AEB73A38B2B74A38B1B0A31
:100020006B74E38BAB74E38B1B0AEB7494F8203096
:100030002B751322D2E73E230B7004234B7014233D
:1000400081E73E230B700C234B7004237BE73E2398
:100050000B700A234B70032375E73E230B700D23AF
:100060004B7005236FE705232370042353E7082310
:10007000FAE730230B7003234DE73E230B700B236D
:100080004B7007235FE73E230B7006234B700C2356
:1000900059E713230B708B789B0001333BE7572301
:1000A0000B70022337E73E2303700D238370CB7858
:1000B000C370B1F80D3083800B798371D1F80530AE
:1000C000C0F80730B1F80930A0F80B30CB7B437390
:1000D0000B7C83734B7CC3734B7F03740B7B437428
:1000E0008B8A43828B7D0375D1F81730C0F81530A9
:1000F000B1F81B30A0F81930CE7AC676E52E28BFAD
:10010000E52632461F311C30FFF71CFB06F11A02B0
:10011000D2B263E73E230B7001234B70112312E729
:100120003E230B7006234B7012230CE73E230B700B
:1001300009234B70132306E73E2303702420E8F7BE
:100140009BFF002815BF24230E2313260F263246BB
:10015000AB70A11CE81CFFF7F5FA721C3EE73E23CA
:1001600003702520E8F788FFC0B12523AB70D4F8D1
:100170000230C5F80330D4F80630C5F8073063897B
:10018000A5F80B300A26F01CE27A04F10C01284491
:10019000FFF7D8FAE27A013232441FE70F23AB703F
:1001A0006388A5F8033023796B716379AB71A37908
:1001B000EB71A37A2B72E37A6B720726E3E73E2397
:1001C0000B7003234B701023BDE63E230B700523F9
:1001D0004B702023B7E63E230B7009234B7021237D
:1001E000B1E63E2303702620E8F746FF002815BF3E
:1001F0002623182317261326A9E73E230B70042372
:100200004B7027239FE63E2303702823837081468B
:10021000D1F8023049F8033F4FF000084646AA796A
:100220005FFA88F39A4205D8721D92B2002A3FF411
:1002300073AED3E6B21D331DA118A25849F80320AE
:1002400009EB03008B88838047793A4606370631ED
:1002500006303E44FFF776FAB6B208F10108DEE751
:100260003E230B701D234B7019236CE63E230B704D
:1002700007234B701A2366E63E230B7020234B7036
:100280002C2360E63E230B704C234B702D235AE643
:100290003E230B7004234B702E2354E63E230B7039
:1002A00022234B702F234EE63E230B7014234B70FA
:1002B000302348E63E230B70312344E63E230B7087
:1002C000322340E63E230B7002234B7033233AE681
:1002D0003E230B7014234B70222334E63E230B7015
:1002E0000B7C5B000F334B701D232CE63E230B7001
:1002F00003234B701E2326E63E230B700B7D5B0011
:1003000013334B701B231EE63E230B7003234B70ED
:100310001C2318E63E230B7005234B701F2312E6A7
:10032000FF230B700B234B70A2230CE6FF230B70F3
:1003300005234B70A32306E6FF230B700D234B70A0
:10034000802300E6FF23037081238370D1F80330FC
:10035000C21C03F1280153F8040B42F8040B8B4232
:10036000F9D129223AE63E230B700C234B7023234C
:10037000E9E540F26F21D8E508B510B1FFF7FBFCC5
:1003800010B96FF0150008BD0020FCE710B50C4651
:1003900030B129B1E8F7BCFD28B12070002010BDB4
:1003A0006FF01500FBE76FF02200F8E708B5E8F7FB
:1003B00041FE002008BD01F09DBA08B5E8F74CFEEB
:1003C000002008BD01F018BF01F02ABF0346022239
:1003D0001A709A70D6225A716FF025029A716FF0D6
:1003E0003802DA716FF051021A7208225A726FF0F5
:1003F000240200209A7272225870D8701871DA7232
:10040000704701F0C9BA38B54FF080530446D3F8AD
:10041000A020D3F8A410013106D1D3F8A8304FF6AC
:10042000FF719BB28B423ED0D3073CD54FF0805535
:10043000D5F8A420D5F8A830A4F80530C3F30723D5
:1004400063F03F03C4F80120A371D5F89030013365
:1004500023D0D5F8943001331FD0D5F8983001332C
:100460001BD0D5F89C30013317D00020F3F746FBA2
:1004700098B9D5F89000D5F89410D5F89820D5F80B
:100480009C30C4F81330C4F80700C4F80B10C4F84B
:100490000F2001232370002038BD10220021E01D11
:1004A000FFF7C8F9F5E70023F4E770B54FF0805582
:1004B000102200210446D5F8A060FFF7BBF91022F6
:1004C0000021A018FFF7B6F9D5F8803001330BD121
:1004D000D5F88430013307D1D5F88830013303D102
:1004E000D5F88C3001330BD0D5F88000D5F88410C6
:1004F000D5F88820D5F88C30E36120616161A26174
:100500000020F3F7FBFA08B9F3071DD44FF080532E
:10051000D3F8902001320BD1D3F89420013207D1C7
:10052000D3F89820013203D1D3F89C2001320BD0AC
:10053000D3F89000D3F89410D3F89820D3F89C30D7
:10054000E36020606160A260002070BD10B50446C9
:10055000FEF7F8FEB0F5007F09DA10F5007F08DD40
:10056000031EB8BF03339B102370002010BD7F23F0
:10057000FAE76FF07E03F7E7F2F7D8BE1FB5002366
:10058000CDF80A30D0F80230417841F64B52934210
:100590008BBF40F2E2424FF47A72B3FBF2F3B3FB4B
:1005A000F2F3027898BF03F5506342EA01229BB24E
:1005B000ADF80020ADF80230ADF80430C27983798F
:1005C00043EA0223ADF80630427A037A684643EAEA
:1005D0000223ADF8083001F07BFB05B05DF804FBA9
:1005E00001F079BE0078003818BF012001F0FBBA95
:1005F000F2F7C8BE8178008801F038BE01F054BE21
:10060000F2F7C8BE37B505460C4600880DF1060165
:1006100001F0EEFA2B882380BDF80630638003B02A
:1006200030BDF2F7BFBEF2F7C9BEF2F7E5BE01F08A
:10063000A2BE01F048B901F0A4B908B5E8F714FD6D
:10064000002008BDF2F7D6B801F0B8B9F2F70ABE3B
:1006500001F083B901F06EBD01F038BD01F07FBD3E
:10066000F2F79CBA01F0A5BAF2F78EBC01F0D1BA4C
:1006700001F070B801F075B801F0BEB801F0DAB859
:1006800001F026BB01F069BB01F0A6B901F0BABBCD
:1006900001F06EB901F028B901F0D8BB03880B80D6
:1006A00001F08FBD03880B8001F099BD01F0BEB948
:1006B000F2F734B9F2F71AB901F061B801F082B873
:1006C00001F0EFB801F0FBB801F0DBB801F0D0B8F1
:1006D00001F0E1B901F007BAF2F72AB901F03EBA28
:1006E00001F02AB901F0E8B901F038BE01F003BE0B
:1006F000F2F78AB8F2F74AB9F8B5D4181F46BDF830
:100700001830053414FB03F4A4B2054604F11B00B1
:1007100020F0030080B28842164603D0A3211420A3
:10072000E8F794F915F0030101D0A421F7E7B4F537
:10073000004F01D9A521F2E71422281DFFF77AF80E
:10074000EF746C802E80F8BD70B50688C58803896B
:100750008E42C5F30E02C3F30E0403D2C921142046
:10076000E8F774F95D40C5F30E030BB92D0409D405
:10077000A24209D2C37CA41A0533E41AA14203DDC4
:1007800000238374184604E01832012381528374D5
:10079000104470BD0844053010FB02F01B3020F0FF
:1007A000030080B2704740881B3020F0030080B205
:1007B000704738B503888B4204D240F201111420EF
:1007C000E8F744F9857C65B1C388C3F30E03183399
:1007D000C25A8A4207D3C152811DE8F771FC002337
:1007E0008374284638BD0025FBE70346F0B59C8896
:1007F000A5B2C4F30E06DC88AC4200F1180002D1A9
:100800000020D881F0BD5F89DC7C855B3C440234EC
:100810003444ED1B20440C88ADB2AC4288BF0D803F
:100820005C89B4FA84F4640914700A88DA81E9E70F
:10083000F8B58288C389002604460D4692B20E6040
:10084000CBB1C2F30E024189183287180B44825A89
:100850009BB29342438104D94FF4A7711420E8F767
:10086000F5F804D1011DE8F72BFC46812F60002329
:10087000E3810120F8BD1846FCE770B5044604F199
:100880001806A38822899BB29A420846C2F30E0535
:100890000DD021B1A91CE27C3144FEF753FF04F1D5
:1008A00008012046755BE8F70BFC284670BD002563
:1008B000FBE78388C0889BB2C31A584258417047EF
:1008C000828873B5C48895B2AC42C2F30E0202F1BD
:1008D000180212D04189C689835A314499420EDBED
:1008E0000DF10601ADF80650E8F7EAFBBDF8060089
:1008F000001B18BF012002B070BD0020FBE70120E3
:10090000F9E7028970B5C588C5F30E065540C2F3F4
:100910000E04C5F30E020346183022B92A0402D58C
:100920000020188270BDB4421D8806D9DA7CA41B51
:100930000532A41AA542A8BF25469A890AB1845B4C
:100940002D1BA942ECDCDC7C1982033A05343244CD
:1009500022441044E6E7F8B5038A002B39D08B42D5
:1009600037D3C488858900F11803C4F30E041E1917
:1009700095B91D55757085891E5B0D44ADB2314426
:1009800085811953DAB1811DE8F79AFB0023838131
:10099000002303820120F8BD1E5BAE4204D040F26A
:1009A00001211420E8F752F8C57C878A033E2644CB
:1009B000053535445E195F53857DB570DBE7C27C34
:1009C0002C44144402341A191B5B83829378837578
:1009D000DEE70020DFE78388C2889BB29A4206D018
:1009E000428922B9C3F30E0318331844704700201C
:1009F0007047C37C088802330B4413607047023091
:100A0000704738B58388C2889BB29A4209D043891F
:100A10003BB9C5893DB9011DE8F752FBC5810120ED
:100A200038BD0020FCE71846FAE703881380C38826
:100A3000C3F30E03183303440B60808970474A1ECA
:100A4000062A08B50346084604D84FF4D17115208C
:100A5000E7F7FCFF11B903B1196008BD5BB1B1F54F
:100A6000803F02D34FF4DA71F1E71B6800225A602D
:100A70001A1D19811A600430EFE70268002322B9B9
:100A80000381031D426003607047918812680B4424
:100A90009BB2F4E703464FF6F672A1F108009042CC
:100AA00070B504D94FF4ED711520E7F7CFFF186842
:100AB000B8B1848802688C4214D03AB98EB206F17B
:100AC0000805ADB2AC4204D210460AE00346104617
:100AD000EFE742501A6845181268A41BAC804250D8
:100AE0001D6070BD1A60FCE700230B6003688A80FC
:100AF0000B600160704730B590B18478B1FBF4F3BE
:100B000004FB131300EB430252898A4201D1D8B28D
:100B100030BDC27822B900F10A03D0B2844201D8B4
:100B2000FF20F5E733F8025BA94202F10102F4D19C
:100B3000EEE78278038805324B4303EB4203184407
:100B4000704713B50023CDE9003304468DF8060045
:100B50006846E8F799FC08B102B010BDBDF8040082
:100B60002146E8F76DFC0028F2D040F21D21172045
:100B7000E7F76CFF70B50D460A211E46FFF70AFE27
:100B80003246044609212846FFF704FE204470BD82
:100B900003460068884209D1EFF3108272B61868E4
:100BA00008B10168196092B962B6704758B97047C8
:100BB000884208D1EFF3108272B618680028F2D08C
:100BC00001681960EFE7034600680028F0D170471C
:100BD000D31D70B523F0070310F0070403F10803D9
:100BE00003D056212220E7F731FF58B10460C280BC
:100BF000818000F108040A464FF6FF75013A92B26F
:100C0000AA4203D1594301F1080070BD066826606D
:100C100004601C44F2E718B1C2888188FFF7D8BF8E
:100C200070470346EFF3108272B6006830B1016876
:100C300019600023037043708370C37002B962B6F9
:100C40007047EFF3108372B602680A60016003B95F
:100C500062B67047012303707047F8B50546084631
:100C6000002811461E4614BF00240224FF23AB7047
:100C70002B191B7D012B04D001342B191B7D012B5B
:100C800019D105EB44073B8B3A8C9819904204DD4F
:100C90002C44002038832075F8BD05EB84043246CF
:100CA00060681844FEF74EFD3A8B16443E830023DD
:100CB000AB700120F0E70020EEE7002910B514BF6B
:100CC00000230223FF218170C1180C7D012C07D164
:100CD0000C3320F8132002230B750023837010BD02
:100CE0000133C1180C7D012CF2D040F215110920FE
:100CF000E7F7ACFE30B50246837803F0FF00F3B9A6
:100D0000137D022B19D0537D022B19D103460120EC
:100D100089B1D5180C3300242C7522F81340131810
:100D200003241C7502EB80035B680B6000F10C036D
:100D300032F813308B80012002E00123E8E7002025
:100D400030BD30B58378E3B9837D022B17D0C47DE5
:100D5000022C16D1032381B105190C3400222A7507
:100D600020F81420C2180324147500EB83020C33FE
:100D7000526830F813300A608B80012002E00324AF
:100D8000E9E7002030BD037D012B01D1008B7047C6
:100D9000437D012B0CBF408B00207047837D012BCE
:100DA00001D1808B7047C37D012B0CBFC08B00200D
:100DB0007047038B23B9408B003818BF0120704760
:100DC00001207047838B23B9C08B003818BF0120E6
:100DD000704701207047027D022A01D1008B7047C5
:100DE000437D022B01D1408B7047032AF6D0032BA1
:100DF000F9D000207047827D022A01D1808B704794
:100E0000C37D022B01D1C08B7047032AF6D0032B80
:100E1000F9D0002070472DE9F041064606989DF86C
:100E20001C70984643070D46114602D010F003008F
:100E300003D025214C20E7F709FE4FF48B72FFF712
:100E4000C7FE002F06AB044600FB08F10CBF184696
:100E50000020FFF7F4FD17B9069B33602C60BDE856
:100E6000F081E8F7E3BC00EA400303EA430303EA46
:100E7000430303EA430303EA430313EA43030CBFB8
:100E800001200020704708B503468B42104609D068
:100E90003AB183EA010002F047FD01288CBF00202F
:100EA000012008BD0120FCE737B50023CDE9003360
:100EB00004460D466846E8F7E7FA30B10023CDE96D
:100EC000003302238DF8063011E0009B2A46196A90
:100ED0002046FFF7D8FF0028ECD003B030BD009BC0
:100EE0002A46196A2046FFF7CEFF0028F5D168464A
:100EF000E8F7CAFA0028F2D00023CDE90033042332
:100F00008DF8063007E0009B2A4619682046FFF757
:100F1000BAFF0028E1D16846E8F7B6FA0028F2D017
:100F20000023CDE9003305238DF8063007E0009B50
:100F30002A4619682046FFF7A6FF0028CDD168464B
:100F4000E8F7A2FA0028F2D00023CDE90033092304
:100F50008DF8063008E0009B2A46D3F8B8112046E9
:100F6000FFF791FF0028B8D16846E8F78DFA00280E
:100F7000F1D00023CDE900330B238DF8063007E0D4
:100F8000009B2A46D3F8EC102046FFF77CFFE8B917
:100F90006846E8F779FA0028F2D000224FF440239F
:100FA000CDE900236846E8F76FFA30B10023CDE9B8
:100FB00000330A238DF8063014E0009B2A46D3F84C
:100FC000EC102046FFF75FFF0028EBD0012084E7FC
:100FD000009B2A46D3F80C112046FFF754FF002847
:100FE0007FF47BAF6846E8F74FFA0028F0D0002086
:100FF00073E770B523260025F3F762FD0446F0F78A
:10100000FFFF40B100212046FFF74EFF68B92046A0
:10101000F1F72CF82546013E01D00028ECD035B977
:1010200040F215210F20E7F711FD0020F3E72846D5
:1010300070BD10F0FD0F14BF012000207047406804
:101040007047406870474068A83070474068A830D3
:101050007047406800F5B0707047406800F5B070A8
:10106000704703469A0700F0010048BF40F00200B5
:101070005B0748BF40F0080070476FF45063C31827
:10108000062B9ABFA0F550604FF47A7340F2E2430A
:101090005843704790F81833DBB290F8E8202AB92B
:1010A00013F0FB0F14BF0120002070470020704791
:1010B00090F83C33DBB290F8E8202AB913F0FB0F2C
:1010C00014BF012000207047002070472DE9F8432D
:1010D000B0F86E60B0F8705080461746443089B35F
:1010E000F0F784FB0221044601F0F5FD0221814660
:1010F000204601F0F0FD4E4528BF4E46B6B21B2EED
:1011000038BF1B26FB2E28BFFB26854228BF05467D
:10111000ADB21B2D38BF1B25FB2D28BFFB25B4F519
:10112000A47F38BF4FF4A474B4F5296FB8F8003029
:101130003B8028BF4FF429647E80FD80BC803C81C9
:10114000BDE8F883EAF752FBCCE713B50121002094
:10115000E8F760F9044688B901210846E8F75AF92A
:101160000446C0B90023CDE9003303238DF80630CF
:101170006846E8F789F9C8B100200AE0B830EFF70F
:101180002FFC0028E8D02046EDF7EAFB0028E3D04A
:10119000012002B010BDB830EFF722FC0028E1D0EA
:1011A0002046EDF7DDFB0028DCD0F1E7009C20466F
:1011B000EAF722FD0028DBD0204603F05BFC002884
:1011C000D6D0E5E707B50023CDE9003303238DF83A
:1011D00006306846E8F758F908B1002004E00098A6
:1011E000EAF70AFD0028F4D003B05DF804FB07B568
:1011F000002340F6881201A9FAF794FA03B05DF8CB
:1012000004FB2DE9F3410023CDE9003304460E46EB
:10121000174600F10A086846E8F736F908B10020D9
:1012200015E0009DA542F6D03046FFF702FFEB1C0B
:10123000AA78394601F027FC0028ECD06A7A607A57
:1012400005F10A03414601F01EFC0028E3D002B07C
:10125000BDE8F08108B5431E072B05D8DFE803F091
:101260000A0A04090404040940F281210620E7F770
:10127000EDFB032008BD08B5431E072B05D8DFE8AA
:1012800003F00A0A04090404040940F2812106203B
:10129000E7F7DCFB032008BD08B5431E072B05D884
:1012A000DFE803F00A0A04090404040940F281217A
:1012B0000620E7F7CBFB032008BD08B5431E072B2C
:1012C00005D8DFE803F00A0A04090404040940F21F
:1012D00081210620E7F7BAFB032008BD08B5431EAD
:1012E000072B05D8DFE803F00A0A040904040409FF
:1012F00040F281210620E7F7A9FB032008BD08B5CD
:10130000431E072B05D8DFE803F00A0A040904048A
:10131000040940F281210620E7F798FB032008BD6D
:1013200010B5044638B1F2F7B1F934EA00030CBF46
:101330000120002010BD0120FCE707B5012100209D
:10134000E8F768F820B3B830EFF74AFBE0B10120C6
:1013500009E0B830EFF744FB00B3F8E700984030FD
:1013600003F059FE18B303B05DF804FB009B586FFF
:10137000503003F050FE0028F5D16846E8F784F8B5
:101380000028F3D00020EEE7EDF75EFC0028DED168
:1013900001210846E8F73EF80028DAD1FFF712FFEE
:1013A0000028D4D10623CDE900008DF80630684628
:1013B000E8F76AF80028D1D00023CDE900330723ED
:1013C0008DF80630D9E710B50446FFF7FBFE58B993
:1013D00001210020E8F71EF8E8B901210846E8F7E6
:1013E00019F8F0B9012013E0F2F728F968B1F0F725
:1013F0004FFF044603F075FB58B9204603F06DFB20
:1014000080F00104E4B204F00104002CE0D10020DB
:1014100010BD0024F7E7B830EFF7E2FA0028DCD07F
:10142000F5E7B830EFF7DCFA80F00100C0B2EFE783
:1014300038B50178012905461ED10020E7F7EAFFFB
:10144000044620B940F65D613920E7F7FFFAEDF771
:101450004BF9F8B92046EDF7EFF9E8B12046EDF782
:10146000F9F92046EDF7B4FA98B9AA8869882046B8
:10147000BDE83840EFF78CBB01210020E7F7CAFF39
:1014800010B940F68261DFE7EFF7F6F9002818BFE0
:101490000C2038BD3A20FCE71220FAE738B50546A3
:1014A0000C462AB11F2901D8002038BD1220FCE7C4
:1014B000E8F7EAF8A04211D3284603F028FB08B168
:1014C0001F2CF3D8284603F090FA48B1214628464D
:1014D00003F0B2FA0028E7D14520E6E70720E4E769
:1014E0004220E2E738B5054603F07FFAE8B1284626
:1014F000EAF782FB08B9002038BD2846E9F7D6FF95
:1015000004462846EAF716F988B9002CF3D020885B
:10151000F2F750FA20880221E7F792FF0028EAD07C
:1015200041F65C013920E7F791FA4220E4E70C200C
:10153000E2E7034640681B780BB9FFF7ABBDFFF746
:10154000B7BDF0B587B0054601A9008801F0F9FAEA
:10155000044600287ED101A8FFF775FD029B93F891
:10156000EC31003B18BF01238DF802309DF80430A8
:10157000002B72D1C37F1F2B72D19DF8023083F0F4
:10158000010303F001038DF8033090F872309B06DD
:1015900003D49DF80330002B66D0EB881B3B9BB235
:1015A000E02B63D82989A1F5A4739BB244F24810BB
:1015B00083425BD86B881B3B9BB2E02B56D8AA8832
:1015C000A2F5A4739BB2834250D8B1F5296F4FD8CE
:1015D000B2F5296F4CD801A8FFF731FD034601A8E9
:1015E000FFF737FD0646FF27C7709DF80220002A47
:1015F00038D19DF80410B1FA81F103AA18464909BF
:10160000FFF764FD6A88BDF81230BDF81410BDF80C
:101610000E00934228BF134640F6480C3381EB88F6
:10162000AA88614528BF6146984228BF1846BDF880
:101630001030B0806345288928BF6346834228BFA5
:1016400003468A42F380134628BF0B467381B77066
:101650000023F370204607B0F0BD03699A068CD4CE
:1016600023468EE73A24F3E71A24F3E71224F1E73E
:101670001124EFE72DE9F04385B00746884600883E
:1016800002A901F05EFA054670BB02A8FFF7DBFC79
:10169000034602A8FFF7D3FC814602A8FFF7D9FC56
:1016A000039A064692F8FF2102F0FF051AB1B8F13D
:1016B000020518BF0125DA7F93F87330232A43EA25
:1016C000D3030CBFC5F10102002203F00103134351
:1016D00036D0BC7814B9F1F7D9FF0446F87888BB46
:1016E000F1F7D4FF24B90925284605B0BDE8F083F9
:1016F0000028F8D099F8812032B114F0020400F0EB
:101700000200F0D00028EED0FF227273B5B9327B10
:1017100002F0FF0592B9F07386F80C80B473BA88B2
:101720008DF80500328201A948468DF80440ADF8D5
:10173000062001F0F6FA00237373D5E73A25FAE79D
:101740001A25D1E7002CD5D1CDE708B5F1F754FF24
:10175000002008BD10B50446F4F778F8207000208A
:1017600010BD10B5FFF7F1FC044630B9F4F768F886
:101770002046F2F741FB204610BD0C20FCE710B5D7
:101780000378012B044601D9122010BDFFF7D5FDC7
:1017900060B92078FFF74DFC01280DD004F1170344
:1017A000E21D611CBDE81040F2F74EBBF2F7E0FB12
:1017B0000028EED00C20E8E7A37903F0C003C02B8B
:1017C000ECD0E1E710B50378012B04460AD8FFF707
:1017D000B4FD48B9214611F8010BFFF72AFC01F0CE
:1017E0007DF938B9122010BDF2F7C2FB0028F1D004
:1017F0000C20F8E70020F6E738B50546FFF7A5FC12
:101800000446A8B92878012803D9FF280BD0122054
:1018100038BDFFF70EFC691CF4F71EF8002814BF52
:1018200000200720F4E70120F2F7E6FA2046EFE770
:101830000C20EDE738B50546FFF787FC0446A8B94C
:101840002B78012B03D9FF2B0CD0122038BD184662
:10185000FFF7EFFB691CF4F72FF8002814BF0020F6
:101860001220F3E7F2F7C8FA2046EFE70C20EDE785
:1018700008B50088F2F782FB00280CBF302000205A
:1018800008BD38B50546FFF758FD044638B9287835
:10189000003818BF0120F2F765FB204638BD0C2048
:1018A000FCE708B5FFF749FD18B9F2F74BFB00203C
:1018B00008BDF2F75DFB0028F7D00C20F8E70823FD
:1018C00003700020704710B503460D2404706FF0BC
:1018D000040111220020DC70592459709A701C7187
:1018E00058719971DA7110BD08B50821E7F702FB4C
:1018F000002008BD73B506460C460088694601F015
:1019000020F90546B0B9B3787BB96846FFF797FB75
:1019100090F88030A370338894F902002380F2F7A6
:101920009BFDA070284602B070BD7F20FFF75FFCD2
:10193000A070F0E70225F5E710B504466FF07F00D0
:10194000FFF755FCF2F788FD20707F20FFF74FFC72
:10195000F2F782FD6070002010BD10B50446F0F76C
:1019600097FC03F0B7F8F2F777FD2070002010BD68
:1019700008B50A46072300F11001FDF721FC0020FD
:1019800008BD10B5014604460020F2F79FF808B9DB
:101990002060A080002010BD10B50446F1F726FE9F
:1019A00028B900202146F2F779F8002010BD002068
:1019B000FFF709FD0028F4D10C20F7E710B5044625
:1019C0000120FFF700FD28B101202146F2F766F85B
:1019D000002010BD0C20FCE7F7B50C460546694613
:1019E000008801F0AEF8A11C0246A8B96846FFF7CE
:1019F0002AFB034600F1270783F87A20386808603D
:101A0000387908712888208093F87A6006F0FF0002
:101A1000002EF1D103B0F0BD0023C4F80230022043
:101A20000B7123706370F5E7FFF78BBD1FB58388DB
:101A300044F29022934217D80288ADF804204088DF
:101A4000ADF80600B3F5296F28BF4FF42963ADF850
:101A50000A000A8001A8ADF80830ADF80C30FFF795
:101A600070FD05B05DF804FB1220FAE737B50D46AE
:101A7000694601F066F8044650B96846FFF7DFFA98
:101A80009DF80010B1FA81F12A464909FFF71EFBC3
:101A9000204603B030BD10B503466FF004040020AB
:101AA0006FF06F010A221C7058709970DA701C7107
:101AB00058719971DA7110BD10B50446FFF73DFCFD
:101AC00058B92078FFF7B5FA611CE279F2F7B6FB56
:101AD000002814BF0020022010BDF2F749FA0028A8
:101AE000EFD00C20F8E7F7B507460D4600886946A9
:101AF00001F027F80646B8B96846FFF7A0FA044691
:101B000084F87E6094F87C00FFF7A4FBA87094F83A
:101B10007D00FFF79FFBE87094F87E3003F0FF0034
:101B2000002BEDD13B882B8003B0F0BD10B583882E
:101B3000022B044610D8C078FFF7F2FB08B9112039
:101B400010BDA078FFF7ECFB0028F8D0204601215B
:101B5000BDE81040FFF78EBD1220F1E713B5837882
:101B6000C178027903F0010451EA040C03F0020386
:101B70001DD052EA030C1AD0002C18BF0021002BF4
:101B800018BF00228DF80320037842788DF80210E8
:101B900043EA0223ADF8003043798279684643EA8C
:101BA0000223ADF80430FFF7C1FF02B010BD1120D1
:101BB000FBE707B5037842788DF800300021012B50
:101BC0008DF80120ADF80210ADF8041007D1012AFC
:101BD00007D86846FFF72CFC03B05DF804FB002B28
:101BE000F7D01220F8E708B5E8F788FB002008BD19
:101BF00013B50C46694600F0A4FF30B9019B9DF86F
:101C00000020B3F8C03012B9238002B010BD0133F8
:101C1000FAE773B506230025CDE900558DF80630A7
:101C20006846E7F731FCA0B1002601210846E7F736
:101C3000F1FB044618B90121E7F7ECFB044604F177
:101C4000B800EEF7CDFE78B97EB90C25284602B073
:101C500070BD009D95F8A530802BE1D095F8093135
:101C6000002BDDD10126E0E726B1FF2385F8A43063
:101C70000025EBE72046EEF7E5FF05460028E5D115
:101C80002046ECF73DFDE1E710B5044600884FF62D
:101C9000FF73984286B017D004A900F052FFA8B98C
:101CA00004A8FFF7CCF9A3890293638901932389E0
:101CB0000093A288E3886188F0F708FA002814BF2F
:101CC0000020302006B010BD0020ECE70220F9E72C
:101CD00038B50546FFF7D8FF014628B92888E7F749
:101CE00099FB044610B90221084638BDFFF7D2F926
:101CF0000028F8D094F8343303F0FF013BBBA888E8
:101D0000FFF7BBF941F64B53984209D8642820D914
:101D1000B4F87C2040F202239A421CD1642301E0F3
:101D200040F2E243A4F838330023C4E9CF30EA7923
:101D3000AB7943EA0223A4F844332B7A6A7A43EA64
:101D40000223A4F84633FF2384F83433CCE73A2146
:101D5000CAE71221C8E70C21C6E713B5044600F014
:101D600008FF00284CD02046F2F7C2FB0023CDE943
:101D70000033FF246846E7F787FB50B300244FF495
:101D80004033CDE9004301246846E7F77DFB20B3EB
:101D900000204FF48023CDE90003FF246846E7F7D5
:101DA00073FBF0B100214FF4C023CDE90013FF24F1
:101DB0006846E7F769FBC0B100224FF42023CDE964
:101DC0000023FF246846E7F75FFB90B1002002B0D4
:101DD00010BD009B83F82C43CCE7009B83F88A401E
:101DE000D2E7009B83F83440D8E7009B83F8344067
:101DF000DEE7009B93F83020032AE3D19C77E1E7EC
:101E00001220E4E713B50088694600F09AFE014607
:101E1000C8B96846FFF71DF99DF80030044663B164
:101E20009DF80030012B03D10198FFF741F948B12B
:101E3000E37C43B90123E37405E00198FFF72AF935
:101E40000028EDD10221084602B010BD38B50021AE
:101E500005460088E7F7DEFA044660B3FFF71AF993
:101E600078B394F8763343BB94F81A31DB0726D560
:101E7000D4F85C312BBBD5F80230C4F86C33D5F8FC
:101E80000630C4F870336B89A4F8743304F55772C4
:101E900005F10C031C3553F8041B42F8041BAB423C
:101EA000F9D104F552700C21E7F724F8012384F8E6
:101EB0007633002038BD0220FCE73A20FAE71A20EA
:101EC000F8E70C20F6E72DE9F341054690F801808C
:101ED00000780321E7F79EFA0446002800F0878087
:101EE000F1F7ACFB08B3204602F0D2FDEE78864253
:101EF00028BF0646B6B2B8F1040F5DD0E06CFEF71D
:101F000042FF8719BFB2F1F799FBB8B9EB7873B903
:101F1000204602F0BDFD874210D9204602F0F7FDB1
:101F200050B9072002B0BDE8F081EE78E3E7204623
:101F300002F0C0FD0028EBD11220F3E7F1F77EFBA1
:101F4000394602462046FFF7A9FA0028EAD1A8F14F
:101F50000303012B2DD8204602F0D9FD6B78032B0B
:101F60002DD108F0FD07012F3AD1204602F0CFFD18
:101F7000002833D1B8F1010F08BF0227E16C3A46BF
:101F80006846E7F799FB6A68E06C33460121FEF783
:101F900064FE0028C5D06B78023B012B07D8E06CAB
:101FA000FEF7F1FE01210246E06CFEF786FE0020FE
:101FB000B8E7002ECFD1BFE7002ECCD0BCE7002879
:101FC000BAD1042BCDD12046E9F716FE0028B3D0B4
:101FD000E06CFEF7EEFE0028C3D1ADE70027CDE7A9
:101FE000B8F1040FCFD1204602F0C7FDDFE7422051
:101FF00098E72DE9F3470746467890F80390007874
:102000000321E7F707FA044600283BD0F1F716FB57
:1020100030B1204602F065FD002808BF4FF00009EE
:10202000E06CFEF7BBFE00EB09081FFA89FA1FFA05
:1020300088F8F1F703FB60B1F1F700FB4146024677
:102040002046FFF72BFA054668B1284602B0BDE8E6
:10205000F087FB78002BEFD0204602F042FD0028ED
:10206000EAD11225F1E7042EFBD0032E10D0B9F1EE
:10207000000FF6D02046E9F7BFFD38B10C25E4E7A4
:1020800004220EE04225E0E70725DEE7012E0CD111
:10209000204602F03CFD0028F2D1012E0CBF0622A2
:1020A0000522E16C6846E7F707FB7A68E06C534667
:1020B0000021FEF7D2FD0028E6D0023E012EC4D852
:1020C000E06C42460021FEF7F8FDBEE713B504467A
:1020D000F0F7DEF84FF44073ADF8003000238DF8D0
:1020E0000230684614F8013B8DF803300194FFF785
:1020F00080FF02B010BD38B5032105460078E7F730
:1021000089F90446A0B1E9F777FD28B92046691C92
:1021100002F0B5FC002038BD204602F0E2FC08B118
:102120000C20F8E7204602F0D8FC0028F8D1EDE7B3
:102130004220F0E713B50446F0F7AAF814F8013B83
:102140008DF803304FF44073ADF80030684600233B
:102150008DF802300194FFF7B6FE02B010BD73B5E2
:102160000546F0F795F82B78044663B100230DF18E
:10217000010101208DF80030F1F7A8FC18B1684684
:10218000FFF7B9FFA0B9002620468DF8006002F0E5
:10219000ACFCB04214BF80233346ADF801302B783D
:1021A0008DF80360012B05D169462046F0F748FA07
:1021B00002B070BD1BB92046FFF794F9F8E7122072
:1021C000F6E710B5022104460088E7F723F920B1AD
:1021D000A11CBDE81040F5F7F9BE022010BD08B5FE
:1021E00000880221E7F716F920B1BDE80840002178
:1021F000F5F7ECBE022008BD37B505460C46008851
:10220000694600F09EFC034638B96846FEF71BFF9E
:102210002A882280B0F84C206280184603B030BD76
:102220002DE9F341438804460E46EBB10088694628
:1022300000F087FC054698B9238833806846FEF78E
:1022400002FF07466846FEF7FAFE0646D6F81C80EF
:1022500062884146384600F066FCF3694345F5D193
:10226000284602B0BDE8F0811225F9E710B50C460A
:102270000221E7F7CFF888B1022C11D804F001034E
:10228000C4F3400480F8053380F8044323B190F888
:1022900002333BB1E9F7B6FA002010BD0220FCE79B
:1022A0001220FAE71846F8E710B504460078FF2830
:1022B0000AD00321E7F7AEF858B16378A27843EA71
:1022C0000223C384002010BDB4F80100E9F798FC94
:1022D000F8E74220F7E710B504460078003818BF49
:1022E0000120EFF779FA2078003818BF0120E9F7CC
:1022F00049FA002010BD10B50446F1F79FF950B11E
:10230000EFF7C6FF6178C1F3400201F0010102F06E
:1023100038FC002010BD20780321E7F77BF8002867
:10232000F0D14220F6E738B504460D46F1F7A8F99A
:10233000830001D40C2038BD20460921E7F76AF854
:10234000044648B1EFF7F4FD0028F3D02A462146B1
:10235000BDE83840EFF72CBE0220ECE703880B8085
:10236000817898B2FFF7DFBF0820F1F76DB902F06E
:102370000DBE02F07CBD08B5C378013B0246D8B261
:10238000042801D9FE2806D11378042B03D1EEF7D7
:102390006DFA002008BD1220FCE710B5044604B910
:1023A00010BD236898476468F9E703680BB90160BA
:1023B00070471A465B6813B18A42FAD170478A4265
:1023C00018BF5160704708B5E9F774F820B140F2C2
:1023D00023110120E6F73AFBF4F704F810B14FF4AB
:1023E0009471F6E7BDE808400320FEF7AABB08B5E4
:1023F0000220FEF7A6FB0020FEF7A3FBE7F7D2F8CA
:10240000F1F7CCFAE7F740FD20B140F205110120C9
:10241000E6F71CFB08BDFFF7EABF08B5FFF7D3FFDF
:10242000F4F764FF20B140F23D110120E6F70EFB06
:1024300008BD08B5EFF7CAF920B14FF4B371012018
:10244000E6F704FBF0F7D0F9ECF714FBBDE8084021
:10245000EFF79EBB08B5FE20EEF708FABDE808408E
:10246000FFF7E7BF08B5FFF7E4FF02F089FD20B1F1
:1024700040F295110120E6F7E9FA08BD08B5FFF72B
:10248000E9FF02F07DFD20B14FF4C5710120E6F7B0
:10249000DDFA08BDFFF7ABBF08B5ECF747F9F0F779
:1024A000E1FFF0F7FBFF02F06DFDBDE80840F2F739
:1024B00069B908B5ECF742F9F0F7D4FFF0F7EEFF91
:1024C00002F060FDBDE80840F2F75CB910B5C378D2
:1024D000044691B163B90388012B01D95B082380BD
:1024E000F2F7D6FA2388B0FBF3F202FB1300A070D8
:1024F000E37883F00103E37010BD002BF8D103886B
:10250000FE2BEDD85B009BB2FF2B88BFFF23E6E7D5
:1025100083780BB1013B83708078B0FA80F040097A
:1025200070470123038040F2011343807047F9F79D
:10253000D7BB0B46152203F8032BD0F80920C1F8AE
:102540000320427B1A717047012804D1012914BF6E
:10255000002001207047022801D10229F7E7042852
:1025600001D10429F3E70020704730B585B0044657
:102570000D46F2F757F880B36FF4FB731C4402A9C1
:102580002088ADF8000000F0DCFA18B12E217E2082
:10259000E6F75CFA039B93F878208DF8022002217D
:1025A00093F87920B3F87A308DF803206846ADF8B7
:1025B0000430FFF75FF808B14421E8E78DF8080020
:1025C0009DF808308DF80900002063F307009DF89E
:1025D000093063F30F2005B030BD36232B70D4F8DB
:1025E0000930C5F8033004238DF80830E8E710B54A
:1025F0004468037894F8C620002104F1A80000F094
:10260000DAFA18B986217E20E6F720FA212384F829
:10261000C63010BD034610F0010007D19A0704D45C
:1026200013F0040018BF082070470220704730B52F
:1026300085B0CCB2C1F307220190C5B2C0F3072325
:1026400011462046FFF780FF20B919462846FFF7BC
:102650007BFF10B32B40234002EA03010B4688079F
:102660001FD411F0010203D111F0040218BF082297
:10267000990718D413F0010003D113F0040018BF18
:102680000820082A04D1BDF80630012B08BF042217
:10269000D2B242EA002005B030BD05EA0201234073
:1026A000DDE70222E4E70220EBE72DE9F84F0546DB
:1026B00008469046894600F092FF8246484600F060
:1026C00092FF8346FFF7A6FF06465046FFF7A2FF9C
:1026D00046EA0007FFB2003F044618BF0127F0F7A3
:1026E000D5FF00EA0B00C0B2002808BF0026F0F7B3
:1026F000CDFF00EA0A0095F87C20C0B2002808BF90
:102700000024B24214BF3346002388F8003095F805
:102710007D20A24208BF0024234388F801400CD149
:10272000484600F066FFB5F8C030DB43184480B27D
:1027300047F6FD73984288BF0027BEB995F87C0024
:10274000FEF799FD03280ED195F86C31012B0AD1C3
:10275000B5F8702195F87C30012A09D1042B09D0F5
:10276000042388F800303846BDE8F88F082EEAE7E1
:10277000082BF8D00823F4E7082905D101280CD14B
:102780000421518013807047042906D1012804D008
:1027900008215180138001207047002070470128D4
:1027A00005D0022803D010F00C0018BF0420704799
:1027B0007FB5CDE900214468019894F87C6094F8D5
:1027C0007D501146FFF733FFC3B2C0F307209E428E
:1027D00008BF0023854208BF002084F8323384F804
:1027E000330304B070BD73B54468002305460E463C
:1027F00094F8C720194604F1A80000F0DCF900287D
:102800005AD094F8C630253B022B2BD901A8F1F7FA
:1028100011F9014628B1019BDB788DF803300DF1E9
:10282000030194F8C6000DF10203162201F003F92A
:1028300078B19DF802201621284601F0E7F83223EE
:1028400084F8C7300020012384F80831A4F8060179
:1028500009E0304600F0B4FE38B93146284601F0B0
:1028600018F900E0202002B070BD337903F00703AF
:1028700084F87430737903F0070384F8753094F8A2
:102880006D319BB994F86C31012B0FD094F8742002
:1028900094F87D309A420BD194F8752094F87C30EE
:1028A0009A4205D16B68022283F86C212323C7E783
:1028B0002846F0F739FFF9E70120D4E7F8B5446876
:1028C00004F1A80794F8C72005460E4601230B2102
:1028D000384600F070F9014608B12020F8BD94F8A0
:1028E000C7200123384600F066F9C8B394F8C63013
:1028F000262BF2D0304600F063FE28B93146284638
:10290000BDE8F84001F0B1B8737903F0070384F82B
:102910007530337903F0070384F8743094F86D311F
:1029200093B994F86C31012B0ED094F8742094F87C
:102930007D309A4210D194F8752094F87C309A42F8
:102940000AD1022384F86C312323284684F8C73047
:1029500001F043F80020C1E72846F0F7E5FEF3E771
:102960000120BBE737B5436893F8C630212B0446F6
:102970000D4626D1084600F02EFE616868B9A1F820
:1029800032036368012283F8042100202522A3F882
:10299000000183F8C62003B030BD2A796B79D1F8E5
:1029A0006E1102F0070203F007030020ADF80600E5
:1029B0008DF804208DF80530019A2046FFF7F8FEC7
:1029C000DFE70120E7E710B5436893F8C720B3F8C5
:1029D0003213232A044615D181B983F8C71093F81E
:1029E0006C31012B01D1F0F77FFE6368002283F880
:1029F0006C216368002283F8082110BD262283F829
:102A0000C720F6E793F8C620252A0DD141B983F8EF
:102A1000C610F0F769FE6368002283F80421ECE732
:102A2000262283F8C620F6E740F283317E20E6F7BF
:102A30000DF808B5436893F8C720232A05D022B1C2
:102A400040F28A317E20E6F701F8242283F8C7207D
:102A500008BDFF2343710023037103604371704776
:102A60000A46437923B9016811B10079F9F7BCB876
:102A7000704743791BB903680BB101221A60704794
:102A8000F0F78CBF704730B542400C7818785D780D
:102A900044404878684004449D78887868400444FD
:102AA000DD78C878684004441D7908795B794979F4
:102AB000684004444B402344D3420CBF0120002013
:102AC00030BD034600200139C9B2FF2900D170474B
:102AD0005A5C82F001021044C0B2F4E708B5F1F785
:102AE0001BF8082807D0F1F73BF8082803D0F1F7C6
:102AF0004DF8012008BD0020FCE708B5F1F70CF8FF
:102B0000082803D0BDE80840F1F72AB808BD08B589
:102B1000F6F788FD18B1BDE80840F6F7ABBD082010
:102B200008BDF6F77FBD10B50023436442F2107470
:102B30004B1EA0F84C2004FB0232B2FBF1F1816481
:102B400010BD70B50D4600210646E6F763FC04464D
:102B5000686010B10020287070BD02213046E6F791
:102B600059FC686018B101232B702046F4E702205D
:102B7000F2E770B5047934F01F040ED1461E051D2E
:102B800016F8010F00F005FFAE420444E4B2F7D19D
:102B9000012C94BF0020012070BD0020FCE70144FF
:102BA0000023884203D1B3FA83F04009704710F83C
:102BB000012B1343F5E7112958D8DFE801F0090D7F
:102BC0001016181B2D363B523D3F45474A4C4E5080
:102BD000B2FA82F040097047073A012A01E00B3A45
:102BE000022A8CBF0020012070470E3AF5E7113A07
:102BF0000C2AF6E76BB9A2F11301012938D990F834
:102C0000620010B9172A02D87047132A2ED91C2A3D
:102C1000E7E7123A0B2AE4E7A2F11103032B27D9C5
:102C200090F8620028B31D2ADBE7042A14BF0020B5
:102C300001207047012AF9E71E3AD1E7A2F12103EA
:102C4000062B15D92F2AF1E7292AEFE72A3A042A79
:102C5000C7E7352AEAE7362AE8E7372AE6E7383AC7
:102C6000BEE70BB9052AE1E7102ADFE7002070472D
:102C700001207047F8B5D0E9047605460C46FAF70E
:102C800045FF20B94FF4E5712920E5F7DFFEF4B1E7
:102C9000D5E90431DA1B61EB0603012A73F1000167
:102CA0004FF0000115DB6FF00100904271EB030360
:102CB00002DA4FF4EA71E7E7631E1344B3FBF4F35F
:102CC0005C43E41946F10006C5E904461C4620466B
:102CD000F8BD0C46FBE711F00C0312D001F0040123
:102CE00000290CBF4FF41673962303F5BC730CBF79
:102CF00040221022984212D9C01A90FBF2F080B202
:102D00007047022905D13C2809D93C38C0F38F000F
:102D10007047702803D97038C0F3CF007047002087
:102D200070470346086898677047013908B502463E
:102D3000072910D8DFE801F007140F040F0F0F0464
:102D400040F6A66008BD40F6C41340F2E240002AF7
:102D500018BF1846F6E740F245212920E5F776FE30
:102D600040F6C410EEE7A0F5AD70884298BF091A8E
:102D7000186888BF491A00EB5100186013680129D0
:102D8000A3EB5103136094BF002001207047C3B22E
:102D900093FAA3F3000A90FAA0F01B0E000E43EA88
:102DA000002070470131F8B5C9B2821D002301250A
:102DB00012F8010B884216D312F8066C002405FAAB
:102DC00004F737421CBF01F1FF31C9B2E0B269B16B
:102DD0000134082CF3D10133DBB2052BE8D1992162
:102DE0004620E5F733FE091AC9B2F4E700EBC30049
:102DF000C0B2F8BD0B6870B5C0F801300B7903F0B4
:102E00001F03437100230446C372451C861D15F839
:102E1000010B00F0BEFD2871E37AB5421844E07260
:102E2000F5D170BD70B581EA114189B2C57A044609
:102E3000032682EA0100FFF7AAFF013E00EB001023
:102E40000A1816F0FF0690B2F5D141402522B1FBD9
:102E5000F2F302FB1313C3F3C4022244D8B2567830
:102E600003F00703012202FA03F31E4207D169436C
:102E70002046C1F30741BDE87040FFF793BF70BD26
:102E8000F8B590F831506B1E242B044658D8002A10
:102E900058D090F8260018B1012847D01F201AE01A
:102EA00094F8331094F8323002FB03132522B3FB5D
:102EB000F2F102FB1133DBB204EBD30284F83330BE
:102EC00092F82710012603F0070206FA02F21142D7
:102ED00002D084F83430F8BDB3FBF5F205FB1233B1
:102EE0000133024604F12C01D8B211F8013B8342B0
:102EF00019D311F8067C002306FA03FC1CEA070F1D
:102F00001CBF00F1FF30C0B2DDB220B905EBC20238
:102F100084F83420DFE70133082BEDD10132D2B23F
:102F2000052AE2D1BAE7C01AC0B2F7E7228B096AD4
:102F300004F12600FFF776FF84F834000020CAE78A
:102F40001220C8E71046C6E7034612EA010003D084
:102F500013F03F0018BF012070470B68C0F8033022
:102F60008B88A0F807307047D0F803300B60B0F8BA
:102F700007308B8070470B68C0F809308B88A0F849
:102F80000D3070470378890123F0400301F04001C0
:102F90000B43037070470078C0F3801070470378CC
:102FA00003F07F0343EAC113037070470078C00940
:102FB00070471F2A38B50546144603D9BF212A2079
:102FC000E5F744FD09300634FCF7BCFB6C7038BDF6
:102FD0001F2A38B50546144603D9E1212A20E5F712
:102FE00035FD09300634FCF7ADFB6C7038BD30B5EB
:102FF000037803F00F03032B024640D0052B1FD1AB
:10300000C37F90F82000034392F82100034392F815
:103010002200034392F8230020F01F0018432DD014
:103020005378222B0CD1B2F81930B2F81740907DAA
:1030300041B1B3F5506F05D940F607518B420ED917
:1030400000201BE0991F89B240F67A45A942F7D8C3
:10305000411E0729F4D88342F2D9A342F0D3B2F833
:103060001B30B3F5FA7FEBD2B2F81D000A3880B2FC
:1030700040F6764398428CBF0020012030BD407856
:10308000A0F10C0358425841F8E72DE9F04190F8BF
:10309000038018F03F0705460E4600F0918007298F
:1030A00000F28E80DFE801F004101A242E38424C22
:1030B000017901224046FFF747FF00280CBF344644
:1030C00005242046BDE8F081017902224046FFF741
:1030D0003BFF04460028F4D0052462E00179042275
:1030E0004046FFF731FF04460028EAD0052450E0AF
:1030F000017908224046FFF727FF04460028E0D068
:1031000005243EE0017910224046FFF71DFF0446EA
:103110000028D6D005242CE0017920224046FFF774
:1031200013FF04460028CCD034461AE0017940222F
:103130004046FFF709FF04460028C2D0052408E0F6
:10314000017940224046FFF7FFFE00280CBF05240E
:103150000624297920224046FFF7F6FE08B11234F2
:10316000E4B2297910224046FFF7EEFE08B103349D
:10317000E4B2297908224046FFF7E6FE08B102349E
:10318000E4B2297904224046FFF7DEFE08B101349B
:10319000E4B2297902224046FFF7D6FE08B1063490
:1031A000E4B2297901224046FFF7CEFE08B1063489
:1031B000E4B2072E85D1231F9F42B8BF002480E7C9
:1031C00000247EE770B50C46064611461D4624B91C
:1031D00040F2E9212A20E5F739FCFFF756FF10B944
:1031E00040F2EA21F6E7031F2B443F2B02DD40F2B9
:1031F000EB21EFE72A4621463044BDE87040FCF75A
:10320000A1BA10B50446FFF740FF00B1204410BD3D
:10321000C37803F03F0343EA8113C370704730B5AE
:10322000C1F38003C1F380142344C1F3001404EB01
:1032300044042344C1F3401404EBC404C1F3400527
:1032400003EB4403C1F300042C4404EB4404C1F336
:10325000C0052C44134403EB440313F0FF031CBFCD
:1032600001330171C17818BFDBB221F03F0103F0D7
:103270003F042143C170591C41701AB104339B1A99
:10328000013AC25430BD4378C078013B00F03F00A2
:10329000181AC0B27047F8B507460E461946FFF730
:1032A000F2FF451AECB2944228BF14464EB1FA78A8
:1032B00002F03F0204321144394422463046FCF702
:1032C00041FA2046F8BD2DE9F047C6780179012280
:1032D0003046FFF739FE022205463046FFF734FE3E
:1032E000202282463046FFF72FFE0822074630464E
:1032F000FFF72AFE102281463046FFF725FE042202
:1033000004463046FFF720FE402280463046FFF755
:103310001BFE07EBC70705EB0A034F4404EB44040D
:10332000404403EB43033B44204400EB430010F0D4
:10333000FF001CBF0130C0B2BDE8F08738B5C578CA
:10334000AB09032B04461ED0437805F03F05AB4282
:1033500019D9FFF7B8FFA84215D895B12379DB0634
:103360000FD504212046FFF74CFF48B1037803F046
:103370003F03242B07D880785F288CBF00200120D2
:1033800038BD0120FCE70020FAE70278437802F01C
:103390000F02072A12D8DFE802F008040811111101
:1033A000080E0C3B584258417047063B1F2B8CBF00
:1033B0000020012070470BB1FFF7C0BF002070470D
:1033C000027802F00F02072A0AD0082A0AD0042A3B
:1033D0000ED1407806381F288CBF0020012070478E
:1033E000FFF7ACBF4078A0F10E0358425841704738
:1033F0000020704740787047037801F0030123F004
:1034000003030B4303707047007800F0030070471C
:103410000378490123F0200301F020010B430370DE
:1034200070470B78837070471B2A08B504D940F2A7
:1034300052412A20E5F70AFB4270BDE808400330FC
:10344000FCF780B9B0F807007047B0F80900704782
:10345000C172090A01737047B0F80B00704770B56C
:10346000B0F80730B0F80950B0F805600479B0F84A
:103470000B0091B1B3F5506F0FD940F6075293424C
:1034800018D8B5F5FA7F15D20A3880B240F67643DF
:1034900098428CBF0020012070BD9A1F92B240F666
:1034A0007A418A4206D8621E072A03D89C4201D27A
:1034B0009E42E5E70020EFE70B6843600B7903725B
:1034C000704743680B60037A0B717047B0F80900CE
:1034D0007047007970470B6843604B6883607047A2
:1034E00043680B6083684B6070470B88838170472B
:1034F00083890B8070470B68C0F80E304B68C0F8AA
:1035000012307047D0F80E300B60D0F812304B609C
:1035100070470B68C0F816307047D0F816300B6053
:103520007047FFF7D8BFFFF7DBBF0B68C36070477A
:10353000C3680B607047007970470171090A4171D7
:1035400070478171090AC17170470172090A41729D
:1035500070478172090AC172704780887047C088BD
:103560007047008970474089704703891A2B0DD92D
:103570004389B3F5A47F09D383881A2B06D9C08861
:10358000B0F5A47F34BF00200120704700207047B1
:10359000043001F1200351F8042B40F8042B994228
:1035A000F9D10B880380704738B515460446FFF7FC
:1035B000EFFF2B68C4F826306B68C4F82A3038BD9A
:1035C0000379024613F0070004D0507910F0070089
:1035D00018BF01207047FFF7F3BF017170470079F2
:1035E000704741717047407970478171090AC17114
:1035F0007047C08870470279437902F0070203F0F0
:103600000703511E0A40591E0B4013430CBF0120F3
:103610000020704701717047007970474171704711
:1036200040797047FB2908B504D940F2E5712A209A
:10363000E5F70CFA417008BD037843B1406890F893
:10364000023323B1002380F80233E8F7DBB8704778
:1036500008B5017A19B101290DD0002008BD036811
:10366000C28802218088F0F787FF0028F6D1F1F7A1
:1036700055F90120F2E70368C288F3E702230B70D3
:1036800001238B707047F0F7DFBF08B5037A23B1D1
:103690004FF41A711020E5F7D9F9BDE80840F1F7A9
:1036A00047B80322FFF7F1BF0422FFF7EEBF30B4A3
:1036B000057A15B1027230BC704730BCF1F738B8EA
:1036C0000B46142203F8032BD0F80920C1F803207D
:1036D000D0F80D205A60B0F811201A81704711F00F
:1036E0000C0F08B504D0800100F5747080B208BDDD
:1036F000012902D10E30C000F8E7022902D10F30B3
:103700008000F3E740F2CF110620E5F79FF930B5CE
:1037100087B004460D46F0F78DFFA0B30023237257
:10372000A4F5F274694624882046FEF79FF918B183
:10373000D8212C20E5F78AF9BDF80630ADF80E3017
:10374000BDF80830ADF81030BDF80230ADF81230D9
:1037500003A8BDF80430ADF80C40ADF81430FEF706
:1037600063F908B1E121E4E78DF80C009DF80C3015
:103770008DF80D00002063F307009DF80D3063F312
:103780000F2007B030BD2B46352203F8032BD4F8A9
:103790000920C5F80320D4F80D205A60B4F8112090
:1037A0001A8104238DF80C30E0E74068704711F06F
:1037B0000C0F0CBFC08A4FF42960704770B590F8A9
:1037C0007C608D880C8916F00C0F04D143B11678FB
:1037D00016F00C0F04D0B5F5296F38BF4FF42965EA
:1037E00090F87D6016F00C0F04D143B1537813F0BC
:1037F0000C0F04D0B4F5296F38BF4FF42964CB887F
:103800004A88A0F86420A0F86830A0F86650A0F8B4
:103810006A4070BD8383BDF8003001834283C38357
:10382000704711F00C0F38B5044610D1C38B458C8E
:103830009D4228BF1D46207AFFF751FF6389AB42A6
:1038400028BF2B46984238BF184680B238BD4FF487
:103850002965F0E72DE9F04106460D46B0F8500025
:1038600011461F469046FFF73AFF4146044606F1CF
:103870004400FFF7D6FF844228BF04463946B6F815
:103880005800FFF72CFF17F00C0F0CBFB6F85A309A
:103890004FF429639842A4B228BF184614FA80F066
:1038A000063510FA85F0BDE8F08170B51646C2699C
:1038B00041F64B539A4294BF4D2596250C4690F8FD
:1038C0007D3090F87C202946FFF7C4FF284430441F
:1038D000A04294BF201A002070BD70B5C66990F850
:1038E0007D3090F87C200D4641F64B518E4294BFBE
:1038F0004D2196210446FFF7ADFF0544A56470BD38
:10390000006801F19C03984283BF401A9C3840082C
:1039100000207047002803DB814204DC08B202E08B
:1039200049428142FADC704700F05533400800F00C
:103930005530034403F033329B0803F033331A4409
:1039400002F00F33120902F00F32134403F0FF109C
:103950001B0A03F0FF13034403EB1343D8B2704771
:1039600045F2555300EA030203EA5000104443F2C3
:10397000333200EA020302EA90021A4440F60F735F
:1039800002EA030003EA1213184400EB1020C0B24D
:10399000704700F05503400800F05500184400F04F
:1039A0003303800800F03300184400F00F0303EBEA
:1039B0001010704780EA6000FFF7B6BF40F34E0377
:1039C0009BB25840FFF7CCBF4368002283F8C62063
:1039D00083F80421A3F80021704743680022A3F86C
:1039E000062193F80821013283F80821704708B5B1
:1039F000426892F80831013B5BB2002B82F8083133
:103A000003DA34214A20E5F721F808BD436883F83A
:103A1000531183F852217047A0F10B03042B08D9EE
:103A2000A0F12103062B04D9A0F12F0358425841DD
:103A3000704701207047162A10B50446084612D177
:103A4000A4F10C02032A03D82A221A70012010BD07
:103A5000212C01D12322F8E70029F8D00A78012A85
:103A6000F2D9162AF6D00020F1E74268D2F8B83031
:103A700010B513F008040AD143F00803C2F8B830B7
:103A8000CB7882F85031FFF7A8FF204610BD012007
:103A9000FCE738B5446800230D4694F8C720194662
:103AA00004F1A800FFF787F860B1EB7884F8503193
:103AB000032384F8C73000200123A4F8060184F80A
:103AC000083138BD0120FCE738B54D680446B5F82B
:103AD0006810FFF732FDB5F85A112046FFF731FDA7
:103AE000B5F864102046FFF730FDB5F858112046B0
:103AF000BDE83840FFF72DBD38B54468037894F829
:103B0000C8200D4604F1A8000121FFF754F838B988
:103B10002846FFF7DEFC072384F8C90084F8C83084
:103B2000002038BD10B54468037894F8C8200121FE
:103B300004F1A800FFF73FF810B9082384F8C83053
:103B400010BD10B504464068002390F8C620194601
:103B5000A830FFF730F818B92C215520E4F776FF8C
:103B600063680C2283F8C62010BD0B46082210B5EE
:103B700003F8032BA0F226220024A2F84240D0F83A
:103B80000920C1F80320D0F80D205A60427C1A7237
:103B9000CC7010BD10B504464068002390F8C620D4
:103BA0001946A830FFF707F818B960215620E4F746
:103BB0004DFF63680E2283F8C62010BD10B544681F
:103BC000037894F8C620002104F1A800FEF7F3FF63
:103BD00018B924214520E4F739FF1E2384F8C630A4
:103BE00010BD2DE9F347466890F8008096F8C6208E
:103BF00004460D4643460A2106F1A800FEF7DBFF06
:103C000080B32846FFF7B1FC20B32846FFF7A9FC94
:103C100007462846FFF7A1FC81462846FFF7A3FC8C
:103C200082462846FFF79BFC39460090534606F132
:103C300044004A46FFF7EEFD616801F5E471093181
:103C40003046F0F79BFEB8F1000F0DD160680421FB
:103C5000EDF700FF002086F8040186F8C60002B0E8
:103C6000BDE8F0870120FAE760680521E7F742FE2A
:103C7000F0E72DE9F74304464068002390F8C72099
:103C80000D46A8301946FEF796FF00284AD0284670
:103C9000FFF76BFC30B92946204603B0BDE8F0437E
:103CA000FFF7F7BE28466668FFF75BFC0746284625
:103CB000FFF753FC80462846FFF755FC814628460F
:103CC000FFF74DFC443600904B464246394630469D
:103CD000FFF7A0FD636893F8C6201E2A0DD1636824
:103CE000202283F8C720636800200122A3F8060180
:103CF00083F8082103B0BDE8F08393F86331002B0B
:103D0000EDD1636893F86231002BE8D162681F231C
:103D1000114682F8C73031F8440B02F5F272F0F721
:103D20009DFEE0E70120E5E710B50446406800236A
:103D300090F8C7201946A830FEF73DFF18B990212A
:103D40004520E4F783FE6068002380F80831BDE871
:103D500010400421EDF77EBE4268D2F8B830D90693
:103D600010B5044603D49A214520E4F76FFE990666
:103D700001D59B21F8E723F01003C2F8B830FFF714
:103D800036FE60680521BDE81040E7F7B3BD0B23A0
:103D90000B70437A8B70A0F534731B88A1F8033045
:103DA000037B4B7170470C230B70437A8B70A0F52B
:103DB00034700388A1F80330704709230B70A0F515
:103DC00077731B88A1F80330D0F80B30C1F80530A9
:103DD000D0F80F30C1F80930B0F81330A1F80D3029
:103DE00070474368D3F85C3110B504465BB10C22D0
:103DF000FFF70CFE63683222204683F8C720FFF7E6
:103E0000ECFD012010BD1846FCE710B504464068E3
:103E100090F8C630182B14D100F59C7200F5537140
:103E2000052300F55770FBF7CBF9636800200021EC
:103E30000122C3E94A0183F8CB201A2283F8C62065
:103E400010BD0220FCE738B50D46416891F8C63038
:103E5000152B044610D101F555712846FFF763FB79
:103E60006168284601F5A671FFF762FB63681822B6
:103E700083F8C620002038BD0220FCE7436893F891
:103E8000C620112A01BF0020142283F8CB0083F83A
:103E9000C62018BF0220704738B505464068012388
:103EA00090F8C7200021A830FEF785FE6C6860B945
:103EB00094F8C7200123052104F1A800FEF77BFE3A
:103EC000002814BF0820012038BD94F8CC300BB96D
:103ED0000020F9E70A212846FFF783FF044600285F
:103EE000F6D12846FFF779FD6B68122283F8C720C8
:103EF0002046E9E738B5044640680D4690F8C720EB
:103F000001230021A830FEF756FE70B9606890F8D2
:103F1000C720142A09D001230521A830FEF74BFE43
:103F2000002814BF0820012038BD03212046FFF7D8
:103F300058FF28BB636893F80A3113B92046FFF78E
:103F40004CFD6168284601F54471FFF7DBFA6168B2
:103F5000284601F5A471FFF7E0FA61680B88A1F823
:103F6000E533284601F2E731FFF7BAFA61682846DF
:103F700001F2EF31FFF7BCFA6368162283F8C7201D
:103F80000020D1E7436893F8C720132A03BF142207
:103F9000002083F8C7200220704710B5436893F8CB
:103FA000C730192B044607D1FFF721FD63681D2296
:103FB00083F8C720002010BD0220FCE708B5436845
:103FC00093F8C720122A04D04FF4A8711F20E4F7F9
:103FD0003DFD012283F80921132283F8C72008BD83
:103FE00008B5436893F8C620142A04D040F259114A
:103FF0001F20E4F72BFD012283F80A21132283F806
:10400000C62008BD08B5436893F8C720172A04D016
:104010004FF4B0711F20E4F719FD192283F8C7206F
:1040200008BD08B5436893F8C6201A2A04D04FF497
:10403000C8711F20E4F70AFD1C2283F8C62008BDC2
:1040400010B504464068002390F8C6201946A830F1
:10405000FEF7B1FD20B94FF4CB711F20E4F7F6FC59
:104060006368012283F80921112283F8C62010BD5C
:1040700010B504464068002390F8C6201946A830C1
:10408000FEF799FD636838B993F80A2122B940F226
:104090009D111F20E4F7DAFC012283F80921152283
:1040A00083F8C62010BD0B46072203F8032BD0F877
:1040B0000920C1F80320D0F80D205A60B0F8112073
:1040C0001A81C27C9A72704710B54468037894F8DC
:1040D000C620002104F1A800FEF76DFD18B9AA2141
:1040E0001C20E4F7B3FC042384F8C63010BD68B587
:1040F000054640682E787EB990F8C7203346314691
:10410000A830FEF758FD18B9B2211C20E4F79EFC38
:104110006B6883F8086168BDD0F8B820D30701D474
:10412000B721F2E790F80831013B5BB2002B80F831
:10413000083101DAB921E8E722F00102C0F8B8201D
:10414000E9E70E23A0F5E4700B7003884B807047FD
:1041500010B54468037894F8C620092104F1A8003A
:10416000FEF729FD30B1002384F8F83084F80431DB
:1041700084F8C630002010BD38B5047845685CB9B5
:1041800095F8C7202346214605F1A800FEF713FD48
:1041900080B90124204638BDD5F8B84014F0040495
:1041A000F7D1FFF71AFCD5F8B83043F00403C5F88F
:1041B000B830EFE7012385F808310223A5F806415E
:1041C00085F8C730E6E70378426813B982F808310A
:1041D0007047D2F8B83023F00403C2F8B830FFF7C4
:1041E00006BC38B54568037895F8C620044600211A
:1041F00005F1A800FEF7DFFC18B971214B20E4F7A8
:1042000025FC2378002B0CBF0523102385F8C6302E
:1042100038BD01230B7000238B70A0F586731B88BB
:10422000A1F80330437A4B714389CB8083890B819A
:10423000704770B54468057894F80B6116F0020673
:1042400004F1A80012D194F8C6202B463146FEF79F
:10425000B2FC18B975214020E4F7F8FB012384F87B
:10426000C63084F80431A4F8006170BD8DB994F8AB
:10427000C7202B462946FEF79EFC08B184F808515A
:10428000002384F87231F0E722F00202C4F8B8206B
:10429000F6E7D4F8B8209307F2D594F80831013B3B
:1042A0005BB2002B84F80831EEDA8721D3E710B532
:1042B0000B794C790A68012843EA042108BF41F4CC
:1042C0008031104610BD07B5FFF7F1FF0DF1070271
:1042D000F1F760FA03B05DF804FB0B46062203F821
:1042E000032BB0F80920A1F80320C27A9A70704716
:1042F0000B46172203F8032BD0F80920C1F803203E
:10430000D0F80D205A607047392301F8033B00F1C3
:104310000903293053F8042B41F8042B8342F9D1C7
:104320001B880B807047F0B5D928844628BF4FF012
:10433000D90C0CF1300CBDF814701FFA8CFCBCF1D8
:10434000FF0F07F0010607F0020528BF4FF0FF0C32
:1043500017F00307044601F5A57100F03E81002D1A
:104360004CD0082A3CD0042A3ED0022A0CBF182088
:1043700028200025082A05443AD0042A3BD0022AE6
:104380000CBF4FF48A704FF40A700544681802F0AD
:104390000C05002D00F19C0014BF282100210844C9
:1043A00074D000F535609830002E00F0A080082A07
:1043B00000F08F80042A00F09080022A0CBF1821A0
:1043C00028210023082A0B4400F08B80042A00F0E7
:1043D0008B80022A0CBF4C2198210B441844C6E064
:1043E0004FF4A8704025C5E74FF4A8702E25C1E70B
:1043F0004FF48A50C9E74FF48A60C6E70BB3082A26
:1044000011D0042A13D0022A0CBF18202820082A11
:10441000054410D0042A11D0022A0CBF4FF4826048
:104420004FF40260B1E74FF4A8704025EFE74FF476
:10443000A8702E25EBE74FF48240A6E74FF4825098
:10444000A3E7082A16D0042A18D0022A0CBF182085
:1044500028201D460CF1050C082A05441FFA8CF093
:1044600010D0042A10D0022A0CBF0427082707FB0B
:1044700000558BE74FF4A8704025EBE74FF4A87088
:104480002E25E7E74027F2E71027F0E7082A12D0A9
:10449000042A14D0022A0CBF18212821082A0D440E
:1044A00011D0042A12D0022A0CBF9C214FF49C7117
:1044B0000D44284477E74FF4A8714025EEE74FF408
:1044C000A8712E25EAE74FF41C61F1E74FF41C7147
:1044D000EEE74FF4A871402374E74FF4A8712E2340
:1044E00070E74FF4986178E74FF4987175E7002B07
:1044F0004CD0082A3CD0042A3ED0022A0CBF1821F6
:104500002821082A0E443BD0042A3CD0022A0CBFA2
:104510004FF482614FF402610E443044D92C26D905
:10452000D93CA4B2F721002B00F0AE80082A04F198
:10453000F604B4FBF1F100F09980042A00F09A80AF
:10454000022A0CBF182428240023082A234400F040
:104550009580042A00F09580022A0CBF4FF48262F5
:104560004FF40262134403F5A57301FB0300F0BD91
:104570004FF4A8714026C4E74FF4A8712E26C0E777
:104580004FF48241C8E74FF48251C5E7F12C214630
:1045900028BFF121082A14D0042A16D0022A0CBF01
:1045A000182528251E461331082A2E4489B210D01A
:1045B000042A10D0022A0CBF0425082505FB016639
:1045C000ABE74FF4A8754026EDE74FF4A8752E260B
:1045D000E9E74025F2E71025F0E71BB3082A13D0DE
:1045E000042A15D0022A0CBF18202820082A384493
:1045F00012D0042A13D0022A0CBF4FF482674FF462
:1046000002673844084489E74FF4A8704027EDE773
:104610004FF4A8702E27E9E74FF48247F1E74FF4F3
:104620008257EEE7082A15D0042A17D0022A0CBFB9
:104630001826282618460CF10505082A3044ADB284
:1046400010D0042A10D0022A0CBF0426082606FB2C
:104650000500D7E74FF4A8764020ECE74FF4A876A2
:104660002E20E8E74026F2E71026F0E74FF4A87482
:1046700040236AE74FF4A8742E2366E74FF4824282
:1046800070E74FF482526DE7082AB4FBF1F1C9B22A
:1046900036D0042A38D0022A0CBF18252825082A2B
:1046A0002B4435D0042A36D0022A0CBF4FF4826640
:1046B0004FF40266334403F5A57301FB0300C1EB1D
:1046C0004113C1EBC301641AA4B2002C3FF44FAFF5
:1046D0000834082AA4B221D0042A0CBF2E230023B8
:1046E000082A2B4404F105041AD0042A1AD0022AFD
:1046F0000CBF0425082500F5A57005FB04336DE605
:104700004FF4A8754023CAE74FF4A8752E23C6E7D7
:104710004FF48246CEE74FF48256CBE74023DFE7E3
:104720004025E8E71025E6E78B88F7B513F0180673
:1047300007460C4625D1086820B940F209412D20D2
:10474000E4F784F900F0ABFA217C657C042908BF0A
:104750000821042D08BF0825F1F7D2F8A38800939B
:10476000014633462A463846FFF7DDFDD4E90223E9
:10477000D730824273F100032CBF0120002003B028
:10478000F0BD0120FBE738B50B46132203F8032BDD
:104790000C4600F10902293052F8041B43F8041BAF
:1047A0008242F9D112781A70A5880123A3710221DF
:1047B0002846E4F72FFEC8B1E27862B10088EFF72F
:1047C000F9F802212846E4F73BFE78B140F2422195
:1047D0002D20E4F73BF900F045FBEEF751FF4B04C9
:1047E00004D52846BDE83840EDF7EABB38BD38B5FA
:1047F000CB690446A3F57A75104641F27072954272
:104800009DBF4FF47A72B3FBF2F303F5506340F2AD
:10481000E24288BFB3FBF2F39BB2A4F8AC308B8CBE
:10482000A4F8AE30CB8CA4F8B03091F8F13284F813
:10483000B230A37F04F1A00263B394F86830012B77
:1048400028D194F86E3003F0C003402B22D1D4F865
:104850006930C4F8A030B4F86D309380236A9A7838
:1048600084F89920082803F1030504F19A02D3F88B
:10487000033004F1A60118D0C4F8A630AB888B80B1
:1048800004F19901EFF78EFB40B94FF444612D20FC
:10489000E4F7DCF80023C4F8A030DEE794F89930A0
:1048A00043F0020384F8993038BDC4F89A30AB88DD
:1048B00093800023C4F8A6308B80F5E70B461622C0
:1048C00010B503F8032BD0F80920C1F80320427B70
:1048D0001A71CB78BBB130F8B43C1B0713D4B1F8D4
:1048E000054002212046E4F795FD60B10088EFF70E
:1048F00061F802212046E4F7A3FD20B140F28D21AA
:104900002D20E4F7A3F810BD0121F1F7B3BBFFF7A9
:10491000FBBF10B50446303000F0AAF920B920469C
:10492000BDE81040F1F74CB920460121BDE8104028
:10493000F1F7A0BB08B590F894300BB1012008BD89
:1049400090F8CC30002BF9D190F8BE3003F0FF0086
:10495000002BF4D0EEF772FE80F00100C0B2EEE75B
:1049600030B54FF4B07285B004460D460021FAF719
:1049700061FFFF2323701323638042F21073E384EB
:10498000E4F756FE00220146E0646846E4F794FE30
:10499000E06C00220121FCF790F9E16C04226846EA
:1049A000E4F78AFE0022E06C1146FCF786F904F178
:1049B0003000257500F01DF902A8EFF789FD20B938
:1049C00040F241312D20E4F741F802A904F136000C
:1049D000FEF710FA04F18000FEF73BF805B030BD99
:1049E000FF23C86C0B70FCF735B90078FF3818BF8F
:1049F00001207047F7B5044630300E4600F04FF9FD
:104A00006588E90606D52822294603B0BDE8F040AE
:104A1000F1F7CCBFAA0721794CBFB4F85C70B4F8A9
:104A20005470F0F76DFF62790095014633463846C1
:104A3000FFF779FC03B0F0BD034630B55A8812F099
:104A4000180F87B0084610D1D3E9024503F13001B1
:104A500000919B88ADF804206946CDE90245ADF888
:104A60001030FFF761FE07B030BD0120FBE7D0E951
:104A700002017047407D003818BF012070470B6865
:104A8000C0F817308B88A0F81B300123437770479C
:104A9000438813F0100005D013F0040F14BF00205A
:104AA0001F2070479A0704D4DB0701D4E4F7ECBD5C
:104AB000EE20704708B5FFF7EBFF003818BF012064
:104AC00008BD0023A0F8483043881D2B08BF0021F3
:104AD0004174704790F914007047408800F001005D
:104AE00070474088C0F3400070474088C0F3C00062
:104AF000704710B54488C06CE30654BFC4F340044B
:104B00000024FCF75FF9002C08BF012010BD40888D
:104B1000C0F3001070474088A0F109035842584183
:104B200070474079704710B50446EFF7B1FFC0F306
:104B30000B00A042F9D010BD10B50446F1F7EAFD14
:104B400028B120460021BDE81040F1F793BA10BD0E
:104B500090F8683001624B72D0F86930C1F80A30C1
:104B6000B0F86D30CB81704700218030FDF778BF01
:104B7000F1F726B880F888107047FF2380F88B3053
:104B8000704780F8241080F825207047C0F3400259
:104B9000C0F38003134400F001001844704702285A
:104BA00008B507D0042807D0012807D039212E20C6
:104BB000E3F74CFF262008BD2720FCE72520FAE775
:104BC0008278034612F0010002D0D978C9070FD5C8
:104BD000900702D5D978890709D512F0040007D0CB
:104BE000DB7813F0040F14BF00200420704702206C
:104BF00070470023C0F802300123437003707047F0
:104C00008170704710B50170427080781446FFF7CC
:104C1000BDFF10FB01F104FB01F2FE2A03DD5C2164
:104C20002E20E3F713FF10BD0023C37043710371FF
:104C3000704710B50446FFF7C3FF6379627801330C
:104C4000DBB29A4263710FD1E378A1780343DBB200
:104C50009942E37008BF23794FF0000208BF013387
:104C6000627104BFE2702371BDE81040FFF797BF87
:104C700038B501468078FFF789FF0446C8784D783B
:104C8000FFF784FF0A790B789B1A13FB05F34A7927
:104C900013FB04F39B1A00FB1530C0B238BD08B5F6
:104CA00001468078FFF772FF4B780A7813FB02F316
:104CB00013FB00F0C0B208BD40F2EF20704740F295
:104CC0005A335843704738B55368172814460D4671
:104CD00093F8C6200BD80D280DD90E3809280AD80C
:104CE000DFE800F00E09090918092009093E2E28FD
:104CF00027D036282ED04FF413713120E3F7A6FECB
:104D0000042A05D12046FEF75FFE2046F0F754FC4A
:104D1000002038BD102AFBD120460021BDE83840D4
:104D2000FFF716BA1E2AF3D12046FEF74DFE002DDE
:104D3000EED0626892F81A3123F0200382F81A311B
:104D4000E6E7352AE4D1002283F8B3212046FEF7B6
:104D50003BFEDDE7362ADBD1002283F8B421F5E7FC
:104D600093F8C720242AD3D1002583F8C7502046C2
:104D7000FEF73DFE636893F86C31012B03D12946A1
:104D80002046EEF7B1FC6368002283F86C21BFE790
:104D900008B5436893F8C720172A04D040F2D441DD
:104DA0003120E3F753FE1B2283F8C72008BD08B566
:104DB000436893F8C720322A06D1002283F8C7201F
:104DC000BDE80840FEF713BE172A03D11B2283F863
:104DD000C72008BD40F2E9413120E3F737FE70B546
:104DE000426892F81A3143F00403044682F81A31FB
:104DF00008460D46FEF714FC06462846FEF70CFC56
:104E000022463146BDE87040F1F712BF38B50C4676
:104E10000546D1E90501E4F7B1FB94F884032028A5
:104E20000BD0F9F7E3FE94F88403F8F73BFE20B9C2
:104E300040F674013120E3F709FE28460E21BDE853
:104E40003840E4F7FDBAE5F721BA90F803330022C1
:104E5000A0F8C62080F8CA2013B10221E6F74ABDA7
:104E60000321FBE70C2100F54670E4F743B8EFF7A8
:104E70005BBF08B5032805D8DFE800F00902090286
:104E8000002008BD40F225217720E3F7DFFD012057
:104E9000F7E7436893F8C620032A4FF0000206BFE5
:104EA00083F8042183F8C62083F8082170474368FB
:104EB00093F858212AB1002283F8C62083F80421F0
:104EC000704783F8C72083F80821704708B590F829
:104ED000CC3043B990F8C6200621A830FDF76BFE10
:104EE00000F0010008BD0120FAE770B5426892F8B1
:104EF0001A3143F00403044682F81A3108460D467D
:104F0000FEF78EFB06462846FEF786FB2246314614
:104F1000BDE87040F3F7E4BA08B5F3F7C9F818B97B
:104F2000BDE80840E5F7B2B90021BDE808400846F1
:104F3000F3F758BC38B50C460546D1E90501E4F74E
:104F40001DFB94F8190320280BD0F9F74FFE94F8B5
:104F50001903F8F7A7FD20B940F68D013620E3F7D5
:104F600075FD04F53C742046ECF71CFE10B120469C
:104F7000ECF728FE28460E21BDE83840E4F760BA79
:104F800000207047EFF7CCBDEFF78ABEEFF7B4BE55
:104F900038B590F8CA30B0F8FA50044683B9C5F174
:104FA000020594F8F83083B92046FFF78FFFB8B9AF
:104FB0002846A842A8BF284620EAE07080B238BD43
:104FC000B0F8FC00401B051FEBE794F8C620002357
:104FD000092104F1A800FDF7EEFD0028E4D1E8E77F
:104FE000D4F8F030D4F8EC00043B181AE1E770B5BF
:104FF0000E4604210546E4F70DFA044648B9062199
:105000002846E4F707FA20B116B190F8BD3003B98D
:105010000446204670BD037C0BB900207047037C1A
:10502000012BFAD0007C073818BF0120704708B563
:10503000027C012AD3B204D0FFF7EDFF00F001009B
:1050400008BD1846FAE708B5FCF707F80023A0F8F2
:10505000443080F84630A0F8473080F8493008BD29
:1050600010B51D23C3700446EEF736FB207110BD4A
:1050700010B51E23C3700446EEF72EFB207110BD41
:10508000012343810023C38183817047012343802F
:10509000038000238380C3804FF4486303817047FB
:1050A00008B5F4F7E7FDF4F74BFCF4F73BFABDE87D
:1050B0000840F4F7F9BA70B504460025666A16B9D7
:1050C000A16D59B970BD616A606D0B6863620D7046
:1050D0004D708D70CD70FBF7B4FDEFE7606DFBF7A1
:1050E000B0FDA665EEE710B50446F6F7D5FA204602
:1050F000BDE81040FFF7DFBFF6F7A0BB801A00F352
:10510000070038B540B20D4659B21446F6F786FB93
:105110000023287020446B7040B238BD0023036028
:105120007047002070474FF0FF3070474FF0FF305E
:10513000704770477047002070474FF0FF3070474E
:105140000020704700207047002303707047002242
:10515000FFF7D4BF002070474FF0FF3070474FF08B
:10516000FF3070474FF0FF30704738B5054691F873
:1051700027000C46F8F796FC18B9D3216A20F9F7F6
:105180006BFF0023A38484F826300921236A284674
:10519000984718B103780BB1D721EFE738BD4268C3
:1051A00008B5034611441A785960012AA1F150004C
:1051B00006D1F9F747FB40B9B7216A20F9F74CFF50
:1051C000F9F740FB08B9BC21F7E708BDF8B504467C
:1051D0000E4619B9012384F829303CE00D78032DDF
:1051E000F8D8DFE805F03A0212154868C72802D857
:1051F00000252846F8BD0421F9F7CEFB0028F7D199
:1052000071682046FFF7CBFFF3E7F6F783FBF0E783
:1052100090F82470FFB94D682846F6F74FFB002838
:10522000D8D02978D9B9012222702B792181003B6D
:1052300018BF0123E3726B79002B0CBF02230423F8
:10524000A372AB6860336360EB682361032384F867
:10525000263084F82520F6F75DFB0225C9E794F88F
:105260002630052B04D040F277116A20F9F7F4FEBE
:1052700027702B7994F827002781003B18BF012362
:10528000E3726B79002B0CBF02230423A372EB683B
:10529000A96860336360D4E906325B1842EBE172BF
:1052A000C4E90432042384F826302146F8F744FD8B
:1052B0000028D0D140F27911D7E770B50D460446E9
:1052C00020B940F291116A20F9F7C6FE90F82860E3
:1052D000082900F2F080DFE811F0EB00090041003E
:1052E00041007C0086009000A900970090F82630CD
:1052F000033B012B02D94FF4CE71E4E7052390F86C
:10530000241080F82630002380F8293011BBFFF7E5
:1053100046FF2378012B18D194F82700F8F7E0FB1B
:10532000C4E90601236A0021304698470146204619
:10533000FFF74CFF022820D0002800F0BF80012892
:1053400040F0BF80236A0421EEE7D4E90423C4E9D6
:105350000623E7E7BDE87040F6F7DCBA90F82630A0
:10536000DA1E012A02D94FF4DD71ACE790F824204F
:1053700072B101463046FFF7F8FE002D40F0A480E0
:1053800000F054F9002800F09F8040F22E219AE7A7
:10539000042B0CBF02230123022980F82630036A64
:1053A0000CD1052130469847002800F08D80037805
:1053B000002B00F0898040F2CF1184E706213046AF
:1053C00098470028D9D00378002BD6D04FF4EA7143
:1053D00079E790F82630052B02D040F2DB1172E716
:1053E000036A0221A0E790F82630052B02D040F294
:1053F000E11168E7036A012196E790F82630052B52
:10540000A8D040F2E7115EE790F82630052B02D0D5
:105410004FF4F67157E7036A0A2130469847014670
:105420002046FFF7D3FE40F2EF114CE790F826300C
:10543000052B07D090F825200AB1032B02D040F2AB
:10544000F31140E794F824202AB121463046BDE804
:105450007040FFF78ABE94F8293073B1022384F8B4
:10546000263084F82920236A08213046984758B30B
:1054700003784BB340F2FF1125E794F8252052B191
:1054800094F8270084F825302146F8F755FCD8B960
:105490004FF4017117E7022384F826300721236AAD
:1054A0003046984780B1037873B140F20B210AE788
:1054B0004FF4047107E74FF4057104E7236A0321F1
:1054C00032E740F22521FEE670BD70B5F6F76EFAC0
:1054D000002405462646E0B2854200D870BDF6F7A6
:1054E0006BFA0134868480F82660F4E7F8B5044648
:1054F0000D46F6F75BFA00270646F8B2864204D856
:10550000082D0CD96FF0150008E0F6F755FA90F861
:1055100026300137002BF0D04FF0FF30F8BD2CB112
:1055200029462046BDE8F840F6F754BA2146204601
:10553000F8E738B50546F6F73FFA014688B190F826
:1055400024408CB990F8263073B1013B012B04D86C
:105550002846FFF70AFE204638BD012380F8243094
:10556000F9E76FF00100F7E76FF02200F4E770B59C
:105570000D46F6F721FA044600284AD090F8266036
:10558000731E012B4BD8002D46D02846F6F796F90E
:10559000002841D02A7802BB012323702B79228175
:1055A000003B18BF0123E3726B79002B0CBF022371
:1055B0000423A372AB6860336360EB682361032349
:1055C00094F8270084F826302146F8F7B5FB48BB4D
:1055D0004FF42B716A20F9F73FFD022E1FD10022F4
:1055E00022702B7922819B1A18BF0123E3726B79F9
:1055F000934218BF0426A672EB68A9686033636003
:10560000D4E906325B1842EBE172C4E904320423A8
:10561000D6E76FF0010070BD6FF01500FBE76FF08B
:105620002200F8E70020F6E7F6F73CBF08B50020B7
:10563000F7F748F80068003818BF012008BD08B522
:1056400000F0CCF828B14FF080430222C3F8342C8C
:1056500008BD00F08AF80028F5D100F09BF800287A
:10566000F1D1F5E74FF0804301221A6070474FF007
:105670008043D3F8080400F0010070474FF08043E6
:10568000D3F8140400F0010070474FF08043D3F8C2
:105690001C0400F0030070474FF080410246D1F82F
:1056A0001804D1F8181410F4803004D001F003006D
:1056B000831A58425841704707B56846F6F7EAFD25
:1056C000DDE900024FF080730021E2FB030103B02B
:1056D0005DF804FB0020704708B5F6F7C5FDBDE88E
:1056E0000840F6F7ABBD0346002018707047EFF393
:1056F000108272B603780121DBB2017002B962B682
:10570000012B0CBF6FF0220000207047EFF31083D5
:1057100072B60022027003B962B600207047F9F732
:1057200097BE4FF08053D3F83001A0F10F035842D9
:10573000584170474FF08053D3F83001A0F10A036D
:105740005842584170474FF08053D3F83001A0F1D0
:105750000E035842584170474FF08053D3F8300140
:10576000A0F110035842584170474FF08053D3F8CE
:105770003001062803D0431C58425841704701208D
:1057800070474FF08053D3F83001A0F10D03584219
:10579000584170474FF08053D3F83001A0F108030F
:1057A00058425841704708B5FFF7BBFF024688B919
:1057B000FFF7C0FF014658B9FFF7C5FF024658B9C9
:1057C000FFF7D3FF20B9FFF7E5FF80F00100C2B279
:1057D000104608BD0022FBE70A46F9E708B5FFF7C7
:1057E000A9FF30B14FF08053D3F83401B0FA80F004
:1057F000400908BD08B5FFF7B8FF48B14FF0805326
:10580000D3F83401063810F1080F94BF00200120AE
:1058100008BD08B5FFF7A9FF48B14FF08053D3F892
:105820003401063810F1080F8CBF0020012008BD9C
:10583000F9F750BEF9F74EBE00280CBF6FF0150007
:105840000020704700207047072303700020704736
:10585000002070470020704710F8012B11F8013B21
:10586000012A28BF9A42F7D0D01A7047034611F890
:10587000012B03F8012B002AF9D17047034613F8D6
:10588000012B002AFBD1181A0138704700000000D4
:105890002DE9F04F85B091F8283000AF0C46002B71
:1058A00064D0374A3748DFF8E0B0032122F085FBA7
:1058B000D4E90001E1F7B2FD2FA3D3E90023E1F71A
:1058C00005FF80468946D4E90201E1F7A7FD2AA336
:1058D000D3E90023E1F7FAFEC7E902016069E1F7C5
:1058E00051FD0B460246C7E90023E36ACBF81430AA
:1058F00094F82CA094F82D60E58DD7E90234CBE91B
:105900000089CBE90234E1F7C9FFCBF81000EB4680
:1059100090B06C461D4B636100220023404649460F
:10592000E1F7F4FB0022C4E906010023D7E90201F4
:10593000E1F7ECFBC4E90AA6C4E908012563D7E94D
:10594000000100220023E1F7E1FB22460C23C4E919
:105950000E0142F8103F0B48002346F2C00103F04D
:105960002FF9DD461437BD46BDE8F08F084A0548DB
:10597000032122F022FBF5E70000000065CDCD41B8
:105980000F2107008CF90600E03100201C210700E0
:1059900072210700000000002DE9F84306460D467D
:1059A000734FBB680321DB6838469847041E08DA4A
:1059B000704A23467048012122F008FB2046BDE8CA
:1059C000F8836E49002001F0F9FC031E04DA6C4AEA
:1059D0006948012122F0FAFA6A49012001F0EEFC3F
:1059E000031E04DA684A6448012122F0EFFA67498D
:1059F000022001F0E3FC031E04DA654A5E4801213F
:105A000022F0E4FABB685A48DB6807219847041E75
:105A100002DA604A2346CDE75F49042001F0CEFC5C
:105A2000031E04DA5D4A5448012122F0CFFA5C4992
:105A3000052001F0C3FC031E04DA5A4A4E48012136
:105A400022F0C4FA5849062001F0B8FC031E04DA1B
:105A5000564A4948012122F0B9FA484C6068E1F7FA
:105A6000A1FC41A3D3E90023E1F730FE8046206882
:105A7000444C8946E1F796FC02460B4640464946AF
:105A8000E1F744FBC6E900016068E1F78BFC36A34F
:105A9000D3E90023E1F71AFE804620683B4C894693
:105AA000E1F780FC02460B4640464946E1F72EFBF3
:105AB000C6E902016068E1F775FC2BA3D3E9002376
:105AC000E1F704FE80462068334C8946E1F76AFC22
:105AD00002460B4640464946E1F718FBC6E9040179
:105AE0006068E1F75FFC20A3D3E90023E1F7EEFD56
:105AF000064620682A4C0F46E1F754FC02460B4646
:105B000030463946E1F702FBC5E900016068E1F77C
:105B100049FC15A3D3E90023E1F7D8FD0646206828
:105B2000214C0F46E1F73EFC02460B463046394613
:105B3000E1F7ECFAC5E902016068E1F733FC0AA37A
:105B4000D3E90023E1F7C2FD064620680F46E1F7DE
:105B500029FC02460B4630463946E1F7D7FA0024C5
:105B6000C5E904012AE700BF0000000080842E413F
:105B700088F60600AC210700ACF90600B0770020DB
:105B8000D2210700A8770020FC210700A077002081
:105B90002622070050220700987700207222070073
:105BA000907700209822070088770020BE22070007
:105BB000F0B5424D83B0D5F86431996811F0010118
:105BC00000AF21D13A1D40F6034007F099FD04468D
:105BD00000286FD17C68E3681B7893B909F05CFFFB
:105BE00005F1D403184623F0AAF9BFF35B8F00F048
:105BF000090053E8002F43E800010029F9D1BFF361
:105C00005B8F204612F07CFA3A1D002141F203001E
:105C100007F076FD044600284CD17B68284EDA68F0
:105C2000D2F80100D2F8051003C6184612F068FA3F
:105C300021463A1D41F2010007F062FD04460028AA
:105C400038D17868C3685A7885F870205A88A5F8E2
:105C500072201A7985F87120B3F80720A5F874200E
:105C6000B3F80530A5F8763012F04AFA21463A1D0D
:105C700041F2020007F044FD0446D8B9D7F804C049
:105C8000DCF80C20531C413218685968344603C4B0
:105C9000083393422646F7D1604612F031FA95F860
:105CA0007C305A0612D4074A0748012123F04FF9E5
:105CB0006FF0120420460C37BD46F0BDB807002037
:105CC00030080020743C0700F4F806003A1D00215B
:105CD00042F2030007F014FD04460028EAD17B6875
:105CE000B14EDA68D2F80100D2F8051003C61846A2
:105CF00012F006FA21463A1D42F2020007F000FDBA
:105D000004460028D6D17C68E368B3F8012091B23C
:105D100049B1D97839B1A5F80421DA78114606F1EC
:105D2000280028F03AFC204612F0EAF995F87C6049
:105D30001F2316F02006A5F8203118D1022140F6C5
:105D40006D4007F0A1FC0446002800F0E38002212A
:105D50000C3026F06BFB012303704670214632465F
:105D600040F66D4007F0CCFC04460028A2D195F81F
:105D70009C301B0712D53A1D002142F21C0007F08F
:105D8000BFFC0446002895D17868C368D3F8012089
:105D9000D3F80530C5E9382312F0B2F995F8D830B8
:105DA0009E0621D5B91C384607F024FD044600287C
:105DB00080D1042142F2240007F066FC0646002848
:105DC00000F0A88004210C3026F030FB3B880380D3
:105DD0007B8843802246314642F2240007F090FC43
:105DE000044600287FF466AF95F8D8305C062AD5C3
:105DF000022142F22E0007F047FC0446002800F082
:105E0000898002210C3026F011FBB5F8A8310380FF
:105E10002146002242F22E0007F072FC04460028C0
:105E20007FF448AF01463A1D42F22A0007F068FCB1
:105E3000044600287FF43EAF7868C3685B7885F835
:105E4000223112F05DF9082142F2010007F01CFC3A
:105E5000044600285ED008210C3026F0E7FA95F8B9
:105E6000D81011F0400F024640F2022308BF03236E
:105E700088074CBF43F02C0043F00C008B0695F8CC
:105E8000D93048BF40F0400013F0090F95F8A23018
:105E900018BF40F4006003F00603CE0748BF40F08F
:105EA0001000062B08BF40F4C070002123F084F8D6
:105EB0002146002242F2010007F022FC044600289D
:105EC0007FF4F8AE95F87C30B5F80411980624D428
:105ED000C9B93A1D41F2050007F012FC044600283A
:105EE0007FF4E8AEB5F804317C684BB9E368B3F8E9
:105EF0000120A5F804219A882C48114628F04DFB72
:105F0000204612F0FDF8082140F6014007F0BCFBE6
:105F1000044660B96FF06804CCE60029F3D1244A46
:105F20002448012123F013F86FF00404C2E608218D
:105F30000C3026F07BFA95F8D830D90702462AD4DF
:105F40001D484FF0005123F037F82146002240F65B
:105F5000014007F0D5FB044600287FF4ABAE0146B4
:105F60003A1D4FF6014007F0CBFB48B3134A1148E6
:105F7000022122F0ECFF09F0C5F9044600287FF465
:105F800099AE0BF0CFF8044600287FF493AE08F0EA
:105F9000D3FA04468EE602A1D1E90001D3E700BF9F
:105FA000908800020080002090080020C008002097
:105FB000983C0700F4F8060010880002BB3C07007C
:105FC0007B68DC68B4F80130032B96BF434A444930
:105FD00052F823106D468AB06A464248D3614FF4A6
:105FE00000731384404BC2E9050142F8103F3F485B
:105FF0004FF4135122F0C3FFB4F80120B4F803307A
:10600000022AAD4648D1052B46D8394A52F823100A
:106010006D468AB06A463748D3614FF400731384E3
:10602000314BC2E9050142F8103F4FF413512F489C
:1060300022F0A5FF6379A679D4F80900032BAD46B9
:1060400098BF2D4AB4F8075094BF52F82310244942
:106050006C468CB06A46DFF8A4C0C2E907364FF43C
:1060600000739385264BC2E905C1C2E909504FF47C
:10607000735142F8103F1D4822F081FFA546786811
:1060800012F03EF83A1D00214FF6024007F038FBAF
:10609000044618B11B4A6AE71149B9E778681A4DF6
:1060A000C368B3F80130A5F8C13012F029F895F8AB
:1060B000C1305B077FF55FAF3A1D21464FF60340C5
:1060C00007F01EFB08B1114A51E77868C3685B7896
:1060D00085F8C03012F014F84DE700BFC40807007F
:1060E000143B0700DF3C070004000001F4F8060041
:1060F000AC080700F83C07009C080700103D0700AB
:10610000070000013D3D0700B8070020663D07007D
:1061100070B5144606460846E1F7CAFC2146E1F789
:106120001BFDF9F7B7FC0E4D80FB05450AA3D3E92B
:10613000002320462946E1F7D5FE0A4A30600023B5
:1061400020462946E1F7CEFE064A0023E1F7CAFEC3
:10615000726070BDAFF300800010A5D4E8000000AD
:106160003AA3950040420F0070B514460646084613
:10617000E1F79EFC2146E1F7EFFC1349134DE1F7EF
:106180009FFDF9F787FC80FB05450BA3D3E90023AE
:1061900020462946E1F7A6FE09A3D3E90023306093
:1061A00029462046E1F79EFE094A0023E1F79AFEC0
:1061B000726070BDAFF3008000209BF35E100000A2
:1061C00080A812010000000000002041D8EF2F003D
:1061D00040420F0000000000072970B5054633D18A
:1061E00053681068204AD917C0FB0231012B71F1A6
:1061F00000022CDB1D48181841F1000118A3D3E957
:106200000023E1F76FFE02282E6917D0102817D05F
:10621000042817D008281AD103242146284627F03D
:10622000D6F8002816DB124B33F814103D20A1FBE2
:106230000001E1F753FCF060002070BD0024ECE7A2
:106240000124EAE70224E8E76FF08500F5E76FF044
:106250001500F2E76FF00400EFE700BFAFF3008036
:106260003AA395000000000040420F009DD14A0073
:106270000C1607000000000070B50D46032D1146F6
:1062800004461A4609D0072D0BD0314A3148022165
:1062900021F093FE6FF085003EE0BDE87040FFF70F
:1062A0009BBF0729F6D159681D682B4BC8170A46B2
:1062B000C5FB0320B425A2FB0531012A05FB001113
:1062C00070F1000029DB254818181FA3D3E900232B
:1062D00041F10001E1F706FEFA2826D0B0F5FA7F79
:1062E00025D0B0F57A7F24D0B0F5FA6F23D07D2881
:1062F00023D1042529462046266927F078F800286E
:106300001EDB174B33F8151041F21710A1FB0001EB
:10631000E1F7E4FBF061002070BD1248181861F14C
:10632000000109A3D3E90023D4E70025E2E7012512
:10633000E0E70225DEE70325DCE76FF01500EBE779
:106340006FF00400E8E700BFD8EF2F000000000066
:106350003A60070084F8060040420F00ECF717008F
:10636000021607001408E8FF08B5031E08DA074AFA
:106370000748012120F00CFC064B01221A7008BDD1
:10638000054A0348032120F005FCF5E71416070031
:106390009CF80600029D0020471607002DE9F04FEB
:1063A000B5B008AF00214FF480301BF073FE01231D
:1063B000BB720023FB7217F051FA064640B101464A
:1063C0009E4820F062FE0020B437BD46BDE8F08F45
:1063D000DFF86C82404620F0DFFBA0B96C46D8F8AD
:1063E000003088B022469749C4E905134FF4007382
:1063F000A383954B42F8103F944833464FF4E25143
:1064000002F0DEFBA5468E4820F0C6FB034698B995
:106410006C46D8F8001088B022468A48C4E90501C5
:106420004FF40071A183884942F8101F87484FF448
:10643000E25102F0C5FBA546814820F0ADFB0346C2
:1064400098B96C46D8F8001088B022467D48C4E957
:1064500005014FF40071A1837B4942F8101F7B486E
:106460004FF4E25102F0ACFBA546754820F094FBD6
:10647000034698B96C46D8F8001088B02246714897
:10648000C4E905014FF40071A1836F4942F8101F60
:106490006E484FF4E25102F093FBA546684820F0A5
:1064A0007BFB034698B96C46D8F8001088B02246AA
:1064B0006448C4E905014FF40071A183624942F8C0
:1064C000101F62484FF4E25102F07AFBA5465C4887
:1064D00020F062FB034698B96C46D8F8001088B0EB
:1064E00022465848C4E905014FF40071A18356497A
:1064F00042F8101F55484FF4E25102F061FBA546E7
:10650000534820F03AFB002807DA524A0090002353
:106510004E48012121F064FD55E74F4820F02DFB46
:106520000028F2DB4D4820F028FB0028EDDB4C482A
:1065300020F023FB0028E8DB4A4820F01EFB00285F
:10654000E3DB494820F019FB0028DEDB474A002343
:10655000C7E90823FB613B85FB6007F11C03FB6275
:1065600003233B6307F10C0404220C23C7E90E2329
:106570007C63D8F8083032485B6807F12C0529465F
:106580009847031E07DA3A4A3048012120F000FB01
:106590004FF0FF3018E7DFF8DCA0DFF8B090A0463E
:1065A00018F8013B03210093524633464846013612
:1065B00021F016FD042EF3D12F4B1B7803B9FEE713
:1065C0002E4A2248032120F0E5FA2D480F2100F041
:1065D00077FC031E04DA2B4A1C48012120F0D8FA6C
:1065E000274803697B60836807F160085B68414660
:1065F00098470646A0B10346234A1448032120F0D9
:10660000C7FA002E46DB012E204B73D104201E70EA
:1066100028F08AFC1E4A0D48032120F0BBFA3FE017
:106620007B68386E1B68184A5840C0F3C036334642
:106630000648032120F0ACFAE5E700BF5D1607002D
:10664000D4F5060078160700030000019CF8060048
:106650009C0507009B1607008805070074050700C6
:10666000600507004C05070038050700156E04009B
:10667000BC160700D0160700311B0020E7160700E4
:1066800034F50600FF16070026170700059D0020B9
:10669000621707007C4A7D483346012120F078FAD2
:1066A0007B4B7C4A7C480E2100F0BCFB031E04DAC5
:1066B0007A4A7648012120F06BFA794B794A76487C
:1066C0000D2100F0AFFB031E04DA774A6F48012169
:1066D00020F05EFA754A6D48032120F05BFA744899
:1066E00007F04EFF034648B1724A6848012120F086
:1066F0004FFA68E600221A706F4A8CE701461822AA
:1067000007F1480028F098FD6C4B3B646C4B7B64B0
:1067100007F140006B4BBB650AF07CFA6A4B1B78B3
:1067200003B9FEE721F020FE034620B1674A57482F
:10673000012120F02DFA664EDFF898A13378DFF8BA
:106740009891ABB10023012207F110003B613A752B
:10675000BB6104F04FFE614804F034FC00F054FCCF
:10676000002804DA5E4A4948032120F013FA002386
:10677000C7E9183AC7F86890404604F09BFE031E2C
:1067800004DA584A4148012120F002FADFF8589112
:10679000D9F8003000221A70544827F071FD28B94A
:1067A000534A3A48012120F0F5F9F1E6514A3748B9
:1067B000032120F0EFF900F00DFE0028FFF6E8AE0F
:1067C0004D4A3248032120F0E5F93378002B37D0C9
:1067D0004A4A2E48032120F0DDF9494A2B4803217B
:1067E00020F0D8F947481BF06FF800214FF48030B3
:1067F0001BF050FC2548444A032120F0CBF94348C4
:10680000DFF80CA1DFF884B01BF05EF833781BBB17
:10681000404A0321584620F0BDF904230093CDE9F6
:1068200002543D4B3D4A3E49CDF804A007F10A0011
:1068300000F02CFED9F80030187800F081F8E5E778
:10684000384A1248032120F0A5F91048364A03219E
:1068500020F0A0F93548D3E75846354A032120F007
:1068600099F9344B2C4ACDE90583334B0493334BD0
:10687000CDE900A5CDE9024307F10B01284B07F153
:106880000A0000F05DFED5E7381707009CF8060007
:106890002D6F04001477002034F5060087170700D9
:1068A000F16E040008770020AF170700DA17070021
:1068B000696304000018070075170700356A0400B3
:1068C000DD6A0400156B0400029D00201F180700FC
:1068D000059D0020B56F0400D56F040090150020C1
:1068E0003D1807005D1807009815002074F6060093
:1068F0007F18070098180700AC180700D818070081
:10690000EB180700D8150020FF180700E815002035
:10691000D4F50600501907006B9D00206A9D0020E9
:10692000311B00202B1907003D190700C815002056
:1069300063190700E0310020D41C0020069D0020D0
:1069400010B51D4C2168013101F0010148BF4942D9
:10695000216004282ED8DFE800F00317161D270059
:106960000021022016F0AEFF0021084616F0AAFF13
:106970000121012016F0A6FF4FF48040BDE8104031
:1069800000211BF087BB0121022016F09BFF002194
:10699000084605E00021022016F094FF216800203F
:1069A00016F090FF0021E4E70021022016F08AFF94
:1069B0000121F4E70021E7E72077002070B5037894
:1069C0008AB004460E4607AD032B20D8DFE803F05B
:1069D00002191B1D11492846FEF748FF05956378EB
:1069E0000493A3780393E378029323790193637963
:1069F0000093A3790A4A1E2130461EF09FFE0AB07A
:106A000070BD0849E7E70849E5E70849E3E7084AB0
:106A10000A2128461EF092FEE0E700BF9019070009
:106A2000B2190700971907009E190700A819070057
:106A30005A57070070B51D4A032104461C4820F030
:106A4000AFF81C4B1B6802221A701B4B01211970F6
:106A50001CB91A4A164820F0A3F8194D194A2B7888
:106A60001348032120F09AF82B78EBB1164A10480E
:106A7000032120F095F8204600F070FC002804DA8D
:106A8000124A0B48012120F08BF8114B11491C6070
:106A900020460DF051F9031E06DABDE870400E4A9B
:106AA0000348012120F07AB870BD00BF271A070003
:106AB000A4F8060098150020039D0020001A070086
:106AC000059D0020471A0700571A0700701A070093
:106AD000387700209C1500208A1A070008B5084A5C
:106AE00008480B46012120F059F8074A002313609B
:106AF000064A1370064B1B6803221A7008BD00BFBC
:106B0000CA1A0700A4F8060038770020049D002068
:106B100098150020F0B589B000AF0D46144622F05C
:106B2000C5FE3946FFF74AFF6E46ACB98AB06A46E1
:106B3000124BD561C2E905374FF400731384104B33
:106B400042F8103F4FF4135123460E4802F038F834
:106B50002437B546BD46F0BD8AB06A460A4BC2E945
:106B600005374FF400739384084BC2E9075442F889
:106B7000103F00234FF43351E7E700BFEB1A070043
:106B800004000001A4F806000A1B0700050000012C
:106B90002DE9F04F91B00378012B00AF04460DD0E2
:106BA000022B0ED0002B67D14388364A364803218A
:106BB0001FF0F4FF4437BD46BDE8F08F4368334A09
:106BC000F4E7252207F1180106F08AF86D4688B02F
:106BD0006A462F4B536107F1180393614FF400731A
:106BE00093832C4B42F8103F274800234FF4E65183
:106BF00001F0E6FF637A7B61237A3B61E379FB6016
:106C0000A379BB60AD4663797B6096B023793B6026
:106C100094F810B094F80FA094F80E9094F80D80AA
:106C200094F80CE094F80BC0A67AE078A178637829
:106C30006A46194CC2E9054B7C6954633C6994630C
:106C4000FC68D463BC6814647C6854643C68C2E922
:106C500014131223C2E907A9C2E9098EC2E90BC6BF
:106C6000C2E9124042F8103F0748002349F2C00130
:106C700001F0A6FFAD469DE7084A034803211FF037
:106C80008FFF97E72F1B0700A4F80600431B0700A0
:106C9000571B070003000001681B0700BF1B07000C
:106CA0002DE9F041074686B00C4615464FF40040EA
:106CB00000211BF0EFF944B9474A484803211FF06F
:106CC0006FFF002006B0BDE8F081297C002952D179
:106CD000D4F80C80D8F80000FFF75AFF404BD8F8E2
:106CE000006001AA03F1100E944618685968154611
:106CF00003C5083373452A46F7D11B782B703046FD
:106D0000614622F087F80646002832D1354A3348DA
:106D1000354D03211FF044FF238A2E6001332B8160
:106D2000B8F80430EB810326304B314A2B482E74DF
:106D300031466B601FF034FF00214FF400401BF020
:106D4000A9F9294638460CF0F7FF2A4A044631468D
:106D500022481FF025FF4FF4004000211BF09AF954
:106D6000002CAEDA244A1D48234601211FF016FFED
:106D7000A7E70120A6E70329FBD1E5681F4A1748CA
:106D80001FF00EFF2868FFF703FF1D4B2E6801AAB6
:106D900003F1100C174618685968144603C40833E9
:106DA00063452246F7D11B7823703946304622F0DE
:106DB00031F80028DDD1134A084803211FF0F0FE06
:106DC000114AAB8813800548104A03211FF0E6FEE4
:106DD0000F4B01221A7074E7D51B0700A4F80600B8
:106DE00060FB0600EC1B070024770020A16C040068
:106DF000FE1B07001F1C07003F1C0700691C070043
:106E000071FB06008A1C0700C49C0020A31C07001D
:106E1000049D0020024B01221A700220704700BF1F
:106E2000311B00202DE9F74306460D4617469846CC
:106E30005FFA81F949461FF0B5FE041E0ADA1C4AC2
:106E4000009523461B48012121F0CAF8204603B0D3
:106E5000BDE8F083B3689C6964B14FF0C0634FF044
:106E6000A07249463046A047041E06DA124A009531
:106E70002346E7E76FF05704F8E7012202FA05F529
:106E8000C7F80480BD60B368DB695BB13946304642
:106E90009847041E09DA094A06482346012121F0D1
:106EA00095F8D3E76FF05704F5E70024CEE700BF6D
:106EB000DF1C07007CF80600111D07004A1D0700B3
:106EC00037B50D46C9B21FF06DFE041E09DA064A39
:106ED000064800952346012121F082F8204603B0A0
:106EE00030BD0024FAE700BF7D1D07007CF80600D6
:106EF00008B5094A0948032121F05FF8084B1B78BF
:106F00004BB10648074A032121F057F8BDE8084075
:106F100005481AF0D9BC08BDAF1D07007CF8060073
:106F2000059D0020FF180700E815002008B50C4A51
:106F30000C48032121F041F80B4B1B784BB1094859
:106F40000A4A032121F039F80948BDE808401AF03F
:106F5000BBBC0448074A032121F02FF80648F4E798
:106F6000CC1D07007CF80600059D0020EB180700EB
:106F7000D81500203D190700C8150020F8B50B4EA4
:106F80000B4F0C468D18AC4201D10120F8BD4FF0DB
:106F9000FF324FF0FF3338461AF0CAF914F8013BBC
:106FA00006F8013B38461AF03BFAECE7069D002054
:106FB000D41C002008B5044A0448032120F0FDFF3A
:106FC000034B01221A7008BDF81D07008CF806005B
:106FD0006A9D002008B540B9074A0848032120F0FF
:106FE000ECFF074B01221A7008BD064A0348BDE8B2
:106FF0000840012120F0E1BF141E07008CF80600B4
:107000006B9D0020361E070010B50A490A4821F082
:10701000F8FB041E07DA094A09482346012120F03B
:10702000D5FF204610BD074A0548032120F0C5FFC3
:10703000F7E700BFB01500203C770020511E070085
:107040008CF806007B1E0700024A034803211FF04C
:10705000B8BD00BFA81E0700ACF8060070B5254AF1
:10706000254886B003211FF0ACFD21F0A6FB031ECE
:1070700004DA224A204801211FF0A5FD04F0A4F8FB
:1070800004F082F81E4B01AA03F110061546186899
:107090005968144603C40833B3422246F7D11B781B
:1070A00023702946032003F09DFF031E06DA154ACC
:1070B000114801211FF087FD06B070BD1249002064
:1070C00003F090FF031E01DA104AF1E701210420CA
:1070D00004F08CF8031E01DA0D4AE9E70D4A064870
:1070E00003211FF06EFD012004F0B6F9031EE3DA60
:1070F000094ADDE7BA1E0700ACF80600CE1E0700FD
:1071000084FB0600F01E0700241F0700311F070044
:10711000651F07008A1F0700A21F07000B46024ACF
:10712000024802211FF04FBDCB1F0700ACF806003C
:1071300030B50F4D0FCD89B003AC0FC42B68236061
:1071400001240C4B0C490094022203A808F026FBF2
:10715000034630B1094A0A4821461FF034FD09B000
:1071600030BD084A064803211FF02BFDF7E700BF9A
:1071700098FB0600B0050700B8050700F71F0700D9
:10718000ACF806002020070010B508F039FB0346D4
:1071900030B1BDE81040044A044801211FF013BD7E
:1071A000BDE81040FFF7C4BF44200700ACF806005C
:1071B000024A034801211FF004BD00BF66200700FA
:1071C000ACF8060038B50C4A04460D460B480321BE
:1071D0001FF0F7FC2946204604F09EF9204621F0D6
:1071E000D4FA074804F054FA002803DABDE838401E
:1071F000FFF7DEBF38BD00BF90200700ACF80600E7
:107200003C7700202DE9F0470B7B86B005460C4605
:1072100017468BB1394A3A48DFF8E880DFF8E0904A
:1072200003211FF0CEFC0026237DB34236DC364A14
:10723000334803211FF0C5FC94F82030002B36D1D1
:1072400023788BB12D4A2E48DFF8B880DFF8B09054
:1072500003211FF0B6FC0026237A9E4245DB2A4A12
:10726000274803211FF0ADFCAFB12B681E68274BE8
:107270000FCB02AC84E80F006A6801AB21463046B0
:1072800009F0A8FD38B9019822F0CBF9204B18601D
:10729000019809F007FA06B0BDE8F0872369424675
:1072A0009B5D032148461FF08EFC0136BCE7194A5E
:1072B0001348DFF86490DFF848A003211FF081FC39
:1072C00004F12008002694F82830B342B8DD58F8BD
:1072D000043F4A461B78032150461FF074FCD8F83F
:1072E0000000FFF755FC0136EDE7636842469B5D01
:1072F000032148461FF067FC0136ADE7B1200700C7
:10730000ACF80600B820070047260700ACFB0600D3
:1073100084770020831C07008765070010B5074AA3
:1073200007480C4603211FF04CFC34B9BDE810405F
:10733000044A034801211FF044BC10BDD5190700C1
:10734000ACF80600001A0700024A034801211FF0AA
:1073500038BC00BFBB200700ACF80600F0B5124BEC
:1073600087B001AA054603F1100716461868596848
:10737000144603C40833BB422246F7D11B7823705E
:107380000A4A0B4B3146284603F0BEFC041E08DABD
:10739000084A0948234601211FF015FC204607B082
:1073A000F0BD0024FAE700BF84FB0600BC150020F6
:1073B0003C770020CE200700ACF8060010B403464E
:1073C0000A46034881680C691946234610BC1847D1
:1073D00088F6060008B5094826F052FF38B9084873
:1073E000084A012120F0E9FD4FF0FF3008BD0448B4
:1073F000054A032120F0E1FD0020F7E788F60600AA
:10740000ACF906007D2107009521070030B50F4D2E
:107410000FCD89B003AC0FC42B68236001240C4B43
:107420000C490094022203A808F0B8F9034630B1D1
:10743000094A0A48214620F0C9FD09B030BD084A72
:107440000648032120F0B9FDF7E700BFBCFB0600AA
:10745000C8050700D0050700E8220700B4F90600B8
:107460002523070010B508F0CBF9034630B1054AD3
:107470000548BDE81040012120F0A8BDBDE810403E
:10748000FFF7C4BF44200700B4F906002DE9F84314
:1074900000AF9046FE6A7A6A99460546E0B100233D
:1074A00003700B7088F800309368B96A5B68104607
:1074B0009847041E06DB99F8003083B901232B702E
:1074C000002405E01A4A1B482346012120F07EFDD6
:1074D0002046BD46BDE8F88331B31B7823B36C4624
:1074E0008AB096F800C07078B178F3786A46DFF811
:1074F00048E053620623C2E905ECC2E9070142F8FD
:10750000103F00230B484FF4435101F059FB314623
:107510003A8CA546002003F0D9FF031E04DA074A7F
:107520000448012120F052FDB8F1000FC8D0C5E792
:10753000BC160700C4F906006D2307008E23070060
:107540002DE9F04F04468DB01E4623781698DDE9EC
:107550001AB70D46924673B10023237033700B7037
:10756000836817995B689847031E04DA2D4A2E48F2
:10757000012120F02BFD3378002B4DD007F1FF398E
:107580004FF00008189B13F8083009F8013F4FF03E
:10759000FF324FF0FF33584619F0CAFE38B9199B35
:1075A00013F8083089F80430584619F039FF08F10B
:1075B0000108B8F1040FE5D118220021684627F030
:1075C0003BFE18220DEB0200002127F035FE06A934
:1075D0006846FEF7E1F908233A4606A968461FF017
:1075E000F5FA1C983A2239461FF015FB0023337038
:1075F00001232B709AF800305BB1542239460020E9
:1076000003F064FF031E04DA084A0748012120F052
:10761000DDFC0123237002E02B78002BEAD10DB0B2
:10762000BDE8F08FB623070064FA0600D3230700F5
:1076300010B5094C0A44914200D110BD11F8013B2C
:10764000584003090001E35CC0B2434018091B0124
:10765000205CDBB25840EEE70F2407002DE9F04F25
:1076600091B08407009302F004030293C2F3C203B3
:1076700003F10103DDF86890039205460E46059379
:1076800040F0BA81041D30B1072909D86FF01B0002
:1076900011B0BDE8F08F01F00706341DC6F10806F1
:1076A000009B4FF00008591E4FF0040A4FF0FF33C3
:1076B0000193CDF810804746C34653460DB1009A5A
:1076C00022600598002800F3E8809848009A8242DA
:1076D00003D397488242C0F0E080039AA4EB050EE2
:1076E00092074FEA9E0000F103810F2F00F2B18054
:1076F000002D00F0058107F140020DEB020C019A0C
:107700000CF8200C0CF8102C049801300490E7E0E1
:107710007A285DD84B280ED8472859D829282DD843
:10772000252852D054D820287AD02338D0F1000B05
:107730004BEB000B74E04C382E2849D8DFE800F002
:107740007048484848484848484848484B4848488E
:10775000484848484859484B4B595959704B6D480F
:107760007048184B184848827F4B48484B487F0068
:1077700000204FF0000B4FF0040A38E02A38C0B266
:10778000012202FA00F010EA0E0F49D110F0625CFB
:107790002FD110EA020B43D06046013C5444B4FBA5
:1077A000FAF40AFB04F4002D61D0A3EB050CA44409
:1077B000B4453FF66BAF002868D1042B47D159F888
:1077C000043B2360043404232AE0019A013A019225
:1077D0004FF0000B24E011F8010C6C2834D111F8A3
:1077E000023C00206C2B8346C5D14FF0080A53465B
:1077F000D3E709F1070929F007090734F9E802ABD3
:1078000024F0070435B106982044B0423FF63EAF5D
:10781000C4E900AB08344FF0000B4FF0080A5346A0
:1078200011F8010F002878D0BBF1000F7FF470AF82
:107830002528F5D1019B013301934FF0010B4FF047
:10784000040AECE7584694E700208346A5E7082B96
:1078500002D06FF015001BE709F1070929F00709AD
:10786000F9E80223C4E9002308340823D8E768B9FB
:10787000042B02D109F10409A4E7082BE9D109F18D
:10788000070929F0070909F10809EDE7059A013A06
:10789000059259F8042B009210E7039A900720D51F
:1078A000A4EB050E4FEA9E004FF0010CBEF5007FE1
:1078B000CFD20F2FCDD8F5B107F140020DEB020E5C
:1078C000C0B2019A0EF8200C0EF8102CBCF1000F7B
:1078D0003FF41AAF60F07F000EF8200C08F10108A9
:1078E0000137C5F10802043406924FF6DA7E97E7B5
:1078F0004FF0000CDAE7BCF1000F01D00136EFE7E2
:10790000029802360028EBD10098CDE90631FDF748
:10791000B5FFDDE906310644E2E7631BB3F5806F8E
:1079200097D23DB9A6F10804E018B1E6E8F30600E5
:107930005C670700029A28609B082B709DF8103046
:10794000C2B1EB7085F80280B8F1000F05D008A82D
:107950000022C5F1010C97420ED1C5F101030DF1D2
:1079600020094FF0000A01930DF1300B574512D159
:10797000601B8DE66B70E5E710F8013B190608D532
:1079800004EB0C0EB64503F07F033FF67FAE04F820
:10799000013B0132DFE7B8F1000F03D099F9002075
:1079A000002A17DB029BD3B11AF80B2004F8012B35
:1079B0000022019B98182044B0423FF667AE99F828
:1079C000000004F8010B00990392204627F00CFCFC
:1079D000039A14440AF1010A09F10109C6E799F86A
:1079E000002055F822300093029B45F82230009881
:1079F000FDF744FF421CDCE76FF00D0048E600BFD6
:107A00002DE9F04F97B000AF90F802A0D7F880B002
:107A10003B62CBF3C0030446FA62BB61894641B9BD
:107A2000457800780AEB800020444D4517D8A0EB3C
:107A30000409E378FB61BAF1000F02D01BF0010FDB
:107A400016D1FB6953BBFB6A1BB13A6A4946204613
:107A500098474D4628465C37BD46BDE8F08F461C2A
:107A60003046FDF70BFF0130304409F10109DCE736
:107A7000237862687A62FA6A9900796104EB83017B
:107A8000002A40F000814D460E4601EB0A094FF0F6
:107A900000084E454CD101EB0A0610E01BF0020F26
:107AA000D1D023789A007A6162687A62FA6A04EB2C
:107AB0008301002A77D14D4601EB0A0690461BF060
:107AC000050F0CBF02230123FB62FB6906EB430A8F
:107AD0000BF00203BB625645BCD016F8021B16F829
:107AE000013C54F82390AF4B994502D3AE4B9945D6
:107AF00036D3BB69002B40D0786A1FF09DFA00286E
:107B00003BD0E9468AB06A46A84B53617B6AC2E91A
:107B100006314FF400731384A54B42F8103FA5487B
:107B200000234FF4125101F04BF8023DCD46D2E74D
:107B300016F8013BF96254F82300FDF79FFED7F8D1
:107B40008430F96A01304BB1D7F8883098453EBF90
:107B5000D7F8843023F8180008F10108054498E7A5
:107B6000BB6923B1786A1FF067FA0028C9D11BF0FE
:107B7000010F05D1FB6AED1AADE7BB6A002BAAD055
:107B80004846FDF77BFED7F8843053B1D7F88830EC
:107B900098453FBFD7F88420431C22F8183008F1DD
:107BA0000108054497E7BAF1000F72D01BF00406F4
:107BB00072D0D046002607F1480052463B61B962B8
:107BC00027F012FBB96A3B6901EB0A02BA62FA6953
:107BD000F9695200FA60BA6A02EB41023A610BF0AD
:107BE0000202BA603A69B96A8A4257D162787A6207
:107BF0001BF0020F32440CBF4FEA580100211BF06A
:107C0000010FD2B240F09F801BF0040F14BF40461A
:107C10000020BB616270A070E1703A6A7969FB6A0A
:107C200020469847051EFFF615AFBB6923707B6A97
:107C30006370FB69E37041463A6AFB6A84F802A00C
:107C400007F148009847B0F10008C0F2B5807B69A1
:107C50003A6AA9EB0A01C91AFB68C91AD7E90A03EB
:107C600098470028C0F2AA80A84408EB00054FF00E
:107C7000000B07F1380AB34567D300213A6AFB6A63
:107C800008469847E6E656464FF0000807F13800E8
:107C900093E75646D04697E7B04695E7BA6A12F89A
:107CA000021BBA6212F8015C3E4A54F82500904269
:107CB00002D33D4A90421ED3BA6932B1786A7B60E2
:107CC0001FF0BAF97B6800288CD1BA6802BB08F1B2
:107CD000280207F1300C08F10100944407F1580222
:107CE00052FA80F008F102080CF8101C5FFA88F8CC
:107CF00000F8105C76E7BA693AB1786A7B601FF0E9
:107D00009BF97B6800287FF46DAF1BF0010F09D051
:107D100006F1280207F13000711C161806F8205CE5
:107D2000CEB25FE71BF0040F3FF45CAF08F128020E
:107D300007F1300008F1010102EB000808F8105CBF
:107D40005FFA81F84EE7002063E71BF80A3087F8F6
:107D5000373054F82390D7F88430FBB133F81B80C8
:107D60003A6AFB6A012107F137009847002825DBB2
:107D70000544B8F1000F06D14846FDF77FFD00F13C
:107D800001081FFA88F83A6AFB6A41464846984754
:107D9000002813DB05440BF1010B6CE7D7F8848056
:107DA000DEE700BFE8F306005C6707001F2407005A
:107DB000040000015CF9060045464BE6054649E62D
:107DC000014B1860704700BFF815002080B50546CC
:107DD0000E46174698461AF099F9034627F0FAFA24
:107DE000DFF81890044649F80030424630463946DC
:107DF000A84754F8090004F041F900BF080000004A
:107E00002DE9F047058B04462807904611D4022936
:107E100005F0070540F0CC8020461FF036FC78B115
:107E20000138218B042811D8DFE800F0C2106D85DD
:107E3000950001290CBF45F0100545F0200525836C
:107E400088F31188BFF36F8FBDE8F08701F0070A50
:107E5000AA4500F0A5800027B9463E46A368002B3E
:107E600000F0BC8041F00801218388F31188BFF342
:107E70006F8FA168002900F0BA800D68002900F01A
:107E8000B680D1F80480334652462046C047002DC4
:107E900076D02B6829461D46F0E701F007035A1FEC
:107EA000012A1BD8002221F00701062B276889B27E
:107EB000C4E9002209D13B4603E0628B01326283B0
:107EC0001B68002BF9D141F00201218320461FF0ED
:107ED000DCFB00287AD041F0200176E0042B0AD1A7
:107EE00021F0070189B2218320461FF0CEFB10B19B
:107EF00041F020012183218B01F0070AAA454FD0D0
:107F00000027B946AAE7236921F0070141F00601DD
:107F1000062DD3F8009021832DD1B9F1000F3FD069
:107F200041F00801218388F31188BFF36F8F3A492C
:107F30002046C84729E021F00701236941F00401E8
:107F400089B2042DD3F804902183E6D000273E4661
:107F50004FF0040A82E721F00701236941F005018F
:107F600089B2052DD3F808902183D6D000273E464C
:107F70004FF0050A72E700273E464FF0060A6DE70C
:107F80002B4687E7B9F1000FD1D1EFF311884023D9
:107F900083F31288BFF36F8F238B23F008032383AF
:107FA000258BEA062ED525F01003238305F007055F
:107FB0006669218B002EBFF670AF00232768C4E9E5
:107FC000003321F0070141F001012183218B01F0F1
:107FD000070AAA454FF000097FF440AF002F9CD05C
:107FE00041F00801218388F31188BFF36F8F002FC0
:107FF000C8D03D6839463346524620461FF071FBD3
:108000002F46F4E7AB067FF51BAF25F02003238353
:1080100005F0070500E700BF0F7706002DE9F743DD
:108020000F4606460821C06ADFF850901FF066FD33
:108030003C68241A80463C6004EA0905AC4203D837
:10804000002003B0BDE8F08308236A46214630468D
:108050001FF0E9FC0028F4D1694630461FF058FDB6
:1080600040B1BDF80230BDF804203C6005EA0905C6
:1080700013441D44A4EB0804E0E700BF0000FFFF29
:108080002DE9F04704468AB000F11407384626F07F
:10809000E7F9A06A8368DB689847E06250B9864ACE
:1080A000864801211FF01FFD6FF0150528460AB014
:1080B000BDE8F087A06A8368DB6898470368013BE6
:1080C0001F2B01D97E4AEBE7A06A216807AA24F09A
:1080D000EBFB08B17B4AE3E7A5892DB1089BB5FB13
:1080E000F3F203FB12550DB1774AD9E7E389012B6F
:1080F00001D8764AD4E7E36A029593F804904FF0EA
:10810000FF334FF0FF32384619F012F9E06A0821C8
:108110001FF0F4FCA8460646E3891FFA85FA53458A
:1081200008D8E389434523D1384619F079F96FF02F
:108130002C05BBE7A1892B04891B13FA81F14A4660
:108140000823204602911FF07CFC78B102A920464A
:108150001FF0BCFC08F10108029908234A4620469A
:108160001FFA88F81FF06DFC0028DAD00135D3E73C
:1081700053450BD1029908234A46891B20461FF01C
:1081800060FC18B902A920461FF0A0FC02A92046F5
:10819000FFF744FF054618B1384619F041F985E765
:1081A000029B63604FEA13484FEA0848C4F808800E
:1081B000D4E9011399420FD3082303AA20461FF0E4
:1081C00032FC05460028E7D103AB13F8012B91459B
:1081D0003DD10135082DF8D163681B0C1B0402A9A1
:1081E000204602931FF072FCA38902994A4620465A
:1081F0001FF027FC051ECFDB63687BD006EB03086E
:108200004FF6FF79A389CDF808801FFA88F29B1BEF
:108210009A4238D32E4A294803211FF064FC616832
:1082200020461FF039FC05460028B5D16368294A6D
:10823000A18913400B44A3EB460363601340A36082
:1082400020461FF048FD0546002D6FD0A4E703A986
:1082500020461FF05DFC626810B9921B6260A7E7C0
:10826000BDF81050BDF80E10E06AC4F8088029442B
:108270001FF044FC40449042A060EED1002DECD0B1
:108280006FF01C057DE0082305AA414620461FF03B
:10829000CAFB054600287FF47FAF05A920461FF0E2
:1082A00037FC38B1BDF814304B4503D1BDF8183058
:1082B000002B6CD0B044A5E7E724070084F9060042
:1082C00009250700262507003E250700522507003F
:1082D000AF2507000000FFFF5B1A4A4620461FF04B
:1082E000B0FB051EFFF658AF08D0E26AA36812681B
:1082F0001344A360D4E901318B42EDD86168A389AE
:1083000001EB46029A429FD1DFF8A880A26801EAF9
:1083100008039A4298D020461FF0BEFB054600286D
:108320007FF43AAF636803EA0803A360A389A288D5
:10833000A3EB46039A4220D0384619F071F8012386
:108340002374A289E3891C48009203211B4A1FF071
:1083500047FE63689AB200921748194A1B0C032122
:108360001FF03EFEA3689AB200921348154A1B0CF8
:1083700003211FF035FE002598E620461FF094FCEF
:108380000546384619F04CF8002DD8D08EE60E4A36
:10839000094803211FF0A7FB63681B0C1B0402A9FB
:1083A000204602931FF092FB029920461FF074FBB7
:1083B00049E700BF0000FFFF84F9060075250700AC
:1083C0008C2507009E250700D62507002DE9F04FD4
:1083D0001D4691B0037C02910446009253B9744A41
:1083E000744801211FF07FFB6FF00C06304611B07E
:1083F000BDE8F08FC26A082110461FF07FFB2946B6
:10840000019010461FF07AFBA389019AA3EB820327
:10841000AB420746C0F0C9801DB1009B002B00F0A5
:10842000C4806368059306AA05A92046DDF814A058
:108430001FF0A6FB06460028D8D1BDF81830029AD6
:10844000934206D06268059B9A42ECD1002D36D14A
:10845000CCE706A920461FF05BFB0028F2D0BDF850
:108460001A80BDF81C3045B39D4228D1E36ADDF87F
:1084700000B01B684FEA1A4A5B424FEA0A4A03F00F
:108480002003D0440393AA46DDF80C90D14528BFC1
:10849000D1464B4608AA414620461FF0C4FA0028A0
:1084A0004ED14A4608A9584626F053FD38B9BAEBD2
:1084B000090AC844CB44E7D198E7002B96D0002F97
:1084C00041D104F114094FF0FF324FF0FF33484619
:1084D00018F02EFFDFF8E0B04FF6FF7AE3899E42F6
:1084E00060D0D4E901217B189A4230D3029BADF8C9
:1084F0002030FF23009A8DF8263020462B46ADF819
:108500002210ADF824501FF085FB29468046E06A12
:108510001FF0F4FAA2680244A260B8F1000F0AD179
:1085200008A81FF0E2FA08A920461FF0ACFB0028BB
:1085300014BF8046A846484618F072FF464655E7E5
:10854000BDDC064652E7019B1F44BFB2B9E70821D4
:10855000E06A1FF0D3FA0023ADF824301318ADF809
:108560002230A389ADF820A002EA0B021A44101AA7
:10857000606008A88DF826A01FF0B7FA08A9204669
:108580001FF081FB211D20461FF0A0FA636803EA5B
:108590000B03A36020461FF09EFB80460028CAD133
:1085A00001369BE76FF01B08C5E76FF015061DE766
:1085B000D324070084F906000000FFFF2DE9FF47E0
:1085C0001E46037CBDF8309004460F4690464BB9DA
:1085D0002C482D4A01211FF086FA6FF00C0004B0E0
:1085E000BDE8F087C06A08211FF088FAA389A3EBD1
:1085F0004003B34243D3D4F804A0CDF804A000252F
:108600004D455146DDF804A009D9636853451ED194
:10861000BDF80830BB421AD06FF00100DFE702AAB4
:1086200001A920461FF0ACFA0028D8D1BDF80830C7
:10863000BB4206D102A920461FF06AFA08B10135F3
:10864000ADB26268019B9A42DAD15146E0E7BDF8CB
:108650000C30002BE0D0A945DED8BDF80A00090C8B
:10866000B3424FEA014128BF334601444246204607
:108670001FF0D9F90028B2D1BDF80C00AFE76FF0B8
:108680001500ACE784F90600D32407002DE9F04774
:10869000DFF85880044607464FF0010914B9384600
:1086A000BDE8F08794FAA4F5B5FA85F509FA05F363
:1086B0002E0108EB05156FEA030A24EA03042B7B5D
:1086C000002BEBD058F806301B694BB94644042206
:1086D00073682846196807EA0A0700F05DFADDE7C3
:1086E000284698470028D9D1F0E700BFBCFA060019
:1086F00030B51049104889B0002226F085FA0F4D98
:108700000F4900220023CDE9062300240E23CDE9E2
:108710000334CDE901440B4B00944FF440722846DA
:1087200019F008FA0849284626F0ADF8204609B0A5
:1087300030BD00BF4D87040090590020F831002063
:10874000C09F00203D8A0400F2250700014818F070
:10875000D5BE00BF141D00202DE9F04780461F48FC
:108760000F461FF0A4FB0646002830D000252846FF
:10877000BDE8F087237B6BB12368DB680BB1204633
:10878000984723681B69D3B9636804221968204697
:1087900000F002FA013610344C45EBD3B8F1000F6B
:1087A000E5D0002DE2D02846FFF770FF0546002FE8
:1087B000F7D000214FF4A47019F06CFCF1E72046CB
:1087C00098470028E0D00AFA06F31D43E2E7044C7C
:1087D000DFF8109005464FF0010ADDE7C87700206A
:1087E000BCFA0600CCFA0600014B53F82000704793
:1087F000F405070008B5034608462BB1044A136088
:1088000000F06AFC002008BD6FF01500FBE700BF18
:10881000FC15002010B5044C237813B9034818F058
:108820006DFE0123237010BD6C9D0020141D0020DF
:1088300010B5044608481FF03AFB5CB1BFF35B8FEC
:10884000064B53E8001F013943E80012002AF8D113
:10885000BFF35B8F10BD00BFC0770020C47700203E
:108860000020064BBFF35B8F014653E8000F43E83F
:108870000012002AF9D1BFF35B8F7047C077002048
:1088800070B5FFF7EDFF084C084E0546B44200D323
:1088900070BD63685B792BB123685B6813B12946AF
:1088A000204698471034F1E7BCFA0600CCFA0600DF
:1088B00010B5044C044920461EF0FBFC034B1C6021
:1088C00010BD00BF801B0020E0050700B877002026
:1088D000084A094808B500231370084A1360084A7B
:1088E0004FF400411360FFF785FFBDE80840FFF734
:1088F000DFBF00BF6D9D0020AB7E0600C07700206B
:10890000C477002001460022014800231EF0F2BC7B
:10891000801B002001481EF088BD00BF801B002086
:10892000024B014618681EF0D4BD00BFB877002086
:1089300001481EF009BE00BF801B002070B5284B07
:10894000187800284BD0FFF7E5FF054690B1BFF33C
:108950005B8F244B53E8001F013943E80012002AC3
:10896000F8D1BFF35B8F204C204EB4422DD3284664
:10897000FFF7D6FF1E4B1F4C1B68002B19DD26F09E
:10898000FCF84FF47A72A0FB020302FB0131C30B27
:10899000D4E9002043EA41439B1A4FEAD13140F227
:1089A000E93261EB0001934271F1000101D3FFF75D
:1089B00067FFD4E9003213F57A7342F10002C4E98B
:1089C0000032BDE87040FFF7B3BF63685B7923B145
:1089D000236829461B68204698471034C5E770BDB8
:1089E0006C9D0020C4770020BCFA0600CCFA06007B
:1089F000C07700208859002070B50D4D297861B9E5
:108A00000120FFF7A9FE0B4C0B4EB44206D3FFF733
:108A100095FF0028FBD101232B7070BD63685B7943
:108A20001BB1236820469B6898471034EDE700BFD0
:108A30006D9D0020BCFA0600CCFA060000212DE94D
:108A4000F0470846FFF788FE044658B340F26768CF
:108A50004FF0000926F0BEFC1B4B1C4A1B5813604C
:108A600033B11B4B1B68092B02DD1A4818F046FD79
:108A7000194FDFF860A0002544B12046FFF706FE3D
:108A8000044618B94FF0FF384FF0FF39FFF756FF93
:108A9000064628B9B5B942464B46504618F052FD35
:108AA0003546E9E74FF0FF384FF0FF39D2E72B6842
:108AB0009B691BB100221146284698471035BD42DC
:108AC000F5D3E8E7054DFAE708000000BC77002081
:108AD000C4770020141D0020CCFA0600BCFA060062
:108AE00013B518481FF0E3F9174B1B7873B1EFF378
:108AF0001184402383F31288BFF36F8FFFF71EFFAB
:108B000084F31188BFF36F8F02B010BD0F4B1B6849
:108B1000002BF9D050B900220023CDE900230C48E6
:108B20004FF40042002319F073FDEDE70928EBD163
:108B3000074826F075F8074802B0BDE8104018F065
:108B4000DDBC00BFC47700206D9D0020BC770020F5
:108B500090590020141D002010B5064B1B680446D8
:108B600098472146A06004481EF040FCBDE8104034
:108B7000FFF7B6BFFC150020801B0020044A054B00
:108B80009B1AB1EBD30F34BF52F83100002070476D
:108B900074F80600BCFA0600084BC31A10B41B1187
:108BA00044680133237143689A71436819604368CC
:108BB00001225A7110BCFFF72DBE00BFBCFA06009F
:108BC0002DE9F04F8FB004AFC1F34A28B8600D46CD
:108BD00091467B600C0DB8F1000F63D0002607F1C1
:108BE00014034FF0040B4FF00A0AC7F80C80C7E9D2
:108BF00007667E620193CDF808B0CDF800A007F1BA
:108C00001C03F96832464846FEF7FAFEB0F5006FDD
:108C100003461CD36C468AB0D9F8041004AB26482E
:108C2000C3E9050140F2FF71D9611A464FF40071A2
:108C30001984224B42F8103F214833464FF4125119
:108C4000FFF7BEFFA5462C37BD46BDE8F08FC0F349
:108C50000A0804F11700184420F0070080083B6060
:108C6000FFF750FE68F35325044690B13B68154A60
:108C7000C7E9083600F1100107F11403F961CDE9E5
:108C800000A3CDF808B0F96807F11C034846FEF7C9
:108C9000B7FE68F353257B68B9682A4620461FF063
:108CA0003CF9D0E704F1170020F007008008FFF737
:108CB00029FE0446EDE700BF072607000400000177
:108CC000CCF90600EF7E06002DE9F04F87B0DDE914
:108CD0001269DDE9105A04460F4693469846A6B33A
:108CE0001021CDF80090334652460020CDF8149064
:108CF000FEF7B4FC014605F117000844144B03913C
:108D000004F007040BF0070BE40020F0070003EA6F
:108D1000412344EA8B1480081C43FFF7F3FD44EA27
:108D20000554054640B13EB10399CDF80090334655
:108D300052461030FEF792FC4346224639462846FA
:108D400007B0BDE8F04F1FF0E8B83146D3E700BFE9
:108D500000FE0F00406820B1034BC01A40F3CF0063
:108D600070474FF0FF30704774F806000EB403B53B
:108D700003AB014653F8042B0448019303F060FC55
:108D800002B05DF804EB03B0704700BF2F8006000F
:108D9000CA0605D48B064CBF02490349FFF7E6BF5C
:108DA000704700BF47260700462607002DE9F04F11
:108DB00089B09B46149B06939DF84CA0159B059388
:108DC000169B179E049304460D469046BAF1000F79
:108DD00000F09D8006F4807307931FF086F806F07C
:108DE0000209024600283ED091492046FFF7BEFF07
:108DF0000746B9F1000F08D016F0440F35D18D4960
:108E00002A462046FFF7B2FF074406F0010353B19C
:108E1000894B8A4953F82A20894B2046002A08BFEB
:108E20001A46FFF7A3FF06F48073002B49D006F023
:108E30000803002B63D1B8F1000F66D08149424688
:108E40002046FFF793FF0546069B3D44002B6DD15E
:108E5000049B002B73D1F30700F1E48031462046D8
:108E6000FFF796FFD8E00746C3E7774B186800285E
:108E7000CAD0764B4FF47A791B68B5FBF3F54FF403
:108E80006161B5FBF0F300FB135509FB05F54FF0ED
:108E90003C0CB3FBF1F201FB1231B5FBF0FEB1FB70
:108EA000FCF300FB1E550CFB131109FB05F50091AB
:108EB000B5FBF0F56649CDE901E52046FFF756FF21
:108EC000A2E706F00803EBB1624B634953F82A208E
:108ED0002046FFF74BFF0546B8F1000F05D0594972
:108EE00042462046FFF742FF0544BBF1000FABD0DE
:108EF0005A495A462046FFF739FF0544A4E74FF088
:108F0000000BE1E706F00805E6E745469CE7BBF104
:108F1000010F069B06D1002B64D1049B002B7BD054
:108F200000250CE0002BF8D04D485CE04D48069B36
:108F30004D4922461EF04FF8049B002B68D0DFF805
:108F40002C81DFF82C91049F3146102F204628BF3A
:108F50001027FFF71DFF4FF0000B5D4545DC059B1B
:108F600049461A782046FFF701FF4FF0010B1BF02E
:108F7000070F03D141462046FFF7F8FE5F453BD976
:108F8000059B494613F80B202046FFF7EFFE0BF137
:108F9000010BBBF1100FEAD1364920464FF0000B10
:108FA000FFF7E4FE5A46059B9A5CA2F120015F2977
:108FB00028BF2E2230492046FFF7D8FE0BF1010BC7
:108FC000BBF1100F1DD01BF0070F03D14146204607
:108FD000FFF7CCFE5F455A46E5D841462046FFF7ED
:108FE000C5FEEBE71F485546A1E741462046FFF77F
:108FF000BDFE0BF1010BB0E720492046FFF7B6FE9E
:10900000C5E7059B3B440593049BDB1B04939AD166
:10901000BAF1000F7FF41FAF204609B0BDE8F04F52
:109020001EF0F8BF064A05492046FFF79FFE15E7E8
:109030004E2607005226070004060700651B07009E
:109040004926070077260700D0770020CC7700203C
:109050005B260700180607007B260700812607000D
:10906000658006002F80060041C604008E2607009A
:109070008626070090260700B82007008C260700E8
:1090800073B542F20F738B4228BF0B4605680F4A37
:109090000446052168461CF051FB63680C495B6877
:1090A00006460B2228461EF0A7FF63683246694633
:1090B00028465B681EF0A0FF636806495B681B22B8
:1090C00028461EF099FF02B070BD00BF87650700FB
:1090D000AE26070092260700074A0021012390428E
:1090E00006D8064A01B901231360054B1860704782
:1090F00040085B000121F2E740420F00CC770020DE
:10910000D0770020F8B5074F0D4604464618B44204
:1091100001D12846F8BD14F8011BBB6801489B6AC1
:109120009847F4E75CF50600014B036000207047A8
:109130006006070070B5114B1C680D46DCB1104B82
:10914000196800238B4202DB6FF0010070BD2246DC
:1091500012F8106B864202D001331446F2E7E06841
:1091600010B96FF01200F1E725F08AF80028F8D066
:109170002C600020EAE76FF00C00E7E708160020FB
:109180006006070070B588B005460C46C0B2694657
:109190001646FFF7CFFF00281BDB0098C8B14368D5
:1091A0000293836822680195CDE903360023CDE957
:1091B00006230593C5681EF0C0FF6DB12846084917
:1091C00001AA23F075FB079808B9059B236008B036
:1091D00070BD6FF01500FAE76FF01200F7E700BFFF
:1091E0003D810600F0B40C4B0C4E5F6A0C4BB34251
:1091F00003D36FF08500F0BC70475D68BD4209D3B2
:109200001C693CB195F802C00579AC4502D12346F2
:10921000F0BC18472433EAE700780020881F0020BC
:10922000641F00202DE9F047134CDFF85080DFF871
:10923000509005460E461746444503D36FF085000F
:10924000BDE8F0876268D9F824309A4212D3A36946
:1092500083B190782979884205D13A46314628462B
:10926000BDE8F04718475279012A03D13A46314602
:10927000284698472434DFE7641F0020881F002019
:10928000007800202DE9F0410B4CDFF830800546D6
:109290000E461746444502D36FF0850009E0636926
:1092A0000BB92434F6E73A46314628469847002859
:1092B000F7D1BDE8F08100BF641F0020881F0020A7
:1092C000024B00221A605A60704700BFBB78002032
:1092D00070B50B4B0B4CA34201D3002070BD196A33
:1092E0001E7F00220439D5B2AE4201D82433F2E702
:1092F000013211F832508542F5D10120EEE700BF6E
:10930000641F0020881F002008B5044A034601217D
:1093100003481EF035FF002008BD00BFF0260700FF
:10932000A4FA060038B5054623F0EEF810F1780FE0
:10933000044611D10D4A0E482B4602211EF020FF93
:1093400028461EF01FFF0B4AD2F8C43023EA000360
:10935000C2F8C430002407E00028F1D0064A0448CF
:109360002B4601211EF00CFF204638BD0B270700BD
:10937000A4FA0600007800202C27070008B5094849
:109380000378C3F341130A3350F823303BB100F1A3
:10939000080200F110019847C043C00F08BD1846ED
:1093A000FCE700BF0078002004282DE9F74FDFF824
:1093B0009C9004460F4615D001282FD1DFF89080ED
:1093C00098F8B93053B300F0E5FE224D4D4522D256
:1093D0002A6A4FF0000A2B7F5FFA8AF6B34204D85C
:1093E0002435F3E7FFF76CFFE8E702EBC6060192CE
:1093F000307923F089F8834630791EF0C3FED8F81F
:10940000C430019A23EA0003BBF1000FC8F8C4304E
:109410000AF1010ADFDA002388F8B9300D4D4D4515
:1094200008D30B4B1B6A6BB13946204603B0BDE82D
:10943000F04F1847EB681BB13A462146284698473B
:109440002435ECE703B0BDE8F08F00BF881F002093
:1094500000780020641F002073B5C4B263060D4677
:109460008DF8074007D02046FFF732FFB0B1144B0C
:1094700093F8BA0090B1124E23468DB1114A1248AA
:1094800003211EF07DFE9DF807000FF0DDFAF36961
:109490001BB10DF1070108209847012002B070BDF3
:1094A0000A4A094803211EF06BFE9DF807000FF0E1
:1094B000FDFAF369002BF0D00DF107010920EBE76D
:1094C000007800204E270700A4FA06006127070055
:1094D00073B5044680788DF8000023796279294DB0
:1094E00043EA0223ADF80230E37803F003038DF87A
:1094F00004301EF047FED5F8C430184206460CD0A2
:10950000A478204600F028FE2046FFF70BFF25F048
:10951000B4F910B9962018F0DBFD68460FF066FA32
:1095200010F1780F9DF800301BD1174A174802211F
:109530001EF026FE9DF800000FF0F4FA10F1780FEF
:1095400019D19DF80030124A104802211EF018FE71
:10955000D5F8C4300120334385F8B900C5F8C430CC
:1095600007E00028E6D00B4A084801211EF008FE5B
:10957000002002B070BD0028EAD09DF80030064AF5
:10958000F2E700BF0078002076270700A4FA060063
:10959000BD27070099270700DD2707002DE9F047C1
:1095A000A34EB36904460F461546FBB9237803F072
:1095B0001F03012B00F09D80022B00F0048133BBC0
:1095C00094F900002A686178002834DA062912D05C
:1095D00008292BD0D9B901231370517096F8C330E4
:1095E0005B0043F00103137002232AE1984700282F
:1095F000DCD100200DE06288100A011F0129844699
:1096000005D9072803D8716AD2B20C781CB96FF05B
:109610001500BDE8F0874E78664503D19A4200F008
:109620000B8101332144F0E70B780AE196F8BA3058
:109630001370012305E101390829E8D801A353F883
:1096400021F000BFDD9604000F960400EB960400A5
:109650000F960400699604000F9604000F9604000C
:109660000F96040075960400A0780FF081F9002889
:10967000BFD0CCE76388756A63BBFFF721FE6388C0
:1096800086F8BA30F369002BB3D06A4903209847B3
:10969000AFE76B78042B10D0052B11D0022B04D12F
:1096A0006F796388BB4208BF01202B781D442B785B
:1096B000002BEED10028AAD0DFE795F80380F4E76D
:1096C0006388BB42F1D1B8F1000FEED12846FFF715
:1096D000FFFEEAE7FF270020B846E8E76388012B92
:1096E00095D1002386F8C33083E76388012B8ED1A0
:1096F000F8E796F8BA30D5F800C0002B87D0756A25
:10970000A38894F804E02A46107800283FF47FAF3D
:109710005178022904D192F80480F04500F2938038
:109720000244F1E78CF800208CF80120396060E7F2
:10973000154494E00B2A7FF46AAF00274FF0FF082E
:10974000C146BA4606E06B78042B0FD0052B21D01A
:109750002B781D442B78002BF5D1F36913B15146BA
:1097600007209847002F7FF444AF50E795F8028018
:10977000A38895F803909845EAD163889945E7D185
:10978000B8F1070F1CD806EB0803AA4683F8BB9074
:109790000127DDE7A3884345DAD1A3784B450AD0FA
:1097A000AF78384600F0D8FC3846FFF7BBFDB0FA7A
:1097B00080F77F09CCE72846FFF78AFE0746C7E710
:1097C000AA460027C4E794F900206378002A18DA33
:1097D000002B7FF41CAF24792D6863060AD0204645
:1097E000FFF776FD00283FF412AF96F8BA30002B51
:1097F0003FF40DAF294620460FF078F900236B7037
:10980000F2E6012B08D0032B7FF401AF6388002B15
:109810007FF4FDAE012103E0618800297FF4F7AEFB
:10982000A088FFF719FE00287FF4E3AEEFE600BF43
:1098300000780020BA780020022829607FF4F4AE76
:109840004B883B60D5E694F9000062780028BFF6AB
:1098500071AF002A3FF466AF0A2A7FF4D8AE2A78A7
:10986000002A3FF4D4AE697804297FF461AFA97867
:109870008B427FF45DAF072B96BF9B19002393F8B3
:10988000BB308CF80030D4E62DE9F84FDFF83CB05F
:10989000DFF83CA005460F469046994604264B4605
:1098A0004246394628460FF067F910F10B0F04467F
:1098B00009D12B465A46022150461EF061FC18F091
:1098C00067FB013EEBD12046BDE8F88FFE2707007D
:1098D000A4FA060013B5164C237DF3B9E268A1681B
:1098E000019201AB8020FFF7CFFF019AA3681344D8
:1098F000A360E3689B1AE3606BB962B12369E288F5
:109900009A4208DD94F8C82093FBF2F102FB113370
:109910000BB90123237502B010BD00231A46194666
:109920008020237502B0BDE810400FF025B900BFBC
:10993000007800207FB500230D46019306460028DD
:1099400062D100293AD108220B460DEB020122F028
:10995000F4FD002804DA80200FF076F804B070BD22
:109960002E4C029A2260039A626004F13802A260CF
:109970009DF90820BDF80E302575002AC4E903556D
:109980000FDB802B09D9264A264801211EF015FB42
:1099900080200FF059F82846DEE713B1C4E90333FD
:1099A000DCE7FFF7EBFC0028D5D0E28823699A4278
:1099B000D4BFE260E360FFF78DFFCFE7174CD4E937
:1099C0000212002A01AB05DC024622F0B6FD002897
:1099D000C4DAC0E722F0B1FD002804DA80200FF0DD
:1099E00033F83046B8E7019AA3681344A360E368EC
:1099F0009B1AE360002BB1D104F13803A360FFF799
:109A0000BDFC0028D7D1A6E78028A7D1034BDA6890
:109A1000002AD0D11B7D002BCDD19FE700780020FC
:109A200025280700A4FA0600054B064A9A62064A52
:109A3000DA62064A1A63064A58629A610020704741
:109A4000007800209D950400E591040085920400B3
:109A5000259204002DE9F34104464C4D4C484FF04B
:109A6000FF334FF0FF3217F063FC95F8B8306BB15D
:109A7000484A494802211EF0A0FA6FF07704444892
:109A800017F0CEFC204602B0BDE8F0816B6A6BB9DE
:109A900000F0D4F8FFF7C8FF6B6A3BB93F4A3E4875
:109AA00001211EF08AFA4FF0FF34E8E73C482C62AF
:109AB000E8616E6A0FF0A2F90EF028FF041EDEDBEB
:109AC00000F08AFB041EDADB7378012B01D1F379F5
:109AD0003BB9344A304801211EF06FFA6FF015048B
:109AE000CDE70026684685F8C830ADF802308DF81D
:109AF00004608DF800600EF079FF041EBFDB802744
:109B000068468DF800700EF071FF041EB7DB264921
:109B100030460FF05FF9041EB1DB234938460FF0E1
:109B200059F9041EABDB214CDFF8848044451AD37D
:109B300000200EF0F7FF041EA1DBD5F8C430802012
:109B400043F00103C5F8C4300EF0ECFF041E96DBB1
:109B5000D5F8C43043F48033C5F8C430012385F808
:109B6000B83000248BE7276A0026227FF3B29A429E
:109B700001D82434DAE707EBC30257F83310107921
:109B80000FF028F901360028EFD08CE7007800208C
:109B9000E81C00203E280700A4FA06006128070000
:109BA000A99304008628070035990400641F00204B
:109BB000881F002030B51F4B8BB005AA03F110059C
:109BC00018685968144603C40833AB422246F7D1DB
:109BD0001B7823701022002101A825F02DFB1222F2
:109BE0000021154825F028FB102101A823F066FA72
:109BF00000281BDD0828B8BF0820093801AB0E4932
:109C00001A18002012F8013F0AAC04EB131403F0F9
:109C10000F0328336B44013014F8144C13F8143C30
:109C20000C7008284B7001F10201EBD102480BB017
:109C300030BD00BFC0280700709D00202DE9F04F07
:109C4000884B87B093F800B000AFBBF1000F04D091
:109C500085481C37BD46BDE8F08F834C00264FF089
:109C6000011AB0463546B14623783BB97F4B0234E2
:109C70009C42F3D17B4A01231370E9E76378052BFB
:109C80001DD8DFE813F0AC000600ED00AC001F00AB
:109C90005000402387F810B07B8287F814B007F19A
:109CA00010000EF077FE40B108237B8207F1100010
:109CB0000EF070FE08B1A7F812B07B8AE37123782A
:109CC0001C44D1E7E378002BF9D1A37813B308F152
:109CD00001085FFA88F8F2E76B689C421CD02435D3
:109CE000634B9D42F8D36D4688B06A46614BC2E92A
:109CF0000534032342F8103F5F4800234FF4C2515C
:109D0000FEF75EFFAD465C485C4A01211EF055F946
:109D100000209EE75A4DE3E7AB68002BD7D04146C1
:109D200020469847D3E7002D57D1564A5248012183
:109D30001EF043F9E7E72B6AA27803EBC103FB604F
:109D40001B799A4205D001312B7F9942F3D34E4AB9
:109D5000ECE70123E07800F003003875207994F8EF
:109D600005C040EA0C20788294F902000028DAB29B
:109D700028DA03F110004FF0010C0CFA00F010EAA1
:109D80000A0F26D142F08000387407F11000C7E9AD
:109D90000032B9600EF0FEFDD7E901213B68C0B981
:109DA000397CF868A17011F0800F18BF1032017172
:109DB00018BFD2B24FF0010114BF914099404AEA56
:109DC000010A7CE70120984010EA0A0F01D11046F1
:109DD000DAE70133102BBDD1B5E70021B4E7032E3C
:109DE00025D1FFF7E7FEF86050B1FBF747FD38B12A
:109DF0001028FB6810D0254A1F4801211EF0DDF80D
:109E000023786FF00201E218091B04EB5303D142DF
:109E100014D50136F6B252E7184600F11002A31C21
:109E200050F8041B43F8041B9042F9D1E8E7002ED8
:109E3000E6D1B9F1000F08D1154A77E702F801BC65
:109E400013F8010902F8020DE1E7A4EB090389F810
:109E50000230C3F3072389F8033089F80480D8E778
:109E6000A1462CE76F9D0020C01E0020631F00202C
:109E7000881F0020D12807009CFA0600B729070098
:109E8000641F0020F1280700322907004F2907002E
:109E90009A29070010B5094B00211A461C78844204
:109EA00005D15C681CB1482303FB012010BD0131C2
:109EB000042903F14803F1D10020F7E7CC78002012
:109EC0002DE9FF4150F8303C10F8346C1033044653
:109ED0000AD1036950F8282C98073DD5D2B9590703
:109EE00015D5002344F8303C54F8303C10330BD0E7
:109EF00054E9097554F81C8C24F0BFFC002857D095
:109F00003248214624F0F7FB04B0BDE8F08143F06D
:109F10000403236103AB54F82C1C3046FFF7B4FC58
:109F2000034640B12A4A2B48009601211EF058F8FA
:109F30006FF01503D6E7039A54F82C3C134444F809
:109F40002C3C54F8283C9B1A44F8283C54F8243CF8
:109F5000134444F8243CC7E703AB54F82C1C3046A8
:109F60000EF094FE03460028DCD1039D54F82C3CEF
:109F70002B4444F82C3C54F8283C5B1B44F8283C08
:109F800054F8243C2B4444F8243C002DA9D03046FE
:109F90000EF03AFFB5FBF0F303FB1055002DA0D1F6
:109FA00054F8283C002B9CD030460EF0C5FE9BE7B1
:109FB00044F8200CA4F1180017F0A0FA002DA3D04B
:109FC000424639463046A8479EE700BFC8590020A0
:109FD000E5290700B4FA06004B1E012B73B50646AF
:109FE0000D4614D8FFF756FF044690B9012D0ED147
:109FF00001AB01220DF1030130460EF047FE019B3B
:10A00000002BF5D10C4A0D4801211DF0D6FF02B0FE
:10A0100070BD24F032FC04F1340108B1012D05D1EA
:10A02000084602B0BDE87040FFF74ABF044802B0DE
:10A03000BDE8704024F05FBB022A0700B4FA0600B6
:10A04000C85900202DE9F74F06460191174698465A
:10A050001EF0D9F8044600286FD1EFF31183009366
:10A06000402383F31288BFF36F8FDFF8D490002270
:10A070000023484617F066FAA0B9DFF8C8A04822C6
:10A0800062430AEB020BDBF8045015F1100F1ED1EE
:10A090002D4A2E48334601211DF098FF484617F0FF
:10A0A0002DFA0BE00134042C09F14809DFD1284ACC
:10A0B000264801211DF081FF6FF00B05009B83F303
:10A0C0001188BFF36F8F284603B0BDE8F08F0AF800
:10A0D00002600C9A019BCBF814200D9ACBF810006B
:10A0E000CBF8182030466FF00F02CBE90237CBF8DF
:10A0F0004480CBF804200EF087FE68B130460EF0A5
:10A1000083FEB7FBF0F202FB10772FB1DBF844209F
:10A1100042F00402CBF8442018F0020F08D0482384
:10A1200003FB04A10B48343124F0E5FA0025C5E710
:10A1300030460EF001FE0546C0E76FF00F05C2E79E
:10A14000E8780020CC780020372A0700B4FA06000F
:10A150001C2A0700C859002010B5EFF311844023D2
:10A1600083F31288BFF36F8FFFF794FE50B14368FB
:10A17000103307D16FF08B03436000F134010448C2
:10A1800024F0B9FA84F31188BFF36F8F10BD00BFBC
:10A19000C8590020F8B50E4C04254027EFF311866E
:10A1A00087F31288BFF36F8F6368103307D16FF0A6
:10A1B0008B030848636004F1340124F09CFA86F3B1
:10A1C0001188BFF36F8F013D04F14804E6D1F8BD5B
:10A1D000CC780020C859002070B50A4C0A4E0025E2
:10A1E0003146204624F05CFA0122A4F11800114601
:10A1F000013524F0D2F9042D04F14804F0D10020F7
:10A2000070BD00BF00790020C19E040070B50446F7
:10A210000E460179154815461DF0D1FF10B394F98B
:10A2200000206378002A16DB202B04D0222B0ED0CE
:10A230006FF085000AE02B681A6840F8102C9A88A5
:10A2400020F80C2C9B7900F80A3C002070BD638834
:10A2500000F8093CF9E7212BEAD1103807232860E0
:10A260003360F2E76FF01200F0E700BFEC790020F6
:10A2700008B5014603481DF0B0FF10B1012300F8F6
:10A28000073C08BDEC7900200169012381F84B30BF
:10A290000B6833B191F849301BB10248083124F002
:10A2A0002ABA7047C85900200169012381F84A3051
:10A2B0000B6833B191F848301BB10248083124F0E3
:10A2C0001ABA7047C859002070B5012382F8483087
:10A2D00013680D4614463BB192F84A3023B10E483C
:10A2E00002F1080124F007FAD4F890309A681B694B
:10A2F0009A4205D17DB904F1180140F6CD4204E03F
:10A3000004F11801002DF8D00022BDE87040024889
:10A31000002317F01DBB70BDC859002038B5056972
:10A3200095F89E0088B195F89F307BB985F8483044
:10A33000D5F890001DF002FB0022044600230448DB
:10A3400005F1180117F004FB204638BD0020FCE79A
:10A35000C85900200D4A03460021A0F84810106893
:10A36000C3F8940090889279A3F8980083F89A2013
:10A3700083F89C1083F89B10A3F89E1083F8A0101C
:10A38000402203F14C0024F057BF00BF1002070029
:10A39000F0B5D0F88C305B681B6A1F7D85B0044631
:10A3A00038461DF030FF0646F8B994F88630E3B120
:10A3B000A06F4FF4806203A91DF0DFFA0546A0B13B
:10A3C0008306A4F1180308BF00F1FF3584F830605C
:10A3D0000193074B039900932A4602233846FFF75F
:10A3E00031FEA06F29461DF0E8FA05B0F0BD00BFB0
:10A3F000C9A2040010B504690023C4F8A8300C4BAE
:10A40000C4F8A400596804F1A80269B9C3E900229C
:10A4100004F10800074924F043F904F11800064943
:10A4200024F0D6F9002010BD0A605A60F0E700BFA2
:10A43000EC7900203182060091A3040013B5046971
:10A440008DF80710002384F84830D4F890000122DA
:10A450000DF107011DF072FA10B924F00EFA40B1A7
:10A460002122002304F11801064817F071FA02B006
:10A4700010BD94F8A130002BF2D00021212017F05C
:10A4800009FEE2E7C859002037B514460A1E054602
:10A4900020DDD4F88C0004F14C011DF04FFA0123AB
:10A4A00084F8493023683BB194F84B3023B111480C
:10A4B00004F1080124F01FF9D4F88C104B684A69A4
:10A4C0009A1ACB699B1A3F2B04D8012384F8A03039
:10A4D00003B030BD94F89E30002BF9D0064B0093AA
:10A4E00001940123402204F14C012846FFF7AAFD04
:10A4F000EEE700BFC859002089A40400F7B50D4657
:10A5000001461D481DF04FFE044610B30646691E65
:10A5100056F8A4395F6805291BD8DFE801F01C1A3A
:10A52000031C222610F8061C99B9012300F8063CEA
:10A530003B6A3246187BFFF7A7FF14F85C2C42B940
:10A540003B6A187D0D4B0093019602231146FFF7DD
:10A5500079FD03B0F0BD304603B0BDE8F040FFF731
:10A56000F9BE012304F8053CF3E710F8053C002B85
:10A57000EFD00023F6E700BFEC790020C9A2040069
:10A5800037B5094D0949002400944FF0FF334FF4CB
:10A590008062284617F09EF90549284624F073F991
:10A5A000204603B030BD00BFC859002000A30020E2
:10A5B0007A2A07002DE9F0410F4B1C6805460E462C
:10A5C0001746ACB14FF0FF324FF0FF330B4816F097
:10A5D000AFFE63683246D3F8088029463B462046E2
:10A5E000C0470446054816F01BFF2046BDE8F08131
:10A5F0006FF00104F9E700BFF4790020AC1C0020E3
:10A6000000230360044B5A6812B9C3E90000704785
:10A6100010605860704700BFF8790020014B186047
:10A62000704700BFF479002030B585B0002305469F
:10A63000CDE9023301904FF0FF330C484FF0FF3269
:10A6400016F076FE0A4B1C684CB9284600F0E0F87C
:10A650000446064816F0E4FE204605B030BD6368A7
:10A6600020461B6801A998472468EDE7AC1C002030
:10A67000F87900201FB5CDE9010103924FF0FF33B7
:10A680000A484FF0FF3216F053FE094B1C682CB9F4
:10A69000064816F0C5FE204604B010BD636820468B
:10A6A0001B6801A998472468F1E700BFAC1C002093
:10A6B000F8790020024B0022C3E90022704700BF56
:10A6C000F8790020024B0022C3E90022FFF7F2BF15
:10A6D000007A00202DE9F74307460C4609B1002314
:10A6E0000B601F4DDFF87C9000264D450FD31E4BAD
:10A6F0001D6885B355F8148C01AA41463846143DAF
:10A700001DF039FE10B3D6B914BB2E461EE0D5F8A5
:10A71000008001AA414638461DF02DFE50B116B901
:10A7200054B92E4606E03168002240461DF023FE53
:10A730000028F5D11435D8E7019B2360F1E7316893
:10A74000002240461DF017FE0028DDD16D69D0E7DC
:10A75000019B2360D9E7304603B0BDE8F08300BF1A
:10A76000CCFA060044FB0600007A00202DE9F047F1
:10A7700084B002AF0446D7F8289078600D4616469C
:10A780009846B9F1000F07D0D9F8001031BBD9F8BD
:10A7900004A0BAF1000F28D1391D2046FFF79AFF17
:10A7A00008B3D0F808907868434632462946C8472F
:10A7B000C8B16D468AB002AA124BD061C2E9053415
:10A7C0004FF400731384104B42F8103F0F480023DE
:10A7D0004FF41151FEF7F4F9AD4604E03A1D1DF0B7
:10A7E000CAFD0028D3D1002007E0D9F80830009333
:10A7F0007868434632462946D0470837BD46BDE80B
:10A80000F08700BF832A0700040000016CFA0600ED
:10A81000F8B5184C184F06460025BC4208D3174B14
:10A820001C682CB3143CB6B9E368E3B96469F8E773
:10A830002EB9E3685BB9284614340546EDE7206875
:10A84000002231461DF097FD0028F2D1F3E798472A
:10A85000002DF0D1F0E72068002231461DF08BFD7D
:10A860000028E1D1E2E79847002D08BF0546DDE763
:10A870002846F8BDCCFA060044FB0600007A00200A
:10A8800038B50C4D0C484FF0FF334FF0FF3216F047
:10A890004FFD2B783BB9FFF715FF00F06DF804462C
:10A8A00010B901232B700024034816F0B9FD20468F
:10A8B00038BD00BF829D0020AC1C00202DE9F04770
:10A8C000048FDFF8B0A0013498B006468946A4B2E0
:10A8D00000F10807651EADB2B5F5004F47D04A2319
:10A8E00005AA294638461DF0C7FA04F57F543F34BF
:10A8F000A4B28046214601230DF10B0238461DF01B
:10A90000BBFAB8F1000F014610DC002810DC338FD1
:10A91000AB4209D132466B1E22F8383F4FF400415A
:10A9200002233846FDF752FD2C46D3E7002808DC09
:10A93000294638461DF09CFA214638461DF098FA03
:10A94000E5E708F160030DEB0308002308F84C3C31
:10A950005246CDF8009003AB05A80397ADF8104020
:10A96000FFF704FF0028DFD018B0BDE8F087002013
:10A97000FAE700BFE78306007FB50123694602209E
:10A980000193FEF7D7FB044660BB02AA01A902208F
:10A99000FEF7F8FB044610B110F10C0F22D1039919
:10A9A000B1F5803F23D2009A0023946818460844EA
:10A9B00084421AD30133082BF9D10E4DA982EB82C0
:10A9C0005368AB602846D368EB631DF0A4FD0446D2
:10A9D00040B9094E6E602846FFF712FE28466E60A9
:10A9E000FFF71CFE204604B070BD9BB2E5E76FF098
:10A9F0002004F7E7087A00206416002008B5044810
:10AA00001CF043FBBDE8084002481CF03EBB00BF01
:10AA1000A82A0700DD2A070038B5144CD4F85031B5
:10AA2000C51C25F0030523B1D4F858312B44782BED
:10AA300019D97C21012024F07BFA78B1002303602E
:10AA4000D4F854215AB9C4E95400C4F85831D4F8A0
:10AA500058311A1D1D441044C4F8585138BD1060B7
:10AA6000C4F85401F1E7D4F85401F0E7487A002023
:10AA70000A48BFF35B8F50E8003F43F0020340E811
:10AA80000032002AF7D1BFF35B8F436A1B68A0F541
:10AA90009C700BB141681847704700BF807B002055
:10AAA00008B5034A034801211DF087FA002008BDBC
:10AAB0000B2B0700ECF80600022801D9FFF7F0BFC6
:10AAC000014B185C704700BFA92C070070B5054604
:10AAD00038B90B4A0B4801211DF06FFA00242046BB
:10AAE00070BD0078FFF7E8FF0646FFF795FF0446C4
:10AAF00008B9054AEEE73246294624F075FBEEE731
:10AB0000222B0700ECF80600362B07002DE9F04158
:10AB1000184CD4F83431222B05460E4609D9164A72
:10AB2000164801211DF049FA4FF000084046BDE8E3
:10AB3000F08103681878FFF7BFFF07463044FFF73E
:10AB40006BFF08B90E4AEBE7D4F834315A1C0333D3
:10AB5000DB0003F10408C4F83421A0441C442A8A11
:10AB600022816B8AA3723044606029683A4624F0DF
:10AB70003BFBDBE7487A00204B2B0700ECF8060094
:10AB8000672B0700F7B5584C236883420D460AD05F
:10AB90000121564A56481DF010FA6FF00D0120466B
:10ABA0001DF032FD29E0137C032B00F0838005D8D3
:10ABB000022B1ED14C486FF01501F1E7052BF9D19E
:10ABC000002956D1D4F83431012B3AD9238C0133E2
:10ABD000238204F108010323237609F0ADF805462A
:10ABE00058B101210346434A41481DF0EFF9294677
:10ABF000D5E721B920461DF0F3FC00204FE0CF68D7
:10AC000028460821FFF782FF064638B93A4A3848F5
:10AC100001211DF0D2F96FF00B01C0E71DF00AFD14
:10AC20003B6803607B68436005460068FFF74EFFA2
:10AC3000286008B9314AEAE7AB88E382B2889A42D1
:10AC400002D1FFF715FFD8E70023A3600523237681
:10AC5000B3882146013351F8080B238209F06CF8C0
:10AC600003460028C9D0264A214801211DF0AEF92B
:10AC7000D1E7002642F6030328688DF8046001A995
:10AC8000ADF806301EF0C6F858B908212846FFF77F
:10AC90003DFF04461DF0EEFC23680360012003B075
:10ACA000F0BD31462846FFF731FF0028F6D12B8A48
:10ACB000144AD9E70029C4D0098A20461DF04CFC6B
:10ACC00010B96FF002016AE7EE681DF0D3FC33683B
:10ACD00003607368436005460068FFF7F7FE28606D
:10ACE0000028DBD197E700BF487A0020842B0700BB
:10ACF000ECF80600242C0700A62B0700CF2B07003A
:10AD0000FD2B07004F2C0700F8B506460D4619B17C
:10AD1000097811F0FD0F4CD1002A4AD0BFF35B8FA8
:10AD2000274C54E8001F41F0010044E80007002FC1
:10AD3000F7D1BFF35B8F11F001013DD1A4F59C74F5
:10AD4000002DC4E9006314BF01230023C4E954119A
:10AD500084F86031C4F85C21C4F83411C4F8581187
:10AD60000AD02878FFF7A8FE2946024604F59E700F
:10AD700024F03AFA04F59E75124BE3604FF6FF7328
:10AD8000A560E38210490023012530462582237601
:10AD900008F0D2FF044650B10C4A034629460C483D
:10ADA0001DF014F906486FF001011DF00AFC204661
:10ADB000F8BD6FF01504FAE76FF07704F7E700BF0E
:10ADC000807B002085AB0400507A00208D2C07008A
:10ADD000ECF8060070B5064C0FCC86B001AD0FC57F
:10ADE00001AD0FCD2668034C0FC4266006B070BDC0
:10ADF000D0FB0600707C0020034B04494FF0C87262
:10AE0000C3E93412704700BFB47B0020180028004B
:10AE10002DE9F04F2C4E8BB096F8AD3003920446DE
:10AE2000884613B34B7896F8B4B096F8ACA001936B
:10AE300000273D46574505D384F83C50BBF1000F31
:10AE400011D133E0D8F80430039A02931F4B9B5C76
:10AE500000934FF00009019B994509D3BBF1000F06
:10AE60002ED084F83C50AA4522D00BB0BDE8F08F1C
:10AE7000029B009A03EB090105A81DF0F9FF0028C9
:10AE8000ECD0D6F8941005A81DF0C4FF10B1009BBB
:10AE90009944E0E704EB8502D6F8941091630135FC
:10AEA000EDB2BBF1000F0BD184F83C50002DDCD08B
:10AEB000637801336370012384F83430A370D4E7DE
:10AEC00001371836B6E700BFB47B0020B72C070067
:10AED0002DE9F0470378023B05460C46072B10D8B6
:10AEE000DFE803F04E4E545456562704294F97F886
:10AEF000213033B197F820A090F801800026564504
:10AF000002D30120BDE8F08707EB46196968424685
:10AF1000484624F02EF850B96378C4F818900133ED
:10AF20006370012384F81C802375A370E9E7013660
:10AF3000E5E7184E96F88830002BE2D096F8873077
:10AF400090F80180652703FB0767B742D9D096F8D0
:10AF50008630434512D806F12209696842464846C0
:10AF600024F007F850B96378C4F824900133637073
:10AF7000012384F8288084F82030D6E76536E4E79A
:10AF8000002229462046FFF743FFBAE70122F8E7EF
:10AF90000222F6E7B47B0020F8B5094B1C68054691
:10AFA0000E46174654B154F8043C1B68043C1BB1D0
:10AFB0003A463146284698476468F3E7F8BD00BF33
:10AFC000AC7B002050B100234360054B5968021D43
:10AFD00011B9C3E9002270470A605A60704700BF88
:10AFE000AC7B002070B5054692B00C46002900F0FD
:10AFF000B5804FF0FF324FF0FF335A4816F098F902
:10B00000052D00F2A880DFE805F003213C79A3A319
:10B01000554D95F82030002B40F09A802046FAF7E5
:10B020002DFC431E1F2B024600F295802146284628
:10B0300024F0DAF895F82030013385F82030002428
:10B04000484816F0EDF9204612B070BD464D95F80F
:10B050008730002B7CD12068FAF710FC431EDBB24E
:10B06000632B78D8237985F88630C2B2216805F140
:10B07000220024F0B9F895F88730013385F887303D
:10B08000DDE7394D95F89030002B61D12368C5F884
:10B090008930A388A5F88D30A37985F88F3023787F
:10B0A00007AE032B24D8DFE803F0021D1F212F4930
:10B0B0003046FAF7DBFB059663780493A378039395
:10B0C000E37802932379019363790093A379284A63
:10B0D0001E210AA81AF032FB95F89030013385F84A
:10B0E0009030ACE72349E3E72349E1E72349DFE771
:10B0F000234A0A2130461AF021FBDCE71A4B93F869
:10B10000AC202ABB2278012A0CD0022A11D012BB13
:10B110002068C3F898001B4AC3F89420012283F8E2
:10B12000AC208CE794E8030003F1980282E8030066
:10B13000F1E703F1980204F11006206861681546F2
:10B1400003C50834B4422A46F7D121782970E2E7D2
:10B150006FF00B0474E76FF0150471E76FF01504DE
:10B1600071E700BF981C0020B47B002090190700F5
:10B17000B2190700971907009E190700A8190700C0
:10B180005A5707004C7C002010B50D4C4FF0FF3291
:10B190004FF0FF33204616F0CBF80A4B002283F81D
:10B1A000202083F8872083F8902083F8AC2083F850
:10B1B000B02083F8B2202046BDE8104016F030B928
:10B1C000981C0020B47B0020074B002283F821202C
:10B1D00083F8882083F8912083F8AD2083F8B1208C
:10B1E00083F8B320704700BFB47B002008B5830606
:10B1F00025D0FFF7E9FF134B10F0020F1CBF01220F
:10B2000083F89120C20744BF012283F82120C2069F
:10B2100044BF012283F88820420744BF012283F8FB
:10B22000AD20020744BF012283F8B120820644BF4B
:10B23000012283F8B32083F8B410002008BD6FF01A
:10B240001500FBE7B47B002070B586B00E460546BE
:10B250001DF0B3FA154B0FCB02AC84E80F0001AB25
:10B26000134A2146304605F0B5FD0835114B50B163
:10B270001C68C4B154F8043C9B68043C0BB12846DC
:10B2800098476468F5E7019E1C684CB154F8043C8B
:10B29000DB68043C13B13146284698476468F4E7FC
:10B2A000019805F0FFF906B070BD00BFE4FB060091
:10B2B000847C0020AC7B00202DE9F04F484D97B0F6
:10B2C000542206460C4601A8002123F0B5FF95F84C
:10B2D000912095F8B4308DF8073012B101238DF824
:10B2E000043095F8213023B19DF8043001338DF8F6
:10B2F000043095F8883023B19DF8043001338DF87F
:10B30000043095F8AD3023B19DF8043001338DF849
:10B310000430337A03F001038DF80830D2B1D6F847
:10B3200000A095F890902F4F4FF00008C84511D21B
:10B3300039460722504623F00CFEBB46073700284B
:10B3400038D10123CDF834B08DF805308DF8303088
:10B350008DF80630204621F0B2F82349B4F8048075
:10B36000074601AA204601F01FFDA368A4F8048047
:10B3700013FA87F71D4B2760CDE904349DF8073099
:10B38000346803969DF80860BBB19DF805209DF8D0
:10B3900004309A4215D1324606A903A8FFF7FCFDF6
:10B3A00095F8B8301BB1214601A8FFF74DFF17B043
:10B3B000BDE8F08F08F10108B8E79DF80630002BD2
:10B3C000E9D10B4B1C68002CF1D054F8043C5B68AD
:10B3D000043C13B1314603A898476468F3E700BF03
:10B3E000B47B00203D7C0020D1AE0400847C002092
:10B3F000AC7B002070B5154C0646154804F01EFDC8
:10B40000B8220021204623F017FFBEB1337984F81B
:10B41000B83035685DB10FCDBC340FC42B682360E4
:10B42000B2683AB10B4B1068516803C370BDFFF7A7
:10B43000D1FCF5E7BDE87040FFF7DEBCFFF7CAFCC2
:10B44000FFF7DAFC84F8B860F0E700BFB47B0020B7
:10B4500078160020847C0020034608B1012805D11D
:10B460000448002100F8BC3F04F05CBC6FF01500FC
:10B47000704700BFB47B0020034B9B681BB1481E84
:10B4800018BF0120184770478C7C002010B51C465F
:10B49000034B1B6811460BB122469847204610BD4E
:10B4A0008C7C0020024B5B6803B11847704700BFDB
:10B4B0008C7C002030B1044B02681A6042685A60EC
:10B4C00082689A60002070478C7C002070B586B03E
:10B4D0000E461546002104461822684623F0ACFEAD
:10B4E0000B490C4BADF80C50CDE9011604932CB967
:10B4F0006946204608F00EFB06B070BD01222046CA
:10B500001FF02FFB0028F3D16FF01500F4E700BF08
:10B510004C070700A5B404002DE9F04397B00C4692
:10B5200005461DF0BDF81DF085F8504BD0F800C061
:10B5300011AA03F1100E174618685968164603C67B
:10B54000083373453246F7D11B783370394660466D
:10B550001DF060FC064628B16FF08506304617B036
:10B56000BDE8F0834FF0FF33A360A381404B02AAF4
:10B5700003F110099646186859689446ACE8030030
:10B5800008334B456246F6D11B788CF80030714683
:10B5900028461DF0A9F8804638B9364A36480121B8
:10B5A0001CF00BFD6FF01506D8E70DF11C0C304BAD
:10B5B000624618685968E646AEE8030008334B4512
:10B5C000F446F6D11B788EF80030414628461DF02F
:10B5D000CAF808B9294AE1E78388638100238DF816
:10B5E000043001AA42F6021341462846ADF806305F
:10B5F0001DF0B9F808B9224AD0E78388A381214B0E
:10B600000CAA03F110089646186859689446ACE8ED
:10B610000300083343456246F6D11B788CF80030AE
:10B62000714628461DF060F8844608B9164AB5E709
:10B63000144B3A46186859689646AEE8030008333A
:10B6400043457246F6D11B788EF800303A46614683
:10B6500028461DF088F808B90C4A9FE783882381A3
:10B6600028461DF01BF8206078E700BF170207008E
:10B6700028020700222D07003CFA0600412D070092
:10B68000742D0700390207009A2D0700B92D070015
:10B6900070B5051DBFF35B8F55E8003F43F0020214
:10B6A00045E800210029F7D1BFF35B8F9B072FD41A
:10B6B000194B03614389838301268389C3830684ED
:10B6C00000F12403BFF35B8F53E8001F314343E8CD
:10B6D0000012002AF8D1BFF35B8F00F1100100685F
:10B6E00009F04EF8044688B10C4A034631460C482E
:10B6F0001CF06CFCBFF35B8F55E8003F23F00203A6
:10B7000045E80032002AF7D1BFF35B8F204670BDB9
:10B710006FF07704FAE700BFBF870600EC2D070043
:10B720003CFA06004B1E59425941014B19707047B3
:10B73000839D002008B5012BBDF808100CD171B90C
:10B740000A4B1B680BB9012008BD1078012809D8E5
:10B7500000F001009847F6E76FF00C00F4E76FF097
:10B760000600F1E76FF01200EEE700BF987C0020C2
:10B770000449431E0F3013F8012F8A5C1A7083426C
:10B78000F9D17047682E0700F0B5264E07460C46E3
:10B790000FCE8DB001AD0FC50FCE0FC596E80700D7
:10B7A00085E807003846002F38D0002C38D0381FE5
:10B7B0002146024610344B780D781B0443EA05639A
:10B7C000CD782B438D78043143EA05238C4242F82F
:10B7D000043FF0D1144C04218A07036916D1C3F346
:10B7E0000742A55C1A0EA25C42EA0562C3F3072574
:10B7F000DBB2655DE35C42EA054242EA032221F0E6
:10B80000030330336B4453F82C3C534050F8042F5F
:10B81000013153402C290361DED101200DB0F0BD70
:10B820002046FBE7F4FB0600682E0700014817F0EE
:10B8300083BB00BF1408070038B5044618B90F4B86
:10B840000F485B6898476168B1F5683F10D0B1F563
:10B85000680F0DD00B4DA9420AD011F46861206821
:10B8600007D00146084822F0C3FD0023236065602D
:10B8700038BD142223F0E0FCF9E700BFC01A002015
:10B88000682F07002C5F5CA9A081002008B520B3B9
:10B890004368B3F5683F10D101220368BFF35B8FA3
:10B8A00053E8001F002903D143E800200028F7D106
:10B8B000BFF35B8F0DD1002008BD094A93420AD027
:10B8C00000684FF0FF324FF0FF3315F031FD0028D4
:10B8D000F1D00448F0E70448EEE76FF4E040EBE70E
:10B8E0002C5F5CA9E98FFFFFEA8FFFFF08B5D8B195
:10B8F0004368B3F5683F10D100220368BFF35B8F44
:10B9000053E8001F012903D143E800200028F7D1A4
:10B91000BFF35B8F0BD1002008BD074A934208D0CC
:10B92000006815F07DFDF6E76FF4E040F4E70348AA
:10B93000F2E70348F0E700BF2C5F5CA9E98FFFFF47
:10B94000EA8FFFFF10B5044618B91D4B1D485B6810
:10B9500098476368B3F5683F2FD0B3F5680F2CD0D4
:10B96000194A934219D1236803BB18484FF0FF329C
:10B970004FF0FF33214615F0ADFC08B923681BB921
:10B980000F4B13485B68984720681422002123F06E
:10B9900053FC4FF46863636008E0B3F5683F0DD86B
:10B9A0003A2B03D040F6BA629342DED1206822F0EF
:10B9B00057FD636843F03A03636010BD054AF3E73F
:10B9C000C01A0020682F07002C5F5CA9A08100200E
:10B9D0008E2F07003A00003A08B506490648402372
:10B9E000142222F0F7FCBDE808400449044817F08F
:10B9F00067BB00BFA07C0020A08100201C080700BE
:10BA0000300807002DE9F047064600AF0C46002934
:10BA100036D0E9468AB0D1E90012A3686D462148C4
:10BA2000A8464FF0050AC5E90501C5E9072348F80E
:10BA300010AF1D48424600234FF42151FDF7C0F8D6
:10BA4000CD46D4E903126369AD461848C5F810A085
:10BA5000C5E90501C5E907231348002342464FF411
:10BA60002151FDF7ADF8CD46E369114A0E48012199
:10BA70001CF0ACFAA3690F4A0B4801211CF0A6FA8E
:10BA8000012E07D1EFF305830B4A0748103B3146DF
:10BA90001CF09CFA2146304615F058FABD46BDE828
:10BAA000F08700BFBB2F070044FA0600EA2F07000B
:10BAB00019300700283007005630070030BFFFF765
:10BAC000FDBF00BF2DE9F0410B4EDFF8308006EBE3
:10BAD0000807CC1B054632460949204623F084FB63
:10BAE000A01942460021083C23F0A6FB6C6707F131
:10BAF0000800BDE8F08100BF000000000800000061
:10BB00004CFB0600074A936893F90E10002907DBE7
:10BB1000526993421FBF044A536843F080535360F5
:10BB2000704700BFC491002000ED00E070B5294CC3
:10BB300006460D46284829491DF0BAF8A36AD904DB
:10BB40003CD5254826491DF0B3F81720A36A1A05ED
:10BB500004D5214823491DF0ABF818201D4CA36AD9
:10BB60009B0512D51C4820491DF0A2F8A36BA26AC0
:10BB7000100409D51D4A184801211CF027FA1EB1EE
:10BB8000A36A23F40043A3621920124CA36A590547
:10BB900004D5114816491DF08BF81A20A36ADA055E
:10BBA0000ED50D4813491DF083F81B20094A936AEE
:10BBB00043F47F43936200232B7070BD1620C5E7CA
:10BBC000A36A9B04F2D504480B491DF071F81C20B0
:10BBD000ECE700BF00ED00E044FA06006930070022
:10BBE0007F30070090300700A3300700BC3007000B
:10BBF000D1300700EC3007000431070010B5204CAD
:10BC0000204921481DF054F8A36A990136D51E48F1
:10BC10001E491DF04DF81E20A36ADA0104D51A480A
:10BC20001B491DF045F81F20154CA36A1B0304D5C2
:10BC3000154818491DF03CF82120A36A590304D582
:10BC4000114815491DF034F822200D4CA36A9A03BF
:10BC500004D50D4811491DF02BF82320A36ADB03FE
:10BC600004D509480E491DF023F82420044A936A9C
:10BC70006FEA03436FEA1343936210BD1D20CBE7C5
:10BC800000ED00E03331070044FA06004B310700B5
:10BC90005E3107007831070096310700BB3107009D
:10BCA000D53107002DE9F843364D804689463648A0
:10BCB000364917461CF0FCFFAB6ADE0627D534492F
:10BCC00031481CF0F5FF1124AB6A1D0704D531493A
:10BCD0002D481CF0EDFF12242A4DAB6A980718D5A9
:10BCE0002D4929481CF0E4FF6E6BAB6A190646D556
:10BCF0002A4A2548334601211CF068F9B9F1000FA2
:10BD000003D0AB6A23F08003AB62132403E010245A
:10BD1000DAE76FF015061B4DAB6ADA0704D5204948
:10BD200019481CF0C5FF1424AB6A9B0604D51D49B5
:10BD300015481CF0BDFF1524124B9A6AD50602D493
:10BD40009A6A90070AD55B68190507D541463046BF
:10BD500000F092FA10B180F309880224094B9A6A24
:10BD6000920642BF5A6A22F400525A629A6A42F01C
:10BD7000FF029A6200233B702046BDE8F8836FF013
:10BD80001506C2E700ED00E044FA060000320700A5
:10BD90001632070090300700493207006132070071
:10BDA00077320700043107002DE9F041664B8AB075
:10BDB000D3F8048000AF0446C8F30805002686F3D4
:10BDC0001188BFF36F8F02F07F43B3F17F4F07D12C
:10BDD00002F00C03082B12D15C495D481CF068FF8F
:10BDE000002634460023FB71EB1E092B00F28A80EB
:10BDF000DFE803F00A80837D8888888888861007BA
:10BE00004CBF0C460126EDE7524951484E4D1CF0FF
:10BE10004FFF0023FB71EB6A9A0705D54E494C484A
:10BE20001CF046FF002333E0EB6A002B01DA4B499C
:10BE3000F5E7EB6A5B00F5D5494945481CF038FF4A
:10BE40006B69A26943F480736B61BFF34F8FBFF3DB
:10BE50006F8F6B6932F8022C23F480736B61BFF330
:10BE60004F8FBFF36F8F4DF602739A4209D0AB6AC2
:10BE7000DBB27BB3FA1D01212046FFF713FF034617
:10BE800006E02368374A324801211CF09FF82368F6
:10BE9000FA79DAB907F1080504F1200C2068616825
:10BEA0002A4603C2083464451546F7D17A6A002E43
:10BEB00044D0C2F3080121B96FEA52226FEA42224C
:10BEC0007A6207F108011846FFF79CFD2837BD4646
:10BED000BDE8F081AB6A13F47F4F04D0F91D012057
:10BEE000FFF724FECBE7AB6AB3F5803F9AD3FFF7A9
:10BEF00085FEC4E7FA1D0021BEE7F91D0020EFE72B
:10BF000019498CE7194A1A4B18F4F87FE8468AB0A9
:10BF100018BF13466A461749C2E905134FF4007368
:10BF20001384103D144BD56142F8103F084800239C
:10BF30004FF41151FCF744FEC54673E722F4FF723B
:10BF400022F00102BCE700BF00ED00E0C4320700B0
:10BF500044FA0600EF3207000633070027330700D4
:10BF6000353307005433070070330700AB32070046
:10BF7000963207009433070004000001024A536917
:10BF800043F010035361704700ED00E0EFF30880C9
:10BF9000EFF3098101B57246FFF706FF01BD00BF4F
:10BFA000002080F31488BFF36F8F12F04FFD002044
:10BFB0000D490860BFF34F8F0C4880F3088800F0EC
:10BFC0002BF8402080F3118809484FF40461401891
:10BFD00080F30988EFF314800221084380F314886A
:10BFE000BFF36F8F00F010F994ED00E040E2002005
:10BFF00080C800200749D1F890200023C2F307220F
:10C000001846934200DB7047C1F89830C1F8A00091
:10C010000133F6E700ED00E008B572B6002383F3C4
:10C020001388FFF7E7FF144B4FF0FF32C3F880206F
:10C03000C3F88420C3F88820C3F88C20C3F890206C
:10C04000C3F89420C3F89820C3F89C20C3F880213B
:10C05000C3F88421C3F88821C3F88C21C3F8902148
:10C06000C3F89421C3F89821C3F89C2162B6BFF3AA
:10C070004F8FBFF36F8F08BD00E100E0084B9B6856
:10C0800083420BD1EFF3058343B1064B5A6842F06C
:10C0900080525A605A6A22F400425A6222F0F4BC7A
:10C0A000C491002000ED00E0094A93686FF00A0196
:10C0B000D967084998674B6843F080534B60002369
:10C0C00083F31188BFF36F8F9368D86F704700BFF9
:10C0D000C491002000ED00E010B50446EFF3118399
:10C0E000402383F31288BFF36F8F0A4B586998601F
:10C0F000094B4FF000625A60084B426F1A600022F1
:10C10000836F826783F31188BFF36F8F00F01CF990
:10C11000204610BDC491002000ED00E0BC8100204D
:10C120000B498A684FF030001044EFF3098C80E827
:10C13000F01F74467046FFF7CFFFA64604498A6891
:10C1400002F1300090E8F01F8CF30988704700007E
:10C15000C49100201EF0040F0CBFEFF30880EFF332
:10C160000980816911F8021C0229FFD001B51CF079
:10C1700094FD01BD40B2002807DB044A41090123B8
:10C1800000F01F00834042F82130704700E100E0DA
:10C1900040B200280CDB4309064900F01F002033A1
:10C1A0000122824041F82320BFF34F8FBFF36F8FEE
:10C1B000704700BF00E100E0054B420900F01F009E
:10C1C00053F82220012303FA00F01040704700BF0B
:10C1D00000E100E040B2D30754BF02310021002843
:10C1E000ACBF00F16040074A4FEA4113ACBF00F515
:10C1F000614000F00F00DBB2B4BF135480F800338D
:10C20000704700BF14ED00E00B4A08B50B4B22F05D
:10C210007F029A60BFF34F8FBFF36F8FD3F88820F0
:10C2200022F47002C3F8882014F07AFF16F00CF89C
:10C2300000F060F814F0B8FF0070020000ED00E0BC
:10C2400042F8203C009B42F81C3C0A49019B42F802
:10C25000183C029B42F8143C21F001014FF080731E
:10C2600042F8043C42F8081C0023203A0265836728
:10C27000704700BFCD7D0400094A0346906870B145
:10C2800013F1160F406E05D0A0F140029A4205D876
:10C29000834203D2814228BF0020704700207047AC
:10C2A000C491002008B515460B4A0C4B9060426FB4
:10C2B0001A600E4600F048F82C4686F309884FF0C5
:10C2C0000000074B984720464FF000014FF0000256
:10C2D0004FF00003034C2047C4910020BC81002094
:10C2E000C18C0600CD7D0400014B10221A617047FD
:10C2F00000ED00E0044800234021C2180133302B38
:10C3000082F80013F9D1704700E100E008B5EFF3BF
:10C310000583064A103B02EBC30152F8330049681B
:10C320008847BDE80840FFF7EDBB00BFB0F6060048
:10C33000024B034A0348012100F08AB800000420A0
:10C340000000002040080700426E054B403A1A608A
:10C35000044A4021C3E901121846012100F082B8C5
:10C36000C081002000000B1508B503461048D0F826
:10C370009020C2F30722013A934207D90D480E4A92
:10C3800001211BF023FE6FF0150008BDC0F89830A6
:10C390000A6822F01F021A4342F01002C0F89C20E3
:10C3A0008A6842F00102C0F8A0201846EDE700BFFD
:10C3B00000ED00E014FA0600AB330700F0B50E46BE
:10C3C00085B01F4604460025B5420DDA606810B3FB
:10C3D00097B1431E18420AD0104A11482B4601213A
:10C3E0001BF0F4FD6FF01502104605B0F0BD1F28DC
:10C3F000F2D921680B42EFD1236801931CF083FC32
:10C40000A36801A90343D0B20393FFF7ADFF10F176
:10C41000160FE7D0421C01350C34D5E7D1330700A5
:10C4200014FA0600044B0522C3F89420BFF34F8F83
:10C43000BFF36F8F704700BF00ED00E0BFF35F8F69
:10C44000024B0022C3F89420704700BF00ED00E0CB
:10C4500010B5034C01232278FFF7B0FF207010BD08
:10C46000849D002008B50B4A00231278FFF7A6FF31
:10C4700010F1160F07D0084A0021D2F89030C3F30C
:10C480000723984200DB08BDC2F89800C2F8A0104C
:10C490000130F2E7849D002000ED00E02DE9F0433B
:10C4A00057485849D0F890300D68C3F307239D4290
:10C4B00085B000F2A180FFF7C1FF496800229542D4
:10C4C00001F10C011AD1504C504F25706846FCF711
:10C4D0002BFEDFF83C81DFF83C9106460025AE429A
:10C4E0001FD1237846490020D1F89020C2F30722BB
:10C4F00093427BDBFFF796FF00204CE0C0F89820CA
:10C5000051F80C3C23F01F03134343F01003C0F811
:10C510009C3051F8043C43F00103C0F8A0300132D4
:10C52000CDE7009800EB05114FEA051CCB683B40B6
:10C53000B3F5000F44D00AD8B3F5001F2ED0B3F5E1
:10C54000800F34D0B3F5801F10D00135C7E7B3F1A9
:10C55000807F3ED0B3F1007FF7D150F80C3088686F
:10C560004A681CF0D0FB40F4802009E050F80C3001
:10C5700088684A681CF0C7FB40F0885040F43020BF
:10C58000039001A92078CDE90123FFF7EDFE0028F3
:10C5900028DA6FF0150005B0BDE8F08350F80C30D4
:10C5A00088684A681CF0AFFB40EA0800E8E750F8EA
:10C5B0000C3088684A681CF0A6FB40EA0900DFE7F7
:10C5C00050F80C3088684A681CF09DFB40F082707F
:10C5D000D6E750F80C3088684A681CF094FB40F0AD
:10C5E0008870CDE7237801332370AEE7C1F8983027
:10C5F000C1F8A000013377E74FF0FF30CBE700BF71
:10C6000000ED00E04C080700849D00200000F0FFD2
:10C61000000008110000020208B5024B1B68984791
:10C62000002008BDCC810020034B044A1860937899
:10C6300043F0020393707047CC8100200C17002058
:10C64000F0B587B007460E46144600211022684612
:10C650001D4622F0F1FD02238DF802302A46054BDB
:10C66000019321466846CDE9047619F00BFA07B02C
:10C67000F0BD00BF278D060008B50649064821F029
:10C680000701C1F1005202F580221AF067FC002078
:10C6900008BD00BFE3290120D081002003484FF0EE
:10C6A000FF324FF0FF3314F043BE00BF1C170020D1
:10C6B000014814F0B5BE00BF1C17002038B5054670
:10C6C000FFF7ECFF08482A4608211AF0DFFB044672
:10C6D00028B925B122F07EFE044B0C221A50FFF738
:10C6E000E7FF204638BD00BFD08100200C000000CD
:10C6F00010B50446FFF7D2FF214603481AF08EFB1F
:10C70000BDE81040FFF7D4BFD08100200E4A0123BE
:10C71000C2F840354FF080424FF08051C2F8783572
:10C72000D1F83001082808D1D1F83411052904D8EE
:10C730000648415C09B1C2F838364FF08043012207
:10C74000C3F880250020704700E001400334070053
:10C7500020B1034B800143F001031847704700BF2D
:10C760009002070008B5044821F08AFD00280CBF9C
:10C770006FF01200002008BD98F506000E4B40290E
:10C7800070B528BF40210D4C46181D46B04203F13C
:10C79000020304D1002305F81130074870BD027868
:10C7A0001209A25C03F8022C10F8012B02F00F0210
:10C7B000A25C03F8012CE9E7A39D002027340700C1
:10C7C00030B503788BB0044607AD032B21D8DFE8E2
:10C7D00003F0021A1C1E12492846F9F747F805957E
:10C7E00063780493A3780393E37802932379019306
:10C7F00063790093A3790B4A0B481E2118F09EFF22
:10C8000009480BB030BD0949E6E70949E4E70949A1
:10C81000E2E7094A0A21284618F090FFDFE700BF47
:10C8200090190700B2190700859D0020971907008D
:10C830009E190700A81907005A5707002DE9F34170
:10C84000314CBFF35B8F1F462368BFF35B8F1646E7
:10C85000DA07054620D538B92C4A2D4801211BF0AE
:10C86000ACFB6FF0010018E001A91BF0A8FD2949FD
:10C8700080460246284622F07CFB50BBBFF35B8F0C
:10C880002368BFF35B8FC3F3C0081B0708D5224A98
:10C890001F4802211BF091FB002002B0BDE8F0818F
:10C8A000A4F1D405072229463846B04706280BD8FC
:10C8B0001A4A174801211BF080FB44F8D48C85F8F4
:10C8C0000780C5F80380E7E70723B0FBF3F0E871C2
:10C8D000E2E728461249424622F04BFB0546002873
:10C8E000BFD1102204F194013846B0470F28D3D8A5
:10C8F0000C4A074801211BF060FB1022294604F175
:10C90000940022F099FCC7E78C0800203F34070010
:10C910004CF90600A51907006034070084340700AD
:10C92000A9340700AD3407002DE9F04188B09C79A7
:10C93000DDF838805D791E79DF7893F802C093F8CE
:10C9400001E01B78B8F1000F0ED0CDE90638CDE933
:10C9500004CE1346CDE90267CDE90045084A18F038
:10C96000EDFE08B0BDE8F081CDE905E3CDE9037C3B
:10C970001346CDE90156034A009418F0DFFEF0E7B4
:10C98000CB340700EF34070010B5FDF779FF0446FC
:10C9900028B1044A0346012103481BF017FB204637
:10C9A00010BD00BF103507004CF9060070B50446F5
:10C9B0008CB01E461546A2B129B10A4602A8042130
:10C9C0001AF0CFFD02A900912B462246242103A88C
:10C9D000FFF7AAFF109A314603A8FDF7EBFD0CB054
:10C9E00070BD0346044A242103A818F0A7FE0028BE
:10C9F000F0DA6FF01500F2E73535070007B50B4B9D
:10CA00000B48DA79C2EBC202009200221146FFF70E
:10CA1000CDFF034638B1074A0748012103B05DF84E
:10CA200004EB1BF0D3BA03B05DF804FBB807002099
:10CA3000A51907003B3507004CF9060007B50C4B5C
:10CA40000C48DA7912010092002203F5B473114602
:10CA5000FFF7ACFF034638B1074A0848012103B08D
:10CA60005DF804EB1BF0B2BA03B05DF804FB00BF45
:10CA7000B8070020A9340700563507004CF9060016
:10CA800030B504468DB0154692B129B10A4602A8C8
:10CA900004211AF066FD02A900912B4622462421AA
:10CAA00003A8FFF741FF03A81BF061FC0DB030BDE8
:10CAB0000346054A242103A818F040FE0028F2DAB4
:10CAC0006FF01500F2E700BF3535070007B500939A
:10CAD00013460A4601460348FFF768FF03B05DF8B6
:10CAE00004FB00BFDF4E07000A4601460148FFF77E
:10CAF000C7BF00BFDF4E070007B5009313460A46C5
:10CB000001460348FFF752FF03B05DF804FB00BF86
:10CB1000D94E070007B5009313460A46014603485D
:10CB2000FFF744FF03B05DF804FB00BF9B4D070017
:10CB300007B500220346009103481146FFF736FF70
:10CB400003B05DF804FB00BF594C070008B502486C
:10CB500014F0BAFE002008BD4017002008B50248B6
:10CB600014F0B2FE002008BD30170020F8B51F4DAC
:10CB7000BFF35B8F2B68BFF35B8F13F0010F2E4663
:10CB800031D015F8CD3CA5F1D4078BB902F01CFAD1
:10CB9000044630B1164A174801211BF00EFA204610
:10CBA000F8BDFB7923B902F059FA04460028F1D107
:10CBB000BFF35B8F2B68BFF35B8F5A0701D401F083
:10CBC0001DFCBFF35B8F56E8003F23F4803246E83C
:10CBD00000210029F7D1BFF35B8FDB0303D5FFF7FB
:10CBE000B5FFFFF7BBFF0024D9E700BF8C0800208A
:10CBF000723507004CF9060007B5009313460A4644
:10CC000001460348FFF7D2FE03B05DF804FB00BF06
:10CC10005E5407000A4601460148FFF731BF00BFD6
:10CC20005E54070030B50A4D0A4B85B000242846F3
:10CC30000293039421F0C6FD02AB009328460649F7
:10CC40000A234FF4A86214F045FE204605B030BD1B
:10CC5000685A0020A535070040A70020014601487A
:10CC600014F076BE685A00200378012B30B513D03B
:10CC7000022B27D07BB9194B0A4603F1100453F855
:10CC8000045B42F8045BA342F9D11B78137043881C
:10CC90004B731B0A8B7330BD104B0A4603F1100413
:10CCA00053F8045B42F8045BA342F9D11B7813707C
:10CCB00043684B73C3F307221B0CCB731B0A8A73A5
:10CCC0000B74E8E700F1100350F8042B41F8042B33
:10CCD0009842F9D103780B70DDE700BFCB35070030
:10CCE00010B5034686B01C78012C0846114609D0C1
:10CCF000022C0AD0FCB95B88124A06B0BDE810408D
:10CD000018F01CBD5B68104AF7E7B3F801200492E5
:10CD1000D3F803200392B3F807200292B3F8092056
:10CD20000192B3F80B200092D3F80D30074A18F0A7
:10CD300005FD06B010BD002106B0BDE8104022F090
:10CD40007BBA00BF3E1B0700EA620700AE35070052
:10CD500038B5054605481FF006FB044620B1012101
:10CD60000C301FF05FFB2576204638BD681E002082
:10CD7000132810B50CD10A481FF0F5FA044628B163
:10CD800001210C301FF04EFB01232376204610BDFD
:10CD900009B10448F0E7BDE810400120FFF7D8BF13
:10CDA000941E0020E41D0020F0B5054685B00E4617
:10CDB0001746AB88012B0ED928461FF070FB04469E
:10CDC00048B1AB88984208D90E4A00930221034625
:10CDD0000D481BF005F905B0F0BD28461FF05FFBBC
:10CDE000013C2B688DF80800394602A88DF80940EF
:10CDF0000393B0470028EED0214628461FF03FFBA2
:10CE0000D7E700BFDC350700D4F80600C368034A43
:10CE10001B78034802211CF098B800BF07360700B2
:10CE2000F4F8060037B502EBC303044608469A42FD
:10CE300002D16FF05E0010E0114611F8085BA542C8
:10CE400011D1038A5178994209D90848084A0094B7
:10CE500001211BF0C5F86FF0150003B030BD536819
:10CE600098470020F9E70A46E1E700BFF4F806001A
:10CE70002F36070070B5C6683378B6F80140CBB9D5
:10CE80000F21204603F07CFDF278054698B90E4B41
:10CE9000198831B96FEA04516FEA115119800B49B1
:10CEA0000A70598831B96FEA04546FEA14545C80EF
:10CEB000064B5A7070BD0273012103F029FC28460D
:10CEC000BDE8704003F0EEBBC69C0020249E00200D
:10CED00070B5C3681D78BDB9B3F801600F21304645
:10CEE00003F04EFD044638B93346084A0848BDE809
:10CEF000704001211CF029B8294603F009FC2046A6
:10CF0000BDE8704003F0CEBB70BD00BF51360700D6
:10CF1000F4F8060010B5C368B3F8014001212046BB
:10CF200003F02EFD38B92346054A0648BDE81040F7
:10CF300001211CF00AB8BDE8104003F0B3BB00BFEC
:10CF400077360700F4F8060010B5C3681C88012185
:10CF5000204603F015FD38B92346054A0548BDE8CB
:10CF6000104001211BF0F1BFBDE8104003F09ABB57
:10CF700077360700F4F8060010B501210C301FF0D9
:10CF800086FABDE810400378024A034801211BF0ED
:10CF9000DCBF00BF9B360700F4F80600014610B561
:10CFA00008481FF0E6F90849084821F0A4FB031ED1
:10CFB00006DABDE81040064A064801211BF0C5BF4D
:10CFC00010BD00BFFC080020A0170020885B0020D7
:10CFD000BD360700F4F8060010B5084C01460622DD
:10CFE00094F86F0003F0C8FE38B994F86F00044954
:10CFF000BDE81040052203F0BFBE10BDB8070020F9
:10D000000D34070008B550B9022203F0B5FE0346FF
:10D0100068B9BDE808400749042203F0ADBE012805
:10D0200004D1BDE808400846FFF7D6BF00231846E4
:10D0300008BD00BF0D340700024A034801211BF060
:10D0400086BF00BFDA360700F4F8060098B5012164
:10D0500000AF04460C301FF01AFA104A0078002383
:10D060002146FFF7DFFE5F3015D1218AE068FFF728
:10D0700085FB6C4688B06A46094BC2E905304FF41F
:10D0800000739383074B42F8103F07484FF4E45175
:10D090001BF075FFA546BD4698BD00BF840907007B
:10D0A000F436070003000001F4F80600B0B50B46A3
:10D0B0000D8A00AF04462946D868FFF75FFB8AB0A7
:10D0C0006A46094BC2E9053440F202439384074B98
:10D0D000C2E907504FF4325142F8103F04481BF0A8
:10D0E0004EFFBD46B0BD00BF183707000500000168
:10D0F000F4F8060010B5012104460C301FF0C7F902
:10D100002146034A0078BDE810400B231BF03ABFCC
:10D110002C09070070B5C568B5F8016001213046DB
:10D1200003F02EFC044638B933460D4A0D48BDE8DD
:10D13000704001211BF009BF2B783BB9D5F80330B3
:10D14000C0F8AD30D5F80730C0F8B130201D4FF42D
:10D1500000511BF0FEFE2046BDE8704003F0A2BA6D
:10D1600077360700F4F8060073B53E481FF016F94D
:10D170000446002873D0017E012945D003296BD1D4
:10D18000038A032B02D8384A012141E004210C30E4
:10D190001FF07DF9FF23428806886376238AC6F351
:10D1A0000B009A42608309D0304800920121304A36
:10D1B0001AF016FF20460AF0A3FF12E00F2103F039
:10D1C000DFFB054610B9638B2A4ADDE703F018FC44
:10D1D000320B60762146284603F012F9284603F008
:10D1E00061FA254BD3F84431002B38D02349244829
:10D1F00021F081FA031E32DA224A1C48012102B0D2
:10D20000BDE870401BF0A1BE038A012B04D81E4A62
:10D2100016481BF09AFECDE702210C301FF037F9BB
:10D22000054600781BF079FE10F002060DD1174A72
:10D230001749184840F6FB2319F034FF86F311888C
:10D24000BFF36F8F0323184602DF134A28780623A3
:10D2500021461BF097FEADE7104A0B4694E702B05B
:10D2600070BD00BFFC0800203A370700F4F8060044
:10D270005B3707007F370700B8070020A0170020A2
:10D28000885B0020BD360700A1370700BD370700C7
:10D29000F13707001F380700FC0807003C3807007B
:10D2A0002DE9F74FDFF828A1BFF35B8F8046894651
:10D2B000174600235AE8004F4AE80032002AF9D105
:10D2C000BFF35B8F264644B9424A43484346012197
:10D2D00003B0BDE8F04F1BF038BE20460AF062FEF6
:10D2E0003E4D4FF00C0B0BFB0050438843451FD0C5
:10D2F00020460AF057FE0BFB00504388384A009343
:10D300003548434601211AF06BFEBFF35B8F5AE8A4
:10D31000003F4AE80062002AF9D1BFF35B8F002B7F
:10D3200053D01E46304603B0BDE8F04F0AF0E8BEC9
:10D33000A7420ED020461FF011F804F10C0801217D
:10D34000217640461FF06EF83A8AF96840461FF091
:10D3500073F820460AF026FE0C2707FB00504368AE
:10D36000ABB1B9F1000F12D120460AF01BFE07FB4A
:10D37000005001214268D2E90003127A03F01F072E
:10D38000B9405B09DAB100EB83001BF0E2FD2046F7
:10D390000AF008FE0C2707FB00508368002BC1D061
:10D3A00020460AF0FFFD784305F8009020460AF079
:10D3B000F9FD07FB0055A86814F0A0F8B2E7C943CF
:10D3C00000EB83001BF0ECFDE1E703B0BDE8F08F5C
:10D3D000F808002050380700F4F80600DC8100202F
:10D3E0007838070038B5042104460C301FF04FF898
:10D3F000034640885D7818B119782246FFF750FF40
:10D4000025B10348BDE8384014F078B838BD00BFF6
:10D41000E008002070B5032104460C301FF037F8F7
:10D420000578B0F80100E36840F6354290421B7879
:10D4300006D1BDE87040084A084802211BF085BDAE
:10D4400018B122461946FFF72BFF25B10448BDE865
:10D45000704014F053B870BDAB380700F4F8060004
:10D46000E00800202DE9F84FC668018A34780123CE
:10D4700003EB84038B4200AF40F283806D468AB099
:10D480006A464248C2E907310523C2E905044FF460
:10D49000215142F8103F3E481BF071FDAD46BD469C
:10D4A000BDE8F88F3B4A3A484B4601211BF04DFD41
:10D4B000013533789D42F2DA06EB85030F21B3F88C
:10D4C0000190B3F80340484603F05AFA8246002818
:10D4D000E8D04FF0000900F1280B1CB3EFF31181E5
:10D4E00088F31288BFF36F8FDAF81C2072B1013A0B
:10D4F000CAF81C2081F31188BFF36F8F504602F0E9
:10D5000041FF013C13F0FAFFA4B2E6E7DAF8142079
:10D5100062B981F31188BFF36F8F1F4A1C48012144
:10D520001BF015FD504603F0BDF8C1E7DAF818000E
:10D530001368CAF81430824208BFCAF8183081F361
:10D540001188BFF36F8FEFF3118088F31288BFF358
:10D550006F8FD168CAF81C10C2F80C90C2F8009006
:10D56000DAF8241049B9CAE9082280F31188BFF318
:10D570006F8F584614F0A8F9C0E70A60CAF8242053
:10D58000F3E700254FF0400893E700BFE1380700BC
:10D59000F4F806000B3907002739070073B5C56892
:10D5A000B5F801600121304603F0EAF9044640B9BC
:10D5B0002A4A2B483346012102B0BDE870401BF0D7
:10D5C000C4BC2B781A2B00F1040619D1C378012BA7
:10D5D0002AD14FF4806130461BF0BBFC42050FD4CA
:10D5E000D4F8A03000936946D4F8A83001932046BF
:10D5F00003F036FF204602B0BDE8704003F052B899
:10D600002B788BB9B5F80330A4F89E30B5F8053007
:10D61000A4F8A430B5F80730A4F8A6306FF48071F0
:10D6200030461BF0BDFC15E030461BF088FCC305FE
:10D63000F4D52B78202BF1D194F8AC30002BEDD021
:10D64000013B84F8AC304FF42032002304F1580041
:10D6500014F0A8F9204603F00DFACBE7773607005F
:10D66000F4F8060010B5C1E900239DF808300B72EC
:10D670000C460AF097FC034B0C2202FB00335C6063
:10D6800010BD00BFDC8100202DE9F0474FF0FF32D4
:10D6900006464FF0FF33184888461EF064FE0446E5
:10D6A00038B300F10C0701214FF0000938461EF095
:10D6B000B9FE84F8189020460AF074FC0F4D4FF024
:10D6C0000C0A0AFB0050468020460AF06BFC0AFB5D
:10D6D0000050C0F8089020460AF064FC0AFB005590
:10D6E00003213846C5F804901EF0A0FE068080F89D
:10D6F00002802046BDE8F0873C1E0020DC8100202F
:10D700002DE9F041074688B016460C4621B9FFF7CF
:10D71000BBFF0446002854D002AD01220021284658
:10D7200020F03BFF20460AF03DFCDFF8A4800C23EC
:10D7300003FB0080856020461EF048FE0146254818
:10D740001EF042FE4FF4A0222846002313F0FAFEFA
:10D75000054698B140F24D131F4A2049204819F060
:10D76000A1FC20482A46394619F09CFC002383F38B
:10D770001188BFF36F8F0323184602DF20460AF09B
:10D7800011FC0C23584318F8005095B1164A17485D
:10D7900000953B460221093D1AF022FCEDB22046DD
:10D7A0000AF0AEFC092D0FD8114B585708B0BDE850
:10D7B000F08116B134600020F8E720460AF0A0FCA2
:10D7C000F9E76FF06800F1E76FF00400EEE700BFE3
:10D7D000DC81002004090020BD3707003E39070026
:10D7E0001F3807004739070073390700F4F80600AF
:10D7F0000E3E070073B506460D4601AA002142F20F
:10D800002F00FFF77DFF044638B1154A1548012166
:10D810001BF09DFB204602B070BD0198C368B3F8B1
:10D8200001203280B3F803302B800AF069FC338882
:10D83000A3F11B02E02A04D90B4A0A4802211BF07B
:10D8400084FB2B88A3F5A47292B244F248118A4259
:10D85000E0D9064A034802211BF077FBDAE700BF54
:10D860008F390700F4F80600AF390700D4390700F4
:10D87000F7B5144B93F99B30002B05460C461DDA87
:10D8800014B9204603B0F0BD082C01AA4FF00001E6
:10D8900042F21800264628BF0826FFF731FF00286D
:10D8A000F0D1019FF96832460131284621F09CFCF5
:10D8B00038460AF025FC3544A41BE1E76FF08500EB
:10D8C000E0E700BFB80700202DE9F041064686B02A
:10D8D00004301BF034FB00F001080DF10B01404651
:10D8E00001F048FC0546002841D1192142F20D0003
:10D8F000FFF7CAFE074600284AD019210C301EF057
:10D9000095FD19220446294621F096FC9DF80B301E
:10D91000214A2373601DB8F1000F2CD01F491BF062
:10D9200027FB0123237193892380D3896380B6F871
:10D93000A030A4F80D30B6F8A230A4F80F30B6F835
:10D94000A430A4F81130B6F8A630A4F8133001239F
:10D9500000930C230DEB0301114A3846FFF782FEBA
:10D960000022394642F20D00FFF7CAFE054628465E
:10D9700006B0BDE8F08192F8231192F82231994265
:10D9800094BF06F1880106F196011BF0F1FACAE78F
:10D990006FF06805EBE700BFB807002014340700FC
:10D9A0008C08002030B5002187B042F20E00FFF74E
:10D9B0006BFE00250C2304460DEB0301054A009580
:10D9C000FFF750FE2A46214642F20E00FFF798FE6E
:10D9D00007B030BD8C0800202DE9F04788B0644ABC
:10D9E000B0F80180118848F47043994202AF0546AF
:10D9F00025D05188994224D10123002122F8131007
:10DA00005C4A12F8039001F0DFF92C78002C4CD01E
:10DA10003C2C21D101F072FD6FF0800110301BF021
:10DA2000BFFA0020FFF7D8FA054668B9524A5348B2
:10DA300001211BF08CFA1837BD46BDE8F0870023A2
:10DA4000DBE74FF00009DEE70473002102F060FE1F
:10DA5000284602F027FEEEE7022C1FD100210846DF
:10DA6000FFF7D0FA054640B9454A444801211BF06A
:10DA70006EFA002002F016F8DDE7047304301BF0A4
:10DA80005EFA10F00101284605D0FFF71DFF284679
:10DA900002F008FEEDE702F03BFEF8E7394A3748AE
:10DAA000234602211BF051FAC5E7EB78012B08BF92
:10DAB000354B05F10406304608BF93F86F401BF064
:10DAC00010FA3146002844D007F110001BF0FEF98F
:10DAD000D5F81130C7F80930B5F81530A7F80D3072
:10DAE00001233B72E87807F11001FFF78BFAEB781E
:10DAF000012B04460AD101F001FD6FF0800182463E
:10DB000010301BF04DFA50461BF0F9FCEB7823B9AE
:10DB10001E486FF480511BF043FA002C3CD1304674
:10DB2000FEF74EFE6C4688B002AA194BC2E90530DA
:10DB30004FF400739383174B42F8103F0F484FF494
:10DB4000E2511BF01CFA1321A54640461BF044FA93
:10DB500071E720461BF0BAFB014607F110001BF0ED
:10DB600007FA314607F108001BF002FABAE700BFD6
:10DB7000C69C0020249E0020F7390700F4F8060018
:10DB8000183A0700363A0700B80700208C08002032
:10DB90004F3A0700030000012046B5F8013020F895
:10DBA000883B07F110011BF0E3F9B5F81730A4F832
:10DBB0009E30B5F81930A4F8A430B5F81B30A4F89D
:10DBC000A63095F8038084F803800023B8F1010F94
:10DBD00023732AD107F1080104F18F001BF0C8F963
:10DBE00001F08CFC10301BF0AAF910F4005F634EBA
:10DBF00040F0AF8084F8968005F10B08604906225A
:10DC0000404621F0A6F904F19703002800F09A801D
:10DC1000D5F80B20C4F89720B5F80F209A80D6F8D5
:10DC2000E4305E0601D501F039FEE378DBB907F197
:10DC3000080104F196001BF09BF905F10B06012386
:10DC400084F88F304E490622304621F082F904F1E3
:10DC50009003002800F08680D5F80B20C4F89020AF
:10DC6000B5F80F209A800721204602F051FDB9F146
:10DC7000000F05D084F80C900121204602F048FDE9
:10DC800020461BF00BFD637B072B53D1201D1BF09F
:10DC900056F910F4005F394E20D1E3781BB196F8A5
:10DCA000D83018071AD5022142F21600FFF7ECFC13
:10DCB000054600285ED002210C301EF0B7FB2388F9
:10DCC00003800022294642F21600FFF719FD0346A1
:10DCD00020B12C4A2C4801211BF037F996F8D93095
:10DCE000D9070DD5022300211A46009120461BF0CA
:10DCF000ACF9034620B1254A234801211BF025F940
:10DD000096F8D8309A0615D5D6F864319B689B07EB
:10DD100010D5B91D381DFFF76DFD58B9FA88B988BF
:10DD200020461BF074F9034620B1194A1648012118
:10DD30001BF00BF9204602F0B5FCE378002B7FF4D2
:10DD40007AAE96E6D6F86920C4F89720B6F86D202A
:10DD500064E7217AC1EBC101314404F196001BF064
:10DD600007F95CE7054AD2F86910C4F89010B2F8D8
:10DD70006D2077E76FF06803ABE700BFB8070020BE
:10DD8000213407006B3A0700F4F806008C3A0700CC
:10DD9000A33A070000B5C16889B00B788DF8003050
:10DDA000B1F80130ADF80130CB788DF80330B1F81F
:10DDB0000B30ADF81730B1F80D30ADF81930B1F8BF
:10DDC0000F30ADF81B304B7C8DF81D30043101A8AD
:10DDD0001BF0CEF80A4BD3F86920B3F86D30ADF8DC
:10DDE0000F30084BCDF80B2068461A689B88CDF899
:10DDF0001120ADF81530FFF7EFFD09B05DF804FB19
:10DE0000B80700202134070029289ABF014B185C6D
:10DE100009207047E43D070070B5C368B3F801609E
:10DE20001D780F21304602F0ABFD044638B9334669
:10DE3000184A1948BDE8704001211BF086B865B149
:10DE40002846FFF7E1FF29460246204602F0BCFEC5
:10DE50002046BDE8704002F025BC8678012EEFD147
:10DE600008F04EFF20461BF040F80028E8D10520BE
:10DE7000FFF7CAFF05210246204602F0A5FE314603
:10DE8000064A05481BF063F8052120461BF00FFCED
:10DE9000DEE700BF51360700F4F80600BF3A07007E
:10DEA0002DE9F041C668B6F8017035780F21384683
:10DEB00002F066FD044638B93B46214A2148BDE8D8
:10DEC000F04101211BF041B845B12846FFF79CFF06
:10DED00029460246204602F077FE08E0F278C37A2F
:10DEE000934209D1184A174802211BF02EF8204608
:10DEF000BDE8F04102F0D6BB8378C272012B05D099
:10DF00000020FFF781FF00210246E3E70AB108F095
:10DF1000F7FE20461AF0E9FF0028F1D10520FFF7AF
:10DF200073FF05210246204602F04EFE074A0548CF
:10DF300001211BF00CF8052120461BF0B8FBD6E7A9
:10DF400051360700F4F80600E53A0700BF3A07002B
:10DF500070B50C4D06460FCD8EB06C460FC40FCD7C
:10DF60000FC40FCD0FC495E803000D2E84E8030005
:10DF70009BBF0EAB03EB8606034856F8380C0EB079
:10DF800070BD00BF20FC0600143B0700024BD3F815
:10DF900064315B69184700BFB807002038B50546F3
:10DFA0000C4619B9FFF770FB0446C8B140F635437B
:10DFB0009D420FD12046FFF7E9FF054640B10346D9
:10DFC000094A0A4801211AF0C0FF20460AF098F8D1
:10DFD000284638BD064821461EF0F6F90025F7E729
:10DFE0006FF06805F4E700BF1C3B0700F4F806007B
:10DFF00004090020F0B5C5682F88BCB287B00121A4
:10E00000204602F0BDFC064640B9274A2748234671
:10E01000012107B0BDE8F0401AF097BF02ACD5F877
:10E020000220D5F806300194698900911DF018FA94
:10E0300040B3122142F21A00FFF726FB054648B909
:10E040001B4A1A4801211AF082FF304602F02AFBCF
:10E0500007B0F0BD12210C301EF0E8F9034622464D
:10E0600023F8027B06AF144603CCBC42186059600B
:10E07000224603F10803F6D1294642F21A00FFF7BF
:10E080008DFFE2E7022142F21B00FFF7FDFA044692
:10E090000028D5D002210C301EF0C8F92146078097
:10E0A00042F21B00EBE700BF77360700F4F80600EA
:10E0B0003E3B070073B5C368D9789A781E8842EA58
:10E0C0000122ADF8002059791A7942EA0122ADF80F
:10E0D0000220D9799A7942EA0122ADF804201A7A0D
:10E0E0005B7AB4B242EA032301212046ADF8063040
:10E0F00002F046FC054658B91C481D4A012123463A
:10E100001AF023FF022120461AF0EBFF02B070BD87
:10E11000694602F0F1FC38B91E2120461AF0E1FFF1
:10E12000284602F0BFFAF1E70E2142F22000FFF785
:10E13000ABFA04460028F3D00E210C301EF076F91D
:10E1400000230680C0F80A30BDF800304380BDF8D7
:10E1500002308380BDF80430C380BDF806300381EF
:10E16000214642F22000FFF719FFD9E7F4F8060034
:10E17000773607002DE9F84F4A4FDFF82C8107F179
:10E180001409FB6848466FF39433FB6002F036FADB
:10E19000451C44484FF0FF324FF0FF33294614F03E
:10E1A00071FA70B14149424840F67833424618F05E
:10E1B00079FF002383F31188BFF36F8F0323184681
:10E1C00002DF384EDFF8ECB015B913F0E1FED8E706
:10E1D000F368C3F38633022B53D9042B5BD1337B13
:10E1E000002B51D13448002200231EF0C0F8044611
:10E1F00068B932492E4840F60A33424618F052FFB9
:10E2000084F31188BFF36F8F0323184602DFDFF812
:10E21000B0A02C484FF0FF324FF0FF3313F092F9CB
:10E22000DAF840215AB1284A224801211AF08FFE1B
:10E23000DAF8400109F064FF0022CAF840212046C4
:10E240001EF0C4F8CAF840012046FFF79FFE0346BF
:10E25000B8B11E4A174801211AF077FE194813F089
:10E260004DF9204609F09EFE194B0C2202FB0033AB
:10E27000588818B122461F21FFF712F8204609F0EE
:10E280003FFF1436013D9FE7012BFAD13069383842
:10E2900002F0AAFEF5E70F4A022158461AF055FE91
:10E2A000EFE700BF50170020BD3707003E390700D9
:10E2B0001F380700F4F8060004090020A2560700E2
:10E2C000B8070020E0080020553B07001C3B070072
:10E2D000DC810020703B07002DE9F843044600F183
:10E2E0000C0630461EF0EBF8B4F81080B8F1010FC0
:10E2F00005460AD81A4A1B48434601211AF025FE52
:10E300002046BDE8F84309F0FBBE304602211EF06E
:10E31000BEF8074600781AF000FE10F00109064624
:10E320000DD1114A1149124840F6567318F0BAFE41
:10E3300089F31188BFF36F8F0323184602DF05238B
:10E340000C4A387821461AF01DFEB307D8D5636908
:10E35000A4F8108013FA85F5E560BDE8F88300BFE6
:10E36000A1370700F4F80600BD370700913B07000E
:10E370001F380700D408070038B5044613F0CCFD59
:10E38000237E012B05D0032B14D12046FEF706FE79
:10E390000BE0E36818781AF0C0FDC207054602D505
:10E3A0002046FFF799FFAB07EFD4002413F0C8FD18
:10E3B000204638BD054A064801211AF0C6FD204610
:10E3C00009F09EFE6FF01504F0E700BFAA3B0700BE
:10E3D000F4F80600084A0346D2F8640130B9D96857
:10E3E00039B1596929B1C2F8643170476FF07700CB
:10E3F00070476FF015007047B80700202DE9F84FFF
:10E40000042100AF3E4C3F483F4D1AF0A2FD0020D2
:10E4100001F048FBE2793D4B2046012A88BF1D46AA
:10E420006E46FEF7CDF98AB06A46394BD061C2E933
:10E430000535384B1362384B42F8103F3748DFF848
:10E44000E080DFF8D8904FF423511AF098FDB546DC
:10E45000344EA3460125E3799D420BF1070B38DBCF
:10E4600094F870502846FFF773FD6E468CB0B4F8F0
:10E470007210B4F876306A46DFF8ACC05362C2E975
:10E4800007512A4B4FF40075C2E905C015854FF4BA
:10E49000535142F8103F21481AF071FDB54694F8E7
:10E4A00071603046FFF754FD8AB0B4F874306A46A4
:10E4B0001F499584C2E907631E4BC2E9051042F863
:10E4C000103F16484FF433511AF059FDBD46BDE8D0
:10E4D000F88F5846FEF774F9EA468AB06A4640F269
:10E4E0000133C2E90565D06113844FF4135142F83A
:10E4F000108F48461AF043FD0135D546ABE700BF03
:10E50000B80700208C080020825D0700BE3B070092
:10E51000C23B07000002010304000002F4F80600F9
:10E5200004000001D13B0700E23B070006000001A8
:10E53000203C07000500000108B50848C37933B93D
:10E54000074A084803211AF002FD002008BD0821EF
:10E55000D4301AF0FEFCFFF751FFF6E7B8070020B1
:10E56000473C0700F4F8060010B5F7F721FB034B12
:10E570001B6813B1BDE81040184710BDF48100209E
:10E5800070B5364DD5F8643188B006464BB9344A7B
:10E59000344801211AF0DBFC6FF01204204608B069
:10E5A00070BD6FF0020105F1D4001AF0F9FC0121F1
:10E5B0001AF0CFFCC3074ED4FEF7E6F90446002854
:10E5C000ECD1294B1E600122114605F594701FF015
:10E5D000E4FF05F5A6701FF0BBFF00220023CDE984
:10E5E00006236FF00803CDE90243CDE900441F4B39
:10E5F0001F4904944FF4C0621E4813F09BFA1E4951
:10E600001C4820F040F91D4820F0DCF81C491B484C
:10E6100000946FF0070340F6980213F05BF9194974
:10E62000164820F030F9D5F86431DB689847044685
:10E6300030B10346144A0B4801211AF086FCADE7BD
:10E6400026B908B0BDE87040F7F7B2BA05F1C400CA
:10E6500013F03AF9A2E76FF077049FE7B8070020BC
:10E660008F3D0700F4F80600F481002075E10400F6
:10E67000C0AC0020085B0020A83D0700885B00209C
:10E6800000B30020AE3D0700B73D070008B50348C2
:10E690001AF055FCC0F3800008BD00BF8C080020B4
:10E6A00000487047D33D0700F8B50A4DEF7906469C
:10E6B0000024E3B29F4202D86FF0010007E0294630
:10E6C00030461AF034FD0735631C08B12046F8BD0A
:10E6D0001C46EEE7B807002070B50D4DB5F8A8410F
:10E6E0004FF47A735C434FF4004640F2E730002168
:10E6F0004FF47A720023E4FB0601D9F743FC02468B
:10E700000B4605F5BC70BDE8704013F04BB900BF77
:10E71000B807002098B50F4BBFF35B8F00AF53E8ED
:10E72000002F22F4005243E800210029F7D1BFF363
:10E730005B8F13F8CD3C6C464BB1073303F4FC738D
:10E74000ADEB030D6946044800F0D2FEA546BD4678
:10E7500098BD00BF8C08002099920600F8B50F46BE
:10E76000154670BB272142F22700FEF78DFF0646B3
:10E7700050B327210C301DF059FE39461AF0E1FC48
:10E7800004462A46C31D05F1100152F8040B43F854
:10E79000040B8A42F9D10E4D04F1170305F1100460
:10E7A0002A4603CAA24218605960154603F10803BD
:10E7B000F6D131460022BDE8F84042F22700FEF7CC
:10E7C0009FBF6FF01500F8BD6FF06800FBE700BF5A
:10E7D000200900207FB5044615460E4671B3314925
:10E7E00030461AF0A4FC48BB2F4BC4EBC4003146A2
:10E7F00018441AF0A6FC0023CDE90033CDE902331A
:10E8000010264FF4B47316FB0434274B1C4455B345
:10E8100032466946284620F09CFB60B3AA19286856
:10E820006968234603C3083595421C46F7D11F4843
:10E830001AF08EFC430730D400201AE068461AF024
:10E8400037FBB0B96846FFF72FFF0028F6DA164B02
:10E85000C4EBC400184469461AF073FC002ECAD0F9
:10E8600001463046C5E7314620460FF0B3FD00288B
:10E87000DDD004B070BD314620460FF0ABFD00285E
:10E88000F7D104F11002234603CB9342286069605C
:10E890001C4605F10805F6D1C9E7FEF757F9FEF762
:10E8A0005DF9C9E714340700B80700208C08002080
:10E8B00008B5044A044801211AF041FC6FF05700E2
:10E8C00008BD00BF1B3F0700FCF8060070B5194EDD
:10E8D00006223146054620F03CFB30B3062142F2C9
:10E8E0000500FEF7D1FE044608B3062229460C3087
:10E8F0001DF0A2FD2146002242F20500FEF700FFB6
:10E90000044648B110F10D0F04D10B4A0B48022107
:10E910001AF015FC204670BD33462A6843F8692971
:10E92000AA88B280012283F868200024F2E76FF001
:10E930006804EFE721080020403F0700FCF80600CC
:10E940002DE9F341002104460222084602F014FAA0
:10E95000054670B146484FF400411AF03AFC237A5C
:10E96000284643F00103237202B0BDE8F04101F0F4
:10E9700099BE3F481AF0ECFB2946C0F3C0163D484B
:10E9800000F0B6FD16B128461AF0DAFD3A4D95F8BA
:10E9900023314BB100201AF004FC28B1374A022180
:10E9A00037481AF0CCFB1DE095F8232195F8223169
:10E9B0009A4225D1334A324802211AF0C0FB002284
:10E9C000114642F22900FEF79BFE10B12E4A0121AA
:10E9D000E6E795F82331013385F82331237A43F0B4
:10E9E0000403237201201AF0DCFB16B101201AF097
:10E9F000A7FD2648002102B0BDE8F04100F078BD37
:10EA0000224604F1010812F82A0B4146FFF7A6FE40
:10EA1000074608B11E4ADAE795F82331013385F835
:10EA20002331237A43F00403237295F8A7305B0760
:10EA300001D4184AB3E7414668461AF082FB012325
:10EA4000082142F24E008DF80730FEF71DFE044605
:10EA500060B1082269460C301DF0EEFC3A462146B2
:10EA600042F24E00FEF74CFE0028BBD00A4AAEE749
:10EA70008C080020EB910600B80700204F3F0700EC
:10EA8000FCF80600743F0700A53F07006B920600E4
:10EA9000C53F0700E53F07000F40070000212DE9B3
:10EAA000F84302220446084602F066F9054668B1BA
:10EAB0003A484FF400411AF08CFB237A43F00203EA
:10EAC00023722846BDE8F84301F0ECBD33481AF044
:10EAD0003FFB2946C0F3C018314800F009FDB8F1EA
:10EAE000000F02D028461AF02BFD00201AF059FB27
:10EAF0002C4D0646B8B12C4A034601212B4819F08B
:10EB000065FA95F8233113B101201AF04AFBB8F1E8
:10EB1000000F02D001201AF013FDBDE8F84324488D
:10EB2000002100F0E5BC95F8233195F822219A42A6
:10EB30000CD2013B85F82331237A1E4923F00403CC
:10EB4000024623723F2008F0B7F9DAE7072142F2C4
:10EB50002800FEF799FD04F10109074628B9164A75
:10EB6000124801211AF0EBFACBE707210C301DF017
:10EB70005DFC49461AF0E5FA3246394642F2280071
:10EB8000FEF7BEFD0028EAD195F82331013B85F858
:10EB90002331237A23F004032372B2E78C08002088
:10EBA000EB910600B80700202A400700FCF8060099
:10EBB0006B9206008D9106005740070013B5F0B91F
:10EBC00010481AF0C5FA830417D40F4869461AF0A2
:10EBD000E6F8044620B1FFF77FFD204602B010BDE5
:10EBE0006846FFF773FE04460028F4D105484FF449
:10EBF00000511AF0EEFAFFF76FFD0024EDE76FF019
:10EC00001504EAE78C0800202009002070B521488F
:10EC10001AF09EFA0206C0F3C01502D500201AF0C1
:10EC20008FFC1C481AF094FAC30401D5FEF7BAFE13
:10EC300000F064FC0446E8B100F110020721104620
:10EC40001AF08CFAB0B10D2110461AF087FA01467D
:10EC500078B9267820461AF02BFC3046FFF7AEFF35
:10EC600090B10D4A0346BDE870400C48022119F0EE
:10EC7000ADB90020FFF7A2FF0028F2D14DB1BDE8E9
:10EC8000704001201AF05CBC012120461AF010FCF3
:10EC9000F4E770BD8C0800207C400700FCF80600FB
:10ECA00000B58DB002A909481FF0B3FD0023084844
:10ECB0008DF807300DF1070100F01AFCFFF72AFD6F
:10ECC000FFF7A4FF0DB05DF804FB00BF3009002082
:10ECD0006B91060013B500210322084602F04CF8A0
:10ECE00018B101F0DFFCFEF75DFE002310488DF83F
:10ECF00007300DF1070100F0FBFB9DF80740FFF71F
:10ED000009FD24B102B0BDE81040FFF77FBF0948FC
:10ED10001AF01EFAC104F5D406481AF019FA0206D0
:10ED200004D504481AF014FAC305EBD402B010BDA0
:10ED30006B9106008C08002010B500F0DFFB024646
:10ED400008B9012010BD00F11004072120461AF077
:10ED500005FA0028F5D00D2120461AF0FFF91378A6
:10ED600028B10649C3EBC3028A5C012A03D0B3FA77
:10ED700083F04009E6E70020E4E700BFB807002081
:10ED800008B5024608B9002008BD0D481AF0E0F9A0
:10ED9000C10407D51378526852070AD4B3FA83F036
:10EDA0004009F1E706481AF0D3F90306F2D401202E
:10EDB000EAE70449C3EBC3028A5C012AEED1E2E729
:10EDC0008C080020B80700200A4BBFF35B8F53E884
:10EDD000002F22F4004143E800100028F7D1BFF3D0
:10EDE0005B8F130404D5044900223F2008F064B867
:10EDF000704700BF8C0800200D93060007B5002364
:10EE0000CDE9000304496A46022008F055F801984C
:10EE100003B05DF804FB00BF1592060010B4034672
:10EE200070B10A4991F8224191F823210CB1944222
:10EE300008D2013281F823211A7A42F004021A72B0
:10EE400010BC704710BCFFF77BBD00BFB8070020A7
:10EE500010B4034698B10B4C94F8221194F8232176
:10EE600029B101318A4203DC10BCFFF717BE12B191
:10EE7000013A84F823211A7A22F004021A7210BC93
:10EE8000704700BFB8070020F0B50E4685B00446B5
:10EE9000C8B127491AF04BF9A8B92046FFF704FC7E
:10EEA00000283FDA2378012B04D1A37903F0C003B3
:10EEB000C02B08D01F4A204801211AF040F96FF0FA
:10EEC000150005B0F0BD1D4DEB79012B2DD005F1DE
:10EED000D4001AF03DF910F0010014D1CDE9000082
:10EEE000CDE90200002CEAD0114920461AF01FF9A2
:10EEF0000028E4D1002EE2D010226946304620F0EE
:10EF000028F80028DBD0EF7932467B1C21463846B2
:10EF1000EB71FFF75FFC08B93846D2E7EB79013BAC
:10EF2000EB71CEE76FF07700CBE76FF00B00C8E72F
:10EF3000143407009E400700FCF80600B8070020C4
:10EF40002DE9F341044640B91A4A1B4802211AF040
:10EF5000F6F8002002B0BDE8F08101AA002141F2DC
:10EF60000900FEF7CDFB054608B1144AEDE7019E06
:10EF70001349D6F80C8008F10107062238461FF025
:10EF8000E8FF28B10F49062238461FF0E2FF18B902
:10EF9000304609F0B5F8DCE7D8F80130C4F80130A4
:10EFA000BB88A4F805303046257009F0A9F8012087
:10EFB000D0E700BFCC400700FCF80600E5400700A2
:10EFC000213407001B34070070B58AB06846FFF78C
:10EFD000B7FF1E4CE07118B31022002106A820F0E4
:10EFE0002BF994F8C2309B070BD502AA00214FF6EB
:10EFF0000A40FEF785FBA8B1154A164802211AF00F
:10F000009EF802A906A81CF0C1FAE0B112484FF41C
:10F0100080311AF0DEF8002269460020FFF7DAFBA3
:10F020000AB070BD029EF26806AD531C113218681A
:10F0300059682C4603C4083393422546F7D130461D
:10F0400009F05EF8DDE702AAE6E700BFB807002096
:10F0500003410700FCF806008C0800202DE9F0436E
:10F060003E4DEC798DB0002C6CD195F8C26016F055
:10F07000010612D13A4A3B4802211AF060F8DFF843
:10F08000E880EC7100261627EB795FFA86F94B458C
:10F090002CD8002B56D000204FE002AA21464FF674
:10F0A0000940FEF72DFB08B1304AE4E7DDF808C05F
:10F0B000DCF80C104B7823B9604609F021F82C4A93
:10F0C000D9E78B1C06AA01F1120418685968174683
:10F0D00003C70833A3423A46F7D1186838609B88C3
:10F0E000BB80604609F00CF83446C8E707FB09F41A
:10F0F00004F130030DEB030002A912381CF046FAAC
:10F10000F0B14FF4803140461AF063F8002204F168
:10F1100030030DEB0304694654F8183CCDF8013078
:10F1200034F8143CADF80530484601238DF8003022
:10F13000FFF750FB01360028A6D00DB0BDE8F083E4
:10F1400002AAE4E708484FF480311AF042F800219F
:10F1500008460DB0BDE8F043FFF796BEB8070020A3
:10F1600020410700FCF806008C0800204C410700F5
:10F170006C41070010B50C4621B320B10020FFF709
:10F180001DFDA0B110BD11481FF0D7FC4FF47A72DD
:10F19000A0FB020302FB01310D4AC30B928A43EA32
:10F1A00041430A214A439A42E8D3FFF779FD084BCD
:10F1B00093F8D83013F0400F0CBF012303232370C2
:10F1C0000020DFE76FF01500DCE700BF40090020FA
:10F1D000B807002010B50C4669B10020FFF7EEFC1F
:10F1E00040B9064B93F8D83013F0400F0CBF012301
:10F1F0000323237010BD6FF01500FBE7B807002054
:10F200002DE9F8430E4690461C46074650B14BB1D7
:10F210000B03057810D5710708D5374A3748012107
:10F2200019F08DFF6FF01500BDE8F8831AF062F851
:10F230000028F9D1012356E0CA0745D5B8F1000FDF
:10F240001BD14B072DD52E4AC5EBC503D35C012B33
:10F250002CD1DFF8AC900721012311FB0531494483
:10F2600038461AF03FF80028DED1C5EBC50519F87D
:10F270000530B8F1000F19D021E011F0200904D0B9
:10F280001F4B93F8D830580632D5710711D4384641
:10F290001AF030F80028C7D1B9F1000F05D00323C8
:10F2A00004E01AF027F80028BED1012323700020C3
:10F2B000BAE7134AC5EBC503D35C012BC9D0B2062C
:10F2C000F4D543F00203F1E74B070ED50C4EC5EB26
:10F2D000C507F35D012BE9D1072111FB053131444D
:10F2E0001AF000F8F35D23709EE71AF003F8A1E727
:10F2F0006FF0850098E700BF95410700FCF8060015
:10F30000B807002008B5034903481FF061FA002040
:10F3100008BD00BFD5EC0400300900202DE9F74FEF
:10F320000C46202100909246FEF7AEF905460028D3
:10F3300055D020210C301DF079F820220021814683
:10F340001FF07AFF09F1010B04EBCA0A0026D4F87A
:10F3500000800023626893420CD30834A245F6D1A2
:10F36000009889F800600022294603B0BDE8F04FFC
:10F37000FEF7C6B998F8012098F800C0B01C8118B3
:10F380001F2915D9BCF1090FC0F11F0201D1002AB4
:10F390000CDC144A1448012118F00FFE284608F02E
:10F3A000AFFE6FF0150003B0BDE8F08F4FF0080C12
:10F3B000D7B2791C0BF80610711CC9B25BFA80F049
:10F3C0000BF801C0D8F80410019302371FF00CFFAE
:10F3D000019B3744FEB2013308F10808BAE76FF029
:10F3E0006800E0E7BA410700B4F80600F8B54568E0
:10F3F00015F48063064639D1046934B115F0010271
:10F4000034D005F02402242A30D0194F3078FB790B
:10F4100083422BD9C0EBC0001649072238441FF0A5
:10F4200098FDA8B115F0010306D197F87020082ABD
:10F4300002D8B2689F2A19D915F0300F09D0ACB1A3
:10F44000EA060AD405F46035B5F5603018BF01202E
:10F45000F8BDEB0601D4002CF4D1D6E902239A4280
:10F4600004D81F2A02D9B3F5804FEBD90020EFE76B
:10F47000B80700201434070008B5044907220930F2
:10F480001FF067FD003818BF012008BD14340700C5
:10F49000F8B5154B067883F86F6004460D46FFF704
:10F4A000EBFF70B91149304601F0BCFB044610B9BE
:10F4B0006FF00B00F8BD052101F02AF92C60002047
:10F4C000F8E704F109073946304601F0EFFB40B98F
:10F4D0002078394601F0A6FB04460028E8D0062132
:10F4E000EAE76FF01500E5E7B80700200D340700E4
:10F4F00003460148184700BFD00700200048704766
:10F50000D00700202DE9F04FD1F810908DB09A4629
:10F510000023B9EB030605469B48059218BF012658
:10F52000079319F012FF0C46410740F12281204653
:10F53000FFF75CFF28B96FF0150B58460DB0BDE81A
:10F54000F08F2046FFF71CFC80460028F3D005F121
:10F550001007384619F0F9FE0206C0F3C01300F197
:10F560000B8161688DF82C30CDE90933A368ADF8C3
:10F5700020300846E368ADF8223019F0D7FE01F0DC
:10F58000C003C02B8DF82D0038D04B0638D4C1F302
:10F59000C01149008DF82E107B486FF4005119F00E
:10F5A000DAFE7A4A23782B7082F86F3061680DF1A9
:10F5B000250332462846FFF723FE83460028BCD1A8
:10F5C00005F10902B9F1000F1CD021690868C5F8DE
:10F5D00009008888908089799171204619F058FF38
:10F5E00062680646D0071FD4920503D4169B0BB958
:10F5F000022E60D102238DF8243027E00321C9E7D1
:10F600000121C7E7624B1968C5F8091099889B79F1
:10F6100091809371204619F03BFF6268D10706463E
:10F62000E2D58DF8249011E012F0100F0CBF0122EA
:10F6300004228DF8242022691168CDF826109188C3
:10F64000ADF82A1092798DF82C20D8460F2142F27D
:10F650000600FEF719F88346002800F090800F227C
:10F6600008A90C301CF0E8FE0022594642F20600C0
:10F67000FEF746F8002840F08580B9F1000F20D051
:10F680006368DB072BD40121284619F011FF83465C
:10F69000002866D03F4A4048012118F08EFC079CA4
:10F6A000002C3FF44AAF2046002101F031F82046FB
:10F6B00000F0F8FF41E70323DDF858808DF824308F
:10F6C000C4E7179B0093CDE90186169B0599524626
:10F6D000284619F066FE83460028D1D02DE707A9F9
:10F6E0002846FFF7D5FE83460028CCD010F10C0F3A
:10F6F0007FF423AFB9F1000F7FF41FAF626890076A
:10F700003FF51BAF636883F00203C3F3400B0BF0BC
:10F7100001020E21384619F02DFE731E5A425A413D
:10F720000821384619F026FEB11E4A424A413846A1
:10F73000092119F01FFE62680A2102F00102384611
:10F7400019F018FE42460B21384619F013FE626884
:10F750000D21C2F38002384619F00CFE4FF0000B69
:10F76000EBE6079808B100F09DFFB9F1000FCED18C
:10F77000C8E76FF00A0BE0E66FF0770BDDE66FF09D
:10F78000680BDAE68346D8E68C080020B80700202C
:10F7900014340700D3410700B4F8060073B51546CA
:10F7A000069A0C46CDE900322B460A46014611481E
:10F7B000FFF7A8FE21460646002340F201109D42B5
:10F7C00002D1304602B070BD0A88824204D14A6834
:10F7D00012B11278D20702D401330831EFE706499B
:10F7E00006481EF0F5FF4FF470220023034812F084
:10F7F0000DF9E6E7D007002079F80400E8070020BB
:10F8000010B5194819F07BFE18486FF4804119F0C3
:10F81000A2FD164819F099FD03461A06C0F3C01060
:10F8200021D5124819F091FD430513D50E48FFF775
:10F8300023FE0F490346087E93B90E49052201F0C5
:10F840009BFA044630B10021017300F061FF2046AD
:10F8500000F028FFBDE810400348002119F028BE41
:10F8600006222131EBE710BDD0070020E007002081
:10F87000B80700200D34070010B5FFF7C1FF03469D
:10F8800030B1044A0448BDE81040022118F09EBB84
:10F8900010BD00BFEE410700B4F8060073B539484B
:10F8A000384C19F052FD10F4804F4DD0204619F01D
:10F8B0004CFD030648D4204619F047FD460543D5C4
:10F8C00001A9A4F11000FFF7E3FD00283CD1204678
:10F8D00019F03BFD10F4005FA4F110000DD119F0F8
:10F8E00009FD2948012119F0E3FD019E70BB304656
:10F8F00002B0BDE8704000F0D5BEFFF7BDFD024686
:10F90000204619F022FDC0F38031204619F01DFD7C
:10F9100081F0010145054FEA41011A4848BF41F015
:10F92000010119F012FD80040DF10303164848BFD0
:10F9300041F00401FFF764FC03460028D1D0134ACC
:10F940001348012118F042FB02B070BD002130467F
:10F9500000F0DEFE6FF480410A4819F0FCFC054619
:10F96000304600F09FFE6B04EED5BFF35B8F54E88A
:10F97000003F43F4804344E80032002AF7D1BFF34C
:10F980005B8FE1E7E0070020D00700200D42070071
:10F99000B4F80600034BBFF35B8F1868BFF35B8FAF
:10F9A000704700BF8C08002030B5022187B00446A4
:10F9B00042F20C00FDF768FE054600B302210C3050
:10F9C0001CF034FD012C024617D1FFF7E3FFC0F312
:10F9D0004020631E14705C425C41507003A9094AC8
:10F9E000009428460723FDF73DFE0022294642F2F7
:10F9F0000C00FDF785FE07B030BD0020E9E76FF091
:10FA00006800F8E78C08002073B500230546ADF8C0
:10FA10000530ADF80110ADF803208DF80000FFF7B8
:10FA2000B9FF6B1EC0F380208DF8060058420DF11F
:10FA300005015841FFF7CEFB0446F8B9072142F211
:10FA40000B00FDF721FE064608B3072269460C307D
:10FA50001CF0F2FC2246314642F20B00FDF750FE4C
:10FA6000044658B90120FFF79FFF044630B9012D25
:10FA700007D108484FF4807119F044FD204602B0C8
:10FA800070BD6FF48071034819F04BFDF6E76FF01D
:10FA90006804F3E78C080020014B00221A607047CD
:10FAA0000082002070B50646FFF774FF4106C0F3E0
:10FAB00080122DD4FFF76EFF030621D4002102220D
:10FAC000084601F059F9044600BB0322014601F043
:10FAD00053F90546E0B14FF400710E4819F012FDDC
:10FAE000284600F0DFFD002E204608BF1222BDE8A8
:10FAF000704016BF30224FF400616021FFF784BFD1
:10FB00001046FFF751FF0028D8D070BD00F0CAFDA5
:10FB10000020FAE78C0800202DE9F04F00F10C06D8
:10FB20008BB0044630461CF0BAFCDFF8E091DFF8F9
:10FB3000E0A10090009B13B90BB0BDE8F08F238AC1
:10FB4000082B07D8734A744801210BB0BDE8F04F69
:10FB500018F033BA092130461CF099FC037A228A46
:10FB600001339A420546EDD30123ADF824307F23BB
:10FB70008DF81E30037A034400F101085B7A8DF89A
:10FB80001D30FF238DF81C300023ADF822300278A1
:10FB90008DF81F20042A9CBF604B9B5CADF8203081
:10FBA000037A0193404619F09CF9002848D0414659
:10FBB00004A819F08BF9DAF80030A3B130461CF034
:10FBC0007EFC019B278A9DF81F20238283463346B3
:10FBD0009DF91D10DAF800C004A8E0476369278288
:10FBE00013FA8BF3E36004AB06934D4B1B68002BB9
:10FBF00040D01A6802B1083A53F8081CB9B1174648
:10FC0000A3F10802304603921CF059FC238A039AA0
:10FC10000293019B238212688346314606A89047CF
:10FC20006269029B238212FA8BF2E2603A460AB3BF
:10FC300097681368E7B1083F002BE3D13A46F7E72E
:10FC40006B78FF2B0BD1D9F80000B9F8042099F894
:10FC500006300490ADF814208DF81630ABE741461D
:10FC600019F034FB0346006804909A889B79F1E709
:10FC7000002BC7D10023BDF820200693FFF78AFE92
:10FC80004106C0F3801723D4D20721D5032204A94B
:10FC9000384601F071F88346D0B1FFF77BFE0306CA
:10FCA00020D4D5F80130CBF89630B8F80430ABF852
:10FCB0009A3098F806308BF89C305846FDF704FED1
:10FCC000A8B95846022100F023FD584600F0EAFC8E
:10FCD000297A304601311CF0D2FB009B013BDBB29C
:10FCE000009327E73846FFF75FFE0028D9D01F238F
:10FCF0008BF80C300021584600F00AFD584600F001
:10FD0000D1FC0020FFF7CEFEE2E700BF143407006D
:10FD1000008200204A4207002CF9060063420700D7
:10FD2000F881002070B50546FFF734FE40070E4607
:10FD300067D52A78012A03D96FF01504204670BDD3
:10FD40006B680F2BF8D82889031F9BB243F6FC740D
:10FD5000A342F1D869890B1F9BB2A342ECD8884219
:10FD6000EAD34AB94021284819F0CCFB10EA010235
:10FD700007D06FF07704E1E7FEF7DEFF0028F1D14E
:10FD8000DAE7FFF707FE01060AD51046FFF70CFE7B
:10FD9000044628B16FF040011B4819F0C2FBCDE7C3
:10FDA0006B68DA0716D518484FF4007119F0AAFBF2
:10FDB0006B689B0714D514484FF4806119F0A2FBBF
:10FDC000AB899BB110486FF0400119F0AAFB6FF0AE
:10FDD0008504B3E76FF400710B4819F0A2FBE7E765
:10FDE0006FF48061084819F09CFBE9E76A8929896A
:10FDF0002878FFF709FE04460028CBD1034B1E608C
:10FE00009CE76FF00A0499E78C080020008200202C
:10FE100008B508486FF0400119F083FB430606D58A
:10FE2000054B00201860BDE80840FFF73BBE6FF0AF
:10FE3000770008BD8C08002000820020002383602A
:10FE4000054B596800F1080211B9C3E90022704757
:10FE50000A605A60704700BFF881002008B5044965
:10FE600040221FF076F8B0FA80F0400908BD00BFCC
:10FE7000EF42070070B5394B93F8A23003F0060348
:10FE8000062B08D0364A3748022118F096F86FF052
:10FE90008505284670BD00285CD0334E326872B1AB
:10FEA000131F834207D1314A2E48022118F085F8EA
:10FEB0006FF07705EDE75B680BB1043BF1E742605B
:10FEC0007268031D336002B97360294CBFF35B8F06
:10FED00054E8002F42F0200344E800310029F7D114
:10FEE000BFF35B8F12F0200201D00025D1E7BFF3F2
:10FEF0005B8F54E8003F23F0100344E800310029F1
:10FF0000F7D1BFF35B8F114642F22500FDF7F8FBF6
:10FF100005460028E9D0174A1248012118F04DF88B
:10FF2000BFF35B8F54E8003F23F0200344E8003226
:10FF3000002AF7D1BFF35B8F34683CB154F8043C1E
:10FF4000043C0BB1002098476468F6E70023C6E93B
:10FF500000339EE76FF015059BE700BFB807002050
:10FF600068420700DCF8060008820020874207008C
:10FF70008C080020A3420700054BBFF35B8F1B6872
:10FF80000448BFF35B8F13F0100F08BF00207047C9
:10FF90008C080020269E002070B5244E33688B42CA
:10FFA00004463DD01BB16FF00F04204670BD204BBE
:10FFB000BFF35B8F1A68BFF35B8F9206F3D4BFF376
:10FFC0005B8F1B68BFF35B8FDB062CD5316042F281
:10FFD00026004021FDF758FB0546F0B140210C30CA
:10FFE0001CF024FA234604F1400253F8041B40F8A5
:10FFF000041B9342F9D10022294642F22600FDF764
:020000025000AC
:100000007FFB04460028D0D000233360094A0A4809
:100010002346022117F0DAFFC7E76FF06804F3E721
:100020006FF07704C1E76FF07C04BEE70482002024
:100030008C080020CD420700DCF80600F8B51D4B07
:10004000C568BFF35B8F53E8002F22F0200243E81E
:1000500000210029F7D1BFF35B8F2A78AAB916498E
:100060006A1C05F1410052F8044B41F8044B8242EE
:10007000F9D1BFF35B8F53E8001F41F0100143E853
:100080000012002AF7D1BFF35B8F0C4E34686CB1BD
:10009000094F043C23682BB12A78002A0CBF38464C
:1000A0000020984764680CB1043CF3E70023C6E9DC
:1000B0000033F8BD8C080020269E00200882002016
:1000C00005490B6833B1C26800200860117801B996
:1000D000501C1847704700BF0482002070B50B4BBE
:1000E0001D68044625B90A4D0A4EB54207D370BDB6
:1000F0002B6813B1217B20469847ED69F2E72B6806
:1001000013B1217B204698472035EEE7408200203E
:1001100054F8060054F8060030B50FC8094C04F135
:10012000080585E80F00A38A002B08BF4FF49673DB
:10013000A382238A03B9A3892382638A03B9E3894B
:10014000638230BDB80700202DE9F843DFF8548002
:1001500004464FF040090025EFF3118389F312881C
:10016000BFF36F8F216A29B983F31188BFF36F8FB3
:10017000BDE8F883606A0A682262814208BF626251
:1001800083F31188BFF36F8FD1E90167CD60C1E9B7
:10019000015540461EF0E8F9002239462046B04796
:1001A000DAE700BF5C1D002010B504461FF012F90D
:1001B0000A4B1A580A4B9A428AB005D120460AB017
:1001C000BDE81040FFF7C0BF2834204611F07CFB8B
:1001D000694620461EF09FFA0AB010BD08000000D4
:1001E000C875002070B5D1E901560022C1E901228D
:1001F0000446CA6005481EF0B7F9314620462B4632
:100200006FF06D02BDE87040184700BF5C1D002014
:100210002DE9F047574F9946B7F80431002B0446B3
:100220000E4607F58470154608BF00200022002303
:1002300011F088F9002840F09680637B072B40F08E
:100240009580002D71D005F10C0A5046B7F8048155
:100250001CF039F9404562D9B7F8048156F80C1FF3
:10026000424650461CF0E8F8414630461CF007F97B
:10027000AE69EFF31182402383F31288BFF36F8FCF
:10028000002E5DD000233360A369002B55D1C4E953
:1002900005664FF0000882F31188BFF36F8F0421C9
:1002A00005F10C001CF0E3F8238809F0FD0943EA8E
:1002B0000939A0F800902B8A043B438002232B7657
:1002C0002846FDF763FE40B32B4A034601212B4825
:1002D00017F07CFEEFF31189402383F31288BFF3FC
:1002E0006F8F002E39D0314604F1140019F02AF92D
:1002F00089F31188BFF36F8FB7F804312048002BC2
:1003000008BF002011F0FAF82EB10023AB6131468E
:100310002046FFF767FF6FF00400BDE8F087504606
:100320001CF0D1F81FFA80F898E70022002304F1AE
:1003300038001CF01CF805469AE71E60A661A8E785
:10034000A36933B103F10C08DB680133C8F800304E
:10035000A1E7E36904F11C08F7E7D8F80030013B96
:10036000C8F80030C4E76FF06800D6E76FF07F0090
:10037000D3E700BFB80700201C3B0700C4F8060005
:10038000C00800200448B0F80431002B00F5847048
:1003900008BF0020704700BFB807002038B5002212
:1003A00004468A4202D10024204638BD04F1BC0331
:1003B0000120BFF35B8F53E8005F002D04D143E8B9
:1003C000000CBCF1000FF6D1BFF35B8F02D0C0343C
:1003D0000244E6E7002CE6D0BC22002120461EF0B5
:1003E0002BFF04F1580004491EF0F2F9034904F10F
:1003F00028001EF055F9D7E7E90E0500A99506007B
:10040000F7B5164604460D46FFF7CEFE012E23D063
:10041000022E50D123693BB13048314A012119F0F5
:10042000C1F8204619F0D1F8256121690B8A012B0A
:1004300051D9CA681288043292B293424BD341D93F
:10044000264800920121274A17F0CAFD204603B032
:10045000BDE8F04019F0B9B8206940B9224A1F48F8
:10046000314619F09FF8204619F0AFF801E02F8AC5
:100470002FB9284603B0BDE8F04007F041BE0C306C
:100480001CF021F887420CD9184A1448314619F05B
:1004900089F821690022204600F0B6FF002323617D
:1004A000E7E720692A8AE9680C301BF0C5FF284677
:1004B00007F026FEB9E70E4A08483346012117F037
:1004C00085FDD0E7002301222046236103B0BDE86B
:1004D000F04000F099BF03B0F0BD00BFC4F80600C3
:1004E00036430700B6430700534307007143070034
:1004F000984307002DE9F843161E0D46097A9946E0
:1005000014BF02230123994200AF804609DD334A1C
:100510003348012119F046F86FF01500BD46BDE8DB
:10052000F883EB7A072B14D86C468AB0A97A6A460E
:100530002C48C2E905030823C2E90731052342F824
:10054000103F274800234FF42151F8F739FBA54607
:10055000E2E7437B072B07D0234A2148012119F00A
:1005600021F86FF07F00D9E7002E31D01EF032FF66
:100570001E4B1A581E4B9A421E4807BF00220023EA
:100580004FF0FF324FF0FF3310F086FF044608B300
:1005900098F80D30072B0DD0174A1148022119F099
:1005A00001F80023C4E901331248E36021461DF03D
:1005B000DBFFD6E7C0E901690023C360AC6100241A
:1005C00008F138002C7729461BF0FEFE2046A5E7EF
:1005D0003446F3E76FF06800A0E700BFD14307009F
:1005E000C4F80600F24307001F440700080000009B
:1005F000C87500205C1D00202E4407002DE9F84F2F
:1006000006462448244CDFF894901EF06BFC214BE6
:100610000022012130461EF03CFC01254FF000086D
:100620004FF0140AAB4604F1BC0018F0B5FF58B106
:10063000637B9BB96FF04001201D18F09EFF4306BD
:100640000CD5204618F0CAFFC034B8F1000F02D014
:100650002846BDE8F88F4FF00108E4E7637B072BDD
:10066000F2D1B9F80431002BEED00AFB0567D9F8B6
:100670001021A36B4BB142B9094B022138461EF041
:1006800008FC013587F80CB0DEE704F138030022DE
:100690000421F3E7B0170020285C0020B8070020F1
:1006A000C0080020F7B5BC3010F8BA6C10F8B95C7F
:1006B000BFF35B8F50E8003F5A1E40E8002100293D
:1006C000F8D1BFF35B8F01A8019318F065FF0128F3
:1006D0000CD10C4B1C685CB90B4C0C4FBC420CD3BE
:1006E000012E03D1012D01D1FFF7D8F803B0F0BDE1
:1006F000A36803B19847E469EDE7A36803B198479D
:100700002034EBE74082002054F8060054F806003D
:100710002DE9F041457B8D4200AF04460E461BD1CA
:10072000082D96BF8C4B8D4B53F825306C4688B006
:100730006A468B49C2E905134FF400739383894BD2
:1007400042F8103F884800234FF4E451F8F738FA94
:10075000A546BD46BDE8F0814173DDB1022D1FD035
:10076000637B082B00F2F48001A252F823F000BF53
:10077000ED070500AD0805007908050053070500E1
:10078000530705005307050053070500AF07050091
:10079000530705008378082BE2D018F042FFDFE70B
:1007A0008378012BDCD158301EF020F8D8E7A378ED
:1007B000042BCED004F138001DF0CAFE6B48002196
:1007C00011F0B8FF0023C4E91433E378012BC0D142
:1007D000A378012B04BF032384F8AC304FF42032FC
:1007E000002304F1580011F0DDF8B2E7A378042BE0
:1007F00003D12046FFF756FFABE7082DA9D801A388
:1008000053F825F06B080500290805005D08050070
:100810005D080500F3070500F30705005D08050006
:100820006B0805006B0805002046FFF7BDFCA378A8
:10083000012B0AD104F1580528461DF0D5FF10F010
:100840000C0F02D028461DF0D1FF0621201D18F004
:10085000AEFE0021454811F06DFF7AE7237B002BA7
:10086000C7D02046FFF73AFCC3E7414A33463E482B
:10087000022117F0ABFB6CE7A378012B7FF469AF83
:100880003C4B9D8A002D3FF464AF0A235D434FF437
:10089000004640F2E73000214FF47A720023C5FB96
:1008A0000601D7F76FFB02460B469AE7237B3E2BE8
:1008B0000FD16D4688B06A462F4BC2E90534032339
:1008C00042F8103F284800234FF4C451F8F778F954
:1008D000AD46284D4FF0400805F58476EFF31183BF
:1008E00088F31288BFF36F8FE26972B1013AE26157
:1008F00083F31188BFF36F8FB5F80431002B14BF59
:100900003046002010F0FAFDE8E7616921B983F371
:100910001188BFF36F8F1CE7A0690A68626181428A
:1009200008BFA26183F31188BFF36F8FEFF31183C8
:1009300088F31288BFF36F8FCA68E2610022CA6031
:1009400083F31188BFF36F8F2046FFF74BFCD3E78B
:100950000A4A33468BE700BF940907005444070056
:100960005E44070003000001C4F80600B017002031
:100970006F440700B807002086440700AD44070015
:1009800070B5024605460E460A48022118F064FE7C
:10099000044610B90024204670BD83781E42FAD167
:1009A000054A06482B46022117F010FB2046FFF7A8
:1009B00079FEEFE7285C0020C9440700C4F8060070
:1009C0002DE9F047DFF834A006460F469046002593
:1009D0004FF0C00909FB05A018F023FE044620B122
:1009E00083781E4206D1FFF75DFE0DB1BDE8F087AA
:1009F0000125EFE74146B8472046F4E7285C002090
:100A0000034BC01A034B80115843C0B2704700BF5C
:100A1000285C0020ABAAAAAA70B51C461443054660
:100A20000E4608D01EF0D6FC0D4908580D498842E4
:100A300004BF002213460C49002D14BF2846084667
:100A40001BF091FC044630B9084A0948022118F00D
:100A5000A9FD204670BD711D0C301BF0E3FCF8E7CA
:100A600008000000C87500208C1D0020E04407002D
:100A7000C4F80600F8B5031D0446184618F08CFDAE
:100A8000820512D5B4F89E20B4F8A01091420CD87B
:100A9000B4F8A210914208D3D4E92912914204D1AA
:100AA0006FF40071184618F068FD104B1D6825B9E9
:100AB0000F4D104FBD420CD3F8BD2E693EB1B4F8B6
:100AC000A630B4F8A420B4F89E102046B047ED69D3
:100AD000EDE72E693EB1B4F8A630B4F8A420B4F81E
:100AE0009E102046B0472035E4E700BF408200203A
:100AF00054F8060054F806002DE9F0410746084670
:100B00000C4618F0CDFA054618B900252846BDE870
:100B1000F081134B1E6846B9124EDFF84C804645F3
:100B2000F4D2F36883B92036F9E7F3680BB9F669B4
:100B3000F1E72146384698470028E6D0204618F0CD
:100B4000AFFA0028F3D1E0E721463846984700285D
:100B5000DBD0204618F0A4FA0028E4D1D5E700BF86
:100B60004082002054F8060054F806002DE9F041B8
:100B7000C378044673B900F19606104B1D6804F162
:100B8000880755B90E4D0F4F04F18808BD420CD3AC
:100B9000BDE8F08100F18F06EFE76B691BB13A46C3
:100BA000314620469847ED69EBE76B691BB1424639
:100BB0003146204698472035E8E700BF40820020B4
:100BC00054F8060054F80600F8B5437A83720446D8
:100BD000164618F0DFFE0C4B1D6825B90B4D0C4F67
:100BE000BD4208D3F8BDAB691BB1617A32462046DD
:100BF0009847ED69F1E7AB691BB1617A324620464F
:100C000098472035ECE700BF4082002054F80600EA
:100C100054F80600024B1A68C2611860704700BFA2
:100C20004082002038B505460C460B480221FFF7EC
:100C3000B5FB80B105722368C0F88830A388A0F89E
:100C40008C30A37980F88E300123437283728370D5
:100C5000024BC0F8A03038BD285C002018002800E6
:100C60002DE9F041104D06460F464FF0000828468A
:100C700018F0D7FC044620B18378012B0CD0FFF785
:100C800011FDC035B8F1000F03D000242046BDE8A7
:100C9000F0814FF00108EAE73A46314618F0E6FDE8
:100CA0000028F3D12046EAE7285C0020B0B500AF69
:100CB0000D46FFF7D5FF044608B32846FBF780FD35
:100CC000637B082B96BF0F4A0F4B52F823306D46BB
:100CD0008AB06A460D49C2E907030D4B53620D4BBA
:100CE000C2E9051442F8103F0B4800234FF442516B
:100CF000F7F766FF2046AD46FFF7D4FC0120BD465E
:100D0000B0BD00BF9409070054440700094507001F
:100D10000103020405000002C4F8060038B50446C9
:100D2000144818F039FC400702D46FF00A0038BDAF
:100D3000084618F0B5F910B96FF01500F7E70D483F
:100D400018F02AFC4206F0D40A4818F025FCC30427
:100D5000C0F300350AD4FDF7EFFF0028ECD02146A0
:100D60002846FFF7A3FF0028E1D0E5E76FF0770002
:100D7000DDE700BF8C0800202DE9F047DFF850A028
:100D800005460E46904600274FF0C00909FB07A014
:100D900018F047FC044620B18378012B06D0FFF7FA
:100DA00081FC0FB100240FE00127EFE736B1324696
:100DB000294618F05BFD08B92046F0E7637B434500
:100DC000FAD1237AAB42F7D12046BDE8F08700BFC5
:100DD000285C00202DE9F8430E4611468146154651
:100DE0001F46FFF79BFF044640BBDFF89080B8F832
:100DF000A83164225343B289934239D329464846E5
:100E000018F00BFD0546B0B33046FFF785F998F8AA
:100E1000232198F822319A4213D903212846FFF75B
:100E200077FC0120FEF73EFE0646F8B12846214633
:100E3000FFF76EFC2846FFF735FC34462046BDE838
:100E4000F88302212846FFF763FC2846FCF73CFDA7
:100E5000064658B1214628462C73FFF759FC284610
:100E6000FFF720FC2046FEF71DFEE6E73D60E5E7C4
:100E70006FF01504E2E76FF00B04DFE7B80700201E
:100E800038B5044608460D4618F00AF938B3154B34
:100E900093F8D830990707D4E37873B129462046F0
:100EA000BDE8384000F0DCBA94F8AD309A07F3D5CD
:100EB000201D18F071FB4305EED42946204618F09A
:100EC000F7FC58B92B88A4F8A0306B88A4F8A2309E
:100ED000AB88A4F8A830EB88A4F8AA3038BD6FF02E
:100EE0001500FBE7B8070020F7B510F84B3C0446A7
:100EF000A0F15805FBB9284618F034FD304B1E68A8
:100F00004EB9304E304FBE420DD3284603B0BDE837
:100F1000F040FFF7C7BB73681BB114F84C1C2846A0
:100F20009847F669ECE773681BB114F84C1C284627
:100F300098472036E7E710F8563C012B3ED110F8D1
:100F4000553C23B903B0BDE8F040FCF72BBDA0F140
:100F500054066FF40071304618F00FFB81051BD565
:100F6000A36C00936946236D01932846FFF788FF21
:100F7000034658B96FF48071304618F0FEFA072125
:100F8000304603B0BDE8F04018F011BB0F4A1048DE
:100F9000022117F01BF8F2E70E4A4FF428136946B6
:100FA0002846CDE90023FFF76BFF034620B908214F
:100FB000304618F0FCFAE2E7074AE8E703B0F0BD74
:100FC0004082002054F8060054F80600424507000D
:100FD000C4F80600180028006745070001460148CC
:100FE000FFF71ABD101E00202DE9F047437B054690
:100FF0005BB96FF04001043018F0BFFA430604D526
:101000002846BDE8F04718F0E9BA05F138001DF0B0
:10101000C0FA044668B9354A354936484FF4777303
:1010200016F040F884F31188BFF36F8F032318463E
:1010300002DF20461BF0CAF9DFF8BC90028AB9F83B
:1010400004319A420446027F07D832B9022321466E
:101050002846FFF7DDF8064632E017464FF0000A53
:10106000228AB9F804319A4204D801232377002256
:101070000323ECE74FF0FF334FF0FF320020FFF780
:10108000ADFF6B7B072B804606D007F039F8204672
:10109000BDE8F04707F034B8C0F818A080F81CA0ED
:1010A000637F437702463B4621462846FFF7B0F868
:1010B0000646B8B107F001072777404607F020F849
:1010C000204607F01DF805360ED1A6690023A3615E
:1010D000204607F015F83EB131462846BDE8F047F6
:1010E000FFF780B80127BBE7BDE8F087914507000F
:1010F000A25607001F380700B807002068B1002378
:10110000C360074B596800F10C0219B9C3E900220A
:10111000002070470A605A60FAE76FF015007047C8
:101120004482002010B512481DF012FA11491048EF
:101130001DF01AFA10490E481DF016FA0F490C4816
:101140001DF012FA19F054F805F07AFE044668B959
:1011500018F07DFC0A4818F064FA08B1FFF7A2FA0B
:10116000084818F05EFA08B1FFF79CFA204610BD57
:101170005C1D002010820020208200203082002090
:10118000285C0020E85C002008B50346034A0448B8
:10119000012116F01BFF002008BD00BF4A460700D2
:1011A0000CF9060080B500AF88B06A46074BC2E96B
:1011B0000530032342F8103F054800234FF4C25185
:1011C000F7F7FEFC6FF00B00BD4680BD72460700CE
:1011D0000CF90600074B1A6822B11A6B0AB1FFF727
:1011E000E1BF0122302000FB0233034A5A60002095
:1011F0000B60704750820020D8090700F7B5244DD6
:10120000244F04460026BD4201D303B0F0BD6B68F5
:1012100001A920469847002834DB019B2A889A823E
:101220009A8403F11002A868BFF35B8F52E8001F95
:1012300042E8006CBCF1000FF8D1BFF35B8F9E60F9
:10124000616D03F10802F9B9C4E914221C60D86089
:10125000019843681B6803B19847019BBFF35B8FFC
:10126000103353E8001F41F0010143E80012002A47
:10127000F7D1BFF35B8F01984368DB6913B100F1CD
:10128000100198470C35BEE70A606265DEE700BFD3
:1012900030F8060054F80600F0B50D4685B0064655
:1012A000042105F10C001BF0F2F82B8A42889A42C7
:1012B000044607D0444800920121444A16F090FEAB
:1012C00005B0F0BD417839B9414A01213E4805B029
:1012D000BDE8F04016F071BE0378122B1FD0132B1F
:1012E00019D0012BECD03B4A3748022116F06EFE94
:1012F000617835680222012018F003FB04460028BB
:10130000DED002210C301BF091F8002303704370F3
:101310002146284621E0012AD2D82F4AD5E7072ABC
:101320003468EB6801D82D4ACFE7627B072A02D0E8
:101330002B4A0221CAE7E778A7B10222012018F060
:10134000E0FA05460028BBD002210C301BF06EF8F5
:101350000023037043702946204605B0BDE8F040E5
:1013600018F051BB1A88ADF808205A88ADF80A2049
:101370009A88ADF80C20DB88ADF80E3002221320DD
:1013800018F0BFFA054600289AD002A92046FFF7B8
:10139000B3FB0221064605F10C001BF047F856B1DD
:1013A000077047702946204618F02DFB02A92046F9
:1013B00018F07EFA84E70123037046702946204620
:1013C00018F021FB7CE700BF0CF9060099460700E6
:1013D000BA46070028470700DB460700F746070024
:1013E0001A47070008B50B8A032B06D8044A05489C
:1013F000012116F0E2FD002008BDFFF74DFFFAE7DE
:10140000504707000CF9060038B50B8A032B054638
:101410000C4609D80F4A1048012116F0CEFD20468F
:10142000BDE8384006F06CBE042104F10C001BF04E
:101430002EF84188284618F000FB30B9074A0648C4
:101440000B46022116F0C2FDE9E7436821465B69BD
:101450009847E4E76E4707000CF906008B47070042
:1014600070B5124B0C4619780131C9B2012938BF49
:101470000121054608221220197018F042FA06468A
:1014800088B108210C301AF0D1FF228802806288CE
:101490004280A2888280E288C28031462846BDE828
:1014A000704018F0B0BA6FF00B0070BD669E00205F
:1014B00023281FD81A2804D8431E182B0ED906201B
:1014C0007047A0F11B03082B1ED8DFE803F0051DB1
:1014D0001B231D19251D0500032070470F4A0123FA
:1014E00083401A40C2B90E4A1A40002A14BF012094
:1014F0000620704700F07F03522B05D10020704773
:10150000012070470520704710F0400F0CBF0620E7
:10151000002070470420704702207047AAAA8A0260
:1015200054554501011F01481CF062BFE01B00201B
:101530002DE9FF4105460E464FF000084FF42053B9
:10154000006817688DF8088002A91446ADF80A30C3
:1015500017F060FCA0B142F6010328688DF80C80FA
:1015600003A9ADF80E3017F055FC48B123691BB143
:101570005A88B24200D25E80012004B0BDE8F081FA
:101580006168286817F046FC10B100232361F3E777
:10159000E368A0681A786AB1B7F81AC0798D038A2F
:1015A0008C4594BFC3EB0C03C3EB0103934201DAF8
:1015B0000020E2E704210C301AF038FF2061068099
:1015C00023695E80074B00930194A268002329469B
:1015D000384618F057FB0028EADB2069003818BFAE
:1015E0000120CAE7659C060010B500F130030446EF
:1015F000BFF35B8F53E8001F41F0010143E8001285
:10160000002AF7D1BFF35B8F201F18F060FA04F1B6
:10161000540004491DF0DCF82068BDE8104003F0D8
:10162000CBB900BF512505002DE9F04182B000AFD4
:10163000044688463E480022002339460FF04AFE01
:101640000546B0B16D4688B06A463A4BC2E90534EA
:10165000032342F8103F384800234FF4C251F7F7F4
:10166000AFFAAD466FF00B0630460837BD46BDE811
:10167000F0811DF0AFFE314B3E681A58304B2946C1
:101680001A60301D28221DF0D7FD34603C682D48BB
:101690007D60C4E90155C4E9095500220023391DC4
:1016A0000FF018FE064688B123686C4688B06A467B
:1016B0002549C2E90513032342F8103F1E482B4673
:1016C0004FF4C451F7F77CFAA546CBE77B68014697
:1016D000902218461DF0B0FD1C4A82603C301CF080
:1016E00037FF7B68BFF35B8F343353E8002F43E849
:1016F00000610029F9D1BFF35B8F7B681C60636ACE
:101700007D681BB904F10C001CF022FF626AC5F869
:101710008820A26A05F18803636202B9A3627B682C
:1017200017225A855A830433C8F800309CE700BF5B
:10173000C41B0020C7470700BCF8060008000000D3
:10174000F8820020E01B0020EC470700C0170020B3
:101750002DE9F743176805468846006851687E689A
:10176000144617F057FB8146002842D13046952297
:10177000294619F0BCF90646207540B1E3681B788C
:101780000BB184F81490002003B0BDE8F083A0688A
:101790001AF020FE02210C301AF048FE164B206190
:1017A000A0F8008000930194A26833462946384689
:1017B00018F068FA002807DA10F1FF0F26BF404240
:1017C000C0B20E202075DEE72369002BDBD0A068B5
:1017D00018F048F97B8B7A8D9A4294BFC0EB0200D7
:1017E000C0EB0300E3681B78984294BF00200120FF
:1017F000CAE70120C8E700BF759A060073B50D4619
:10180000438D418B8B4202F1010228BF0B469A4265
:10181000064609D9194800920221194A16F0E0FB40
:101820000024204602B070BD2846FFF741FE022882
:1018300012D0042810D04FF0FF324FF0FF33114880
:10184000002118F0C4F8044650B90F4A0B482B4643
:10185000012116F0BBFBE3E74FF470220023EEE713
:1018600006F0A0FB094B182202FB0033012104F112
:101870000C009E601AF0DAFD0570D2E7BCF8060095
:1018800011480700B81D00204A460700B08200201A
:101890002DE9F04F91B0166880460F46002542F6BC
:1018A00001030068D6F804908DF82C500BA914465B
:1018B000ADF82E3017F0AEFA002870D04FF4205358
:1018C000D8F800008DF82C500BA9ADF82E3017F089
:1018D000A1FA38B1A3681BB15A88BA4200D25F801E
:1018E00001200EE06168084618F0BCF8728B738D19
:1018F0009A4294BFC0EB0200C0EB0300032803D858
:10190000002011B0BDE8F08F08461AF063FD0546CF
:10191000606818F0A7F8728D738B05F10C0B9A4272
:1019200094BFC0EB020AC0EB030A58461AF0CBFD85
:10193000824537D2606818F095F8728B738D9A42A1
:1019400094BFC0EB0200C0EB030070B96368987AE3
:1019500006F020FB002200231AF005FD05460028B2
:10196000CED0014660681AF046FD00230093D8F8F7
:101970000460102302AA41464846B047061E0EDB0B
:10198000227CE068B2422BD001460BA817F070FA17
:1019900060B9237C144A1548022116F017FB002376
:1019A000A3609DE758461AF08EFDCEE7F2B202A979
:1019B00006A817F05DFA10B90D4A3346EBE706A901
:1019C0000BA817F027FA0028E9D10023637404213B
:1019D00005F10C001AF02AFDA0600780A3687EE7DD
:1019E00002A91DF0B6FAEEE736480700BCF806007B
:1019F000554807002DE9F74F074608460C4606F004
:101A0000D1FADFF8C4801823434308EB03020646EB
:101A1000D2F808A0E068BFF35B8F796BBFF35B8FF0
:101A2000C9070AD4294A2A48012118F035F86FF06D
:101A30001505284603B0BDE8F08FE16809781171FB
:101A4000002248F803200378D22B0FD13B682146AF
:101A5000186819F098FD054640B11E4A1C4801213E
:101A600018F01AF8204606F04BFBE2E704F10C00F0
:101A70001AF025FD182303FB0683B4F810B09F600D
:101A8000814600233868009300682246042117F03D
:101A9000A1FF05460028CCD010F1690F04D10E4AF1
:101AA0000B48012117F0F8FF6369A4F810B013FA8E
:101AB00089F3E36018235E4308EB060348F80650F9
:101AC000C3F808A0B5E700BFB08200207448070043
:101AD000BCF806008E480700A14807002DE9F14F29
:101AE000054606F05FFA3D49182202FB00F3C818CC
:101AF00051F803800779B0F80690D0F810A00021C3
:101B0000D0E902461DF098FBA87A06F043FA69690D
:101B1000834651B16B7AD80705D4DBF824301B68B3
:101B200028469B68984700236B61294658461CF05D
:101B300026FD002F45D0002C43D02368002B40D039
:101B40001B68002B3DD0B8F1000F08D0244A25486F
:101B50004346012101B0BDE8F04F16F037BA201D11
:101B600018F056FA3846FFF7A3FC052829D8DFE815
:101B700000F01E03281E2803BFF35B8F636BBFF3C7
:101B80005B8FDA0707D4184A1648012101B0BDE877
:101B9000F04F17F081BFA36B9BB14FF4702200236D
:101BA00004F1580001B0BDE8F04F0FF02FBF2368DB
:101BB0001D68BFF35B8F636BBFF35B8FDB07E2D501
:101BC00056B901B0BDE8F08F51462846B047013400
:101BD000A3B29945F8D8F4E70024F9E7B0820020D1
:101BE000C4480700BCF8060074480700F7B50B8A24
:101BF000076804460D463BB9294A2A48012117F0D7
:101C00004BFF002003B0F0BD012105F10C001AF0DC
:101C10003EFC7B7B072B0646F3D154F8043C002B9B
:101C2000EFD003782048043C002210F832709F4225
:101C300000EBC2010FD12A8A48788F78904222D9CE
:101C40001848009301211346184A16F0C9F9012FCC
:101C5000D7D1042320E001321E2AE6D11148144ACC
:101C6000022116F0B3F931780846FFF721FC00286D
:101C7000C7D00528C5D00029C3D00623002220469E
:101C800018F024FABDE74B68204629469847012FF3
:101C90000346B6D10028B4D031780029B1D0EDE7A1
:101CA000E3480700BCF80600000A070018490700CF
:101CB000FE480700F0B51E4603680D46003987B0A0
:101CC000044618BF01211868174619F0D3F840B927
:101CD00004F1340018F098F8002844D0002007B030
:101CE000F0BD002E41D01822002168461DF0A4FA54
:101CF00047BB23681E4A1B6800930023ADF81230CF
:101D00000C9B0393BDF83430ADF8103001238DF8EF
:101D1000143031466B4630468DF8085017F03BFFC3
:101D20009DF81430C3B1002FD8D0019806F0E8F91F
:101D30009DF81430002DD1D032462946204618F0A7
:101D4000C5F9CBE7002239462046FFF757FD019041
:101D50000028CED11120C2E701990029BED020462B
:101D600018F08CF9BAE71220B9E70120B7E700BFF5
:101D7000359B060008B5437B072B06D00C4A022191
:101D80000C4817F089FE002008BD042117F055FE0D
:101D900010B9094A0121F3E7BFF35B8F036BBFF36F
:101DA0005B8FDB0701D4054AF4E750F8040CEBE73E
:101DB0001A470700BCF806003749070074480700B7
:101DC000F8B50F461646FFF7D5FFB0B1446A204676
:101DD0001CB150F8884904B1883C731C194638B1CD
:101DE000428B458DAA4228BF2A469A4207D264B93F
:101DF0000A4A0B48022116F0E9F80020F8BD3246E5
:101E00003946BDE8F840FFF7F9BCD4F8885005B171
:101E1000883D20460B462C46E2E700BF52490700AA
:101E2000BCF80600F8B54FF47022074600231148AD
:101E30000D461AF098FA044638B90F4A0F482B4657
:101E4000012116F0C3F82046F8BD00F10C06092167
:101E500030461AF0E7FA204606F0A4F8084B18229C
:101E600002FB0033012130469F601AF0DFFA057053
:101E7000E9E700BFB81D00204A460700BCF806008D
:101E8000B08200202DE9F0410E8A043EF6B2022E07
:101E900004468CB0084601D0102E64D104210C30C9
:101EA0001AF0F5FA0DF1080805884788011D324639
:101EB000404616F0DDFF002857D09DB3002687B3BB
:101EC000BD422FD84FF4205301A940468DF804603D
:101ED000ADF8063016F09EFF40BB1422002107A883
:101EE0001DF0AAF911212046FFF79CFF0990002858
:101EF00037D001210C30CDE907481AF097FA0023BA
:101F00000A901B4A037039460B93284607AB17F01B
:101F100042FE0A9B1B78FBB9099806F0F1F80A23E8
:101F200001E03D4601232A4610210EE042F601035E
:101F300007A940468DF81C60ADF81E3016F06AFF08
:101F40000028CAD010232A461946204618F0BEF8A9
:101F500000200CB0BDE8F0810999204618F08EF8F9
:101F6000F6E71120F5E70420F3E70E20F1E700BFC4
:101F7000311505002DE9F043036885B004460D4690
:101F80001868012118F076FF40B904F1340017F009
:101F90003BFFB0BB122005B0BDE8F083102200214A
:101FA00068461DF049F921212046FFF73BFF0290CA
:101FB00048B3DFF85890009405F10C074FF0010882
:101FC0002B8A012B04D80299204618F057F818E004
:101FD00038461AF06CFA6B464A46014606468DF8BA
:101FE0000C8017F0D8FD9DF80C30002BE8D002983B
:101FF00006F086F89DF80C3032462021204618F075
:1020000065F80020C7E71120C5E700BF6D9E0600F8
:102010002DE9F043036885B004460D461868012198
:1020200018F028FF40B904F1340017F0EDFEB0BB02
:10203000122005B0BDE8F0831022002168461DF093
:10204000FBF80F212046FFF7EDFE029048B3DFF8C2
:102050005890009405F10C074FF001082B8A012BD2
:1020600004D80299204618F009F818E038461AF00A
:102070001EFA6B464A46014606468DF80C8017F05C
:102080008AFD9DF80C30002BE8D0029806F038F855
:102090009DF80C3032460E21204618F017F800202B
:1020A000C7E71120C5E700BF279E0600F0B51D4613
:1020B000036885B004460E4618680121174618F0DB
:1020C000D9FE38B904F1340017F09EFE48BB122047
:1020D00005B0F0BD65B31022002168461DF0ACF8D4
:1020E00039462046FFF79EFE029018B3BDF828300F
:1020F000ADF8043001238DF80C300F4A00946B4684
:102100002946284617F047FD9DF80C305BB1029830
:1021100005F0F6FF9DF80C302A463146204617F0B0
:10212000D5FF0020D4E70299204617F0A7FFF8E773
:102130000120CDE71120CBE7279E06002DE9F041D5
:102140000D8A043DEDB2022D04468CB0084601D044
:10215000102D4BD104210C301AF099F90DF104081F
:1021600006884788011D2A46404616F081FE002851
:102170003ED08EB17FB1B7420ED3182200210DEBB5
:1021800002001DF059F809212046FFF74BFE089088
:1021900060B9112007E03E4601233246082120465F
:1021A00017F094FF00200CB0BDE8F08101210C3045
:1021B000CDE906481AF03AF90023099003700A2382
:1021C0008DF82C300B4A06AB3946304617F0E3FC4D
:1021D0009DF82C302BB1089805F092FF9DF82C301B
:1021E000DBE70899204617F049FFDBE70420DAE730
:1021F0000E20D8E7511705002DE9F0430F4687B0B0
:102200000446062107F10C001AF041F90588B0F8E0
:1022100002808288D7F80C90C5B10023B8F1000F76
:1022200013D0454512D88DF800308DF8043001A93F
:102230004FF420536846ADF80220ADF8063016F092
:10224000E9FD064660B10A2301E0454601232A461E
:102250000621204617F03AFF002007B0BDE8F083C2
:102260000146142201A83F7C1CF0E6FF072120460E
:10227000FFF7D8FD0290D8B10A238DF815300D4A2A
:10228000019401AB41462846CDE903698DF81470ED
:1022900017F081FC9DF815302BB1029805F030FF46
:1022A0009DF81530D3E70299204617F0E7FED3E7F3
:1022B0001120D2E7911805007FB5CB681D885E8894
:1022C000044685B176B1B5420DD81022002168468A
:1022D0001CF0B2FF05212046FFF7A4FD019058B97C
:1022E000112007E0354601232A460421204617F035
:1022F000EDFE002004B070BD6B46094A00943146E3
:10230000284617F048FC029B23B9019805F0F8FE17
:102310000A23E9E70199204617F0B0FEE9E700BF7C
:10232000AD9B060013B50B46002101910E490246F4
:102330001DF050F80C680D4909580D488C4208BF33
:10234000002201A908BF13460EF0C4FF014640B9A0
:10235000019B1C2218461CF06FFF0346184602B072
:1023600010BD0023FAE700BFF8820020080000003B
:10237000181C002010B50446806818B105F0C0FE96
:102380000023A36021460248BDE810401CF030B88D
:10239000181C00202DE9F347044658300E46174616
:1023A0001D461CF023FAA06B58B9174A17480221A2
:1023B00017F072FB206817F0E3FD002002B0BDE8C3
:1023C000F087134B98424FF0000802D1C4F83880D0
:1023D000F0E7D0F80490C0F80480A06BD0F818A003
:1023E000FFF7C8FF2068C4F8388017F0C9FDB9F1BD
:1023F000000FE2D02068CDF800A000683B463246CE
:102400002946C847D9E700BF6D490700BCF8060058
:10241000FC82002070B5836BCA68044643B3194937
:102420008B4225D0D5781DB3052D406806D00F2DE1
:102430001FD1437A012B1CD8022107E0437A012BDC
:10244000FAD9022B12D0032B13D1042117F0B4F9BF
:1024500008B110300DD104F158001CF0C7F9A26B7F
:10246000137C43F001031374002070BD0321EDE7DA
:102470000E2500222B4620461146BDE87040FFF78E
:1024800089BF00BFFC820020F7B550F8044C054618
:10249000002C59D000F1840104F1240017F099FCBC
:1024A0002E1F05F1380700220023384619F05FFF80
:1024B000024678BB6B6B2BB101466FF06703304669
:1024C000FFF768FF002345F8043C05F13003BFF334
:1024D0005B8F53E8001F21F0010143E80012002A3E
:1024E000F7D1BFF35B8F636A73BB04F10C06002264
:1024F0000023304619F03BFF78B9666886B9134867
:10250000266021461BF074FF286803B0BDE8F04048
:1025100002F062BB05F0F4FDC5E705F0F1FDE6E76A
:10252000A26833686360964208BFA36077683FB1D2
:10253000B3690093002320681A466FF06701B8471B
:102540003046FFF717FFD8E703B0F0BDC41B0020EB
:102550002DE9F04192B050F8583C06AF0646186895
:1025600017F0A4F9037804463D1D032B3BD8DFE8A0
:1025700003F0023436381F492846F3F777F9A37978
:10258000059562780492A2780392E2780292227909
:1025900001926279009207F11008174A1E21404605
:1025A00013F0CCF86C4688B006AA144BC2E9053883
:1025B0004FF400739383124B42F8103F00234FF403
:1025C000E2511048F6F7FCFAA6F15400A546FFF7D1
:1025D0005BFF3037BD46BDE8F0810B49CCE70B49C6
:1025E000CAE70B49C8E70B4A0A21284613F0A6F8A8
:1025F000C5E700BF90190700B2190700844907001A
:1026000003000001BCF80600971907009E19070097
:10261000A81907005A57070010B50C4620B319B384
:10262000FFF7A8FB00B3436AC3B153F8882902B18E
:10263000883A996B8C420AD082B11346D2F888202E
:10264000002AF6D0996B8C42A2F18802F5D1074A94
:102650009A632046BDE81040FFF78CBE0430214647
:1026600017F0B7FB2046F5E710BD00BFFC82002045
:10267000F8B51D460F46164605F094FC044C182389
:1026800003FB0040C0E903760123C3800575F8BD54
:10269000B0820020F8B50B4D06460F46002415F811
:1026A000013CB34207D12946384617F023FF10B149
:1026B00005482044F8BD1034302C05F11005EED14A
:1026C0000020F7E74983002048830020F8B50B4D30
:1026D00006460F46002415F8013CB34204D12946B2
:1026E000384617F007FF30B90C34242C05F10C05DF
:1026F000F1D10020F8BD02482044FBE7A95D00208D
:10270000A85D0020F8B50B4D06460F46002415F8CD
:10271000013CB34207D13946284617F0EBFE10B111
:1027200005482044F8BD0C34242C05F10C05EED1ED
:102730000020F7E7D39C0020D29C002038B50C463F
:1027400019466BB103F118059B698AB9E268A36069
:10275000954200D1E36000230D688B611A46A847BB
:10276000A3685BB9601C0649BDE8384017F005BF97
:102770001360E3689D4208BFE260ECE738BD00BF2C
:102780001434070070B5204B144682689A420FD16A
:10279000A568C66875B922792168304617F0B2FE7F
:1027A000024628B11949013017F0E7FE157015816E
:1027B000012070BDE0680028FBD02B888B420AD036
:1027C000F6D2E068A36801380433E0600038A36003
:1027D00018BF0120EDE7256822792946304617F019
:1027E00091FE024660B90949304617F08BFE024659
:1027F0000028E6D02946013017F0BFFE2379137078
:10280000A3685B881381DCE79D2E05001434070064
:1028100010B50849144618461022A047041E07DACE
:10282000054A06482346012117F0AEFE204610BD9A
:102830000024FBE7105E0020A5490700E4F806002D
:1028400010B507481021FAF773F9034630B1BDE817
:102850001040044A0448012117F096BE10BD00BF85
:10286000005E0020C6490700E4F806002DE9F041AB
:102870000D4CDFF83880054600262746621C6DB9EE
:102880004146104617F036FE28B90136032E04F1F2
:102890001004F2D100273846BDE8F081217828469F
:1028A00016F0E4FFF0E700BF48830020143407006F
:1028B00038B54A1C0C46054668B90E49104617F053
:1028C00019FE30B90B4904F10B0017F013FE70B17B
:1028D0000A3420460CE0097816F0C8FF0028F8D129
:1028E000A17A04F10B02284616F0C0FFEFE70020A2
:1028F00038BD00BF143407002DE9F0410D4CDFF85E
:102900003880054600262746621C6DB941461046B0
:1029100017F0F0FD28B90136032E04F11004F2D1AE
:1029200000273846BDE8F0812178284616F09EFF42
:10293000F0E700BF84830020143407002DE9F04144
:10294000069D0C4606466FF0040105F1140017F0D1
:1029500005FEFCB13046FFF7CFFF0146002837D017
:10296000836853B11868002205F1180C2BB1634538
:1029700008D12B463046FFF7E1FEB4F5807F28BF33
:102980000E240FE020B107681A4603463846EDE7EB
:102990000746F9E72B8A2BB92F682346224629469A
:1029A0003046B8476F68E4B237B12A462146304610
:1029B0003B46BDE8F0411847AB684BB1054A0648B5
:1029C000022117F095FDAB683A4621463046F0E704
:1029D000BDE8F081EC490700E4F806002DE9F0417C
:1029E00005460E46174616F099FBA8B33146284611
:1029F000FFF76CFE0446E0B9184817F0CDFD03461A
:102A000028B3174817F0C8FD18B3164817F0C4FDCF
:102A100078B918230222DFF8508003EB0804013351
:102A200008EB0300314617F0A8FD0C235A4308F8C1
:102A300002500121B94004F1080017F080FDBDE803
:102A4000F0410A484FF4004200230EF0DFBF024677
:102A5000E1E70C230122DEE7BDE8F081B05D002054
:102A6000BC5D0020C85D0020A85D0020D05D002076
:102A700010B501460246042311F8010B0832FAF79B
:102A800025F8034630B1BDE81040034A0348012150
:102A900017F07ABD10BD00BF234A0700E4F8060016
:102AA0002DE9F04180460F4616461D46FFF72AFEE7
:102AB000044680B91549FFF725FE044630B9BDE844
:102AC000F041134A1348012117F012BD00F8018BA1
:102AD000394617F052FD228963896AB973B9268194
:102AE0006581214611F8010B16F018FB40B1204614
:102AF000BDE8F041FFF7BCBF964203D39D42EFD83B
:102B0000BDE8F0819D422681EBD9E9E71434070046
:102B10003F4A0700E4F8060008B5044A04480121CA
:102B200017F0E6FC6FF0150008BD00BF5E4A070015
:102B3000E4F806001FB51046074A19464FF428135B
:102B4000CDE9022308230093BDF818206B4417F049
:102B500002FE05B05DF804FB1800280008B5134616
:102B60008168074A914209D11A791968C06817F03B
:102B7000C9FC18B10023036043600381012008BD34
:102B80009D2E050070B50E4B144682689A4214D1F2
:102B9000C56821686E1C304617F0ACFC18B161683E
:102BA000304617F0EAFC0B352168284617F0A2FCE6
:102BB00018B16168284617F0E0FC012070BD00BF25
:102BC0009D2E050038B50C4B144682689A420D467E
:102BD0000FD122792168C06817F094FC48B1D4F86D
:102BE000C83004EB83020133158101895181C4F897
:102BF000C830012038BD00BF9D2E050002484FF4AB
:102C0000A47200230EF002BF985E002008B50421D4
:102C1000084817F094FC07486FF0020117F09EFC7B
:102C2000044817F0B9FCC30701D5FFF7E7FF002000
:102C300008BD00BFC85E0020024608B50849013043
:102C400017F09BFC002313720C32BFF35B8F52E82A
:102C5000001F42E800300028F9D1BFF35B8F08BDA8
:102C60001434070010B5FFF74DFD044678B1014656
:102C700011F8010BF9F738FF034620B1054A064861
:102C8000012117F081FC002323606360A360002012
:102C900010BD00BF6A4A0700E4F8060070B500F1F5
:102CA000880605463146007A16F038FA0446314661
:102CB000287A54B1FFF7D6FF034660B1BDE87040F3
:102CC000054A0648012117F05FBCFFF71BFD10B154
:102CD00004604460846070BD874A0700E4F8060021
:102CE0002DE9F04385B00E4600AF90469946044664
:102CF00058B9354A3548012117F0FAFB6FF0150530
:102D000028461437BD46BDE8F08307F1080116F0E8
:102D10005DF8054698B16D4688B06A462C4BC2E90D
:102D200005344FF4007393832A4B42F8103F274831
:102D300000234FF4E251F5F743FFAD46DEE7391DBE
:102D4000204615F03CFB786858B10A22294612F05B
:102D500097FD034628B1204A1C48012117F014FCB6
:102D6000CCE707F108010020FFF7CCFC044620BBAC
:102D7000002EC5D01949FFF7C5FC044638B9184ADA
:102D80001248012117F0B4FB6FF00B05B8E70023E0
:102D900000F8013B07F1080117F0EFFB04F108010F
:102DA00004224846C047041EAADA0E4A07482346B2
:102DB000012117F0E9FB2546A2E7002EEED10660BF
:102DC000466086609CE700BF3F340700E4F80600D9
:102DD0009D4A070003000001B94A070014340700A8
:102DE000D44A0700A54907002DE9F047284B1646AD
:102DF00082689A4207462BD1C568AB8A43B36C1CE4
:102E000005F115094FF00008B4F807309BB114F82C
:102E1000011C2246304616F029FDE0B914F8010CD9
:102E20002146FDF71DFF30B1437B072B08BF4FF054
:102E30000108FDF737FC0A344C45E5D1B8F1000F25
:102E400006D1AB69A5F8148013B1414638469847BE
:102E50000120BDE8F08706F1880A307A514616F065
:102E60005DF978B90B4B9D4202D13046FFF716FF52
:102E70000949204617F081FB002304F8013CA4F81F
:102E80000730D8E75146204617F077FBD3E700BF5D
:102E90009D2E050030180020143407002DE9F0475E
:102EA0001F46BDF82030D1F80C9006468846002B0E
:102EB0004ED17B1E012B4ED8012F4946157818BFE5
:102EC0001588FFF7F5FC0446B8B915B93846BDE8D2
:102ED000F0874946FFF7ECFC044638B91F48204A02
:102EE000022117F005FB6FF01000F0E706F18801F2
:102EF000013017F042FB337A2370D9F81C30DBB96C
:102F0000B4F808A02581B9F81430AB4203D0494683
:102F1000404617F06FFAAA4505D0307A002206F134
:102F20008801FFF75BFD002DD0D10E49601C17F022
:102F300024FB25702581C9E72A464146304698473B
:102F40000028C4DB01380128DAD96FF00D00BEE794
:102F50006FF00600BBE76FF00C00B8E7E4F806007E
:102F6000F64A07001434070073B50C4605460821DD
:102F700004F11400164617F0E2FA12230422CDE9F8
:102F800000323146034B2246284617F0CCFC02B0F3
:102F900070BD00BFA7A9060008B51248012117F0AF
:102FA000CEFA10F0010F104B0AD1104A9A610D4869
:102FB00017F0F2FA830713D4BDE80840FFF71EBEEE
:102FC0001A8B588B012A4FF6FF7205D8904207D012
:102FD0004FF6FF725A83EAE790421983E7D0F7E78A
:102FE00008BD00BFC85E0020785E00200100FFFF22
:102FF0002DE9F0411F46BDF81830012B06469046DA
:1030000035D83B44012B3D4634DCFFF72FFC04460A
:1030100068B9FFF72BFC044648B9194A1948022140
:1030200017F066FA6FF010052846BDE8F08197B1F9
:10303000217A98F80020002321FA03F0C70703D56E
:1030400022FA03F0C00718D50133032BF4D102F0A4
:1030500007021143217206F18801601C17F08DFAF6
:10306000337A23700121204617F0C2FCDCE76FF0B1
:103070000605D9E76FF00C05D6E76FF01205D3E728
:10308000104B0700E4F8060010B56FF0020104468B
:103090000E4817F063FA0D4817F07EFAC20704D500
:1030A0000B48002200230EF0B1FC204617F077F900
:1030B00058B12046FFF7DAFB38B1037ADB0704D5B5
:1030C000BDE81040012117F093BC10BDC85E002080
:1030D000985E00202DE9F04385B0894600AF164682
:1030E0009846044658B9424A4248012117F000FA6E
:1030F0006FF0150528461437BD46BDE8F08307F18B
:10310000080115F063FE054698B16D4688B06A4621
:10311000394BC2E905344FF400739383374B42F8BF
:10312000103F344800234FF4E251F5F749FDAD4616
:10313000DEE7391D204615F042F9786858B10A22B9
:10314000294612F09DFB034628B12D4A294801214A
:1031500017F01AFACCE707F108010020FFF79AFAF6
:10316000044690B9FFF782FB044638B9254A214846
:10317000012117F0BDF96FF00B05BBE7002300F844
:10318000013B07F1080117F0F8F9B9F1000F2AD057
:10319000022239464046B047061E07DA1A4A154849
:1031A0003346012117F0F0F93546A3E73B78237247
:1031B000022E09D0154A0F48022117F099F9002173
:1031C000204617F015FC95E77B78012B05D9104AAE
:1031D0000848314617F0D8F9F1E703F0010120461D
:1031E00017F0F6FB86E72046FFF726FD82E700BFD3
:1031F0003F340700E4F806009D4A07000300000181
:10320000B94A07003C4B0700A54907005E4B070081
:10321000B24B070037B504460D46FFF73BFA0246AE
:10322000C0B1037A8DF804300C3017F0B5F900F016
:1032300001008DF80500022301AA29462046F9F76E
:103240005BFC034620B1044A0448012117F09CF9B5
:1032500003B030BD0346F0E7034C0700E4F8060076
:10326000F8B50B4C0B4F0025661C3946304617F05D
:1032700041F9014630B9204617F0AAFB20783146C3
:10328000FFF7C8FF0135032D04F11004ECD1F8BDA0
:10329000488300201434070010B51C48012117F0A2
:1032A0004EF9C30731D40221184817F048F90840F5
:1032B00007D11749174A0B88174CA2421FD300B1F8
:1032C0000B80164916481BF083FA4FF4A4720023B2
:1032D0001348F9F7C3FC134913481BF079FA02218C
:1032E000124817F02CF9124912481BF071FA1248D3
:1032F000FDF704FFBDE810401048FDF78BBC506897
:1033000003449BB208320120D7E710BD7883002028
:10331000F69C002054F8060074F80600EBAA06009C
:10332000205E0020DD380500985E0020C85E002089
:103330005BAF0600D05D002008180020E8170020D1
:103340002DE9F041034648B1008A38B91249DFF847
:103350004CE001244FF0140C714501D3BDE8F0811D
:10336000D1E90076BB4204D30CFB0672143A9342B7
:103370000ED93444A2B208311446EDE70CFB0578AF
:10338000434507D001356219B54292B2F6D1F2E752
:103390000025F8E71046E1E754F8060074F8060047
:1033A0002DE9F74FBDF83050009199464FF6FF7365
:1033B000002D08BF1D46244B1B88834207469046BC
:1033C0003CD203B0BDE8F08F73682344BB4232D2D5
:1033D0009CB208361D4B9E42F6D3F2E78958019302
:1033E000404615F017FD019B90B101340AF1010A26
:1033F000A4B273685345ECD9009B9C42E1D8BC420F
:103400003168F2D30BFB0AF28B18B8F1000FE5D14B
:10341000B9F1000F0BD1013DADB218460E9A0D9BCC
:1034200021469847002DCCD00028DED1C9E7DA68C4
:103430009145DAD1EFE74FF0000ADAE7044E0124B4
:103440004FF0140BC6E700BFF69C002074F806008E
:1034500054F8060010B5C8B000241CAA694604A898
:10346000CDE90044CDE9024415F04CFB30B9134AD4
:103470001348012117F03CF848B010BD4FF6FF711A
:103480000120104A04AB17F025FB0F4804A915F0E2
:10349000CEFB08B90D4AEBE70B4B214603F11002B6
:1034A0000131187812F8014D03F8014B082910700A
:1034B000F6D1074817F043F8DEE700BF2C4C0700B1
:1034C000E4F806004BA40600005E0020454C07000F
:1034D000C85E00202DE9F0411849BDF81870044677
:1034E000A1F1300015461E461BF093F9144817F061
:1034F00053F8010705D4FFF7ADFFFFF7B1FEFFF763
:103500009FF92046FFF7B2F968B1037ADA070AD5C6
:1035100000F10C04204617F03FF8C30703D4022142
:10352000204617F00CF8102306933A4631462846F9
:10353000044BBDE8F04117F00EB900BF505E00200B
:10354000C85E0020005E002010B51A4817F024F86D
:10355000C0F3C00080F0010408B9FFF77BFF1548F5
:1035600017F01AF80346134817F016F8DA061FD5B5
:10357000830606D5E4B1FFF773FEBDE81040FFF700
:103580005FB920210B4816F0DAFF0B49102288188A
:103590001BF0DFFC48B909481BF028F9BDE81040D2
:1035A00004486FF0010116F0D9BFFFF7F5FCE2E720
:1035B00010BD00BFC85E0020005E0020985E0020A5
:1035C00008B51021034816F0BAFFFFF7BDFF002031
:1035D00008BD00BFC85E00202DE9F04FB9B000AFB4
:1035E0000C4690463749D7F808013A46994614F0F8
:1035F000C2FE38B9FFF790FA05462846E437BD46C3
:10360000BDE8F08F3E68391D304614F0D8FE3EB953
:103610002D4A2E48012116F06BFF6FF015043EE095
:103620007868F8B907F1080A4FF0000B51463046A8
:1036300087F814B015F0CAFB054600B36C4688B095
:103640006A46234BC2E905364FF400739383214B3E
:1036500042F8103F1D485B464FF4E251F5F7B0FACF
:10366000A546DAE70A22002112F00AF903460028EB
:10367000D8D0194A1548012116F086FFCDE7C7F8C2
:1036800010A0E4B1C02207F120014846C047041E43
:1036900007DA124A0D482346012116F075FF254628
:1036A000ABE7A40807F12003C7E906340C4A07F189
:1036B00010034FF6FF71012017F00CFA9DE7234627
:1036C000F2E700BF5E4C07003F340700E4F8060055
:1036D0009D4A070003000001B94A0700A5490700F9
:1036E0008527050007B500230193FFF729FE411C3C
:1036F00089B20846034A01AB17F0ECF9019803B010
:103700005DF804FBEFA306002DE9F0471546894656
:1037100094226968064617F0EAF9804648B12E4AB5
:103720002E48022116F0E4FE4FF0FF352846BDE892
:10373000F08769680222304617F013FA38B9284A30
:103740002648022116F0D4FE6FF01505EEE74FF47F
:1037500070200021AF8AFEF7E5FD02370446A8B1CC
:10376000204B47611D214174C0F80C804360856186
:103770003A463046FEF724FB074650B917481A4A26
:10378000022116F0B5FE2046FEF7F4FD6FF00B05A2
:10379000CCE701234246414607F10C0AFEF768FFD9
:1037A0000221504618F042FE8046504628F8029BFF
:1037B000A98A18F03BFEAA8A296940461BF014FD2D
:1037C000A7602146304616F0B3FD05460028ADD06F
:1037D0002046FEF7CFFDA9E7654C0700E4F8060098
:1037E0007B4C070011A40600A64C070030B5044628
:1037F0008BB0374816F0D0FE42070D4661D514B1A4
:10380000637B072B60D168680590FFF799FD2A68F4
:10381000ADF818003AB305A902912E490191012192
:10382000002300914FF6FF710593FFF7B9FD059B4B
:103830001BB96FF001000BB030BD6B60059B1868C1
:1038400000238DF8103004A942F60303ADF81230BE
:1038500015F0E0FA70B90598C3689B799B0605D40A
:103860006FF01500E7E70028E8D1E2E717F0EBF882
:10387000ADF81800BDF818003CB101230146AB7546
:103880002A462046FFF740FFD5E76FF07F030793F6
:103890000223ADF8203042F60213ADF8123005AB2A
:1038A000AC7502930C4B01930123009304AA2346A9
:1038B0004FF6FF7109958DF81040FFF771FD0798DD
:1038C000B9E76FF00A00B6E76FF07F00B3E700BF1B
:1038D0008C0800203FA40600FD3B050073B500F1F5
:1038E0003005044650F8083C0193A0F120066FF023
:1038F0000101284616F032FE0D4B44F81C3C0D4BDE
:1039000044F8183C01AB002044F8103C042324F890
:10391000080C24F8060C24F80C3C3146FFF766FF2F
:1039200018B90221284616F00AFE02B070BD00BF89
:10393000280B0700893005002DE9F84F404B14682B
:10394000904682689A4200AF054675D1D0F80C9037
:1039500009F1010609F1150AB6F80730F3B116F8B6
:10396000011C3246204615F081FFB8B14FF4957224
:103970002946204617F0BBF830B3032812D1EB4696
:1039800088B06A462F4BC2E9053542F8100F2E4821
:1039900000234FF4C451F5F713F9DD460A365645B6
:1039A000DAD149E0052820460CBF4FF0030B4FF059
:1039B000020B15F030FF834506D998F804305B45BB
:1039C000ECD288F804B0E9E74946284616F012FD23
:1039D0001E4B994530D1207A04F18801FEF792FE02
:1039E000054648B303890BB943892BB32046FDF73D
:1039F00007F8174A2B8922F8203002EB80036989E7
:103A000059801449144D182303FB001300B202EB34
:103A1000800200EB40005D601A61104D9D60042241
:103A200001EBC00120469A82FFF7E0FE20B10C4A6C
:103A30000548012116F05CFD0120BD46BDE8F88F68
:103A40009D2E0500CD4C0700E4F80600301800203C
:103A5000CA9C002018830020280B07000DAA06002E
:103A6000E14C07002DE9F84314468846942261682A
:103A7000064617F03CF840B12248234A022116F0CE
:103A800037FD4FF0FF30BDE8F88361680122304612
:103A900017F067F838B91B481C4A022116F028FDB8
:103AA0006FF01500EFE7A2891B2102323046FEF7C6
:103AB00087F9054638B91348154A022116F018FD52
:103AC0006FF00B00DFE700F10C090221484618F007
:103AD000ADFC0746484627F8028BA18918F0A6FCE2
:103AE000A289A16838461BF07FFBD4E9041228465E
:103AF0000123FEF7BDFD29463046BDE8F84316F028
:103B0000EABB00BFE4F80600654C07007B4C0700E9
:103B1000FE4C070030B504468BB0354816F03CFD2E
:103B200042070D465DD514B1637B072B5CD16868F5
:103B30000590FFF705FC2A68ADF818003AB305A90F
:103B400002912C4901910121002300914FF6FF7150
:103B50000593FFF725FC059B1BB96FF001000BB027
:103B600030BD6B60059B186800238DF8103004A9E8
:103B700042F60303ADF8123015F04CF970B9059810
:103B8000C3689B79DB0605D46FF01500E7E70028D2
:103B9000E8D1E2E716F057FFADF81800BDF81800BD
:103BA0002CB101462A462046FFF75CFFD7E742F6D4
:103BB0000212ADF8122005AA6FF07F0302920E4A9E
:103BC00007930123CDE90032ADF8203004AA234643
:103BD0004FF6FF7109958DF81040FFF7E1FB07984C
:103BE000BDE76FF00A00BAE76FF07F00B7E700BFEC
:103BF0008C0800203FA40600FD3B05002DE9F84F8E
:103C0000474B144682689A42814639D1D0F80CA0BD
:103C1000444B9A451CD1444D444F00263946284612
:103C200016F068FC78B915F8010C07222946FDF753
:103C3000A3F840BB236915F8010C1A69294653887B
:103C40001288FEF72DFF0136032E05F10C05E5D194
:103C50000AF101070AF1150BB7F80720A3899A4268
:103C60000BD117F8010C3946FCF7FAFF054620B1D5
:103C7000437B072B0AD0FCF715FD0A375F45EBD1D4
:103C80004FF0010849E0FCF70DFDDCE7DAF82030E1
:103C900023B14946984708B92846ECE7942249469B
:103CA000284616F024FF804628B1214A21480221E7
:103CB00016F01EFCF0E7A389022B15D1B7F80730E8
:103CC00013F0020604D12846FCF7ECFCA660D4E70A
:103CD0002269A1882846FFF717FD0646B8B9226970
:103CE000937D01339375EEE7012B05D02846FCF751
:103CF000D9FCC4F80880C0E7B7F8073013F0010614
:103D0000E1D02269A1882846FFF7ACFE0646284686
:103D1000FCF7C8FC002EA660AFDA4046BDE8F88F7D
:103D20009D2E050030180020D39C0020143407007D
:103D3000654C0700E4F8060070B5437B072B86B09E
:103D400005460C4640F0A2800B7C062B00F29C80BE
:103D5000DFE803F0040457575F9326000B68BBB1FC
:103D60001B783BB1022B11D04A4A4B48012116F077
:103D70000BFC5BE008230193062300934749484B63
:103D80002246284616F0CFFD06B070BD1623F2E796
:103D900010230421CDE900312246424B4249F0E78D
:103DA0000868002842D00678002E3FD14FF42453F3
:103DB00002A98DF80860ADF80A3015F02BF800B3B1
:103DC00042F6021320688DF80C6003A9ADF80E309E
:103DD00015F020F8A8B142F6031320688DF81060A2
:103DE00004A9ADF8123015F015F850B142F60413DD
:103DF00020688DF8146005A9ADF8163015F00AF8A2
:103E0000A0B908230422CDE900322849284B2246D4
:103E1000B7E7086888B300264FF4205302A98DF84D
:103E20000860ADF80A3014F0F5FF10B96FF0150016
:103E3000AAE742F6010320688DF80C6003A9ADF8EB
:103E40000E3014F0E7FF0028F0D042F6020320689D
:103E50008DF8106004A9ADF8123014F0DBFF0028D3
:103E6000E4D042F6030320688DF8146005A9ADF88C
:103E7000163014F0CFFF0028D8D00423CDE900334A
:103E80000C490D4B22467CE70C4A6EE76FF07F0031
:103E90007AE700BF274D0700E4F80600B9AC06003A
:103EA00087A80600FDA50600C13E0500E93F050004
:103EB0002DA6060041440500B9A506003C4D0700AB
:103EC0002DE9F0478EB00746169D16461C4631B1C7
:103ED0006B682A4600210EB0BDE8F047184763B969
:103EE0003E4A3F48022116F003FB6B682A46002138
:103EF000384698470EB0BDE8F0871378062B08D0F7
:103F0000142B05D0374A3648012116F03DFBECE76B
:103F10000221013C4FF000088DF81010A4B206F108
:103F20000109C2463378A3420CD9002CDDD1B8F187
:103F3000000FDAD02A46414638460EB0BDE8F047B9
:103F400016F09CBE1422002109A81BF075F9B9F8DF
:103F5000002093B2002BC8D0B9F802101FFA81F8E4
:103F6000B8F1000FC1D04345BFD89DF8103013B34E
:103F7000022B25D02B7CADF80C10002B42F6010350
:103F800008BF4FF42053ADF8063004AB029301ABE9
:103F9000099302ABADF834200C938DF804A06B6844
:103FA0002A4609A9384698470028A3D03378E41A4E
:103FB000A4B29944B6E7B9F80430ADF81230D9E7A5
:103FC00009F104030DF1110009F1140C53F804EB8D
:103FD00040F804EB6345F9D1CCE700BF574D07002B
:103FE000E4F80600614D07002DE9F04F91B0174647
:103FF0001A9E81461C460A4631B17368324600213A
:1040000011B0BDE8F04F1847317C022940F08480A0
:104010004BB9A34AA34816F06BFA736832460021E5
:10402000484698475CE03B78062B08D0082B05D023
:104030009D4A9C48012116F0A7FAEEE71146013C83
:104040008DF81810A4B207F1010B002542F6020A00
:104050003B78A3420BD9002CDFD1002DDDD03246B6
:104060002946484611B0BDE8F04F16F007BEBBF830
:1040700000801FFA88F5002DCFD0BBF80200ADF804
:1040800014009DF81820BBF80410ADF8161062B1AA
:10409000022A15D0316831B306A814F0BBFE10B364
:1040A0003B78E41AA4B29B44D2E706AA04929BF898
:1040B00006209BF8071042EA0122ADF81A20E9E732
:1040C0000A237081B181A6F8088078490192009393
:1040D0003246774B484616F026FC85B2002DBED1FD
:1040E00011B0BDE8F08F4FF00003102200210CA8A2
:1040F0008DF80C30ADF80EA01BF09EF803AA0B92C1
:1041000004AA0E927368ADF83C8032460BA948466B
:1041100098470028C4D1E3E7032967D113B9604A5F
:10412000022177E73B78072B02D0152B80D10222A2
:10413000013C8DF81820A4B207F1010800250DF10B
:10414000180A3B78A34286D8B8F800B01FFA8BF55E
:10415000002D3FF462AF9DF8183063B1022B13D0ED
:104160003168F1B1504614F055FED0B13B78E41AF5
:10417000A4B29844E5E798F8053098F8062043EA99
:104180000223ADF81A30EBE708F105030DF119022F
:1041900008F1150153F8040B42F8040B8B42F9D1D6
:1041A000DEE798F80230B8F803208DF816304FF0AB
:1041B0000003ADF814208DF80C30102242F60303F2
:1041C00000210CA8ADF80E30CDF810A01BF034F88B
:1041D00003AB0B9304AB0E93ADF83CB0736832465F
:1041E0000BA9484698470028C0D179E733681D7865
:1041F00035B95B884CB92A4A2A48022116F078F969
:104200007368324600214846FAE6B846013C18F881
:10421000012BA4B2A24200F2E980012C01D8254A68
:10422000EAE7B7F80150002DEAD0A3F52453042B98
:10423000E6D801A252F823F0994205000142050098
:10424000094305005F430500E5430500B8F8023067
:10425000D6F800A0ADF81830102200210CA81AF0F2
:10426000EBFF06AB0E93CDF82CA07368ADF83C5075
:1042700032460BA94846984700283FF431AF3B78B7
:10428000E41AA4B2A342984400F2B080012CC6D92B
:10429000B8F80050002DB3D0032CD7D8064AABE7AE
:1042A000574D0700E4F80600614D0700094405007A
:1042B000A5A50600754D0700834D0700B8F802302C
:1042C000D6F800A0ADF81830102200210CA81AF082
:1042D000B3FF06AB0E93CDF82CA07368ADF83C503D
:1042E00032460BA94846984700283FF4F9AE3B7880
:1042F000E41AA4B2A342984478D8012C8FD9B8F814
:104300000050002D3FF47CAF032CD7D83B4A73E715
:10431000B8F80230D6F800A0ADF81830102200210D
:104320000CA81AF089FF06AB0E93CDF82CA0736889
:10433000ADF83C5032460BA94846984700283FF458
:10434000CFAE3B78E41AA4B2A34298444ED8012CD5
:104350007FF665AFB8F80050002D3FF451AF032C45
:10436000D6D8274A48E798F802308DF8183098F8E0
:1043700003308DF8193098F8052098F80430D6F8F5
:1043800000A043EA0223ADF81A3098F806308DF801
:104390001C3098F8082098F80730002143EA0223DF
:1043A0000CA81022ADF81E301AF046FF06AB0E9393
:1043B000CDF82CA07368ADF83C5032460BA94846A6
:1043C000984700283FF48CAE3B78E41AA4B2A3428D
:1043D00098440BD8012C7FF622AFB8F80050002D7E
:1043E0003FF40EAF082CBED8064A05E7002C7FF438
:1043F00007AF002D3FF404AF31E600BF914D070039
:104400009F4D0700AD4D070070B5102B049C05466D
:1044100011460BD0084A0948012116F0B5F8636827
:10442000224628460021BDE8704018472246BDE8D4
:10443000704016F08EBC00BF614D0700E4F8060026
:104440002DE9F04F8FB00746189D184629B953B98A
:10445000544A5548022116F04BF86B682A46002151
:10446000384698479BE01378012B07D0022B20D0C9
:104470004E4A4D48012116F087F8EEE70B464FF003
:104480000409013880B248458DF81030E5D3B0FBFF
:10449000F9FB4FF00008541CCDF80080C24604AE72
:1044A000BBF1000F08D100992A46384616F0E6FB0A
:1044B00075E04FF01209E4E723880193BDF804305A
:1044C0000093B8F1000F53D19DF81030002B37D076
:1044D000022B3CD02968002945D12B7C042B4DD1DF
:1044E0004FF4205302A930468DF808A0ADF80A30E9
:1044F00014F090FC00283BD042F6010303A930469B
:104500008DF80CA0ADF80E3014F084FC80B342F6A8
:10451000020309A930468DF824A0ADF8263014F026
:1045200079FC28B342F6030309A930468DF824A08C
:10453000ADF8263014F06EFC00BB4FF0010819E016
:10454000A378E27843EA0223ADF81230C2E7A31C55
:104550000DF1110204F1120153F8040B42F8040B9F
:104560008B42F9D1B6E7304614F054FC0028B4D0A1
:104570004FF000080BF1FF3B4C4491E71022002163
:104580000AA81AF059FEBDF80430ADF83430099687
:104590006B682A4609A9384698470028EAD10FB027
:1045A000BDE8F08F574D0700E4F80600BB4D07004B
:1045B00007B5437B072B0A462CD14B683BB9082330
:1045C0004FF0040ECDE9003E144B154909E0012BD4
:1045D00011D0097B5B00019341B120230093114965
:1045E000114B16F0A0F903B05DF804FB0E23009305
:1045F0000E490F4BF5E74B8933B10C234FF0040CF8
:10460000CDE9003C0B4BE0E70A230221CDE9003164
:10461000094BDAE76FF07F00E5E700BFD3A806009B
:104620003D460500D5A6060091A6060095A6060003
:1046300069A60600E5A50600D1A506002DE9F04F04
:1046400083B002AF8046BC6A91461D460E4641B912
:104650006BB92568002300932246F1B24046A84773
:104660001AE0B1F5807F256828BF0E26F2E763685F
:10467000002B61D1013D2689B4F80AB0ADB202F138
:10468000010A002D3FD0BAF8002091B241B9394A51
:104690003948012115F02CFF0437BD46BDE8F08FE5
:1046A00099F80030AB428CBFAB1E023B8E429BB2EE
:1046B00001D88B4517D26D468AB002AA2F4BC2E9AA
:1046C00005310523C2E9076B42F8103F2A48002351
:1046D0004FF42251F4F774FAAD4600230093256895
:1046E00022460E21BAE722810093D4F800C00AF1D5
:1046F0000203224600214046E0470028CCD099F82A
:104700000030AB4206D921464046FFF751FF002852
:10471000C2DAE2E7238962899A4205D10023009335
:1047200025682246194699E70133238199F800301C
:10473000ED1AADB29A44A4E700951346D4F800C030
:104740002246E0470028A7D0238A013B9D4203DA96
:10475000009625683346E4E763891D446581214658
:104760004046FFF725FF002896DA00962568334675
:10477000B6E700BFCD4D0700E4F80600DC4D0700AA
:1047800070B5437B072B06460D463CD1FEF7B4F8C7
:10479000044658B9FEF7B0F80446002836D006F1B2
:1047A0008801013015F0E9FE337A2370A3687BB1EC
:1047B000183B00229D422CD09889A989884204D1B7
:1047C000188A298A884228BF01229B697BB982B94D
:1047D000114A29463046FEF7C7FB024648B1A36896
:1047E0001BB90E49601C15F0C8FE104670BD183B81
:1047F000E0E7A268AA61E26805F11803A36002B9C4
:10480000E3600022F1E76FF07F02EEE76FF00B024A
:10481000EBE76FF07702E8E73D2905001434070065
:104820002DE9F041437B072B07460D465CD1FEF78F
:1048300063F8064600285AD08468002C57D000231D
:10484000183C9846A54209D0A189AA89914208BF7F
:104850004FF00108A4691CB1183CF3E70123F9E704
:10486000002B44D005F1140015F096FE430703D544
:104870002946384616F0ACFAB8F1000F19D0B368E3
:1048800005F1180253B19A4224D1AB69E4B9F16839
:10489000B3608A4200D1F3600023AB61B3681BB9F7
:1048A0001449701C15F069FEB8F1000F15D10020F5
:1048B00008E0114AA5F8108029463846FEF754FB57
:1048C0000028DCD0BDE8F0812360F3689A4208BF7D
:1048D000F460E1E71C461B68D4E700232C681A4605
:1048E00029463846A047E2E76FF07F00EAE76FF01D
:1048F0001500E7E7143407003D2905002DE9F04FC6
:1049000087B080460C469246FDF7F6FF0746E8B1B1
:104910005246214603A817F07FFDBDF81030042B46
:1049200014D9042103A817F0B2FDBDF81020B0F887
:104930000290B0F800B04A4506460AD21C4A1D480B
:10494000CDF800A04B46012113F04AFB07B0BDE8AB
:10495000F08FBC6824B3256805B1183D34F80C2CE1
:104960005A451AD1183C07E02C46AD69A289E5B139
:104970005A45A5F11805F7D198F80910A27C914283
:104980000BD3D4F800C04B46321D21464046E047C9
:1049900018B921464046FFF743FF2C46002DE4D1CD
:1049A000494603A817F073FDB7E75A45E4D0F7E787
:1049B000434E0700E4F8060070B58EB000F188059C
:1049C000044603900123007A8DF81030294614F034
:1049D000A5FB90B1227A52B302AE0421304612F008
:1049E000C0FD0096134A242105A82B46F7F79CFF2B
:1049F00005AA11491046F5F73DFE4FF6FF710F4A23
:104A000003AB012016F066F8204614F004FF9DF871
:104A10001010884209D2204614F0CEFE034620B181
:104A2000074A0848022115F0AFFD0EB070BD009294
:104A3000D8E700BF9B4D0700D9350500393905007F
:104A40005C4E0700E4F80600F8B5084B1C68054604
:104A50000E4617464CB154F8043C043C1BB13A4690
:104A60003146284698476468F4E7F8BD7C83002007
:104A70002DE9F04182B000AF05463860012300F116
:104A80008801007A3B7114F049FB88B94FF6FF7139
:104A90000120204A3B4616F01DF80021284616F05A
:104AA000E9F908B9FEF778FA0837BD46BDE8F081A4
:104AB0002846FDF721FF0028E8D08468002CE5D0C7
:104AC000183C04F11403184615F066FD02071FD4C4
:104AD000184615F061FD8307C0F3400618D40E4A4E
:104AE00021462846FEF740FA002811DAE8468AB047
:104AF0006A460A4BC2E905350523C2E9074042F878
:104B0000103F074833464FF42251F4F759F8C54691
:104B1000A469D3E7393905008DA50600884E070042
:104B2000E4F8060030B5B5B0002301918DF8080017
:104B300033930F4A01AB04460D4601204FF6FF7137
:104B400015F0C8FF339B83B19B0003AA204629467A
:104B5000F7F7E0FF044628B10346064A064801215C
:104B600015F012FD204635B030BD1A46EEE700BF05
:104B7000C52B0500B04E0700E4F806002DE9F3410F
:104B800000F18808CDE9001204460F46007A41463C
:104B9000164614F0C3FA0F4A05466B464FF6FF71EE
:104BA000012015F097FF1DB1207A4146FFF7BAFFAB
:104BB000207A3946FDF76EFD40B13146013015F0DF
:104BC000DCFC1DB1207A4146FEF724FB02B0BDE8B3
:104BD000F08100BF852B05002DE9F74F0446034601
:104BE0003B4A4FF6FF71012004F1880615F072FF71
:104BF000207A314616F077F9207A314614F08EFA91
:104C000050B1237A8DF80430324A00966B464FF645
:104C1000FF71012015F05EFF2046FDF76DFE07468F
:104C200040B92046FDF722FE054600283DD103B0DD
:104C3000BDE8F08F8568002DF3D055F81889B8F1DC
:104C4000000F01D0A8F118084FF00009CA4601E092
:104C50004546984605F1140B6FF00801584615F0CB
:104C60007DFC207A314614F059FA80B9A5F810A0DD
:104C70002B464A4639462046FDF760FDB8F1000F45
:104C8000CFD0D8F81830002BE2D0183BE0E75846D8
:104C900015F082FCC307E9D47B781BB13146781C40
:104CA00015F06BFC05F11809E8E7207A314614F09D
:104CB00035FA28B9284603B0BDE8F04FFDF7BCBF70
:104CC0003146681C03B0BDE8F04F15F056BC00BF7C
:104CD000E92D05005D2B0500034B42689A4204BF95
:104CE00083691982704700BF3D46050008B501463B
:104CF000084816F077F950B9074816F073F928B14B
:104D0000012306484FF4AC7202FB030008BD0023E8
:104D1000F7E700BFD45E00202C600020D05E0020AA
:104D200010B50C4A11680C4ABFF35B8F00F5A873ED
:104D300053E8004F944204D143E8001CBCF1000F3B
:104D4000F6D1BFF35B8FBFF35B8FD0F85001BFF399
:104D50005B8F10BD4C820020D05E002008B5FFF7AD
:104D6000DFFF0346C8B1D0E9001221B9002A0CBF09
:104D70000320022010E032B1836813B9094B1B787D
:104D800033B9042008E00749087828B19B6833B993
:104D9000003A18BF0122500008BD0320FCE70120A3
:104DA000FAE700BF679E002070B504460D46043048
:104DB000052116F017F9F0B9042D1BD8E37AA27C6F
:104DC0001340DB0731D4237BE27C134313F0040050
:104DD00010D02046FFF7C2FF174B05EB85051D4499
:104DE000285C042806D1D4F8EC30DB78002B14BF03
:104DF0000120022070BD237BE07C03EA000216073D
:104E000004D5E27AA67C3243D20710D4042D10D800
:104E1000034313F00400EDD02046FFF79FFF074B3C
:104E200005EB85052B44185CE4E70620E2E708461D
:104E3000E0E70020DEE700BF9F530700865307002E
:104E400038B50546FFF76CFFD5F8EC309B7A032B9D
:104E500004460AD005D8013B012B8CBF002001205D
:104E600038BD042B0FD00020FAE72846FFF776FF65
:104E7000032806D1002CF6D0E068003818BF0120C6
:104E8000EEE70120ECE72846FFF768FF032802D190
:104E90001CB1E4680CB1024B1C7804F00100DFE7A0
:104EA000679E002030B5037A87B00446052B1ED8D4
:104EB000DFE803F0250303251D3290F8DC20D0F84D
:104EC000D830D34003F0010343F08003134902AD0F
:104ED0000095096804F1370204F1570016F021FD2E
:104EE00078B10F4A0F48012116F07AF804E00E4A13
:104EF0000C48012116F00AF9082007B030BD002344
:104F0000E4E71022294604F117001AF022F80038CD
:104F100018BF01208000F0E70020EEE7B4830020F6
:104F2000064F070054F90600EA4E070008B5034A89
:104F30000348012116F054F8002008BD1F4F070058
:104F400054F9060008B5034A0348022116F048F850
:104F5000032008BD3A4F070054F9060037B5134641
:104F60000022009204460D460A46D0F8EC000621C5
:104F700014F030FD60B1693004D1084A08480121BD
:104F800016F02EF8284603B0BDE8304003F0B8B85C
:104F9000204603B0BDE8304016F0C5B8A148070070
:104FA00054F9060070B50446D0F8EC60FFF7B8FE7F
:104FB0000421054604F1D80009F00CFAC0B9D4F870
:104FC000D8300C4AB3FBF2F102FB1133C4F8D830ED
:104FD00084F8DC0055B12B6843B10B21201D16F07D
:104FE000A9F82B68D4F8D81030469847002070BD37
:104FF0000820FCE740420F0038B5EC2205460021AE
:105000001AF01AF9102105F1270009F0E3F9044616
:1050100048B90521284616F08DF8FAF7ADFF034B85
:105020001860204638BD0824FBE700BFB483002089
:1050300038B5051D04460821284616F07BF80849B6
:1050400004F15700FAF7A8FF48B10821284616F0E6
:105050004EF80448044A012115F0C2FF082038BD6B
:105060001FB7060054F90600754F070073B50446D4
:10507000D0F8EC60FFF754FE06F188010546307A5F
:1050800001F090FF237A50B1427BD20707D533B9A4
:105090002C4A2D48012115F0A3FF082019E0062B0A
:1050A00048D8DFE803F0153F184747470400002DB4
:1050B00046D0EB68002B43D000230A21201DADF819
:1050C000043016F037F8EB68D4F8EC0001A99847E3
:1050D000002002B070BD04210DEB010009F07AF947
:1050E0000028DAD1019B194AB3FBF2F102FB11331C
:1050F00001934DB12B683BB10B21201D16F01AF81E
:105100002B68019930469847019B84F84730C3F3D8
:1051100007221B0C84F849301B0A84F8482084F8C5
:105120004A30D5E7201D0A2116F004F86B68304696
:105130009847CDE7064A0448012115F0E7FFACE7A0
:105140000220C6E78E4F070054F9060040420F00C8
:10515000EA4E070073B5047A022C054623D844B101
:1051600090F8DC30D0F8D840DC4004F0010444F082
:1051700080040321284616F002F80646D8B1102113
:105180000C3017F053F9009013482346006805F1DE
:10519000270205F1570116F0C4FB044680B13046E2
:1051A00002F0AEFF07E0032C08D00C4A0C4823465F
:1051B000012115F0ABFF082002B070BD0024D8E734
:1051C000024631462846FFF7C9FE281D214615F044
:1051D0008EFF2046F0E700BFB4830020EA4E0700B0
:1051E00054F9060070B50C21054615F0C8FF0446B9
:1051F000F8B140210C3017F019F90F4B1B6802462B
:10520000014603F1200053F8046B41F8046B83421C
:10521000F9D1203203F1200153F8040B42F8040BBA
:105220008B42F9D1284600222146FFF797FE002045
:1052300070BD0820FCE700BFB483002070B50446B1
:10524000FFF76EFD261D05460E21304615F0CAFEFD
:1052500070B9264B2022196804F1570019F079FE25
:1052600030B9234A2348022115F0BAFE082012E083
:105270002046FFF7B7FF70B9237A052B30D8DFE857
:1052800003F003180B032F2C0421204615F052FFC6
:10529000FFF760FFE0B170BD2046FFF783FE0028F6
:1052A000F9D10321204615F045FF0E2115F042FFEC
:1052B0000EE02046032115F03DFF0E2115F03AFFC8
:1052C00030460A2115F036FF6B68D4F8EC00984799
:1052D0002046BDE8704015F041BF04212046E5E7B7
:1052E000054A0448012115F011FFBFE7B4830020EF
:1052F000BB4F070054F90600EA4E07002DE9F341C1
:105300000E460446FFF70CFDF36804F15708054606
:10531000424603F1200153F8040B42F8040B8B4280
:10532000F9D104F1770203F1200153F8040B42F89C
:10533000040B8B42F9D14046FAF790FDD0B9D4F86E
:10534000EC30DB78002B40F08C80271D0E21384696
:1053500015F048FE002832D14A4B202219684046F9
:1053600019F0F7FD58BB484A4848022115F038FEAD
:10537000082021E0464A4548032115F031FE0E2160
:10538000201D15F0D7FED4F8EC60D6F8B83033B94C
:10539000307A06F1880101F069FDC6F8B800D6F848
:1053A000B830002BCBD0DA8902F02402002AC6D014
:1053B0005B7B9B07C3D4032002B0BDE8F081237A56
:1053C000052B48D8DFE803F0031E08034728032114
:1053D000204615F0AFFE0FE02046FFF7E3FD002862
:1053E000EAD10321204615F0A5FE0E2115F0A2FEFC
:1053F000FFF7B0FE0028DFD1204602B0BDE8F04143
:1054000015F0ACBE0A21384615F094FE6B68D4F84E
:10541000EC0098470E21DBE7102104F1270008F08B
:10542000D9FF06460028A3D155B3EB6843B3194B07
:1054300001A91B88ADF80430204615F0B4FD3846AC
:10544000C4E938660C2115F075FEEB68D4F8EC0061
:1054500001A99847D0E7104A0C48012115F056FEE3
:1054600086E7084B1D682DB9201D062115F062FE48
:105470002846A1E7204602B0BDE8F041FFF7DEBEB6
:10548000022099E7B4830020BB4F070054F90600BF
:10549000D64F07004A020700EA4E07002DE9F04107
:1054A00004468CB01022002108A819F0C5FE237A0A
:1054B000052B34D8DFE803F0060303063323D4F8C2
:1054C000D8300893D4F8EC3004F1470204F1C70651
:1054D000CDE9016204F1270703F1960204F13708D0
:1054E00000928F334246394604F1970001F03AFEAC
:1054F000F0B11E4A1E48012115F072FD14E0D4F8E7
:10550000E430002BDED008AD03F1100618685968AE
:105510002A4603C20833B3421546F7D1D2E7154AEB
:105520001348012115F0F2FD08200CB0BDE8F08110
:10553000D4F8EC3003F196028F3304AD019304F1FB
:105540000A0302920093039508AB4246394630465F
:1055500016F00CFA08B1084ACCE70D21204615F0E8
:10556000E9FD294615F062FEDFE700BFF74F0700AF
:1055700054F90600EA4E07000C5007002DE9F043ED
:10558000044691B0102200210CA819F055FE237A90
:10559000052B34D8DFE803F0060303063323D4F8E1
:1055A000D8300C93D4F8EC3004F1470204F1C7056D
:1055B000CDE9015204F1370603F1960204F1270701
:1055C00000928F333A46314604F1970001F0CAFD4C
:1055D000F8B13D4A3D48012115F002FD14E0D4F830
:1055E000E430002BDED00CAD03F1100618685968CA
:1055F0002A4603C20833B3421546F7D1D2E7344AEC
:105600003248012115F082FD0825284611B0BDE879
:10561000F083D4F8EC3003F18F0296330DF12008BB
:10562000019304F1110302920093CDF80C800CABAE
:1056300032463946284616F099F908B1254AC9E795
:10564000237A052B0FD1D4F8E01019B30B460DF1D6
:10565000300C01F1100E18685968624603C2083315
:1056600073459446F7D1D4F8EC3003F196028F33AA
:105670000DF11009019304F10A0302920093CDF891
:105680000C900CAB3A463146284616F06FF930B113
:10569000114A9FE710220CA819F0CEFDE3E7102273
:1056A000494604F1B70019F054FC58B94146204668
:1056B00015F0BCFD05460028A7D10121201D15F0DD
:1056C00039FDA2E70B25A0E7F74F070054F90600C4
:1056D000EA4E07000C5007002F5007002DE9F0415B
:1056E000D0F8EC70CE68FD7890B00446002D69D1FA
:1056F000102229460CA819F09FFD237A052B50D8BB
:10570000DFE803F0060303064F3ED4F8D8300C93CD
:1057100007F18F030DF120080293963704F111036E
:105720000093CDF80C8001970CAB04F1270204F133
:10573000370104F1C70016F019F9002836D11022FC
:105740003146404619F005FC002839D1227D637BA3
:105750009A4294BF00920093CDE90600ADF8140080
:1057600004F14703D4F8EC0005AA06A913F0E5FFFD
:10577000002820DA284A2948012115F031FC15E0DB
:10578000D4F8E030002BC3D00DF1300C03F1100E33
:1057900018685968624603C2083373459446F7D1C6
:1057A000B6E71F4A1D48012115F0B0FC0825284620
:1057B00010B0BDE8F0810121201D15F0BBFCF6E71B
:1057C0000B25F4E7012D18D1051D1021284615F0F1
:1057D0008EFC314604F1B70306F1100251F8040BB8
:1057E00043F8040B9142F9D10721284615F0FAFB42
:1057F00028B10921284615F09DFC0025D7E70A218C
:10580000284615F0EFFB0028F3D1204610B0BDE884
:10581000F041FFF7B3BE00BF5350070054F9060034
:10582000EA4E070038B5174B1B78054623B301F045
:105830000F042846FFF792FA134A03280CBF04F01E
:105840000B0444F0040405F5AA731278BFF35B8FD0
:1058500053E8001F013103D143E800200028F7D1AD
:10586000BFF35B8FBFF35B8FD5F85431BFF35B8F12
:105870002BB144F0010038BD01F00704D9E704F072
:10588000FE00F8E7679E0020541B0020F8B505468F
:1058900015F03EFC0446002878D0061D0421304651
:1058A00015F0A0FB002874D10221304615F09AFBB8
:1058B000002867D10321304615F094FB10B16FF03A
:1058C0000F00F8BD0121304615F08CFB0028F6D101
:1058D0002046FFF7B5FA00285ED0D5F8B83033B1CE
:1058E0002046FFF789FB70B16FF06800E9E7287A7E
:1058F00005F1880101F0BAFAC5F8B8000028EFD127
:105900006FF00B00DDE70121204615F038FC07465B
:105910000028E9D006210C3016F088FD0921054643
:105920002046FFF77FFFA8702046FFF717FA1C4BB1
:1059300028701B7843BB1B4B1B786B701023EB70DC
:10594000AB7813F0010318BF03232B716B7184F83C
:10595000E83084F8E930012363722B68C4F80A3018
:10596000AB88E381002239462046FFF7F7FA20464C
:10597000022115F0DFFB0B2115F0DCFB0321304683
:1059800015F0D8FB00209CE70123D6E76FF07F00DD
:1059900097E76FF0040094E76FF0150091E700BF00
:1059A000689E0020699E00202DE9F341061DD0F875
:1059B000EC40CB6807460221304615F013FB002867
:1059C0006BD10321304615F00DFB002865D1012174
:1059D000304615F007FB00285FD11D78304B1B784F
:1059E0007BB105F00F05D4F8B8306BB1DB8903F05B
:1059F0002403D3B92046FFF749FF002845DB0F21D8
:105A000048E005F00705EEE704F18808217A4246F0
:105A1000202001F069FAC4F8B80030B9217A424672
:105A2000042001F061FAC4F8B800D4F8B8100029D5
:105A3000E0D06B0711D54B7BD8070ED43846FFF763
:105A40008DF903282B4602D0164A032101E0164A9D
:105A50000221164815F05AFBCCE72A0704D5CB895A
:105A60009B0601D42B46EFE70B7B009301F1180254
:105A700001F11A032046103113F05FFE002808DA06
:105A80000B4A0A48012115F0ABFA082002B0BDE824
:105A9000F0810121304615F04DFB0020F6E700BFF4
:105AA000679E00206E5007009550070054F90600CD
:105AB000535007002DE9F0410D46D0F8EC60044644
:105AC000FFF72EF9ED68EB78073B092B804600F2D3
:105AD000CD80D6F8B8306BB1271D0F21384615F0B0
:105AE00081FA90B92046FFF787FA70B1C5B228460F
:105AF000BDE8F081307A06F1880101F0B7F9C6F807
:105B0000B8000028E8D10825F1E7012363722B686B
:105B1000C4F80A30AB88E38102232374A9782046B5
:105B2000FFF780FEE0742046FFF718F91023607439
:105B300023752B7903F0030363756B7903F003037B
:105B4000A375E37C1A070ED5AB781B070BD505218F
:105B5000384615F0EFFA637D03F002036375A37D09
:105B600003F00203A3750521384615F03BFA00281F
:105B700053D0414B1B78A374E37C980606D5AB78D1
:105B8000990603D51421384615F0D4FAE37CDA07D8
:105B900045D5AB78DB0742D50D21384615F0CAFA5A
:105BA000A37D84F8E830637D84F8E930032138462A
:105BB00015F0C0FA29782046FFF7F6F82072D6F8DB
:105BC000B810204615F04EFA002851D0204615F0A6
:105BD0006AFA054600288AD10521384615F002FAEE
:105BE00060BB2046FFF79CF806462046FFF73EFACA
:105BF00000283FD1237AB3B90F21384615F0F2F9C6
:105C000088B986B1736973B138460A2115F092FAE2
:105C10007369D4F8EC00984769E7184BAAE70023AA
:105C20006375A375BCE70321204615F083FA0E21A6
:105C300015F080FABDE8F04115F0C0BA237A93B9A7
:105C40000F21384615F0CEF968B9B8F1000F0AD027
:105C5000D8F814303BB138460A2115F06BFAD8F861
:105C600014303046D7E70C212046E1E706253EE711
:105C700003253CE705463AE7699E0020689E002020
:105C800038B512490446A0F1EC05343018F0A0FDF7
:105C9000284615F015FBBFF35B8F0D4A04F1640332
:105CA00053E8001F43E800200028F9D1BFF35B8FC1
:105CB000BFF35B8F68344FF0FF3354E8002F44E8A4
:105CC00000310029F9D1BFF35B8F38BDD16C0500DD
:105CD000D05E002070B5061DCD6804460B2130460D
:105CE00015F005FA2B4604F1170205F1100153F8DF
:105CF000040B42F8040B8B42F9D1D4F8EC30DB787A
:105D00003BB92046042115F015FABDE8704015F0A6
:105D10006FBA0521304615F065F920B92046BDE877
:105D2000704015F081BB237A012B09D0022B13D1CF
:105D30002046042115F0FEF9BDE87040FFF70ABACD
:105D40000A21304615F04EF90028F1D030460021E6
:105D500015F0F0F9002070BD0348044A012115F048
:105D6000D5F90820F7E700BF54F90600EA4E07000E
:105D70002DE9F0410D46D0F8EC800446FEF7D0FF47
:105D8000ED68EB78073B092B074600F2A9802A79DA
:105D900094F8E830134084F8E8306A7994F8E930F0
:105DA000134084F8E930022323742B68C4F81130BF
:105DB000AB88A4F81530AB781B0706D5237B1E07EC
:105DC00003D50521201D15F0B5F9AB78980606D549
:105DD000237B990603D51421201D15F0ABF9AB7870
:105DE000DA073BD5237BDB0738D50D21201D15F0C5
:105DF000A1F929782046FEF7D7FF2072D8F8B8100D
:105E0000204615F02FF900286CD0204615F04BF9EC
:105E1000064600BB251D0521284615F0E3F8B0BB5A
:105E20002046FEF77DFF07462046FFF71FF90028B2
:105E30005AD1237AB3B90F21284615F0D3F888B187
:105E400087B17B6973B128460A2115F073F97B6924
:105E5000D4F8EC0098473046BDE8F0810023A4F860
:105E6000E830C6E70A21284615F0BCF850B92046AC
:105E7000032115F05FF90E2115F05CF9BDE8F04142
:105E800015F0A2BA0021284615F054F9E3E7B4F85A
:105E9000E83023F47D4323F0FD03A4F8E830237AAF
:105EA00073B90F21284615F09DF848B147B17B69B9
:105EB00033B128460A2115F03DF97B694046C9E710
:105EC0000A4B1B680BB90621DDE720460C2115F0B3
:105ED00031F90B2115F00BF9BDE8F041FFF782B95C
:105EE0000626B8E70326B6E70646B4E7B4830020E3
:105EF00080B500AF88B06A46074BC2E9053003237E
:105F000042F8103F054800234FF4C251F2F758FE03
:105F10006FF00B00BD4680BDC450070054F9060069
:105F200010B40C4AD2F8EC3033B1D2F8443213B189
:105F300010BCFFF7DDBF01234FF4AC704343D01812
:105F4000054CC0F8F040EC331A44002010BC0A6045
:105F5000704700BFD05E0020540C07002DE9F041CF
:105F60000B4600AF06460D21043015F03BF878B320
:105F7000DD68D6F8EC3003F18808197A4246022031
:105F800015F072FC0446C8B94046F6F719FC6D4698
:105F900088B06A46114BC2E905304FF40073938311
:105FA0000F4B42F8103F0F4823464FF4E251F2F7EF
:105FB00007FE0820AD46BD46BDE8F0812B462A34D9
:105FC00005F1100253F8041B44F8041B9342F9D165
:105FD0003046092115F0AEF80020ECE7E950070043
:105FE0000300000154F906002DE9F0410B4600AF13
:105FF00006460D21043014F0F5FF78B3DD68D6F8BD
:10600000EC3003F18808197A4246042015F02CFC84
:106010000446C8B94046F6F7D3FB6D4688B06A46D9
:10602000114BC2E905304FF4007393830F4B42F8D4
:10603000103F0F4823464FF4E251F2F7C1FD08200C
:10604000AD46BD46BDE8F0812B461A3405F110027D
:1060500053F8041B44F8041B9342F9D1304607213E
:1060600015F068F80020ECE7E95007000300000194
:1060700054F906002DE9F0470D468CB00446FEF7B2
:106080004FFEEB6804F1370906464A4603F110015A
:1060900053F8040B42F8040B8B42F9D1271D05215C
:1060A000384614F09FFFD4F8ECA0002878D10AF10C
:1060B000960304F1470808AE01930AF18F03009399
:1060C000029604F1100304F109024946404615F016
:1060D00020F990BB1022314604F1170018F039FF67
:1060E00000285BD19AF8035004F12702334675BBB0
:1060F0005168D4F8270003C3D4F83700D9F8041046
:10610000324603C33146404617F088FDA8B9227DC8
:10611000637B9A4294BF00920093CDE90600ADF8EC
:106120001400334605AA06A9504613F006FB30B109
:10613000854A8648012114F053FF082503E0012118
:10614000384614F0F7FF28460CB0BDE8F087D4F8C5
:106150003700D9F8041003C35168D4F827000AABFC
:1061600003C332463146404617F058FD08B1784A1D
:10617000DFE70CAA334603CB9342C8F80000C8F807
:1061800004101E4608F10808F4D10121384614F025
:10619000D1FF204615F02CF80546D4E70425D2E7B8
:1061A0009AF80330002B56D12046FEF77BFE0546B9
:1061B0000028C8D1237A052B36D8DFE803F03B1D31
:1061C0001D03353B08AB6348009300684B4604F160
:1061D000270204F1570101F02DF80028ADD10A2162
:1061E000384614F0A7FF092114F0A4FFB3680899FA
:1061F000D4F8EC00984726E094F8DC300133DBB2A9
:10620000142B84F8DC3015D0102104F1270008F09D
:10621000E1F8002891D10321204614F08BFF0CB047
:10622000BDE8F047FEF796BF4B4A4848012114F0FD
:106230006DFF82E70721384614F0D4FE28B109210A
:10624000384614F077FF00257DE720460CB0BDE806
:10625000F047FFF723B9237A052BE5D801A252F8BE
:1062600023F000BFAB620500B7620500B76205000E
:106270007D620500296205000963050008AB354908
:106280000093096804F127034A4604F1570000F01F
:10629000D1FF00287FF451AF0A21384614F04AFF9D
:1062A000B3680899D4F8EC0098470D21204614F003
:1062B00041FF10216AE72046FEF7F4FD054600285D
:1062C0007FF441AF0321204614F034FF14F090FF17
:1062D000054600287FF437AF94F8DC300133DBB299
:1062E000142B84F8DC3005D10D21204614F022FF58
:1062F0001021A5E7102104F1270008F06BF8051E16
:1063000018BF0125ED001EE7102104F1270008F059
:1063100061F8054600287FF410AF96B1F36883B1A9
:106320000E4B08A91B88ADF82030204614F03BFE28
:106330000C21C4E93855384614F0FCFEF36808A96E
:1063400056E70225FFE600BF5350070054F9060048
:1063500003510700B4830020EA4E07004A020700F9
:106360002DE9F04F89B0D0F8EC60D6F8B85000AF06
:106370000446C5B906F18800F6F722FA6C4688B0E3
:106380006A466C4BC2E905304FF4007393836A4B45
:1063900042F8103F69482B464FF4E251F2F710FCE7
:1063A000A54608201EE000F104090521484614F026
:1063B00019FE90B994F8E830DA070ED5D4F8EC302D
:1063C0001A21381DD3F8B85008F004F8824668B195
:1063D0005B4A5A48012114F003FE94F8E8309B0709
:1063E00060D400202437BD46BDE8F08F062120464A
:1063F00014F0C5FE804608B9524AEAE710210C3075
:1064000016F014F82A7B391D834618F0EDFE287B20
:106410000F2805D8C0F110025146584418F00CFF5F
:10642000414600222046FEF799FD0721204614F040
:10643000A6FE804608B9444ACBE70A210C3015F085
:10644000F5FF07F11402034603CAC3F80200C3F8BC
:106450000610BA8B1A80414620463C4AFEF77EFD64
:106460000D21484614F0BEFD07F114080028B4D0F1
:106470000121284615F008FA3B1D05F14A0C1A4681
:1064800003CA4245CCF80000CCF8041013460CF1C6
:10649000080CF4D1434603CBBB8B28646964A5F890
:1064A00048309AE70821204614F069FE054628B9CD
:1064B000274A2248012114F093FD72E710210C3085
:1064C00015F0B4FF327ADFF88C804FF4B47303EB2D
:1064D00002134344024603F1100E9C46BCE803003D
:1064E000F44510605160634602F10802F5D1294677
:1064F00000222046FEF732FD0921204614F03FFE1F
:10650000054608B9144AD4E707210C3015F08EFF70
:10651000337AC3EBC30308EB030258F8033003607C
:1065200093888380937983710C4A29462046FEF72D
:1065300015FD56E7185107000300000154F9060045
:106540002D510700485107006F510700F3B70600AF
:1065500097510700B8070020BC510700E3B70600B9
:10656000F8B5D0F8EC40D4F8B8300646051D002B3D
:1065700032D10221404A414814F032FD0721404BFC
:106580005F5CD4F8B8304BB11B7B002B5CD1D4F8E6
:10659000B80015F07DF90023C4F8B8300221284670
:1065A00014F020FD40B9072F96BF364B1F21D95D4F
:1065B0003A462046FAF708FB0321284614F012FD5C
:1065C00068B3314B1B6853B31D6805B10C3D53F8DC
:1065D000083C002B41D143E081BB0D21284614F03B
:1065E00001FD074620B1D4F8B80008B100F0A2FDC3
:1065F000254B1B689BB11D6805B10C3D53F80C3C45
:1066000013B13946204698474DB12B46ED681B68BB
:106610001DB10C3D002BF4D1F7E7002BF1D1304632
:1066200014F04EFE637B072B24D1627AA37A9A4240
:1066300020D02046BDE8F84014F0C9BF0139C9B2E6
:106640000E299CD909279CE70221284614F0CAFC90
:1066500000289CD1A2E70C3D23B13946204698473B
:10666000002DDCD02B46ED685B68002DF3D1002BAC
:10667000F3D1D4E7F8BD00BFE651070054F9060096
:10668000775307006653070044820020031DF7B5C7
:1066900006460F461846022114F0A4FC044620B119
:1066A000B6F8E840B4FA84F464090321184614F0FB
:1066B00099FC88B139463046FFF752FFCCB11B48F0
:1066C0001B4A022114F08CFCD6F8EC00052112F0D4
:1066D000EEFF002003B0F0BD0121184614F082FC4B
:1066E0000028E7D10F21184614F07CFC0028E1D1E6
:1066F000E4E70521304614F042FD054690B1012142
:106700000C3015F093FE07700094D6F8EC00234689
:106710002A46062113F05EF90028DAD0284601F057
:10672000EFFCD6E76FF06800D4E700BF54F906002D
:10673000105207002DE9F3410B8A04460E4643B977
:106740002D4A2E48012114F04BFC002002B0BDE878
:10675000F081012106F10C0015F099FEA4F1EC0581
:10676000E83C07460421204614F03CFC3B7828B165
:10677000234A2248022114F0C9FCE6E70E2B01D976
:10678000204AF6E7DFF8808058F833204AB9022122
:106790001E4A1A4814F0BAFC07212846FFF776FF74
:1067A000D3E71946284614F05FFD3B7860B91348DB
:1067B000174A022114F0AAFC0321204614F012FC0F
:1067C0000028C2D00821E8E708EBC301328A097922
:1067D000914208D001210093084813460D4A11F058
:1067E000FFFB0A21D9E7314658F83330284698474D
:1067F00001460028A9D0D0E76852070054F90600E6
:1068000083520700B45207007C0C0700D6520700E1
:10681000F05207001849070038B5134C002506212F
:10682000201D14F0DFFB78B1D4F8EC30DB78204683
:1068300083B9FEF7D7FC014610B12046FFF726FFCB
:106840000C21204614F076FC04F5AC7405B138BD7B
:106850000125E4E7FEF7F2FC01460028F4D02046CB
:10686000FFF714FFF0E700BFD05E002008B5084B2B
:10687000186030B9BDE80840064A0748022114F004
:10688000AFBB06480AF03AFEBDE80840FFF7C4BFB8
:10689000B48300200B53070054F906002C1D002080
:1068A0002DE9F04782B090F8E930D1F80C80D0F8AB
:1068B000EC6023F0020380F8E93098F8003000AF74
:1068C000044606F18809BBB398F8063003F0C0030C
:1068D000C02B31D04046F5F773FF6E4688B06C464A
:1068E000604BDFF8848125464FF4007AC4E9053017
:1068F000A4F81CA045F8108F00232A464FF4E2515B
:106900005A48F2F75DF94846B546F5F759FFA546EE
:10691000574BA4F81CA0C4E90530C4F810805348B4
:1069200000232A464FF4E251F2F74AF90A20B5460D
:106930000837BD46BDE8F08707224146484618F0B3
:1069400008FB68B1307A414600F02CFB054638B1AF
:106950000146204614F086FB28B3284614F098FF21
:106960000D21201D14F03EFB002857D0317A4A46F5
:10697000022014F079FF0546B8B94846F5F720FF24
:106980006C4688B06A463B4BC2E905304FF4007351
:106990009383354B42F8103F34482B464FF4E25175
:1069A000F2F70EF9A5460820C2E7F378002B44D190
:1069B00006F196031878012828D19A7902F0C002CE
:1069C000402A23D1D3F80120C5F83A20B3F8053086
:1069D000EB8796F88830CBB196F88E3003F0C00381
:1069E000C02B13D024493A46C7E90098F9F7E8FFCD
:1069F000D8F80030C5F80130B8F80430A5F80530F3
:106A000098F80630EB713046FAF7B0F82846F8F7F8
:106A1000F5F9A8B1FEF796FA002889D194F8E93083
:106A20005B0703D50A21204614F084FBF3785BB1A1
:106A3000B4F8E81091B100207AE706F18F03B9E7C6
:106A40002846F8F7EBF9E9E794F8E930002BEFD1A5
:106A50002046FFF785FC0028EAD069E72046FFF7CB
:106A60007FFDE8E7245307000300000154F9060006
:106A700025510700E950070095B206002DE9F843BB
:106A80000446D0F8EC6000AF0B4604300D2114F042
:106A9000A9FA68B306F18809317AD3F80C804A461E
:106AA000042014F0E1FE0546C8B94846F5F788FE13
:106AB0006C4688B06A46214BC2E905304FF400733A
:106AC00093831F4B42F8103F1E482B464FF4E25170
:106AD000F2F776F80820A546BD46BDE8F8834246A1
:106AE00032F8023B0383D8F80230036153684361F4
:106AF00094F8E93023F0010284F8E9209A070AD5D6
:106B00000821204614F016FBF37843B1B4F8E810DE
:106B100079B10020E0E75B07F6D50A21F1E794F8A8
:106B2000E930002BF2D12046FFF71AFC0028EDD007
:106B3000D2E72046FFF714FDEBE700BFE95007005E
:106B40000300000154F906002DE9F0410E46044609
:106B5000D0F8EC80FEF7E4F8F668114A33780121AA
:106B60000546271D0F4814F0D1FA0A21384614F0C3
:106B70007BFB38B16DB920463178FFF7F1FC00207E
:106B8000BDE8F0810B21384614F06EFB0028F1D1EE
:106B9000F1E72B69002BEED040469847EBE700BFAA
:106BA0003853070054F906002DE9F0410546A0F1DD
:106BB000E806044688463046012155F8EC7914F081
:106BC00053FB00286FD0B8F1000F19D003213046D5
:106BD00014F008FA002866D04046F7F715F9013896
:106BE000C0B208289ABF394B1C5C002402213046F1
:106BF00014F0A0FA21462846BDE8F041FFF7B0BCEA
:106C0000FB7A002B4FD00321304614F0EBF920B96A
:106C10002846BDE8F04114F053BB0521304614F07E
:106C2000E1F9B8B114F8043C1A0707D514F8033C8D
:106C30001B0703D51121304614F07CFA14F8043CEC
:106C400023F0080304F8043C14F8033C23F0080381
:106C500004F8033C14F8033CD80726D5062128463F
:106C600014F068FAFB786BB914F8033C9B0709D45D
:106C7000D7F8B8804046F8F7C1F8F0B1FEF762F9EE
:106C80000146F0B90221304614F054FAFB7813B9EA
:106C900014F8033C3BB92846FFF762FB18B934F8F7
:106CA000041C0029A7D0BDE8F081990701D508216F
:106CB000D5E75A07D6D50A21D1E74046F8F7AEF80E
:106CC000E0E72846FFF74CFCDCE700BF6E53070007
:106CD00010B5094A04460121084814F081F9A4F5C9
:106CE00090700821FFF73CFCA4F58E700421BDE8EC
:106CF000104014F01FBA00BF5A53070054F90600A1
:106D00002DE9F84300AF044614F002FA054670B3CB
:106D1000061D0321304614F065F940B3D4F8B800DD
:106D200008B114F0B5FD04F18809207A494600F055
:106D30009DF88046C4F8B800E0B94846F5F740FD34
:106D40006C4688B06A463B4BC2E905304FF400738D
:106D50009383394B42F8103F38484FF4E251434691
:106D6000F1F72EFF0821A5462846FFF78FFCBD4608
:106D7000BDE8F8830E21304614F034F928B1D4F878
:106D8000B820537B43F0020353732A7AD4F8B81027
:106D9000032A4B7B3AD8002A3FD0D4F8B820537B43
:106DA00043F0010353732B7D697BD4F8B8208B42E9
:106DB00028BF0B4613730521304614F013F9D4F89D
:106DC000B8305A7B90B342F010025A730D2130460E
:106DD00014F008F90028CAD0D4F8B800202114F023
:106DE00053FDD4F8B83005F147021A33573552F83D
:106DF000041B43F8041BAA42F9D1D4F8B82000239D
:106E000013615361D4F8B8201383B0E7053A012A1F
:106E100003D843F020034B73BFE723F020034B73E9
:106E2000D4F8B820537B23F00103BBE722F0100213
:106E30005A739CE7E95007000300000154F906006B
:106E400008B5074B074893F8A23003F006039A1FD2
:106E500053425341044A1370F9F70CF8002008BD5F
:106E6000B807002074180020679E002070B50F4CF2
:106E700014F8013B834206460D4604D10722204602
:106E800018F067F868B10A490A48072218F061F853
:106E900048B904F8016C2B682360AB88A380AB79F8
:106EA000A371024870BD0020FCE700BFB88300203A
:106EB00014340700B983002010B40B461146044A6D
:106EC000D489044202D010BC1046184710BC704749
:106ED000B883002008B5034900223F20FFF7ECFFEC
:106EE000002008BD65B80600F8B50C4CE3890746DC
:106EF00020463B400D464FF00006114610F8012B8E
:106F000007D0954203D1072218F023F818B1304674
:106F100000E01846F8BD2046FCE700BFB88300201B
:106F2000F8B50B78012B06460C4601D00020F8BDC1
:106F30008B7903F0C003402BF8D1174DEF89294618
:106F4000BF0711F83A2B4FF0000304F1010006D5FA
:106F5000B24204D1062217F0FCFFD0B10023EA8927
:106F6000297802F00202002BE0D1002ADED0B142E3
:106F7000DCD1671C0948394611F0FEFE01230028C8
:106F8000EDD0D4F80130C5F83A30054BB4F80520FF
:106F90009A800148CBE700BFB8830020E28300203D
:106FA000F283002010B5074C2378834208D10722D2
:106FB000601C17F0CEFF00280CBF2046002010BD3B
:106FC0000020FCE7B8830020F0B59BB0144602AF68
:106FD000064650B94E4A4F48012110F0EEFF6FF0BF
:106FE000150528466437BD46F0BD502207F1100153
:106FF0001846A047041E06DA474A234645480121A1
:1070000010F0E4FFEBE707F10801304611F0DEFE77
:10701000054698B16C4688B002AA404BC2E90536D5
:107020004FF4007393833E4B42F8103F39480023DE
:107030004FF4E251F1F7C4FDA546D0E7391D3046C3
:1070400011F0BDF9786838B10A2229460EF018FC13
:10705000034608B1334AD1E71CBB07F108022146B9
:107060003F20FFF741FF20B15C22214618F0E4F8F1
:10707000B7E707F10800F5F7A3FB6E4688B002AA50
:10708000294BC2E905304FF400739383244B42F837
:10709000103F204823464FF4E451F1F791FDB546E7
:1070A0009FE707F108010020FFF7E0FE0646C8B998
:1070B00007F10800F5F784FB6C4688B002AA1B4B69
:1070C000C2E905304FF400739383154B42F8103F2B
:1070D000104833464FF4E251F1F772FD6FF00B05A3
:1070E000A5467EE7502C0BD050230093104A094848
:1070F0002346012110F074FF304614F0C9FB6EE7FF
:10710000224607F110010C3018F06EF869E700BF55
:107110003F34070004F90600BF5307009D4A0700EB
:1071200003000001B94A0700DE53070001540700BD
:107130002054070010B501460246502311F8010BF8
:107140000C32F5F759FD044628B1044A03460121E3
:10715000034810F03BFF204610BD00BF3E5407001F
:1071600004F906002DE9F0479AB01D46DDE92397A2
:107170002E4B16460CAA84468A4603F1300E9046E2
:1071800018685968144603C4083373452246F7D17A
:1071900018681B79206023716146202204A814F02E
:1071A0008AFB23486B46202204A914F09CFB04466A
:1071B000C0BB102251460DF1350014F07CFB1022AB
:1071C00031460DF1450014F076FB2946062211F8F0
:1071D000013B8DF855300DF1560014F06CFB2299EF
:1071E000062211F8013B8DF85C300DF15D0014F0C2
:1071F00062FB4B4635224146684614F074FB044658
:1072000080B9484614F061FB01238DF830303522F7
:107210003B464146684614F066FB044610B93846C2
:1072200014F053FB20461AB0BDE8F0874C0207006B
:107230006B54070070B598B00E46144601462022E4
:1072400004A81D4614F037FB202231460CA814F088
:1072500032FB1022294614A814F02DFB10222146DF
:10726000684614F028FB6B46502204A9184614F017
:107270003AFB40B9039B054A1BBAB3FBF2F102FB90
:1072800011331C9A136018B070BD00BF40420F004C
:10729000F8B590F8DC10036E01295A68B0F8B830E0
:1072A00000AF044604D002292DD00020BD46F8BD11
:1072B000190102EB0313B0F8DE0051589D88014418
:1072C000B4F8DE602068AE1BB6B2324614F05EFD44
:1072D00000281EDCE9D06C468AB06B46124A5A611F
:1072E000124A1862C3E906264FF400729A841A46BD
:1072F0000F4B42F8103F0F4800234FF43151F1F784
:107300005FFCA546D1E7B0F8DE30416B058F19442C
:10731000D6E7B4F8DE30184480B28542A4F8DE0027
:107320008CBF00200120C1E785540700A15407004D
:1073300005000001F4F90600F8B50D4600AF04465B
:10734000002851D0036E002B4ED0B1B16E4688B0EC
:107350001B6801296A460CBF24492549C2E9051367
:107360004FF400739383234B42F8103F22480023CD
:107370004FF4E451F1F724FCB546236E5B691BB171
:107380006268294620469847D4F8202100233AB164
:10739000B4F82821012A9CBFC4F82031A4F8243174
:1073A000C4E913332366A36504F1780017F01EFACD
:1073B00004F1E00017F0CAF904F1F00017F016FA32
:1073C000BFF35B8F04F1BC0353E8001F21F0010100
:1073D00043E80012002AF7D1BFF35B8F84F8C05056
:1073E00004F1C4000AF08AF8BD46F8BDAA540700AB
:1073F000B654070003000001F4F906002DE9F04F30
:10740000A0F59674A0F58E7185B0054620222068FF
:1074100014F0E3FC002840F35A8100272086B84688
:10742000228EBBB29A4205D8284605B0BDE8F04F7F
:107430000AF04ABA14FA87F3B4F840101A7C002311
:10744000DEB28E4210D3E389A189994214D1A14AB8
:10745000A148022110F0B1FD0023E3816387A4F865
:107460004A30C4F8203105E0E06B805D824203F1D0
:107470000103E5D10137D3E7B4F84A00B4F8481066
:10748000884201D1954AE3E7A168CA54E389B4F878
:1074900038B000935E1CB6B25E45E681C0F08980CC
:1074A000D4F80890616BA6EB0B0A5A4609EB0A0068
:1074B00017F04FFD00287CD15E450AD1A5F59673E3
:1074C0000022DA8125F8F22C25F8E22C45F80C2C64
:1074D000D0E7D4F820316BBB09F80A30A5F1D6000B
:1074E000C5F1C80C4FF0140E30F8026F002291B2B3
:1074F0008E4204D801339BB2032BF5D1DEE75CF852
:1075000010100EFB0211013291F80490B9F1000F36
:10751000EDD1A4F82831636C714AC4F820111A60C7
:10752000636CA2685A600223A4F84A30204614F023
:10753000D3FAC3E7B4F8263193B1B4F84A10626CB9
:10754000AAEB030A09EB0A0342F82130228FE389F0
:107550009B1AA268D054B4F84A300133A4F84A30D8
:10756000204614F0B9FAA4F80E80A4F83A80A4F8E2
:107570004A80C4F820817DE7626B515CA268324486
:10758000013312F8012C8A423FF474AFD9B2594545
:10759000F2D355F80C2CA5F5967362B9C5F1C80164
:1075A000A5F1D60A03913AF8021F02914FF0000E9E
:1075B00068E00023EAE792F80CC0002081B2614540
:1075C0006AD30021B3F8262100297ED0B3F84AC03F
:1075D000586C002A6CD1424A40F82C20B3F84A205B
:1075E0000132A3F84A200022A3F8262142E703999A
:1075F00051F81A10142000FB0E1999F8041001918B
:107600008E423DD199684FF0000CDDF804B01FFAAE
:107610008CF0584522D3A4F82821009AA389C4F8F5
:107620002091023292B29B1A0B44A4F824211846EE
:10763000013A17F0D9FDB4F84A10626C42F8210003
:10764000A289A3681344002203F8012CB4F84A303D
:10765000A4F826210133A4F84A300BE7D9F800003A
:1076600011F80CB010F80C00834506D099F80DB055
:107670001BF0010F04D03F2802D10CF1010CC4E72C
:107680000EF1010E02981FFA8EF18842AFD8013236
:1076900092B2032A87D1EDE6916811F800E099686B
:1076A0003144013011F8011C714587D1012189E76E
:1076B0009968B21A013A114440F82C10D9899A6895
:1076C0000A44002102F8011C88E701328CE705B06A
:1076D000BDE8F08FC4540700F4F90600DB5407003E
:1076E000825D070038B50D4604464FF4A0720021B4
:1076F00017F0A2FD2B6863606B68A3602B89A381E0
:10770000EB6963642B8CA4F84830EB6863632B7CD3
:1077100023876B69E3632B7EA4F840306B6A636553
:107720002B8DA4F85C30002504F1BC03BFF35B8F04
:1077300053E8002F43E800510029F9D1BFF35B8FD4
:107740000122294604F1C40016F027FF04F59670C3
:107750000E4916F0A5FF04F168000D4916F0A0FFD0
:1077600004F178000B4917F033F804F1A8000A4936
:1077700016F096FF04F1E000084916F091FF04F1BD
:10778000F000074917F024F8284638BDFD730500BE
:107790004BBB06006BBA06005BBA0600A3BB060033
:1077A000C9BA060010B50246002408461160D4810B
:1077B00004495487A2F84A40C2F8204114F0BFFAA5
:1077C000204610BD0DBA060010B550F8083C50F820
:1077D000040C19688C880834224614F0D7FAA042A9
:1077E000034606DA034A0448BDE81040012110F0C0
:1077F000EDBB10BD0555070004FA06002DE9F04168
:10780000044630F8282C50F82C1C50F8140C14F0B6
:10781000E4FA002848DCBDE8F08134F81E2C54F866
:10782000241C8B5434F81E5C2D490135ADB2062D55
:1078300008BF54F8242C24F81E5C02BF928808323A
:107840000A800A88AA4248D154F8188C54F8246C4B
:10785000D8F80810B3888A889A4210D10832304686
:1078600017F077FB074650B904F1100009F046FE07
:1078700004F81C7C2046BDE8F0410AF025B8D8F891
:107880000030B1789A78914203D1F278DB789A424D
:1078900003D0002304F81C3CECE7D8F804002A4687
:1078A000314617F0A1FCF4E754F82C3C14F81C2CDA
:1078B0001B78002AB1D10B4A1278B52A0DD1622B60
:1078C0000BD1012104F81C1C54F8241C0A7054F834
:1078D000242C5370022224F81E2C024A1370C9E78C
:1078E000F89C00206A9E00202DE9F84F0B689B88C9
:1078F000B3F5807F05460E464ED8BFF35B8F4368D5
:10790000BFF35B8FDA074AD500F15C074FF0FF3217
:107910004FF0FF33384609F015FE041E2ADB4FF006
:10792000000BEE6105F14408D94605F1240AB3893C
:107930005B4508DC002C1ADA1A4A1B485B46012119
:1079400010F044FB13E02B6A1BB3404609F020FE05
:1079500085F81890504609F0B7FFEB699B6863B94A
:10796000124A11485B46032110F030FB00243846D0
:1079700009F0C4FD2046BDE8F88FD6E9042340464F
:1079800009F0E0FD041EEBDA631CD5D00BF1010B0E
:10799000CDE74FF0FF34CFE76FF01A04EAE74FF07E
:1079A000FF34E7E75E55070004FA0600315507008B
:1079B00038B50446231D0846BFF35B8F53E8002FFC
:1079C00042F0010143E80015002DF7D1BFF35B8FB2
:1079D000D30708D405492062224614F0B0F904F117
:1079E0005C0009F08BFD002038BD00BFA7BF06007A
:1079F00038B50D4604467422002117F01DFC2B6893
:107A000023606B68A3602B89A381EB6823612B8AB9
:107A1000A38204F124000B4916F042FE0A4904F146
:107A2000340016F03DFE0122002104F1440016F05E
:107A3000B4FD0122114604F15C0016F0AEFD0020F9
:107A400038BD00BFC9770500FD77050070B5E82295
:107A500004460D46002117F0EFFB20462B6840F846
:107A6000383B0B4916F0B4FE0A4904F1680016F0E1
:107A700017FE204600F02EFA261D294620B120468A
:107A800000F03AFA304670BD204600F0B1F8F9E750
:107A900077C0060071C006002DE9F74306460C4684
:107AA00083689B6F002B75D09847002872DDB36800
:107AB0009B6E93BB94F8E0904FEA491808F1780761
:107AC00027444FF0FF3201A938460FF003FF054667
:107AD000C8B9454A4548022110F06FFA2946384690
:107AE0000FF017FF04EB4913A044C8E920554FF0ED
:107AF000FF32C3E92355DD67C3F8885001A9384632
:107B00000FF0E8FE05462068019983689B6CDBB99D
:107B1000002138460FF0FDFE03E03046984700286C
:107B2000C8D1B3689B6D8BBBD4F8C820D4F8C030E3
:107B30009A4232D154F8680B14F0AAFA204603B0E6
:107B4000BDE8F04309F0C0BE2A469847011EDFDDBC
:107B500038460FF0DEFE04EB49131421D3F89420CD
:107B6000DD6FD3F88C30B2FBF1F1EB1AD21A9142EF
:107B700004F1380005D24FF42472002309F012FFFB
:107B8000CFE70022002309F041FFCAE730469847BB
:107B90000028C9D103B0BDE8F08304F1B8064FF066
:107BA000FF3201A930460FF0E8FE02462068019935
:107BB00083681B6C23B9002130460FF0FEFEE9E715
:107BC0009847051EF7DB29463046D8340FF0F5FEFE
:107BD000BFF35B8F54E8003F5B1B44E80032002A90
:107BE000F8D1BFF35B8FD5E79D550700ECF9060090
:107BF00010B50B69A3EB9303C0F8E4304B688A68B7
:107C000083670023C0E92033C0E923335208C0F85A
:107C10009420C367C0F8883004464868C4F8B4208C
:107C2000C4E92833C4E92B331044C4F89800C4F8DD
:107C30009C30C4F8A830D1E90320C4F8B82004F17E
:107C4000D802C4E93033C4E93333C4F8D400C4F8EB
:107C5000BC30C4F8C830BFF35B8F52E8001F42E865
:107C600000300028F9D1BFF35B8F206814F015FABB
:107C7000206814F00DFA2068836823B1DB6F13B11C
:107C80000449224698472146201D034ABDE810407A
:107C900014F00CB8997A05007C180020F8B5D0F8DB
:107CA000A83004469A4228BF1A4600AFD0F8A40074
:107CB000154617F099FA2068D4F8A41083682A466C
:107CC0005C68104BA0470446C8B16E468AB06B464C
:107CD0000D4A5A610D4A1862C3E906254FF4007235
:107CE0009A841A460A4B42F8103F0A4800234FF480
:107CF0003151F0F765FFB5462046BD46F8BD2C462C
:107D0000FAE700BF40420F0085540700CB5507003B
:107D100005000001E4F9060073B50B780D46144622
:107D200002F1BC06062B1BD8DFE803F012048545E0
:107D300075BDBF00BFF35B8FD4F8BC30BFF35B8F62
:107D4000DA0605D58B685D4A5D48022110F03EF9E0
:107D50003046002114F075FA04F1680009F0B4FD12
:107D6000BFF35B8FD4F8BC30BFF35B8FD80700F153
:107D7000A380BFF35B8FD4F8BC30BFF35B8F990750
:107D800000F19A80BFF35B8FD4F8BC30BFF35B8FF8
:107D90005A0700F19180BFF35B8FD4F8BC30BFF37A
:107DA0005B8F1B0700F1888004F1AC0002B0BDE8D6
:107DB000704009F089BDBFF35B8F56E8003F43F088
:107DC000040246E800210029F7D1BFF35B8F5B076F
:107DD00007D42068D4F880208368A16F1B69984776
:107DE000BEE7BFF35B8F56E8003F43F0080246E86A
:107DF00000210029F7D1BFF35B8F1D0705D4206850
:107E00008368D4E91F121B69E9E72E4A2C48022136
:107E100010F0D3F8A4E74B68A26F934204D102217B
:107E2000304614F00EFA9BE7E26F934201D1032132
:107E3000F6E7254AEAE7EFF31186402383F3128839
:107E4000BFF36F8FD1E90113EA68194404F184008C
:107E50000FF074FDEB6883421AD9D4F89420D4F85B
:107E60008C309B1A0022C4E92322C4E92622C4F8DC
:107E70008820C4F8942086F31188BFF36F8FEA68D6
:107E8000022100921B1A114A0D4810F0A9F867E769
:107E900086F31188BFF36F8F0022002304F13800AE
:107EA00009F080FD5CE70121BAE70B79084A044834
:107EB000022110F08BF853E702B070BDE4550700C3
:107EC000E4F90600005607001C5607003C56070060
:107ED0006556070008B50246006883681B682BB129
:107EE00004499847B0FA80F0400908BD6FF0570088
:107EF000F8E700BF197D050010B58B689B08C0F836
:107F000080304A6882671A44C2674A68044602EBB6
:107F1000430258000023C4E92333C4E92633C4F8DC
:107F2000A000C4F88420C4F88830C4F89430CB682A
:107F3000C4F8A4300B69C4F8A83004F1AC000549BA
:107F400016F0AEFB2146201D034ABDE8104013F099
:107F5000ADBE00BF3DC206008C18002070B541695F
:107F6000867A0B4D044659B1437ADB0706D42C239D
:107F700003FB06535B6A1B689B6898470023636199
:107F80002C20214606FB0050BDE8704016F0F7BAE1
:107F90008C1D0020024B2C2202FB0030704700BFDA
:107FA0008C1D0020827A064B2C2101FB02339A6A39
:107FB0001B7F1B33801A23F00303B0FBF3F07047E1
:107FC0008C1D002038B5074B827A2C2404FB023329
:107FD0005B6AD3E901240C601568FFF7E3FF04FB3B
:107FE000005038BD8C1D00202DE9F04F85B00546AE
:107FF0006846039191461C4690469A4616F0BFFD8E
:10800000DDE90067EFF3118B402383F31288BFF3A0
:108010006F8F698B002942D02B8B8B4226D900228F
:108020000023284609F038FA0446F8B18BF311888A
:10803000BFF36F8F039B002B4FD032463B46684601
:1080400016F0C1FDA27A2A4B2C2101FB02332046F7
:108050005B6A1B6803A91D68DDE90023A84760610E
:1080600000283BD12046FFF779FF31E0698B4B1E9A
:108070006B838BF31188BFF36F8F2B7F2A8BAC6AD6
:108080001B3323F00303521A02FB0344184B194A13
:10809000EB1A9B105343A3722B7FE372CAE78BF357
:1080A0001188BFF36F8F54EA090409D017F092F9D1
:1080B000114A124B12589A420ABF8846C846C24615
:1080C00042465346284609F0E7F904460028B1D154
:1080D0000024204605B0BDE8F08F63610023012233
:1080E000636022812382039A63696282E360F0E71E
:1080F0008C1D0020A38B2EBA08000000C87500203C
:1081000070B50C4C2C2500B970BD037A4668013B54
:10811000DBB20372002BF7D1C3604360837A05FBA7
:1081200003431B6A13B198473046ECE7FFF716FF8D
:10813000FAE700BF8C1D0020020600F07F0312D575
:10814000082B05D1010700F00F0306D50E48704734
:1081500010F0780F12D100F00F034C2000EB431009
:108160000A4B18447047082B05D1020700F00F0393
:1081700006D50748704710F0780FF6D000207047FA
:10818000044800EB431070476085002014840020F1
:1081900080860020808500200149024816F0ABBA95
:1081A0003C840020806100200146014816F0DCB9C3
:1081B000741D002002480022002309F06DB900BFA1
:1081C000741D002013B5124800F09AFF114B98421D
:1081D0001AD1114807F08CF90024104807F0CEF9A5
:1081E0000F49104800944FF0FF334FF4806209F0BC
:1081F00071FB0D490B4816F046FB0C480C4916F074
:108200004FFA204602B010BD6FF00400FAE700BF3D
:10821000C18705000000AD0BE6580700000D070000
:1082200000BC002080610020B55607003C8400207F
:10823000B183050010B50E49BFF35B8F002351E8F1
:10824000002F012A03D141E800300028F7D1BFF305
:108250005B8F0CD151F8044C143920460FF0F2FA20
:10826000783004D12046BDE810400FF0C7BA10BDE9
:108270003484002038B5002464F07F00C0B2FFF7DA
:108280005BFF013414F027F9082CF5D10E4D0024C2
:10829000E0B2FFF751FF036903B90561013414F03F
:1082A0001AF9082C05F14005F2D1084814F013F929
:1082B000074BD3F87C2212B9064AC3F87C22064841
:1082C00014F009F9002038BDA48A00206085002040
:1082D00014840020A48600208086002010B5054C60
:1082E000FFF768FF20B14168204616F081F8F7E7F4
:1082F00010BD00BFFC1B002007B50023144800225E
:1083000001A908F0E7FFE8B1124A1348012114F06F
:10831000F5F8FFF7E3FF0E480022002301A908F05B
:10832000D9FF30B10D4A0C48012114F0E7F80020C4
:108330000AE00198042340600374FFF735FFFFF75C
:108340002BFFF4E70198406003B05DF804FB00BF29
:10835000FC1B0020C0560700ACFA0600DE560700E2
:108360000346024A024801210FF030BEFA560700C8
:10837000ACFA0600022810B511D80B4A145CFFF7BE
:10838000BBFF80B1002202740472FFF70DFF074BA0
:1083900093F824303BB1BDE81040FFF7FDBEBDE8C7
:1083A0001040FFF7DDBF10BDE35807001484002024
:1083B0002DE9F043A24CDFF88C9285B08046FFF7A0
:1083C000F9FE074610B905B0BDE8F08394F8252002
:1083D0003B7C3AB9002B00F09A807968994816F0F6
:1083E00007F8ECE7042B00F27581DFE813F090004A
:1083F000050012013D015E0118F8043C33B9BB6869
:108400005B7A914A914801210FF0E0FD3B7BBD680A
:10841000032B37D8DFE803F0023D63686E698C4BAD
:10842000002232607260D3F880143170D3F8841463
:108430007170D3F88814D3F88C0441EA002171805C
:10844000D3F89014D3F8940441EA0021B180D3F812
:108450009814D3F89C3441EA0323F3800823EB609B
:10846000306871687B4B03C311462B68687A984764
:1084700096F90030002B08DBF38833B1A4F88C3276
:1084800001F08EF979684846A9E70023A4F88C32F8
:10849000F8E76B7F002BF5D02B7F002BF2D0002666
:1084A0004FF0FF326C486E774FF0FF332E7714F0A9
:1084B00027F86B6901936B68CDE9023601A9687AE8
:1084C00000F074FE654A9042034604D0644A5F4857
:1084D00001210FF07BFD604814F014F8D2E72B68FF
:1084E0000121687A9847CDE7AB7A6BB9EB7F5BB92E
:1084F00059484FF0FF324FF0FF3314F001F801F00C
:1085000055F9554813F0FEFF2B680221E9E73B7A45
:10851000042BB7D8DFE803F059032367730000F09A
:10852000BDFD05460028ADD100F0F8FCBFF35B8F20
:108530004C49012351E8002F002A03D141E80030C3
:108540000028F7D1BFF35B8F9CD141F8085C41F85C
:10855000105CE069636114390FF0F9F892E70025C7
:1085600065F07F00C0B2FFF7E7FD037A13B1407AF0
:1085700001F080FA0135082DF2D194F854311BB185
:1085800094F8550101F076FA0025E8B2FFF7D4FD22
:10859000037A13B1407A01F06DFA0135082DF4D158
:1085A00094F874321BB194F8750201F063FA00205C
:1085B00000F058FD012384F825302368002B3FF498
:1085C00061AF0021022098475CE7002584F8255020
:1085D00001F0B6F9FFF72EFE2368002B3FF452AFEF
:1085E00029460420EFE7002A3FF44CAF00F060FD7D
:1085F0002368002B3FF446AF00210520E3E7236802
:10860000002B3FF43FAF002A3FF43CAF002106208F
:10861000D9E708F110054FF0FF334FF0FF3228463D
:1086200013F06EFFFFF726FE284613F06BFF58F895
:10863000283C002B3FF426AF00210120C3E700BFF8
:1086400014840020FC1B002015570700ACFA06001C
:1086500000700240188400204C8400200000AD0B04
:108660003B5707003484002094F8743263B101252D
:1086700084F8895284F88852FFF73EFE60B9184AA0
:108680001848294613F03AFF58F8283C002B3FF4CD
:10869000F9AE00210A2096E7134A0574057382603B
:1086A000FFF782FDFFF778FDEEE7104A0D48012144
:1086B00013F024FF15F0F6FB01F042F900F024FC62
:1086C000FFF70CFEFFF7D6FD15F0E5FB084800F0BC
:1086D00017FDD7E6074A034801210FF077FCD1E6E2
:1086E00061570700ACFA0600808600207557070026
:1086F000C18705008C570700F7B5877806463846CE
:10870000FFF71AFD3B06F47805461DD554B1032C3E
:1087100006D0284A28480097234601210FF060FC24
:1087200003B0F0BDFFF7E8FD03460028F8D00122B2
:10873000AC770274032202739D60FFF735FD03B02E
:10874000BDE8F040FFF728BD54B1012CE1D1FFF79F
:10875000D3FD03460028E3D06C7704740473EBE781
:10876000FFF7CAFD0028DBD0B278144B12F0800F5F
:1087700002F0080111D041B1D3F8A836EB60012313
:108780000374022303738560D7E702F00F021421FC
:1087900001FB0233D3F80836F0E711B1D3F8A8375C
:1087A000ECE702F00F02142101FB0233D3F8083783
:1087B000E4E700BFA4570700ACFA060000700240CF
:1087C000F0B514228BB0064600210DEB020016F026
:1087D00033FD3378013B052B21D8DFE803F08B0311
:1087E00014147B1603238DF81C300024FFF784FD3E
:1087F0000346A0B1047400F10802DDE9070182E834
:108800000300184626E00423EDE7B7783846FFF763
:1088100093FC837A054623B1013B022B54D90BB05C
:10882000F0BD3B06F4781CD54CB1032CF7D0324A8E
:1088300032480097234601210FF0D2FBEFE7FFF704
:108840005BFD03460028EAD00122AC7702740322C4
:1088500002739D60FFF7A8FC0BB0BDE8F040FFF786
:108860009BBC54B1012CE2D1FFF746FD0346002822
:10887000D5D06C7704740473EBE7FFF73DFD044635
:108880000028CCD002230127037307748560B078D9
:1088900005F10C0113F06DFE034620B1184A17488C
:1088A00039460FF093FB174AE968B2F88C328B42D5
:1088B00006D95B1AA2F88C3200F072FF2046C9E795
:1088C0000023A2F88C32F9E730460BB0BDE8F04047
:1088D000FFF712BF03A800F041FF9DF80D30052BF4
:1088E00004D19DF80C3013F0600F98D0064B07931D
:1088F00001247BE7022479E7A4570700ACFA0600BD
:10890000D0570700148400208085002038B5164D0C
:1089100095F824402CBB05F1380015F0A1FD204648
:1089200001F0F6FB22460121E8612720F3F752FC13
:1089300015F0B1FAFFF79EFC044610B9012385F843
:1089400024300A4B1B680BB1FFF726FC4FF0804325
:10895000D3F83834DB0702D50020FFF70BFD2046A3
:1089600038BD0024FBE700BF14840020741D0020E4
:10897000074B93F824203AB193F82530002B14BF0D
:1089800000206FF0120070476FF01200704700BFB8
:108990001484002008B50378027903F00F0142B96E
:1089A00091B10D4A01210D4813F0A8FD4FF0FF30A1
:1089B00008BD082901D90A4AF4E7012A04D11B0796
:1089C00007D4084A0221EEE713F00800F0D0064A67
:1089D000F8E70020ECE700BFF0570700ACFA06000C
:1089E0000F5807002E5807004458070038B5134B9E
:1089F00093F824300446EBB105782846FFF79CFB3A
:108A000088B14572237983726388436020786188D6
:108A100010F0080F0AD14B1E0B4207D0084A094834
:108A2000012113F06BFD6FF0150038BD13F09CFDB4
:108A30000020FAE76FF01200F7E700BF148400206F
:108A400061580700ACFA060038B5154B93F824209E
:108A500005460AB393F82530F3B1FFF76DFB0446E2
:108A600010B96FF0150038BD817A01290FD007D9F0
:108A70000239012907D96369A3610020E060F2E7A8
:108A800000F09AFEF7E7284600F03CFEF3E7054ABF
:108A9000054813F033FDE4E76FF01200E3E700BF91
:108AA0001484002089580700ACFA060038B50E4B34
:108AB00093F82420054682B193F825306BB1FFF777
:108AC0003BFB68B115F008040AD1284600F03CFED3
:108AD000284601F007F8204638BD6FF01200FBE78A
:108AE0006FF01500F8E700BF1484002038B50C4B78
:108AF00093F8242005460C4662B193F825304BB11B
:108B0000FFF71AFB48B144B1284600F003FE20707D
:108B1000002038BD6FF01200FBE76FF01500F8E79A
:108B20001484002070B5134E96F824300446C3B167
:108B3000FFF702FB0546B8B1230705D4204600F035
:108B400003FE204600F0CEFF2B7A83B901232B725F
:108B500096F825300BB9002070BD204600F08AFF42
:108B6000F9E76FF01200F7E76FF01500F4E76FF028
:108B70007700F1E7148400202DE9F043DFF8F4805A
:108B80001E4698F8243085B0074689461546002BC6
:108B90006DD098F82530002B69D003060BD5FFF770
:108BA000CBFA044638B1037A5BB9334A33483B46C3
:108BB00001210FF00BFA6FF01504204605B0BDE857
:108BC000F0834FF0FF334FF0FF3208F1380013F01D
:108BD00097FCA37F33B108F1380013F093FC6FF0DA
:108BE0000A04EAE7A37A05B37BB30123A3774FF026
:108BF000000801A93846CDE90195CDF80C8000F0B8
:108C0000D5FA1F4A904203462DD084F81E800EB13B
:108C1000C6F800801B4A194801210FF0D7F96FF000
:108C20000404194813F06EFCC7E7E27F02B1E57750
:108C3000002BDAD100F0C6FD8742D6D000F0B6FD99
:108C4000114813F05FFC0024B7E7B8F80A309D42E2
:108C5000F0D26268B5FBF2F302FB1353002BE9D1AB
:108C60000123E377E6E706B135600024D9E76FF02A
:108C70001204A2E714840020AB580700ACFA0600E7
:108C80000000AD0BCA5807004C8400202DE9F041CC
:108C90001D46254B174693F8242080460E46002A91
:108CA0003FD093F82530002B3BD010F0800F0ED131
:108CB00001B967B94046FFF73FFA044638B1037A75
:108CC00043B91A4A1A48434601210FF07FF96FF061
:108CD000150013E04FF0FF3316484FF0FF3213F04A
:108CE0000FFCE3689F42B84628BF984646B93FB993
:108CF00005B12B600F4813F005FC0020BDE8F081A2
:108D0000A1694246304616F06FFAA3694344A36155
:108D1000E368A3EB0803E360002DEBD0C5F8008007
:108D2000E8E76FF01200E9E714840020AB58070071
:108D3000ACFA06004C84002070B5224D95F8243022
:108D40000646002B3AD095F82530002B36D0030686
:108D50000BD4FFF7F1F9044638B1037A43B91A4A44
:108D60001A48334601210FF031F96FF0150070BD3C
:108D70004FF0FF334FF0FF3205F1380013F0C0FB26
:108D8000E368B3B9012663692677A361637F83B182
:108D9000FFF7B2FA30B905F1380013F0B3FB6FF00A
:108DA0000B00E4E7067484600673FFF7FDF9FFF734
:108DB000F3F9074813F0A6FB0020D8E76FF0120084
:108DC000D5E700BF14840020AB580700ACFA0600BA
:108DD0004C84002010B5084B93F824300C462BB17E
:108DE000FFF7AAF928B10460002010BD6FF012004F
:108DF000FBE76FF01500F8E714840020014B1860C2
:108E0000704700BF1484002008B5074B93F8243046
:108E100023B1FFF791F920B1406808BD6FF012004F
:108E2000FBE76FF01500F8E7148400204FF0805343
:108E3000D3F83021082A06D1D3F83431052B04D8D1
:108E4000034AD05C7047002070470120704700BF84
:108E5000F0580700064B10F0800FA3F1D80208BFAE
:108E6000134600F00F00182202FB0030704700BFCD
:108E7000BC8D0020EFF31180402383F31288BFF3F1
:108E80006F8F0A4BD3F8001C032261B949F2753188
:108E9000C3F8001CC3F8142DC3F8001C80F311881C
:108EA000BFF36F8F7047C3F8142DF7E700E006405B
:108EB000EFF31180402383F31288BFF36F8F0A4BC7
:108EC000D3F8001C61B949F27532C3F8002CC3F81D
:108ED000141DC3F8002C80F31188BFF36F8F704707
:108EE0000022C3F8142DF6E700E006404FF080534F
:108EF000D3F83031082B02BF024B0022C3F81C2CE0
:108F0000704700BF00700240024A00231360024A0B
:108F1000137070479C8E00206F9E002008B54A4B4E
:108F20004FF40062C3F80024FFF780FF08B1FFF799
:108F3000A1FF4FF08053D3F83031082B18D1EFF355
:108F40001180402383F31288BFF36F8F3F4BD3F818
:108F5000001CC02200296ED149F27531C3F8001CF3
:108F6000C3F8142CC3F8001C80F31188BFF36F8F73
:108F7000354B0122C3F80025D3F800241205FBD598
:108F80004FF40062C3F800244FF08053D3F830311F
:108F9000082B17D1EFF31180402383F31288BFF31E
:108FA0006F8F2A4BD3F8001C002947D149F2753244
:108FB000C3F8002CC3F8141CC3F8002C80F31188EC
:108FC000BFF36F8FFFF732FF30B1FFF771FFFFF78D
:108FD0002DFF08B1FFF74EFF4FF08053D3F830312B
:108FE000082B194B0AD140F2E372C3F80028402243
:108FF000C3F80428BFF36F8FBFF34F8F8022C3F8ED
:109000001C250122C3F83025114B40F2FF121A60D3
:10901000104B00211960104B1970FFF767FF0F4BC1
:1090200019700F4B02221A70FFF700FF50B1BDE814
:109030000840FFF73DBFC3F8142C95E70022C3F8A2
:10904000142CBBE708BD00BF0070024000E00640E2
:10905000988E0020948E00206B9E00206D9E002034
:109060006F9E0020094B002210B51A70084A094B68
:10907000094C002808BF1346C4F800332720F3F733
:1090800079F80123C4F8043510BD00BF6E9E00209E
:10909000FDFFDF01FDFFFF0100700240034B187868
:1090A000012894BF00200120704700BF6F9E002060
:1090B00010B5EFF31181402383F31288BFF36F8F54
:1090C0000D4B1B7803F0FF0083B10C4BD3F8002449
:1090D00012F400720AD10124C3F82C45D3F82C45B0
:1090E000D3F80044A40502D5C3F82C25002081F351
:1090F0001188BFF36F8F10BD6E9E0020007002407C
:10910000F8B51C4B1C7894BB1B4A106001221A70E6
:1091100040F2FF17264664F07F0514F0080FEDB209
:1091200014BF39464021284613F01EFA2846FFF79F
:1091300091FE0134092C867506730661EBD100247B
:1091400040F2FF17254614F0080FE6B214BF394667
:109150004021304613F008FA3046FFF77BFE013419
:10916000092C857505730561EDD10448F8BD0448E7
:10917000FCE700BF6F9E00209C8E00200000AD0B1E
:109180000500AD0B084B10F0800F00F00F0114BF6D
:10919000D3F81025D3F8142501238B40134214BFB4
:1091A00001200020704700BF007002402DE9F84305
:1091B0000246EFF31187402383F31288BFF36F8FCA
:1091C000030703D1184B1B78834229D1174B184E44
:1091D0001C683568104613F0BFF9E443A4B24FF0A1
:1091E00001092C4309FA00F814EA08041AD11046C0
:1091F000FFF730FE80F80C90034607C91C6183E836
:1092000007009C750B4B0C4845EA08058022356029
:10921000C3F8042187F31188BFF36F8FBDE8F8838B
:109220000648F7E70648F5E76D9E0020988E002077
:10923000948E002000E100E00000AD0B0A00AD0BB1
:109240000B00AD0B10F0080F074B06D0D3F8C0048D
:1092500010F4803F18BF0020704700F00F0000F5A9
:10926000947053F820007047007002402DE9F74FCA
:10927000A84BD3F8604134B10022C3F86021D3F881
:109280006C44C3F86C44D3F828214AB10022C3F8D7
:109290002821A14B187813F05FF9012383401C4368
:1092A0009E4F9F4E3D7897F9008015F0080143D1FD
:1092B000B8F1000F05F00F032EDA9A4A52F8230096
:1092C00020B342F823101422534303F1804303F5E3
:1092D0001C33D3F80836944A117803F001034B404D
:1092E0001370FFF703FE914808F008F92846FFF7CE
:1092F000B1FD837D032B37D1284613F02DF90123CF
:1093000003FA00F0336823EA00033360DFF82092A9
:10931000DFF8208201255FE0874A52F82300002809
:10932000F4D042F823101422534303F1804303F591
:109330001C33D3F80837CEE7B8F1000F754B09DBC3
:10934000D3F85021002AE1D00022C3F85021D3F8ED
:10935000A837C0E7D3F82C21002AD7D00022C3F8C1
:109360002C21D3F8A836B6E7037BDBB9284613F0E7
:10937000F3F8012303FA00F03368B8F1000F23EA91
:109380000003336001DA882DC0D106238DF8043044
:1093900000238DF80730674B8DF806501B6801A835
:1093A0009847B3E7002DB1D15A4B0122DA64ADE7FB
:1093B00094FAA4F0D9F80020B0FA80F005FA00F38E
:1093C0001A430F28C9F8002024EA0304326840F346
:1093D000B780134200F0C580002CE9D14D4BD3F883
:1093E00000215AB1C3F80041544B1C704A4B1C7009
:1093F000012301934F4B01A81B689847454BD3F8B5
:109400005421EAB10022C3F85421D3F8041389028D
:1094100016D58DF80420D3F82025ADF80620D3F812
:10942000C034002BD9F8003014BF4FF001224FF4A4
:1094300080721343C9F800303E4B01A81B6898475F
:10944000344BD3F85821002A2ED00022C3F85821DB
:10945000D3F80044C3F80044E30508D5374B012294
:109460001A7002230193334B01A81B689847A50586
:1094700008D5324B00221A70032301932D4B01A80B
:109480001B68984760050FD52C4B1A7862B10022F3
:109490001A70204B0122C3F808259A650423019312
:1094A000244B01A81B6898471A4BD3F85C310BB3C7
:1094B0001E4B9B6813B93B7859061BD0154B0022F5
:1094C000C3F85C21D3F88034134A23F07F03137070
:1094D000336823F001133360D9F8003023F480336C
:1094E00043F00103C9F8003005230193114B01A893
:1094F0001B6898473268D9F800301A4207D00B48E9
:109500000022002308F01EF8002800F09F8003B01E
:10951000BDE8F08F007002406D9E00206C9E002020
:10952000948E0020087102406B9E0020FC1C0020DD
:10953000988E00209C8E0020307102406E9E00208C
:1095400013407FF449AF062260F07F018DF80420BC
:109550008DF806108DF80730D8F8003001A898472C
:109560003AE70623A0F110018DF804308DF80610BB
:109570008DF80750F0E718F0012314BF93FAA3F811
:1095800098FAA8F8B8FA88F8B8F10F0F18D9A8F126
:109590001005EDB22846FFF75DFC04462846FFF7AC
:1095A00051FE6368B4F814C02268984230D81B1A80
:1095B00000EB020E11466360C4F800E082462AE028
:1095C00048F080052846FFF745FC4368B0F814A032
:1095D00001689A4528BF9A4601F06043B3F1005FE5
:1095E000044604D04348524615F0FEFD4149226826
:1095F000636852442260A268A3EB0A03D20768B2F0
:10960000636033D5BAF1000F32D1002323732FE00A
:1096100011464FF0000A604525D1003B18BF0123D9
:109620001AB3504521D9012303FA08F32BEA0303A7
:10963000336006238DF804302F4B8DF8065002223C
:109640001B68A2758DF8072001A89847D6F800B0CE
:10965000D9F800301BEA03088DD1284803B0BDE8D3
:10966000F04F07F04BBF0023DAE768B2002BCCD0F5
:109670004FF08053D3F83031082B02BF204B8222A9
:10968000C3F81C2CD9F800303D70012202FA08F80A
:1096900023EA0803C9F80030236915F0080F534482
:1096A0002361174B17D1002805F00F054FF0140068
:1096B00000FB0530B5BF03EB85030A35C0F8001683
:1096C000C0F80017B5BFC0F804A6C0F804A75A60D8
:1096D00043F825201BE70028B5BFC3F8A016C3F840
:1096E000A017C3F8A4A6C3F8A4A7B4BF5A629A648B
:1096F0000DE700BFA48C00209C8E0020FC1C0020E5
:1097000000700240024B40F48070C3F818057047A7
:1097100000700240030713D400F00F0310F0800F15
:10972000084A0BBF03F5887303F5847302EB8302C9
:1097300052F8230008BF5068003818BF0120704756
:109740000020704700700240034BC3F80C0540F442
:109750008070C3F80C05704700700240002303605E
:1097600043600E4BD3F880240270D3F884244270F7
:10977000D3F88824D3F88C1442EA01224280D3F82B
:109780009024D3F8941442EA01228280D3F89824DA
:10979000D3F89C3442EA0323C38070470070024030
:1097A000014B0122DA64704700700240014B012234
:1097B0001A65704700700240014B01225A657047DC
:1097C00000700240014B1878704700BF6D9E00206A
:1097D00010B50246EFF31184402383F31288BFF3E0
:1097E0006F8F12F0B9FE0B49012303FA00F00B68EA
:1097F00023EA00030B6012F0080101BF02F00F0220
:10980000054B02F5947243F8221084F31188BFF3DC
:109810006F8F10BD988E002000700240F7B5014692
:10982000EFF31185402383F31288BFF36F8FFFF7A7
:1098300011FB0646084612F08FFE012211F0800F40
:1098400002FA00F22D4818D1036832EA03040AD064
:109850000846FFF7BDFF0323B37585F31188BFF3F7
:109860006F8F03B0F0BD2649347323EA020303600F
:109870000B6823EA02030B60EDE70B0715D4802980
:10988000204B2FD001F00F0404F2DA346400C3F847
:109890000048D3F80448D3F80478E4B244F0020452
:1098A0003C43C3F80448D3F80438154F04683B68B8
:1098B00064EA030C1CEA020FCFD013433B60002381
:1098C00033730323B3758DF807300F4B8DF80610F3
:1098D00024EA0204062204601B688DF8042001A813
:1098E0009847BAE740F2B474C3F80048D3F8044884
:1098F000D3F80478E4B244F00404D1E7948E002055
:10990000988E0020007002409C8E002038B50446DE
:10991000094D4FF0FF324FF0FF33284607F012FE9B
:109920002046FFF77BFF284607F0E8FD034B802227
:10993000C3F8042138BD00BFFC1C002000E100E09A
:10994000F8B54FF0FF324FF0FF332B4807F0FAFD28
:109950002A4B8022C3F884212720F2F72DFC98B1EE
:10996000274E284B34681B68240C24041C43012711
:1099700064BB254D40F2FF1333602720C5F8044532
:10998000F2F706FCC5F80043204A13788BB11E4B52
:109990000021C3F808110121C3F80026C3F80416FA
:1099A0005960D3F808110029FBD00021C3F8081131
:1099B0001170154B0022C3F80025FFF797FA0E48E7
:1099C00007F09CFD124B01221A70F8BD94FAA4F521
:1099D000B5FA85F50F2D2846C6BFA5F11000C0B217
:1099E00040F08000030701D4FFF718FF07FA05F5E0
:1099F00024EA0504BCE700BFFC1C002000E100E0F5
:109A0000988E0020948E0020007002406B9E0020F3
:109A10006F9E002010B504464FF0FF324FF0FF3329
:109A2000114807F08FFD2046FFF7F8FE04F00F0203
:109A3000012393400D4A14F0800F14BFD2F8101583
:109A4000D2F814156FEA030315BF0B400B40C2F8A0
:109A50001035C2F81435044807F050FD044B80223D
:109A6000C3F8042110BD00BFFC1C002000700240A0
:109A700000E100E070B50446FFF784FB68B904F02C
:109A80000F02012514F0800F144B05FA02F205D0E5
:109A9000D3F810150A43C3F8102570BDD3F8141578
:109AA0000A43C3F81425631E062BF6D8EFF311867C
:109AB000402383F31288BFF36F8F2046FFF788FEA1
:109AC000204612F049FD064A1368854023EA050343
:109AD000136086F31188BFF36F8FDEE700700240DA
:109AE000948E0020030610B5044605D4FFF712FE3D
:109AF00010B12046FFF76CFE014BC3F8184510BDAE
:109B000000700240054B0122C3F8002590F8861032
:109B100009B1DA6070471A605A60704700700040FF
:109B2000F8B50B798D7903F01F02072A1DD80C7840
:109B30000B2C15D8DFE804F00707070714061414E8
:109B40000E10141204244878032811D0042821D0C0
:109B50002A4A06E00524F6E70624F4E70724F2E79C
:109B6000274A284801210EF028FA6FF01500F8BDA9
:109B70000126488844F20A07B84239D00CD844F28A
:109B80000307B84216D044F20507B8422ED078B386
:109B90001D4AE6E70026ECE744F21407B84229D054
:109BA00044F22807B84227D044F20F07B842EFD159
:109BB000032000E000204F7914491144C3F34013FF
:109BC00081F8A0701B05110143EA042301F18041D3
:109BD00001F5E04143EA063343EA00430020C1F8BF
:109BE0001835C1F81455C1F81005C0E70120E2E7A7
:109BF0000220E0E70420DEE70520DCE72559070026
:109C00000659070094F80600495907006809002022
:109C1000F7B50D464FF0FF3363484FF0FF3207F0C2
:109C200091FC6E68731EFE2B05D9604A60480121C5
:109C30000EF0C3F912E000235E485F4F1A4626FA81
:109C400003F111F0010134D017F803C0BCF1000F8B
:109C50000CD15A4A564801210EF0B8F96FF015049C
:109C6000514807F04BFC204603B0F0BD00EB031E4B
:109C70006C7CDEF81815003C18BF012421F08071BF
:109C800041EA0461CEF8181503F1510109010132CE
:109C900040F801C0D2B20133082BD0D12B7CA3F104
:109CA0000801062916D8DFE801F01715191509155E
:109CB000130003F1510424010151ECE702233D4953
:109CC000012AC1F8F0356B7C0AD95BB13C4AADE79B
:109CD0000323F4E73B4ABDE70023F0E70123EEE767
:109CE000082B10D8C1F8F4352B6851006BB9EB681C
:109CF0008B420ED2344A00912D4801210EF070F9AA
:109D00006FF00B04ACE7314AA4E79B8903FB011118
:109D1000EDE7284BA968C3F82C162F46C3F8302668
:109D20000FCF2B4C04F174060FC63B68336000263E
:109D300026672B6827469BB30FCB04F1880585E87F
:109D40000F006567A4F8986050B3BFF35B8F57E8C6
:109D5000003F47E80062002AF9D1BFF35B8F1D493D
:109D6000D4F888501C4A4FF400400F463146E5FBBA
:109D7000007100233846CEF705F90022CDE9000135
:109D8000002304F1080008F043FC14484FF0FF32B0
:109D90004FF0FF3307F0D6FB00B12067246F5FE779
:109DA0000B48FFF7AFFEF0E7A80900207459070041
:109DB00094F8060000700040080A0020925907003D
:109DC000D1590700AC590700265A0700035A07006B
:109DD000680900203F420F0040420F00C0090020E8
:109DE00010B50E4B0024C3F80441D3F80421C3F886
:109DF0001041D3F810211222C3F804230720F2F7F0
:109E0000B9F9224601210720F2F7E4F90448836CEE
:109E100013B9403007F072FB002010BD0070004005
:109E20006809002038B52F4BD3F80421002A4CD004
:109E30000022C3F80421D3F804112B4C01219960AE
:109E4000C3F80025636F2546D3B3D4F88C30B4F83B
:109E5000982033B104F174019847012814D00228E6
:109E600028D0B4F89830B4F894209A4222D901331B
:109E7000A4F898301B4BD3F82C26D3F8341689B2AB
:109E800002EB4102C3F82C26D4F8883023B9BDE890
:109E900038401548FFF736BEBFF35B8F55E8003FEB
:109EA0005A1E45E800210029F8D1BFF35B8F012B32
:109EB000EDDC38BDD4F8883013B10C4814F0B0FE96
:109EC0000B48BDE8384007F019BBD3F81011002942
:109ED000EFD0C3F81021D3F8102101229A601A6044
:109EE0005A60E6E700700040680900207009002011
:109EF000C0090020084B70B5C31A0D4607499B10D6
:109F0000044659430648402212F069FB2B4601469D
:109F10002046BDE870401847B48E0020B76DDBB610
:109F200020F5060073B50C4C0C4A4023041B00932B
:109F30000D460B460A49A41061430646094812F033
:109F400079FB011E05DA30462B4602B0BDE87040B1
:109F5000184702B070BD00BFB48E00209DC6060039
:109F6000B76DDBB620F5060010B5EFF31184402382
:109F700083F31288BFF36F8F074A136823F002013F
:109F8000DB07116002D4012013F09AFE84F31188DC
:109F9000BFF36F8F10BD00BF048F0020002270B58B
:109FA000012104461046F2F715F90F4804F02CFC85
:109FB0000E4B984215D113F088FE26690C493046A5
:109FC0000DF0B2FB00280BDB01253564246908493C
:109FD00004F11C000DF0A8FB002801DBE564002063
:109FE00070BD6FF00400FBE7F5A005000000AD0BAD
:109FF000100D07007FB500220123CDE9022304AB39
:10A00000CDE90433094ACDF800D06B46CDF804D031
:10A0100012F03DFB002805DB4FF480420023684628
:10A0200007F090FA07B05DF804FB00BFBBC606005E
:10A0300030B4104B0C2202FB003301460020D3E960
:10A040000E529863EFF31180402484F31288BFF31B
:10A050006F8F1C6C04F0C00444F002041C6480F395
:10A060001188BFF36F8F1DB12B46034830BC1847D2
:10A0700030BC7047B48E002020F5060010B4EFF31A
:10A080001182402383F31288BFF36F8F1748016852
:10A0900041F002040460C80707D482F31188BFF3BB
:10A0A0006F8F012010BC04F09FBB4FF08041D1F8AE
:10A0B0000C04D1F80C14C907EFD5EFF3118083F32A
:10A0C0001288BFF36F8F0A490B6C03F0C00343F093
:10A0D00002030B6480F31188BFF36F8F82F3118842
:10A0E000BFF36F8F002010BCFFF7A2BF048F0020CA
:10A0F000B48E002010B1012804D07047034B1B6CB4
:10A100005B0701D1FFF794BF704700BFB48E0020FA
:10A11000024AC3B21C2003FB00207047B48E00200B
:10A120002DE9F0413849BFF35B8F0746012251E822
:10A13000003F41E800200028F9D1BFF35B8F33B91D
:10A14000324933484B60CB608A600DF000FB7B1EC8
:10A15000012B2BD8012F07D14FF08043D3F81C34AB
:10A1600003F00303012B21D014F087FB0546F8B957
:10A17000284B1B78E3B14FF080430222C3F8082339
:10A180000646DFF894804FF08044D4F81824D4F8C1
:10A190001834D20315D503F00303012B01D0012F8E
:10A1A0000FD155B386F31188BFF36F8FBDE8F081EF
:10A1B000EFF31186402383F31288BFF36F8F0125DD
:10A1C000DFE7ADB130460EF08FFDD4F81835002B27
:10A1D000DBD1D4F80421002AD7D0C4F80431D4F854
:10A1E00004310123C4F81835C8F88031A360CCE7E6
:10A1F0000021212007F04EFFE7E74FF080430222C5
:10A20000C3F80423D2E700BFB08E0020A08E002048
:10A21000D08E0020B59F002000E100E008B507487F
:10A2200014F02EF838B10648F2F7FEF90448EDF7BD
:10A23000C7FD002008BD6FF01200FBE75CF50600CB
:10A2400045A205000A2838B5074D044604D1AB687D
:10A250000D219B6A28469847AB6803489B6AE1B288
:10A260009847204638BD00BF5CF50600EFF3118229
:10A27000402383F31288BFF36F8F0A4BD3F800118A
:10A2800061B10021D3F80805C3F80011D3F80031FB
:10A29000C0B282F31188BFF36F8F70476FF00A006E
:10A2A000F7E700BF00D00040F0B5034610469C78A9
:10A2B00093F803C0EFF31182402585F31288BFF3B2
:10A2C0006F8F1F7893F801E0E41B04EA0C04A042AE
:10A2D00088BFA0B23E180CEA06063D461E7082F307
:10A2E0001188BFF36F8F0A188A4216D177450CD1B7
:10A2F000EFF31182402181F31288BFF36F8F197839
:10A30000597082F31188BFF36F8F1B79241AA3420F
:10A3100022BF064B01221A60F0BD5E190135767925
:10A3200001F8016B05EA0C05DEE700BF00D0004034
:10A33000DB432DE9F04713F001050E46144604D027
:10A340002248FFF7B1FFBDE8F0879AB3EFF3118819
:10A35000402383F31288BFF36F8F0D20F1F72CFF9A
:10A3600007460D20F1F714FF88F31188BFF36F8FB4
:10A37000DFF85CA0DFF85C80CAF80051DAF8003141
:10A380004FF400590123CAF800302546C8F88091DF
:10A39000DAF8003183B1FFF769FF031EC8F8809136
:10A3A000F6DB013DADB27355002DF1D117B10D2093
:10A3B000F1F7E0FE2046C6E7EFF31180402383F378
:10A3C0001288BFF36F8F0EF08FFCE1E7388F00200B
:10A3D00000D0004000E100E02DE9F041124F0D46B1
:10A3E000144607F1450814B92046BDE8F0814FF046
:10A3F000FF334FF0FF32384607F0A4F822462946D3
:10A400004046FFF751FF0646384607F077F83EB959
:10A410004FF0FF324FF0FF33044807F093F8E6E7C0
:10A42000A41BA4B23544DEE7088F0020208F002053
:10A4300038B5194C01221146204614F0AEF801221D
:10A44000002104F1180014F0A8F840F20743A4F822
:10A4500048304FF0706323630C2384F834300025B8
:10A460000E4B84F84550A4F84650D3F8042522F04A
:10A470000102C3F804250121C3F80051D3F80021DB
:10A48000C3F804132A4619600D20F1F7A3FE0D202E
:10A49000F1F770FE284638BD088F002000D000403C
:10A4A00010B5FFF7E3FE002820DB174B93F83220AE
:10A4B00093F8314093F83310141B31EA0404C0B20E
:10A4C0000DD193F8472093F8464093F84810141B99
:10A4D00031EA04040BD10D4B01225A600EE09C18A6
:10A4E0000132114084F8350083F8321010BD9C18F9
:10A4F0000132114084F84A0083F847100448BDE84F
:10A50000104006F0FBBF00BF088F002000D00040C5
:10A51000208F002000F1744000F5A6000A289ABFA1
:10A52000024B33F910006FF00F007047EC15070075
:10A53000024B0B6001231360704700BFE80D07005A
:10A5400000487047680D07000268154BFF2A08BFD6
:10A550004FF0FF32C3F824254268FF2A08BF4FF0AE
:10A56000FF32C3F828258268FF2A08BF4FF0FF3268
:10A57000C3F83025C268FF2A08BF4FF0FF32C3F886
:10A5800034250269FF2A08BF4FF0FF32C3F838258F
:10A590004269FF2A08BF4FF0FF32C3F83C257047DD
:10A5A00000900240054B994206D14FF0FF324FF028
:10A5B000FF33303006F0C6BF704700BF0000AD0B60
:10A5C00030B50D46416885B0B9B1D1E90013846852
:10A5D000ACB1D4E900249CB193B19C4209D15C1C7C
:10A5E000092C03780FD9124A1248009402210DF069
:10A5F000F7FC6FF0150005B030BD0B46E7E72246CB
:10A6000001331C44ECE78DF8083040F20113ADF83B
:10A610000A3002A800238DF809408DF80C308DF81F
:10A620000D5005F085FB05B0BDE83040FFF772BF67
:10A63000BF5A070054FA06002DE9F04F91B0436865
:10A640005D6B00AF804607F128020021284612F01A
:10A650007EFD041E73DBBB6A2A681979186801F055
:10A660000BFE041E6BDB002201212920F1F7B2FD55
:10A67000D8F80490D8F810207F49484605F038FBF8
:10A68000FFF748FF041E55DB7C4D0FCD07F1280472
:10A690000FC495E8030007F1040A002584E80300CD
:10A6A0007D60AB23CAE901553B71754BD3F8242576
:10A6B000D2B23A61D3F82825D2B27A61D3F83025E4
:10A6C000D2B2BA61D3F83425D2B2FA61D3F83825C0
:10A6D000D2B23A62D3F83C35DBB27B6207F1280094
:10A6E000FFF732FF012005F079FB07F11006014664
:10A6F0003046FFF729FF634B994225D12946504642
:10A70000FFF75EFF041E15DB082013F0B4FD4FF0C9
:10A71000030B9F23C7E90A55C7F810A0C7F814B068
:10A7200087F828303E63294607F12800FFF748FFE5
:10A73000041E0CDA05F070FB08B105F05BFB204647
:10A740004437BD46BDE8F08F6FF00404F2E75A4687
:10A75000514609F1300014F0FCFB18B36C468CB084
:10A7600097F804E097F805C0BE7999F8300099F899
:10A77000311099F832306A46DFF80C81D362082331
:10A78000C2E9058EC2E907C6C2E9090142F8103FD5
:10A790003E482B4644F24001EEF712FAA5466FF010
:10A7A0001204C7E7D8F80420537F023B012B11D9CC
:10A7B000157F023D022D8CBF00250125022011F0DE
:10A7C000D8FF041E08DA324A3048234601210DF032
:10A7D000FDFBAFE70125F1E7E3B2C4F34004A54276
:10A7E00001D10024A6E783F002034FF00008012006
:10A7F000A7F800807B7011F0BCFF041E1FDA254A09
:10A800002248234601210DF0E1FB234A234B002D72
:10A8100018BF13466D468AB06A462149D461C2E921
:10A8200005134FF4007313841E4B42F8103F174872
:10A8300000234FF41151EEF7C3F9AD467AE7022336
:10A840000121C7F828803F617B61C7F8308087F815
:10A850002810FE6207F128003C70FFF7B1FE041ECD
:10A8600007D1012011F085FF041ECEDBE307F8D4E9
:10A87000B7E7BFF65FAFC8E73DC7060058FC060064
:10A88000009002400000AD0BE85A070054FA0600A1
:10A890001A5B07002A5B0700C5440700E25A07005D
:10A8A000435B0700040000012DE9F74F0B460F46FC
:10A8B00046688046C1F30B0114462AB96FF01506AD
:10A8C000304603B0BDE8F08FC2F30B0252EA010537
:10A8D000F4D1002B03DBF16A1A198A4206D9314AF6
:10A8E0003148009401210DF07BFBE7E711F074FF84
:10A8F0002846D8F8049011F027FF0646D0B9DFF8B3
:10A90000ACA0D9F82C309C4218D113F040FBA346E0
:10A910000546D8F810002946FFF744FE554534D1C6
:10A92000B4EB0B045F44ECD1012011F00DFF002EBD
:10A9300008BF0646404611F03AFFC1E7B4F5803F34
:10A9400009D3BBB253B93946012005F06FFA4FF471
:10A95000803B0546DDE7B4F5805F09D3C7F30B0004
:10A9600030B9394605F062FA4FF4805B0546D0E70E
:10A970000F4A0D4800943B4601210DF031FB0D4973
:10A98000D8F810000B4DFFF70DFE07480A4A009457
:10A990003B4601210DF024FB2846FFF7BBFD064690
:10A9A000C2E700BF545B070054FA06000000AD0B7D
:10A9B0009E5B07000400AD0BBC5B07002DE9FF4761
:10A9C0000E46074641681D469046A2B19BB1042B36
:10A9D00001D9AB070FD116F003040CD1002E03DB15
:10A9E000CA6A731993420CD9394A3A4800953346DA
:10A9F00001210DF0F5FA6FF01504204604B0BDE812
:10AA0000F087384611F0E8FE204611F09DFE04461E
:10AA100030B1012011F098FE384611F0C8FEECE785
:10AA2000032D1CD83246042103A813F0ADFA0446C6
:10AA300001463869FFF7B6FD274B9C4234D12A46C0
:10AA4000414603A814F0D0FB3246042103A813F0BA
:10AA500098FA044601463869FFF7A4FD24E008F09F
:10AA60006043B3F1005F02D118F0030F2BD0DFF881
:10AA700068A0042DA94628BF4FF004094A46414664
:10AA800003A814F0B1FB3246494603A813F079FA43
:10AA9000044601463869FFF785FD544504D1B5EBFE
:10AAA0000905C8444E44E4D12046FFF733FD04466F
:10AAB000012011F049FE0546384611F078FE002CC1
:10AAC00008BF2C4699E7324629464046BFE700BFFB
:10AAD000DA5B070054FA06000000AD0B2DE9F04FD9
:10AAE000824687B00E461C46904682B1002B00F08D
:10AAF0008F800029426803DBD26A0B4493420BD952
:10AB0000444A45480094334601210DF069FA6FF03C
:10AB1000150007B0BDE8F08F754205F0030511F090
:10AB20005BFEA54228BF2546D8F1000303F00303CE
:10AB300008F0030758BF5F427F4207F00307A742B0
:10AB400028BF2746631BE41B24F0030423F00309FA
:10AB5000A145C8BFA14603F0030BC8BFA3EB040B7C
:10AB6000B9F1000F19D008EB0703721949461846CE
:10AB7000039313F009FA04460146DAF81000FFF7D0
:10AB800011FD264A944238D1BD4206D0039B4A4665
:10AB9000194608EB050014F035FBADB1C5F104070B
:10ABA000F21B042104A813F0EFF904460146DAF879
:10ABB0001000FFF7F7FC194B9C421ED104AB2A464C
:10ABC000D919404614F010FBBBF1000F1ED07219CA
:10ABD0004A44082104A813F0D7F904460146DAF8DC
:10ABE0001000FFF7DFFC0D4B9C4206D109EB05007E
:10ABF0005A4604A9404414F0F7FA504611F0D7FD24
:10AC0000204607B0BDE8F04FFFF784BC034CF4E7E3
:10AC100018467EE7245C070054FA06000000AD0BDE
:10AC2000024B0B6001231360704700BF5C8F002054
:10AC300000487047040E070007B50346054A009117
:10AC4000054801210DF0CCF96FF0150003B05DF857
:10AC500004FB00BF805C070074F9060010B50122F8
:10AC600011460748074C13F098FC03F017FE13F049
:10AC700002F9206013F0FBF86060002010BD00BFF7
:10AC8000648F00205C8F00204FF08042D2F81015B6
:10AC9000D2F8103501F01E0123F01F030B4343F0DF
:10ACA0000103C2F81035024B00221A70704700BF32
:10ACB000709E00204FF08053D3F83031082B20D104
:10ACC0004FF08042D2F81015CB071AD5D2F81035C4
:10ACD00001F01E0123F01F030B43C2F81035D2F818
:10ACE00008315BB1D2F8103523F01F030B4343F05A
:10ACF0000103C2F810356FF08B007047024B012240
:10AD00001A700020704700BF709E0020F8B50446FE
:10AD100013F0ADF8237B05460BB112F0E5FF134F9E
:10AD20000026FFF7C7FFE8B9606804F0B3FBA3682B
:10AD30005B1BA36063682B4463603B780BB1FFF738
:10AD4000A3FF237B01363BB9A368002BE9D1A068A0
:10AD5000003818BF0120F8BD304603F02DFE002852
:10AD6000F2D0F4E76FF08B00F5E700BF709E002093
:10AD700070B5037B04460BB112F0B6FF194E0125E6
:10AD8000A368032B06D8184AD2F80034DB07FBD59A
:10AD9000002070BDFFF78EFF08BB2368606819684C
:10ADA00004F098FB33780BB1FFF76EFF6368043350
:10ADB0006360236804332360A368043BA360237BA0
:10ADC0000135002BDCD0284603F0F6FD0028D7D053
:10ADD000054AD2F80034D907FBD50120D9E76FF036
:10ADE0008B00D6E7709E002000E00140F0B589B0EE
:10ADF0000E46154613F03BF829460746304611F03B
:10AE0000FAFC60B3B6FBF7F307FB136323B9B5FB9A
:10AE1000F7F407FB14545CB11F4A009533461F48F2
:10AE200001210DF0DDF86FF01504204609B0F0BDEA
:10AE3000AF42FAD84FF0FF334FF0FF32184806F018
:10AE400081FB12F045FF04AB014660B910221846A1
:10AE500014F0F2F9CDE90565FFF758FF16E0114A45
:10AE600000953346DBE710222146184614F0E4F93A
:10AE700001228DF81C200C4ACDE902200B48CDE9B7
:10AE8000056503F013FD02A803F016FD044604480F
:10AE900006F034FBC9E700BF9D5C070074F90600AB
:10AEA000648F0020805C07000DAD0500645E01002A
:10AEB00070B50D4688B01946284616461C4611F056
:10AEC0009AFC58B91D4A00942B461D4801210DF0EB
:10AED00087F86FF01504204608B070BD45EA0403FA
:10AEE0009B0703D0174A00942B46EEE7002CF2D0C4
:10AEF0004FF0FF334FF0FF32134806F023FB12F000
:10AF0000E7FE0346CDE9046504A806948BB101234E
:10AF10008DF81C300D4BCDE9023041F64C5003F05A
:10AF2000C5FC02A803F0C8FC0446074806F0E6FA90
:10AF3000D1E78DF81C30FFF71BFFF5E7805C0700B9
:10AF400074F90600BC5C0700648F002071AD050039
:10AF5000F8B505460E460D480D4C0E4F4FF0FF322A
:10AF60004FF0FF3306F0EEFABC4204D30748BDE8C9
:10AF7000F84006F0C3BA23680BB1AB4203D1636853
:10AF80003146284698470834EEE700BF441D0020AC
:10AF900044FB06004CFB06002DE9F04105460E4639
:10AFA00017460E480E4CDFF83C804FF0FF324FF052
:10AFB000FF3306F0C7FA444504D30848BDE8F04122
:10AFC00006F09CBA23680BB1AB4204D163683A46E1
:10AFD0003146284698470834EDE700BF441D00205D
:10AFE0004CFB06004CFB06002DE9F84F074688464F
:10AFF00000235DB27A5D0ABB4FF0FF3597F80090F1
:10B000003148A9F12D020021013BD2F1000E5BB2C3
:10B010004EEB020E0C460E464FF00A0A5AB272452B
:10B0200012DA002D2DDAB9F12D0F02D1644266EB50
:10B030004606C8E900460020BDE8F88F2E2A03F135
:10B040000101DBD00B46D4E7FA5C303A5FFA82FCB0
:10B05000BCF1090F03F1FF3332D802FB01FC4FEAC8
:10B06000E27B00FB0BCCA2FB00B294441BEB040B75
:10B070000AFB01F2A0FB0A015C464CEB06061144F8
:10B08000CCE7013511486DB200217B5D002BCAD0A1
:10B09000303BDAB2092A13D803FB01F24FEAE37C12
:10B0A00000FB0C22A3FB003C1B19624442EB06068A
:10B0B0001C460A2200230135CCF714FF6DB2E4E7E9
:10B0C0006FF01500B8E700BF00CA9A3B00E1F50534
:10B0D00010B50C46FFF788FF002808DBD4E9000113
:10B0E000034A0023CCF7FEFEC4E90001002010BD96
:10B0F00040420F002DE9F04707468A4600244FFAE8
:10B1000084F917F8093013B96FF015004EE02E2BB3
:10B1100004F1010201D01446F1E7B9F1000FF3DDAB
:10B12000B9F1010F05D007EB090313F8023C352BE9
:10B13000EAD8E4B20021661C294876B20D4688465A
:10B14000BB5DABBB013C274ADFF89CC064B2032166
:10B150000A26A9EB0403032B3B5DA3F13003D8B20D
:10B1600004BF6246E8210928CED803FB01F04FEA6C
:10B17000E37E02FB0E00A3FB023E5B1904F1FF34E9
:10B1800070441D4664B206FB01F3A2FB062140EBAE
:10B1900008081944631CDCD14FF47A720023284656
:10B1A0004146CCF7EFFECAE900010020BDE8F08778
:10B1B000303BDAB2092AA7D803FB01F24FEAE37C5D
:10B1C00000FB0C22A3FB003C5B19624442EB080825
:10B1D0001D460A2200230136CCF7D4FE76B2AFE733
:10B1E000AA505763AA2669E10010A5D410B50C46F1
:10B1F000FFF7FAFE002808DBD4E90001034A002328
:10B20000CCF770FEC4E90001002010BD35A91D0077
:10B210007FB51F4B00241B88ADF8003006460D4655
:10B220008DF80240EAF72AFB052803D86FF01500D5
:10B2300004B070BD3388ADF8003001AA0A21684619
:10B2400011F062FB0028F1DB019B172BEED82B706D
:10B250007388ADF8003001AA0A21684611F054FB4A
:10B260000028E3DB019B3B2BE0D86B7002A9301D6B
:10B27000FFF72EFF0028D9DB029B4EF66022934297
:10B28000039A72F10002D1D26B802046D0E700BF52
:10B290008102070073B51F4B00241B88ADF80030F6
:10B2A00006460D468DF80240EAF7E8FA062803D074
:10B2B0006FF0150002B070BD3388ADF8003001AA00
:10B2C0000A21684611F020FB0028F1DB019B5A1E81
:10B2D0001E2AEDD82B717388ADF8003001AA0A211F
:10B2E000684611F011FB0028E2DB019B5A1E0B2A75
:10B2F000DED86B71B388ADF8003001AA0A21684628
:10B3000011F002FB0028D3DB019B632BD0D8AB717B
:10B310002046CFE781020700092973B50546144688
:10B3200003D86FF0150002B070BD83681B78562BF0
:10B3300058D0412BF5D102F12C0640683146FFF779
:10B3400067FF0028EDDB2B691B784E2B01D0532BB8
:10B35000E7D1AB691B78452B01D0572BE1D1E868C9
:10B360002146FFF7C7FE0028DBDB686904F108010E
:10B37000FFF7C0FE0028D4DB296909784E29D4E9FB
:10B38000003202D05B4262EB4202C4E90032A9699A
:10B3900009784529D4E9023202D05B4262EB4202CD
:10B3A000C4E902326946E869FFF720FF0028B8DBEC
:10B3B000DDE90032002AB4DC6361286A6946FFF7E0
:10B3C00087FE0028ADDB084A009B01999A424FF0A6
:10B3D00000028A41A5D32361686A3146FFF75AFF0C
:10B3E00000289EDB00209EE73F7E0500F8B506465C
:10B3F00007690C46EFF31185402383F31288BFF3EE
:10B400006F8F00223E23114611F08DFC00280EDBC9
:10B4100007F50561304611F00FFD002807DBD7F86E
:10B420005468002323603246717A994204DC85F324
:10B430001188BFF36F8FF8BDD2F80E10C90709D578
:10B44000917A062909D8064840560028EFDB216882
:10B450000143216001330832E6E76FF01500E6E7AB
:10B46000835D0700F8B5044606690D46EFF31187C2
:10B47000402383F31288BFF36F8F002224231146E9
:10B4800011F051FC002810DB06F50561204611F093
:10B49000D3FC002809DBD6F854381B7A0A2B09D8CC
:10B4A000064AD056002800DB287087F31188BFF3C6
:10B4B0006F8FF8BD6FF01500F7E700BF8A5D0700DA
:10B4C0002DE9F843064605698846EFF311874023C6
:10B4D00083F31288BFF36F8F00223E23114611F0D1
:10B4E00022FC041E7ADB05F505694946304611F059
:10B4F000A3FC041E72DBD5F85448002394F809C05D
:10B500002246184619469C451FDC3420F1F7D6F830
:10B510000623C370054600F049FA002213460124B1
:10B5200004FA02F111F05F0F3FD011EA080F14BFC7
:10B5300001200020082923DC0139072924D8DFE86D
:10B5400001F0265423592323235E957A062D64D8CF
:10B55000DFF8CCE01EF90550002D5EDB15EA080F80
:10B5600005D0D57A2944157B284489B280B2257A42
:10B570008D4252D3854202F108024ED30133C2E715
:10B58000042A41D0062A44D06FF0150423E005EBCD
:10B59000C3014FF0000C81F804C005EBC30C40F46C
:10B5A00080300133CCF80800DBB20132082AB7D171
:10B5B0003E2334222946304611F0B5FB041E0ADB37
:10B5C0004946304611F038FC041E04DB4FF440308D
:10B5D000002106F05FFD2846F1F78AF887F311880D
:10B5E000BFF36F8F2046BDE8F88305EBC3014FF032
:10B5F000060CD0E705EBC3014FF0020CCBE705EBDF
:10B60000C3014FF0030CC6E705EBC3014FF0050C77
:10B61000C1E705EBC3010C71BFE76FF01504DDE76F
:10B62000835D0700F0B50546076989B00C46EFF366
:10B630001186402383F31288BFF36F8F684600F0B2
:10B640009DF9032C20D8124B1C57002C15DB24230A
:10B650001A46694628468DF8024011F064FB041E24
:10B660000BDB07F50561284611F0E6FB041E04DB41
:10B670004FF44030002106F00DFD86F31188BFF332
:10B680006F8F204609B0F0BD6FF01504F5E700BFDD
:10B69000955D07002DE9F04104468EB000214FF47E
:10B6A000004006F0F7FC2069039400F1580304936E
:10B6B00003A91823ADF8143011F009FB0028C0F2DB
:10B6C0008180204611F017FB2069039000F5896303
:10B6D00004934FF48073ADF81430744B0693022337
:10B6E0008DF81C3000F5A9630A932023ADF82C30A7
:10B6F0006F4B0C930025032303A900F542700895B6
:10B700008DF82450ADF83430FBF7ECFF002859DBFE
:10B710002069039000F23C6300F24472049303A991
:10B720004FF4847300F5B960ADF814300692ADF8AB
:10B730001C30FCF75DF9002844DB206911F02EFB7A
:10B7400000283FDB63685B4F5E6857F8041B2046A8
:10B7500011F03AFB00280CDB02223146204611F0A2
:10B76000E6FB10B10135092DEFD13146204611F02D
:10B770002BFB0821204611F002FC00281BDB266968
:10B78000EFF31185402787F31288BFF36F8F03A86B
:10B7900011F02BFC0823062203A9204611F0C3FA5E
:10B7A000031E12DA85F31188BFF36F8F424A4348B4
:10B7B00001210CF00BFC0921204611F0E0FB0028D0
:10B7C000F9DB00200EB0BDE8F08106F505612046EA
:10B7D00011F032FB034685F31188BFF36F8F002809
:10B7E000E4DB63680A225968204611F0A0FB031EBF
:10B7F00001DA334ADBE72569EFF3118687F3128814
:10B80000BFF36F8F01A811F0FDFB01238DF8063007
:10B810002C4B1A889B78ADF808208DF80A3002AFBF
:10B820004FF0000805F5056517F8013B8DF8053068
:10B830000322012301A9204611F075FA031E2DDB16
:10B840002946204611F0F8FA031E27DB08F101080B
:10B85000B8F1030FE8D11C4A10685168128903AB94
:10B8600003C34FF000088DF806801A8003AF17F865
:10B87000013B8DF805300322012301A9204611F078
:10B8800052FA031E0ADB2946204611F0D5FA031EA0
:10B8900004DB08F10108B8F10A0FE8D186F311883A
:10B8A000BFF36F8F002B86DA084A80E7551B002014
:10B8B0000C0E0700500E0700FE5C070094FA06000D
:10B8C000245D070084020700785D07004E5D0700D5
:10B8D00070B4BDF81040039D7CB3B4F5807F03D8ED
:10B8E000052A05D0062A08D04FF0FF3070BC7047FB
:10B8F000012BF9D8022C20D0F6E7082B16D8082BFC
:10B90000F2D801A656F823F049B9050059B9050047
:10B91000E9B80500E9B8050051B90500E9B8050026
:10B92000E9B80500E9B8050045B90500242B11D098
:10B930003E2BD9D1261F7607D6D1CDE9035470BC52
:10B9400010F038BB062CD6E7012CF6D0142CD2E729
:10B95000042CD0E7242CCEE7032CCCE74FF40C6367
:10B960000122C0E90023044B4FF41641C0E9021341
:10B97000002303828374704707002300084A0023D2
:10B98000C0E90023074A83610121C0E90212064A87
:10B9900083834FF0641CC0E904C28377704700BF03
:10B9A000FF050003050364005E01003C70B54FF421
:10B9B00044530380C678084C312383700022031D52
:10B9C000964200DC70BD94E8030003EBC20585E8F5
:10B9D00003000132F4E700BF480E0700F0B54068ED
:10B9E000057B01F01F0444EA4514056987B0002D6A
:10B9F00064D0B2F5001F00F1100506D1214628469B
:10BA000012F02AFA002007B0F0BD01AE0027B2F50F
:10BA1000800F0197776039D1B3F1007F14BF052300
:10BA200004238DF804300023CDE904630393836875
:10BA300023FA01F111F001011AD1B2F1A07F17D15F
:10BA400004F01F03620903F5E0732AD0012A3BD1F9
:10BA50001F4A52F82330DB070AD40DF103063246A1
:10BA60002146284603F070FB1A4B98421CD00296E0
:10BA700003AA2146284603F029FA174B984220D101
:10BA800001222146284603F0C3FBBBE7B3F1C06F98
:10BA900005D0B3F1007F14BF01230223C1E70323C4
:10BAA000BFE74FF0A042D4E73146284603F0AAFB97
:10BAB000094B9842DBD06FF00B00A4E76FF08500D4
:10BAC000A1E76FF015009EE751F82330FFDE00BFBD
:10BAD000000300500400AD0B0000AD0B38B5456805
:10BAE0002B69B3B11035284603F07CFB044680B9BE
:10BAF0000146284603F042FB084B98420BD1084907
:10BB00002246284603F01AFB224605210620F0F7BC
:10BB100061FB002038BD6FF00400FBE70000AD0BB7
:10BB200025BB0500420970B5034602D0012A17D093
:10BB300070BD0D4E326951680029F9D003F01F0322
:10BB400001250C689D400029F2D08A682A4002D065
:10BB50004B68304698472CB1236821461C46F2E7D3
:10BB6000024EE7E72346F8E748F5060034F50600FD
:10BB70002DE9F043466840F20635D006337B87B0A6
:10BB800002EA050554BFC2F34010032001F01F076D
:10BB9000B5F5837F144647EA43178DF8030044D078
:10BBA0000FD8062D18D007D8B5B1022D3FD06FF0B1
:10BBB000150007B0BDE8F083B5F5807FF7D101250A
:10BBC0000AE040F20222954233D0B5F5407F32D0F0
:10BBD000B5F5007FEBD1022522032ED57268012333
:10BBE0008B40C2F80835326992BB07F01F037F090A
:10BBF0002BD0012F79D13F4A02EB830284F48033AA
:10BC0000D2F80017C3F30043C4F3404444EA4304AA
:10BC100021F4E16144EA800421F0070144EA0523AC
:10BC20000B43C2F800370020C3E70725D4E70425FB
:10BC3000D2E70525D0E70325CEE7630341BF012303
:10BC400072688B40C2F80C35CDE74FF0A042D3E7C5
:10BC500010360DF102023946304603F075FA14F43D
:10BC6000403F80460CD13946304612F0F3F8224B63
:10BC70009845D8D19DF80210304603F0BDFAD2E7BE
:10BC800001AB4FF0000903AA39463046CDE904392B
:10BC9000CDE90199CDF80C9003F018F9164B9842B4
:10BCA00085D114F4003315D09DF803308DF80E3093
:10BCB00084F48034C4F300444B4603AA394630462A
:10BCC0008DF80C508DF80D4003F0BAF90A4B9842EC
:10BCD000CDD06CE7CDE9043303AA0DF10303394657
:10BCE0003046039303F0F2F8F0E703F5E07352F8FF
:10BCF0002330FFDE000300500000AD0B02780B691B
:10BD0000012A08D0022A08D04AB9064A5A6303F128
:10BD10001C0005F0F3BB044AF8E7044AF6E7044ABE
:10BD2000F4E700BF0000AD0B0100AE0B0200AE0B4C
:10BD30000100AD0B2DE9F04FD0F81090D0F8048041
:10BD400085B005460C461746029309F1040A4FF0E8
:10BD5000FF324FF0FF33504605F0F4FB09F11C0BA6
:10BD600000230022584605F0EDFB404604F046FC57
:10BD70007B1E00260393B74201D8002322E0039BD9
:10BD8000217AB34283BF237D83F00403C3F380038E
:10BD900000230193029B0093D4E90023284600F07E
:10BDA0008FF8034670B94FF480420023584605F0DF
:10BDB000C9FB98B1404604F031FC284600F06EF80B
:10BDC0006FF004034046029304F028FC504605F04F
:10BDD00095FB029B184605B0BDE8F08FD9F83430CA
:10BDE000034A934204F10C04EAD10136C3E700BFD1
:10BDF0000000AD0B98B5044640682346826900AF49
:10BE000000F1080104F0B6FB0E4B984217D02368EE
:10BE10006C4688B06A460C49C2E905134FF40073BA
:10BE200093830A4B42F8103F094800234FF4E25134
:10BE3000ECF7C6FE6FF00F00A546BD4698BD00208A
:10BE4000FBE700BF0000AD0BF65D0700030000013B
:10BE50009CF9060008B5CA07436800690AD4C1F313
:10BE60004202012A09D0022A0FD00A4A0A480121B7
:10BE70000CF0A3F86FF0150006E01B684FF0CC72D1
:10BE8000C3F824250160002008BD1B684FF0CD6277
:10BE9000F6E700BF165E07009CF9060008B5436888
:10BEA0001B68D3F80805D3F80C1504F0D1FF034B39
:10BEB000984214BF6FF00F00002008BD0000AD0BCA
:10BEC0002DE9F04186B00C4647689DF83480154650
:10BED000002112220DF106001E4613F0ADF9BDF847
:10BEE00030208DF8052004F0010314F008028DF8CD
:10BEF00004300296049509D0124A134801210CF02F
:10BF00005CF86FF0850006B0BDE8F081A10705D4AC
:10BF1000B8F1000F11D1002BF3D1202201A938462E
:10BF200004F098FB094B984209D00B3398420CBFA0
:10BF30006FF00F006FF00400E5E74022EEE700200D
:10BF4000E1E700BF285E07009CF906000000AD0B8A
:10BF500008B5CA0743680AD4C1F34201012909D0D0
:10BF600002290ED0094A0A4801210CF026F86FF088
:10BF7000150005E01B684FF0CC72C3F824250020A3
:10BF800008BD1B684FF0C862F7E700BF165E0700E8
:10BF9000A4F90600F8B544680669E36900AF0546F0
:10BFA0009847206A11F0C3F800281FDB3346134A74
:10BFB00004F10801204604F069FC114B984217D0A7
:10BFC0006C4688B02B686A460E49C2E905134FF4E7
:10BFD000007393830C4B42F8103F0C4800234FF43E
:10BFE000E251ECF7EDFD6FF00400A546BD46F8BD4B
:10BFF000204604F085FC0020F8E700BF4DC0050096
:10C000000000AD0BF65D070003000001A4F9060077
:10C0100070B544682368D3F80855D3F80C652046FA
:10C0200004F07EFC3146284604F012FF0546206AE3
:10C0300011F07DF8204604F063FC034B9D4214BFD1
:10C040006FF00F00002070BD0000AD0B0378012BD6
:10C0500008D0022B08D04BB9054B0B6301F1180037
:10C0600005F04CBA034BF8E7034BF6E7034BF4E754
:10C070000000AD0B0100AE0B0200AE0B0100AD0BDA
:10C080002DE9F04F8DB002AFD0F804B0D0F8108099
:10C09000BA6014221D460646BBF81830D8F834A002
:10C0A000FB600C46B818002113F0C6F87D754FF000
:10C0B000FF324FF0FF33404605F044FA08F1180311
:10C0C0007B600022002308F1180005F03BFA4FF0D6
:10C0D00000094D46BB68994501D300243FE0207A12
:10C0E000020700F1AB80BB68216809F1010999459D
:10C0F0000AD2830708D4237D80EA030202F00102FA
:10C1000003F004031A4307D025B901F06043B3F1EB
:10C11000005F36D0002300E001236268D7F80CE00E
:10C1200005EB020CF4451ED96C468CB0316802ABAD
:10C13000DA61FA684348C3E9082140F203521A85DC
:10C140001A46C3E90505404B42F8103F3F4800231B
:10C150004FF45151ECF734FDA5466FF01B044046F7
:10C1600005F0CCF922E0C00705D40AEB05003B60DE
:10C1700013F03AF83B6862682A4495B2002B47D125
:10C18000CDB923683B6263680025227ABB6102F067
:10C1900001013975BBF82410994210D22C4A009144
:10C1A0002A4801210BF01CFF6FF01B0420462C379E
:10C1B000BD46BDE8F08FC7F820A02B46E5E782F02A
:10C1C0000202C2F34002520107F11401584604F082
:10C1D000C5FB204B984205D00B3398420CD16FF031
:10C1E0000F04BCE74FF480427868002305F0AAF9F9
:10C1F00028B13046FFF70CFF6FF00404AFE7D8F822
:10C200003030144A9342F7D1237ADB0702D4002559
:10C210000C345FE73B6A9A45F9D1234608E0A91A36
:10C22000D8683B608DB21AFA81F112F0DDFF3B68ED
:10C230005A689542A3F10C03F1D2E8E76FF0850448
:10C240008DE700BF4E5E070006000001A4F906005E
:10C25000195F07000000AD0B036803F01F025B09C4
:10C26000026004D0012B034818BF002070474FF034
:10C27000A0407047000300502DE9F04FDFF8949183
:10C28000DFF894A185B01546834600EB810140F2AA
:10C29000FF18594503D1002005B0BDE8F08FDBF849
:10C2A00000305E04C3F3C322C3F3080400F1AC8082
:10C2B0005B0C19F80270444508BF4FF0FF34222B85
:10C2C00000F2A580DFE803F012191F22252B22A31C
:10C2D000A3A3A33B68A3A3A3A3A3A3A3A3A36B812B
:10C2E0008487A3A3A38A9194979A9D00C5F80C45CF
:10C2F000601C5ED10BF1040BCBE7C5F81445621C42
:10C30000F8D000265FE0C5F80845F1E7C5F810450C
:10C31000F5E7631CC5F80845ECD0002604E0661C70
:10C32000C5F80C45E6D0012603A80394FFF794FF57
:10C33000039B012202FA03F3C0F80C3508E0C5F8AC
:10C340000845002FDBD1631CD4D0002632460627D7
:10C35000DBF80030019303F40040002818BF0022EE
:10C3600003A8009218BF01260394FFF775FF039CF2
:10C37000019B009A00EB8400C3F3412CD0F80047E6
:10C380003B0243EA8C03134304EA0A04234343EACF
:10C390004603C0F80037ADE7C5F80C45D1E7C5F84E
:10C3A0006045601CDBF80030A4D0C3F30043002BD1
:10C3B000B9D003A80394FFF74FFF039B012606FAA9
:10C3C00003F3C0F808353246C2E7C5F86445E8E72C
:10C3D000C5F86845E5E7C5F86C45E2E7C5F82445CA
:10C3E000621C87D000220126B2E7C5F828457FE706
:10C3F000C5F83045F4E7C5F83445F1E7C5F83845E8
:10C40000EEE7C5F83C4573E76FF0150044E76FF0C1
:10C41000850041E77B5F0700F0F8FCFF036803F04D
:10C420001F025B09026004D0012B034818BF0020E3
:10C4300070474FF0A04070470003005002480021B1
:10C44000C2E90001002070470024F4002DE9F0410A
:10C4500082B04568AE6B00AF04463A1D00213046FD
:10C4600010F075FE002854DB7B6832681979186873
:10C47000FFF702FF00284CDB002631464FF0010891
:10C480002B6801F5AC7253F82230002B0EDB7B6079
:10C49000381DFFF7C3FF7A68D0F80435D34013F096
:10C4A000010318BF08FA01F33343DEB20131042956
:10C4B000E6D1002301206268916A00FA03F2324259
:10C4C0000CBF01220022D20321F813200133042BD8
:10C4D000F1D100231A4605F10801284603F04CF972
:10C4E0000F4B984219D023686C4688B06A460D49B4
:10C4F000C2E905134FF4007393830B4B42F8103FCE
:10C500000A4800234FF4E251ECF75AFB6FF00F009A
:10C51000A5460837BD46BDE8F0810020F9E700BF19
:10C520000000AD0BF65D0700030000014CFA0600A9
:10C530002DE9F341BDF820E04668046903290D4662
:10C540000EF0010E06D94D4A0B464D4801210BF065
:10C550003DFD18E0B17F012908BF5B084FF00101E4
:10C5600008BF520801FA05FC002B5FD09A4260D93F
:10C570002768BA421BD0277937EA0C0708D0414A0E
:10C580003F480BF01AFD6FF0150002B0BDE8F081D6
:10C590001146B1F5004F41D222606771326896F8BA
:10C5A0001E80C2F80C75C2F80485C2F808156279BD
:10C5B00023FA02F292B2012140688EF00107806AEC
:10C5C00042EAC73220F815205FFA8CF700293ED1E5
:10C5D000326805F5AC7552F82520002A0FDBBEF154
:10C5E000000F47D0B3FA83F35B0933BB01A8019274
:10C5F000FFF714FF019A01239340C0F80C3521790D
:10C6000021EA0701217131B3A3795BBB0023012229
:10C6100006F12801304603F0D5F821E00137082F54
:10C620004FEA5101B5D11346174A8EE719461A460B
:10C63000C2E7002147F6FF72BEE701A80192FFF7AB
:10C64000EDFE019A01239340C0F80835D7E723791E
:10C650003B432371D8E7304603F0F2F80123A3717E
:10C66000002092E70023A371304611F088FC0028D7
:10C67000FAD0CBE7003B18BF0123B6E7835F070082
:10C680004CFA0600985F0700AD5F070038B570B13F
:10C69000074C084A4FF400450021E0FB0541002308
:10C6A0002046CBF76FFCBDE8384005F0F3BC38BD41
:10C6B0003F420F0040420F00F8B5446800AF054606
:10C6C00010F058FDA06A28B90021284610F0C7FDD7
:10C6D000BD46F8BD11F0D4FD0346B0B9A26A6C4660
:10C6E00088B011686A461648C2E905014FF4007126
:10C6F0009183144942F8101F13484FF4E251ECF7AC
:10C700005FFA6FF01200A546E2E7E38DA06A94F8A5
:10C710002C1043F400320669D0F808C013F0010F62
:10C720004FF00104336804FA01F414BF2343A34318
:10C730003360DCF8003098470028C5DAC8E700BF4E
:10C74000ED5F0700030000015CFA06002DE9F341EC
:10C7500043681B6804469847051E05DA404A41486D
:10C7600001210BF02AFC10E025692B6ADE6880238A
:10C770001A4612212046B04700280ADA3A4A3948B8
:10C7800001210BF01AFC6FF00405284602B0BDE849
:10C79000F08148F6B80011F06EFD2B6A0DF107022A
:10C7A0009B680F21204698470028E7DB9DF807305B
:10C7B0006A2BE3D10021204610F009FE0028DDDBC2
:10C7C0002A4BEB602669336ADF681023F022194692
:10C7D0002046B8470028D1DB0C27B7840421204627
:10C7E00010F005FE0028C9DB214BEB612669336A96
:10C7F000F022D3F80C80112110232046C0470028D6
:10C80000BCDBF7842B6A0722DE680A21002320465E
:10C81000B0470028B2DB2B6A4622DE68122144238F
:10C820002046B0470028A9DB2B6ADE6810231A4691
:10C8300015212046B0470028A0DB2B6ADD68802345
:10C840001A4616212046A847002897DB204600F00C
:10C8500067F8051E01DA074A81E7002595E700BF62
:10C860006460070084F806008460070000007442DA
:10C8700000B888459E60070008B50269436805490D
:10C880001162586811F0FCFC00280CBF6FF0120018
:10C89000002008BDA01007002DE9F3414568D0F83D
:10C8A0001080EB6804460F4616464BB91A481B4ADF
:10C8B00001210BF082FB6FF0850002B0BDE8F08132
:10C8C0000021284610F0C2FEC8F83C600EB3C8F83C
:10C8D00038706068012110F0B9FEE8682D7C0669A7
:10C8E000836801A95B68984740B9019B32685A4048
:10C8F0000123AB401A4214BF01200020002808DDAC
:10C9000025696068002110F0A1FE05F1400004F0E7
:10C91000DBFF0020D1E700BF84F80600D5600700E8
:10C92000F8B5466805690446F06811F0A9FC38B905
:10C930002748284A01210BF040FB6FF01200F8BD98
:10C94000738AF068317C43F48032D0F810C0D0F89C
:10C9500008E013F0010F4FF00107DCF8003007FA90
:10C9600001F714BF3B43BB43CCF80030DEF8003086
:10C970009847337C184A012707FA03F3C5E90C23CB
:10C98000F0688368DB6905F12C013BB9134A01218A
:10C990000F480BF012FB6FF00400D0E73A469847BF
:10C9A0000028F3DB2B6ADE6803231A460D2120469C
:10C9B000B047002802DA0A4A3946E9E7094BAC6277
:10C9C0006B646068394610F041FE0020B7E700BF95
:10C9D00084F80600EC60070091D6060002610700AB
:10C9E0001F610700ADD60600F0B54B79012B26D0AC
:10C9F000032B21D110258B79032B1DD1CE790EB1BC
:10CA0000012E19D10A7912B1022A15D10E220B6812
:10CA10004468B3F5164F276867D02DD8B3F5165F75
:10CA200066D016D8B3F5966F64D00AD8B3F5967F62
:10CA300063D0B3F5167F63D06FF0850054E0002516
:10CA4000D9E7B3F5166F5ED0B3F5965FF4D1384BE6
:10CA50003CE0B3F5E14F59D007D8B3F5615F57D04B
:10CA6000B3F5964FE8D1334B30E047F61224A3429A
:10CA7000E2D14FF4000329E0B3F5613F4AD013D867
:10CA8000B3F5963F49D009D84DF6C024A34246D00D
:10CA9000B3F5614FD0D14FF46B0317E0B3F5E13F2D
:10CAA000CAD14FF0EB7311E0B3F5612F3AD008D83B
:10CAB000214CA34239D0B3F5E12FBDD14FF0E8634B
:10CAC00004E01E4CA342B7D14FF080530469C7F86D
:10CAD0002435436835431B682A43C3F86C2503C9D2
:10CAE000231D83E803000020F0BD4FF41D03EDE794
:10CAF000134BEBE74FF49E23E8E74FF4A033E5E751
:10CB00004FF41C33E2E74FF41D23DFE70D4BDDE765
:10CB10000D4BDBE74FF06C73D8E70C4BD6E74FF4C7
:10CB20006503D3E74FF07063D0E74FF08063CDE744
:10CB300000B0130000A04E0090D0030040420F0050
:10CB40000050270000C0750000F03A0000903A0144
:10CB50002DE9F7438046002201210220EFF73AFB3E
:10CB60000220EFF707FBD8F80470D8F810603C6893
:10CB70000021C4F80015C6F80080D7F80C9001AA6F
:10CB8000484610F0E4FA051E1FDB019BD9F800208F
:10CB900019791868FFF770FB051E16DB311D40463A
:10CBA000FFF722FF054680B97B6899071DD506F17E
:10CBB0001C0002F03DFD214B98420AD0204A21483A
:10CBC00001210BF0FAF96FF00405284603B0BDE827
:10CBD000F083307F04F10C0204F5907111F0A3F89A
:10CBE000337F0120984002F053F80823C4F8003541
:10CBF0003B7A53B9C4F81031D4F81031B369C4F892
:10CC000034350123C4F8383523607B689A075CBF4C
:10CC10004FF48073C4F804337B68DB0644BF4FF4E1
:10CC20008003C4F804337369C4F844350023C4F89E
:10CC300048350123A360E360C7E700BF0000AD0BE8
:10CC4000466107008CFA06002DE9F04104460769A9
:10CC50000D4611F012FE4FF04008B0B91F4B1B7883
:10CC60009BB16426606810F0FEFDF0B9012011F060
:10CC700058F8013EF6D10021212005F00BFAF0E72B
:10CC800081F31188BFF36F8FF5E7EFF311810E4643
:10CC900088F31288BFF36F8F606810F0E4FD80B9ED
:10CCA00081F31188BFF36F8FEFE7EFF311810E4629
:10CCB00088F31288BFF36F8F606810F0D4FD0028EE
:10CCC000DED07B691D7079690122204610F00CFDD1
:10CCD00086F31188BFF36F8FBDE8F081B59F002008
:10CCE0002DE9F04383B045680669D5F8208000AF90
:10CCF0003A1D0021404610F02AFA041E1ADB7B6818
:10CD0000D8F8002019791868FFF7B6FA041E11DB6D
:10CD1000696A481C1BD005F1280000F023FB10F1C4
:10CD2000130F04460BD1314A3148012110F044FE63
:10CD30006FF0120420460C37BD46BDE8F083411D5C
:10CD400005D12C4A2A48012110F036FEF2E7EB69A2
:10CD50009847B5684FF00108D6E9023203EBC203E9
:10CD60009D4204D3304610F055FE0024E2E72868C7
:10CD700011F086FA0346B0B92A68297910686C4622
:10CD80008AB06A461C4DD1614FF4007111841B4971
:10CD9000C2E9055042F8101F15484FF41151EBF746
:10CDA0000FFFA546C4E728682979EB88D0F810C0A2
:10CDB000D0F80890DCF80040DA0754BF43F4B01311
:10CDC00083F4D01323F4801208FA01FEDB074CBF72
:10CDD00044EA0E0424EA0E04CCF80040D9F80030EE
:10CDE0009847041EA6DB0835B6E700BF836107003D
:10CDF0007CFA0600AE610700CB6107000400000169
:10CE00007FB50546406829698A6D0B6E0ABBABB1D8
:10CE10004C6D8B6616461A46C96D0291CDE90046E7
:10CE200011B3002B18BF134600226946039303F089
:10CE3000CDF90E4B98420AD06FF004032C6923649D
:10CE400004F1280004F05AFB002384F86C3004B08D
:10CE500070BD4C6D13B19A4228BF1A46002C8A66E9
:10CE600014BF16460026D7E70B46DDE70000AD0BE2
:10CE700038B503780C4663B98D6E5DB94B6E1C698D
:10CE80006FF07303236404F1280004F037FB84F887
:10CE90006C5038BD8B6D33B19D4213D9224A234863
:10CEA000012110F089FD236EA26E33B19A4221D97F
:10CEB0001D4A1E48012110F07FFD606EBDE838401C
:10CEC000FFF79EBF5B1B8B6573B94B6C08334B64DC
:10CED0008B6C013B8B6401F1580204F14400483132
:10CEE00010F071FD6065DEE74B6D002BDBD02B444D
:10CEF0004B65D8E79B1A23667BB9E36C0833E36480
:10CF0000236D013B236504F1600204F1500104F13B
:10CF10004C0010F058FDE065CFE7E36D002BCCD05E
:10CF20001344E365C9E700BFEF6107007CFA060020
:10CF30002DE9F04F8BB000AFC7E9023243687B6048
:10CF40008B8804699E048046894630D44FF0FF32B6
:10CF50004FF0FF3304F1100004F0F4FAC4F8049029
:10CF6000D8F810A0D8F804B09AF86D3023B1DAF8E8
:10CF70000030994500F0DD80B9F8046016F40063D4
:10CF80001CD0B34AB348012110F016FD6FF085059F
:10CF900023689B8813F4005304D1636004F11000EC
:10CFA00004F0ACFA28462C37BD46BDE8F08FA369E3
:10CFB000002BCBD163689942C8D1D1E7F50716D5CC
:10CFC0006D4688B0D8F800106A46A348C2E905014A
:10CFD0004FF400719183A14942F8101F9D484FF40E
:10CFE000E251EBF7EDFDAD466FF01505D0E73007E8
:10CFF00005D59B4A9748012110F0DEFCF4E7C6F303
:10D000004513082B01D0974AF4E7D9F80050964B06
:10D010009D4201D8954AEDE70BF1080EBEE80F00DE
:10D0200007F1140CACE80F00DEF80030CCF800304B
:10D030008F4B9D4254D98F4B9D4254D98E4B9D426C
:10D0400054D98E4B9D4254D98D4B9D4254D98D4B12
:10D050009D422CBF4FF000454FF08045B107FD6168
:10D0600006F004034BD5002B14BF0323022387F8DB
:10D070002030C6F3001387F82130DBF80030D3F8F6
:10D08000083516F0020F4FEA5312C6F3400103F0C1
:10D090001F033BD1BAB3012A40F03C817A490122F7
:10D0A00002FA03F3C1F80C359AF86D302BB15846EB
:10D0B00003F054F800238AF86D30744A534607F1A0
:10D0C0001401584603F016F8714A904203462BD0DB
:10D0D000704A604801210AF079FF6FF0040557E7B4
:10D0E0004FF00075BAE74FF08065B7E74FF0006585
:10D0F000B4E74FF08055B1E74FF00055AEE7003B85
:10D1000018BF0123B3E74FF0A041C8E74AB1012A95
:10D1100040F003815C49012202FA03F3C1F80835AB
:10D12000C2E74FF0A041F6E701238AF86D30CAF854
:10D130000090012384F86C307B68596A4A1C0AD03D
:10D1400003F1280010F090FC743004D1524A414899
:10D15000022110F031FCFB68002B40F0A1806364D9
:10D160000023A36404F1580204F1480104F14400CF
:10D1700010F029FCBB686065002B40F09A80E364E6
:10D180000023236504F1600204F1500104F14C0016
:10D1900010F019FCE06520680023236448B183681F
:10D1A0003BB10121083010F021FC2368186911F00F
:10D1B00062F84046FFF724FE0022A06C134683422B
:10D1C00040F080800023256D1946A94240F08180FF
:10D1D0009342264638BF13464FF4FA5202FB03F53A
:10D1E00056F8283B4FF4004C1B68B5FBF3F540F2B2
:10D1F000E730C83500214FF47A720023E5FB0C01BB
:10D20000CAF7C0FE02460B46304604F09BF90028E0
:10D2100066D0224A0F48012110F0CEFB4FF00009E2
:10D220007868C4F8689002F099FF84F86D90D8F897
:10D2300010506FF07308C5F8408005F1280004F025
:10D240005DF985F86C90304604F0A2F945464BE054
:10D250000D6207007CFA0600276207000300000148
:10D26000496207006862070047E80100976207000B
:10D270008FD003001FA107003F420F007F841E00D4
:10D28000FF083D0000127A000003005071CE050037
:10D290000000AD0BC8620700EF62070019630700CA
:10D2A000FB681B686364002B3FF45AAFFB685B6844
:10D2B00057E7BB681B68E364002B3FF461AFBB68B2
:10D2C0005B685EE7616C01EBC301013349680A44A6
:10D2D00075E7E06C00EBC10001314068034474E77E
:10D2E000256C15F1740F99D02368002B3FF450AED4
:10D2F0009A68002A3FF44CAE998811F480567FF466
:10D3000047AE186910F0B7FF20683146083010F0BA
:10D310006DFB3DE6C1F80C15FFDE0023C3F80835B0
:10D32000FAE700BF00F01F0240090DD001280ED11E
:10D330000A4B03EB82030A4AD3F80007024042EA91
:10D340008102C3F8002770474FF0A043F1E702F5D0
:10D35000E072002353F82230FFDE00BF00030050CC
:10D36000F0F8FCFFF0B587B001238DF802300223FE
:10D370008DF804306B4403930F4601AB0DF10301AC
:10D380000024049305460291059401F03BFF0C4BE9
:10D39000984206460FD103AA3946284601F096FD69
:10D3A000B0420BD09DF80310284601F025FF6FF026
:10D3B000040007B0F0BD6FF01200FAE72046F8E76E
:10D3C0000000AD0B70B5012383400E4ABFF35B8FA5
:10D3D000DC4352E8001F01EA040542E80056002E33
:10D3E000F7D1BFF35B8F4FF4803282400648C0F81C
:10D3F0000823BFF35F8FBFF36F8F0B4214BF012071
:10D40000002070BD209000200010014070B40E4933
:10D41000D1E90034D01AC31844F1000422F07F4649
:10D42000C1E90034A6F50013B3F5400F09D2074B4C
:10D430001B681A0A1B069C19054B42F10005C3E93B
:10D44000004570BC04F0F4BF30620020249000203E
:10D450003862002011B3BFF35B8F0123104A834071
:10D4600052E800CF4CEA030C42E800C10029F7D192
:10D47000BFF35B8F0B4A4FF480338340C2F8043311
:10D48000094BBFF35B8F1B68BFF35B8FC340DB07A8
:10D4900042BF064B4FF40032C3F80021704700BF73
:10D4A00020900020001001401C90002000E100E0CE
:10D4B0000D4B1868010A0006BFF35F8F0B4BD3F8C2
:10D4C0000435181841F10001B3F5801F0AD2084B4A
:10D4D000D3E90023904271EB030303D210F1807073
:10D4E00041F10001704700BF24900020001001406E
:10D4F000386200202DE9F04F85B016461F469DF892
:10D5000040A00446FFF75EFF0190FFF7D1FFB04255
:10D5100071EB070354D23E4B301A67EB010198427E
:10D5200071F100014FD23B4B03EB0413D3E902230B
:10D530009F4208BF96425ED037494FF4803804F1CD
:10D54000500508FA04F8AD00C1F848832046ADB292
:10D5500010F0B2FA26F07F4B05F1804504F5A87370
:10D5600005F58835DC464FF003090293029A2CF04A
:10D570007F4341F82230C1F84483D1F80435274A6B
:10D580006FF00200C01A604420F07F40904232D910
:10D59000286868B1D1F804350393A3EB0B0020F0A1
:10D5A0007F40B0F5000F26D9204610F085FA039B86
:10D5B000BAF1000F07D109EB030C09F10109D5E716
:10D5C000BAF1000F09D06FF0150520460199FFF759
:10D5D00041FF284605B0BDE8F08F0123104ABFF394
:10D5E0005B8FA34052E8000F184342E80001002976
:10D5F000F8D1BFF35B8F07490E98230101EB0412AA
:10D60000C8500F9B5360C2E902670025DDE700BFE9
:10D61000010080002062002000100140FDFF7F001B
:10D620001C9000207FB51C4C1C4BC4F80833C4F878
:10D6300048331B4B00254FF0FF304FF0FF31C4F84B
:10D640000855C3E902014FF48033C4F80433154B85
:10D6500002264FF400320121C4F804631120C3F8FC
:10D6600080212A46EEF7B6FD1120EEF783FD0E4A23
:10D670000123A360236013600C4B0D4A0093CDE996
:10D68000015500232846FFF735FF3046FCF748FDDB
:10D69000284604B070BD00BF0010014003000F0019
:10D6A0002062002000E100E0209000200DD4050061
:10D6B000FFFF7F002DE9F7432B4CD4F80433990783
:10D6C0000BD5D4F8043143B1284A0023C4F80431FF
:10D6D000D4F80431136801331360D4F80433DA0347
:10D6E00023D5BFF35B8F224B53E8002F22F00101BB
:10D6F00043E800100028F7D1BFF35B8FD30702D4B3
:10D70000D4F840318BB10025C4F84051D4F84031F1
:10D71000FFF7CEFEEFF3108272B6164BD3E9026725
:10D72000B042B94104D282F3108803B0BDE8F0835F
:10D730004FF0FF384FF0FF39C3E90289D3E90010F9
:10D740001D604FF48033C4F84833C4F84051D4F816
:10D75000403182F310880029E7D0009032463B46E2
:10D7600028468847E1E700BF0010014024900020D0
:10D770001C9000202062002030B5431C124C85B064
:10D7800005D08442A8BF0446012CB8BF0124FFF78E
:10D790008FFE0E4B0C4DD3E90013401AB0F5000F6D
:10D7A00010D22218AA4228BF2A4652184FF0000071
:10D7B00007490091CDE9010043F10003FFF79AFE0C
:10D7C00005B030BD2A46F0E7FFFF7F003062002041
:10D7D0000DD4050008B5FFF76BFE024B1B68C01A9D
:10D7E00008BD00BF306200202DE9F041114E074610
:10D7F0008846002527FA05F212F0010211D128FA15
:10D8000005F3DB070FD53179306810F065F9044670
:10D8100048B1094A094801210AF0CFFB2046BDE87A
:10D82000F0810122EFE70135032D06F10806E1D171
:10D830000024F3E7BC110700596307006CF90600E8
:10D8400008B5044A044801210AF0B7FB6FF015003F
:10D8500008BD00BF6F6307006CF90600F8B5164CF1
:10D8600000260127E3882068217943F40032056906
:10D87000D0F808E013F0010F2B6807FA01FC14BF81
:10D880004CEA030323EA0C032B60DEF800309847D0
:10D89000054648B90136032E04F10804E2D1BDE87B
:10D8A000F8400F21FFF7A0BF044A054801210AF004
:10D8B00084FB2846F8BD00BFBC1107008A6307003F
:10D8C0006CF90600022810B50A4603D9BDE81040DD
:10D8D000FFF7B6BF084B03EBC00153F830000979DE
:10D8E00010F0FAF8044620B1044A054801210AF074
:10D8F00064FB204610BD00BFBC1107005963070040
:10D900006CF9060002460B46014803F011BD00BF4A
:10D910005C1C0020014803F083BD00BF5C1C00209C
:10D9200030B5424887B0F0F755FD4148CBF7FAF8DB
:10D93000CBF74CFA18B16FF0850007B030BDCBF7CC
:10D9400059FA0028F7D1CBF769FA0028F3D1CBF7C1
:10D9500091FA0028EFD1CBF77FFA0028EBD1CBF773
:10D9600097FA0028E7D1CBF7A1FA0028E3D1CBF74B
:10D97000ABFA04460028DED1012503AA29468DF81A
:10D980000C50CBF71FF90028D7DB03AA0221204651
:10D990008DF80C50CBF716F90028CEDB082303AA2C
:10D9A00007210020ADF80C30CBF70CF90028C4DBC0
:10D9B000204B039303AA03210020CBF703F900288F
:10D9C000BBDB03AA042100208DF80C50CBF7FAF83A
:10D9D0000028B2DB1F2303AA06210020ADF80C307B
:10D9E000CBF7F0F80028A8DB032303AA05210020C9
:10D9F0008DF80C30CBF7E6F800289EDB41F2681377
:10DA0000984210DD0C4A009029460C480AF0E8FACA
:10DA1000002383F31188BFF36F8F0423184602DFBE
:10DA20006FF00B0089E7002087E700BFD4110700E3
:10DA300069DA050064640302B863070044F906006C
:10DA40000149024810F057BE289000202874002099
:10DA500010B403460A46034881680C6819462346F9
:10DA600010BC184798F5060098B500AF6C468AB010
:10DA70006A460D4BD161C2E905304FF4007313843F
:10DA80000A4B42F8103F0A4800234FF41151EBF7BC
:10DA900097F80023A54683F31188BFF36F8F032304
:10DAA000184602DFBD4698BDDA6307000400000196
:10DAB00044F90600B0B588B03549364800AF10F0DB
:10DAC000EFFD00F08DFD07F10C00CBF76DF96C4612
:10DAD00088B06A46304B5361304B93614FF400730A
:10DAE00093832F4B42F8103F2E492F4807F10C0328
:10DAF000EBF766F8A5462D4810F0C2FB50B92C4A4A
:10DB0000294801210AF059FA6FF012042046203703
:10DB1000BD46B0BD274B7B60381DCBF7E3F903460C
:10DB200038B1254A204801210AF050FA6FF0150457
:10DB3000ECE74FF0FF304FF0FF31FFF7E3FE044614
:10DB40000028E3D11D491E48CBF7F2F8044610B176
:10DB5000FFF7E0FEDAE741F64C55BD6007F108003B
:10DB6000E2F746FD20B1FFF7D5FE6FF08504CDE763
:10DB7000012338463B70E2F733FD0028F3D1BD6046
:10DB800007F10800E2F73CFD0028E1D0EBE700BF19
:10DB900089DB060028900020651B0700FF63070053
:10DBA00003000001C01C400144F9060098F506007E
:10DBB0002664070051DA0500466407004062002031
:10DBC00041DA050073B54FF0FF304FF0FF31FFF73A
:10DBD00099FE002861D1324D0DF10701284600F071
:10DBE000E3FB0446FFF796FE002C56D19DF8073064
:10DBF000042B2CD128783E2815D0FF281AD04FF0BE
:10DC0000FF324FF0FF332146EFF7B2F80646A0B9D6
:10DC100024B9244A244801210AF0CFF902B0BDE812
:10DC20007040FFF70DBFAB78022BE8D10022002334
:10DC30000124E8E7AB78802BF7E76A7818490232CD
:10DC40000C300EF0F9FB3046F0F796FBE6E7022BBE
:10DC50000AD14FF0FF324FF0FF330320EFF778F88F
:10DC6000044658B9114AD5E7082B10D14FF0FF32BE
:10DC70004FF0FF330520EFF76BF804466A8829461A
:10DC8000043204F10C000EF0D7FB2046DCE7084A12
:10DC9000054801210AF09AF9C0E702B070BD00BF43
:10DCA000A39E00206A64070044F90600846407000C
:10DCB0009D640700F7B5774D2B780446002B40F0A4
:10DCC0006C8304238DF80730734B06881F68B7B147
:10DCD0000DF106030DF10702691CB84701280ED0AB
:10DCE0009DF80630002B40F0B9829DF80730AB70EC
:10DCF0000E2201236A70EB70AE80A871B7E2B6F510
:10DD0000105F4FEA96230BD2002B00F02783013BD4
:10DD1000072B08D8DFE803F009073476070707C6A2
:10DD20003F2B00F03B82012098E2204640F2064261
:10DD300030F9033B93420ED040F21D42934213D080
:10DD4000012040F206439E4200F0888240F21D43CB
:10DD50009E422BD182E2E2F7CBFC42F226039E42A6
:10DD600004D942F23203F3E7E2F7C4FC42F20C03B7
:10DD70009E42E6D9A6F500530D3B484A9BB2F4E219
:10DD8000204640F6634230F9033B93422ED010DC2C
:10DD900040F6034293421DD040F62D4293421CD0E0
:10DDA00040F601429342BED1E2F700FB01289CD12C
:10DDB000B9E740F67B4293421BD040F67C42934247
:10DDC000B1D19DF80730364902338DF80730E2F7BC
:10DDD000FBFAEBE7CBF766F9E8E79DF80730304947
:10DDE00003338DF80730E2F7E6FADFE7E2F7E5FA0A
:10DDF000DCE79DF807302A4904338DF80730E2F755
:10DE0000E1FAD3E72388A3F58053013B082B8AD896
:10DE100001A252F823F000BF3DDE05004FDE0500F1
:10DE200063DE050027DD050027DD050027DD050091
:10DE300027DD050027DD050083DE05009DF807309E
:10DE4000174808338DF80730E2F7F3FBAEE79DF88B
:10DE50000730134840338DF807300FF097FE00204D
:10DE600043E79DF8073008338DF807300C4B00224C
:10DE70001A605A60EB7A23F0600343F06003EB72A0
:10DE8000EDE79DF80730064806338DF80730E2F7D6
:10DE9000D2FB8BE70C9F002038900020411200033A
:10DEA000139F0020204630F8033BA3F50053013BAD
:10DEB0007B2B00F25182DFE813F07C008900920096
:10DEC0004F029C009F00A200AB00AE00B100B70063
:10DED000BA00BD00C000C300CC00CF00D200D50006
:10DEE000D800DB00E400E700F000F900FC000501C9
:10DEF0000E014F024F024F024F024F021701200145
:10DF000029012C012F01350138013B013E014F024F
:10DF10004F0247014A014D0156015F0162014F0264
:10DF20004F024F024F024F024F024F024F024F0269
:10DF30004F024F024F024F024F024F024F024F0259
:10DF40004F024F024F024F024F024F024F02650134
:10DF50004F024F026E014F024F024F024F024F021B
:10DF60004F024F024F024F024F024F024F024F0229
:10DF70004F024F0232014F024F024F024F024F0237
:10DF80004F024F024F024F024F024F024F024F0209
:10DF90004F024F024F024F024F024F024F024F02F9
:10DFA0004F024F024F024F024F024F024F024F02E9
:10DFB000B400E2F742FB42F244039E4200F2DC81ED
:10DFC00042F242039E427FF6C8AE47E19DF8073019
:10DFD000B44803338DF80730E2F734FBEBE79DF8E4
:10DFE0000730B04808338DF807300FF009FE0020E5
:10DFF000E1E7E2F729FBDEE7E2F728FBDBE79DF844
:10E000000730A84801338DF80730E2F721FBD2E74B
:10E01000E2F720FBCFE7E2F71FFBCCE7E2F71EFBBE
:10E02000C9E7E2F763FBC6E7E2F71AFBC3E7E2F7EB
:10E0300019FBC0E7E2F718FBBDE7E2F717FBBAE709
:10E040009DF80730974801338DF80730E2F710FB51
:10E05000B1E7E2F70FFBAEE7E2F70EFBABE7E2F763
:10E060000DFBA8E7E2F70CFBA5E7E2F70BFBA2E745
:10E070009DF807308B4907338DF80730E2F704FB32
:10E0800099E7E2F703FB96E79DF8073085491033DF
:10E090008DF80730E2F7FCFA8DE79DF807308148EC
:10E0A00008338DF80730E2F7F5FA84E7E2F7F4FA7F
:10E0B00081E79DF807307B4902338DF80730E2F79E
:10E0C000EDFA78E79DF80730764902338DF807308E
:10E0D000E2F7E8FA6FE79DF8073008338DF807306C
:10E0E000FF23EB71EB7282E79DF807306D49023335
:10E0F0008DF80730E2F7DAFA5DE79DF807306948F6
:10E1000004338DF80730E2F7D3FA54E7E2F7D2FA96
:10E1100051E700F095FA4EE70FF090FD4BE70FF056
:10E1200090FD48E7E2F7C8FA45E7E2F7C7FA42E7A9
:10E13000E2F7C6FA3FE79DF807305A4801338DF8F9
:10E140000730E2F7BFFA36E7E2F7BEFA33E7E2F765
:10E15000BDFA30E79DF80730524808338DF8073094
:10E16000E2F7B6FA27E79DF807304E4904338DF8F9
:10E170000730E2F7AFFA1EE7E2F7AEFA1BE7E2F785
:10E18000ADFA18E79DF80730464802338DF807309E
:10E19000E2F7A6FA0FE7E2F7A5FA0CE720464FF6FA
:10E1A0000B4230F8033B934211D8B3F57C4F7FF616
:10E1B000BAADA3F57C43013B0A2B00F2DC80DFE81B
:10E1C00003F02431DADADA6DDADA5B64730003F52E
:10E1D000407292B21D2A26F008023FF6A4ADA3F5C4
:10E1E0007D431D2B00F2D780DFE803F067898C8F19
:10E1F0009295D5D5D598D5D59BD5D5D5D5D59ED500
:10E20000A1D5AAD5D5D5D5ADB0B39DF80730254851
:10E210000C338DF80730E2F7D9F826F008034FF6F3
:10E220000252B6E09DF8073040338DF807301D4BA1
:10E2300000221A80EB7923F0230343F02303EB71D0
:10E240002B7A23F0070343F007032B724FF6025299
:10E2500026F0080393427FF402AE00200F236B7078
:10E260000423AB700123E8702B71A5F8056001232E
:10E270002B70002003B0F0BD9DF80730094817331C
:10E280008DF80730E2F7BFF8C7E79DF8073005487B
:10E2900020338DF80730E2F708F9BEE7E2F7B1F86E
:10E2A000BBE700BF139F00209DF807303C480133B7
:10E2B0008DF80730E2F74AF9AFE79DF807304033B1
:10E2C0008DF80730364B00211960EB7923F03F03BE
:10E2D00043F03F03EB712B7A43F080032B726B7A90
:10E2E00023F00A0343F00A036B72AB7A23F00303B3
:10E2F00043F00303AB724FF602539A42ABE7E2F7E7
:10E300003BF98AE7E2F73AF987E7E2F769F984E748
:10E31000E2F768F981E7E2F76BF97EE7E2F76AF97D
:10E320007BE7E2F76BF978E7E2F76AF975E79DF8C2
:10E3300007301B4904338DF80730E2F763F96CE7C7
:10E34000E2F76FF969E7E2F76EF966E7E2F76DF970
:10E3500063E7E2F76CF960E701202CE6012025E590
:10E36000A6F50153283B0F4A9BB222FA03F3DB07C1
:10E370007FF51CAD72E7012042F285039E423FF615
:10E380004CAF42F267039E42EAD826F0020342F203
:10E3900064029342DDE401203FE74FF0FF3069E77C
:10E3A000139F00202F80002038B5094C23780D469C
:10E3B0001BB9BDE83840E1F7E9BFA278611C023221
:10E3C00010F012FF0020042320702B7038BD00BF16
:10E3D0000C9F002070B505460E46084C20460FF0F5
:10E3E0004FFF38B1A368B2B2294620461B68BDE88A
:10E3F000704018476FF0120070BD00BF98F506001E
:10E400001E4B1F4903F12002002808BF194670B5B2
:10E41000104604F0F1F9034650B31A4A1A48012194
:10E4200009F0D4FD12244FF0FF324FF0FF330120EA
:10E43000EEF78EFC00F10C060221054630460DF089
:10E44000F5FF3E23037022234370012130460DF077
:10E45000EDFF09230370212130460DF0E7FF00F89E
:10E46000014B3CB12022FF2110F0E6FE284670BD92
:10E470000446D8E705490FF0D7FBF7E7549F002083
:10E480004A6507000C6507003CF90600749F0020F0
:10E49000F8B53D4CBFF35B8F2368BFF35B8F022B56
:10E4A000274659D0042B5CD0012B5CD1374C384E19
:10E4B00020212046FFF78EFF002842D1202231463E
:10E4C000204610F046FD0028F2D03248214604F0E4
:10E4D0007FF905460028EBD14FF0FF324FF0FF33B4
:10E4E0000120EEF735FC00F10C060221044630460F
:10E4F0000DF09CFF3E230370422343700121304600
:10E500000DF094FF08230370412130460DF08EFF7B
:10E51000064600F8015BB5B14022002110F08CFEE8
:10E52000BFF35B8F002357E8002F47E80031002935
:10E53000F9D1BFF35B8F34B32046BDE8F840EFF765
:10E540001BBF1F25C8E713490FF06EFB203106F1F2
:10E5500021000FF069FBE3E70020FFF751FF0446BD
:10E56000DEE70120F9E70C4A0C48022109F025FDFD
:10E57000BFF35B8F002354E8002F44E800310029EB
:10E58000F9D1BFF35B8FF8BD4C900020549F002061
:10E590004A650700749F00202D6507003CF90600BE
:10E5A00010B586B01022002101A810F045FE0B4CDA
:10E5B000059401238DF811304FF0FF324FF0FF33F7
:10E5C000012101A804F05EF8204610F090FC049BA5
:10E5D0006FF394330493FFF75BFFEDE73C9000206B
:10E5E00010B588B00E4810F07DFC0E4C0E4900228C
:10E5F0000023CDE9062300230A22CDE90323CDE938
:10E60000013300934FF47072084B204603F092FAE6
:10E610000749204608B0BDE8104010F034B900BFEB
:10E620003C900020A873002040C00020A1E5050018
:10E630003D6507000148EDF721BD00BFA87300202C
:10E6400008B50B4BBFF35B8F012253E8001F002975
:10E6500003D143E800200028F7D1BFF35B8F05D139
:10E660000448002104F066F8002008BD0C20FCE7F7
:10E670004C9000203C90002010B50029114BBFF3B6
:10E680005B8F04460CBF0222042253E8001F0029BE
:10E6900003D143E800200028F7D1BFF35B8F0ED1F0
:10E6A000214609480FF0C0FA084804F120010FF094
:10E6B000BBFA0748002104F03DF8002010BD0C20F3
:10E6C000FCE700BF4C900020749F0020949F002026
:10E6D0003C90002037B53223ADF80430134A0023B4
:10E6E0000125192168468DF80630ADF800508DF8E7
:10E6F0000230E0F76BFC0446A0B90D482946E6F766
:10E70000F5FE044670B901462A460820EDF762FD81
:10E710002A4621460B20EDF75DFD2A462146284674
:10E72000EDF758FD204603B030BD00BF45E70500BA
:10E7300050900020014902480FF0DDBF809000207A
:10E740002874002098B500AF6C468AB06A460D4B1D
:10E75000D161C2E905304FF4007313840A4B42F8CB
:10E76000103F0A4800234FF41151EAF729FA002319
:10E77000A54683F31188BFF36F8F0323184602DF8A
:10E78000BD4698BD76650700040000010CFA06003E
:10E7900037B50D4D0D49002400946FF009034FF477
:10E7A0008062284603F096F80949284610F06BF875
:10E7B000084909480FF074FF224604211920EDF79B
:10E7C00009FD204603B030BD2874002040C400205D
:10E7D0008A6507006DDC060080900020014B002058
:10E7E0001B6818479090002020B1012806D10448EA
:10E7F000DDF796BA034B01201B681847704700BF2E
:10E80000DDE7050090900020014B1860014870473B
:10E81000909000200000AD0B10B51D48BFF35B8F3A
:10E820000368BFF35B8F23B9062904D8042923D8D2
:10E8300039B1002010BD0729FBD1403802F05EFE3F
:10E84000F7E750F8203CA0F14004D3E900209047BE
:10E85000012805D00223E06384F834300D48E9E74D
:10E8600047F230532363032384F8343004F1240344
:10E8700084F82900A363F1E700F8173C064B40F841
:10E88000103CA0F11C014038007EE6F770FED0E796
:10E89000D4900020C8900020FF3F420F0248012280
:10E8A00000210FF07ABE00BF94900020014BD86188
:10E8B000704700BF9490002038B54FF0FF310546F7
:10E8C0004FF0FF30FFF71EF834493548DDF730F8D8
:10E8D0000446FFF71FF8002C08DA3248324A234674
:10E8E000012109F073FB6FF00B0038BD2F4C40F293
:10E8F00001132385E36925626433E36247F23053F1
:10E90000236300226FF0730384F82420E36304F18F
:10E910004005BFF35B8F55E8003F45E80021002923
:10E92000F9D1BFF35B8F4FF0FF314FF0FF30FEF7AF
:10E93000E9FF04F12401207EE6F719FEFEF7EAFF65
:10E940001B4A0023204602F0FDFD00280FDA194A79
:10E950001448012109F031FBBFF35B8F012355E817
:10E96000002F45E800310029F9D1BFF35B8F4FF04C
:10E97000FF314FF0FF30FEF7C5FF207EE6F7D9FDEF
:10E98000FEF7C8FFBFF35B8F236CBFF35B8F13B140
:10E99000064802F0FDFDE06BA7E700BFAC90002049
:10E9A00019E805007CF906009E6507009490002098
:10E9B000447B0B0001450700074B01221A64D3F882
:10E9C0004035B3FBF0F01844044BDB69984234BF88
:10E9D00000200120704700BF00800040949000207C
:10E9E00010B50C29036912D118680A4C80EAE0734B
:10E9F000A3EBE073990803F00303002804FB03F37F
:10EA0000BCBF49425B42C2E90013002010BD6FF059
:10EA10008500FBE790D003004FF08053D3F83021FE
:10EA2000082A06D1D3F83431052B02D8024AD05C2B
:10EA300070470020704700BFF7650700024AD2F810
:10EA40000034002BFBD0704700E0014010B54FF0C0
:10EA50008053D3F83021082A4ED14FF08042002154
:10EA6000C2F80C11C2F81011C2F8381502F5404274
:10EA7000D3F80414C2F82015D3F80814C2F82415EA
:10EA8000D3F80C14C2F82815D3F81014C2F82C15BA
:10EA9000D3F81414C2F83015D3F81814C2F834158A
:10EAA000D3F81C14C2F84015D3F82014C2F844154A
:10EAB000D3F82414C2F84815D3F82814C2F84C151A
:10EAC000D3F82C14C2F85015D3F83014C2F85415EA
:10EAD000D3F83414C2F86015D3F83814C2F86415AA
:10EAE000D3F83C14C2F86815D3F84014C2F86C157A
:10EAF000D3F84434C2F87035FFF78EFF18B13A4BA3
:10EB00003A4AC3F88C26FFF787FF18B1384BFB222F
:10EB1000C3F81825FFF780FF70B14FF080414FF028
:10EB20008053D1F8E42ED3F8583222F00F0203F0CC
:10EB30000F031343C1F8E43EFFF76EFF20B12D4BE6
:10EB40004FF40072C3F840264FF08053D3F83031B1
:10EB5000082B1AD14FF08043D3F80024D20744BFCA
:10EB60006FF00102C3F800244FF08053D3F8343122
:10EB7000052B02D8204AD35C3BB14FF01023D3F8C9
:10EB800008224FF08043C3F858254FF01023D3F8E4
:10EB90000022002A03DBD3F80432002B22DA1749C3
:10EBA00001234FF01020C1F804351224FFF746FF6F
:10EBB000C0F80042FFF742FFC0F80442FFF73EFFF3
:10EBC0000023C1F80435FFF739FFBFF34F8F0C491D
:10EBD0000C4BCA6802F4E0621343CB60BFF34F8F63
:10EBE00000BFFDE710BD00BF00500040488103009A
:10EBF00000F0004000900240F165070000E0014095
:10EC000000ED00E00400FA0530B50468CCB1BFF3B4
:10EC10005B8FB4FA84F3C3F11F03DBB201229A4085
:10EC200024EA020250E8005FA54204D140E8002C2B
:10EC3000BCF1000FF6D1BFF35B8FE6D102480B7039
:10EC400030BD0248FCE700BF0000AD0B0200AD0B79
:10EC500010B50368CB40DB0714D401238B40026856
:10EC6000BFF35B8F43EA020150E8004F944204D1A6
:10EC700040E8001CBCF1000FF6D1BFF35B8FEED172
:10EC8000014810BD0148FCE70000AD0B0400AD0BCE
:10EC9000014BC3F80405704700F00140036803F01E
:10ECA0001F025B09026004D0012B034818BF00203B
:10ECB00070474FF0A040704700030050034A4309DB
:10ECC00000F01F00D35C1844C0B27047FD65070018
:10ECD00070B50546FFF7F2FF0C4C08300E4634F8CD
:10ECE0001030DA0508D5C3F3432304EBC3022846EA
:10ECF00054F8333052689847A3682BB1E268314624
:10ED00002846BDE87040184770BD00BF281A002093
:10ED100008B5FFF7D3FF034B083033F81000400B62
:10ED200008BD00BF281A002008B5FFF7C7FF034B36
:10ED3000083033F81000C0F3400008BD281A002046
:10ED400008B5FFF7BBFF034B083033F81000C0F3E2
:10ED5000401008BD281A0020034611F0010010B52C
:10ED6000CCB20DD1A207C4F3400012D5094AD2F8A3
:10ED700020055860C2F82005003818BF012008E0BF
:10ED80004FF0A041D1F820251A60C1F82025002AB3
:10ED9000E8D010BD0003005010B5FFF78FFF124AF6
:10EDA000083032F81030D9051CD5C3F3432123F4C1
:10EDB000F85322F8103002F10E04002034F8023F1C
:10EDC00013F4807F03D0C3F3432399420AD0013068
:10EDD0003028F3D1002342F831300448BDE8104018
:10EDE000FFF736BF10BD00BF281A0020A01A002070
:10EDF000F0B5054600200446012607468C420BD19B
:10EE0000114BD3F87C2132B10022C3F87C21D3F816
:10EE10007C3140F00040F0BDE3B29B0003F580720E
:10EE20009B0806FA03F31D420BD002F1804202F563
:10EE3000C042D2F800C0BCF1000F02D017601268C7
:10EE400018430134DAE700BF00600040F7B506461A
:10EE50000846FFF733FF194F00F108050C4637F855
:10EE60001530DB0727D530460EF0D0FF2046FFF7E0
:10EE700067FF40B12046FFF74BFF316800F5A270F5
:10EE8000002341F820302046FFF786FF002301A829
:10EE900027F815300194FFF701FF019B00EB830079
:10EEA000074BD0F80027134043F00203C0F80037A7
:10EEB000044803B0F0BD0448FBE700BF281A002057
:10EEC000F0F8FCFF0000AD0B0400AD0B2DE9FF4195
:10EED000164680460846FFF7F1FE0D4631680446A7
:10EEE00009B32846FFF720FF18B12846FFF728FF8F
:10EEF00010BB0023CDE900338DF80E308DF80F30B4
:10EF00000DF10F020B4628460DF10E010EF015FF14
:10EF1000474A04F1080132F8113023F0020343F0AC
:10EF2000010322F81130736863B328461F785968CB
:10EF3000FFF7FAFE10B1D1B13E4826E03C4A04F199
:10EF4000080032F8103023F02003DB04DB0C22F839
:10EF5000103061B1032FEFD87168496891F800C093
:10EF6000D8F80010A7B90CF5A27C41F82C70304AF3
:10EF700004F1080132F8113023F01C0343EA87033F
:10EF800022F81130B3684BBB2B4804B0BDE8F081C8
:10EF900001EB8C0143EA4C33D1F810E52EF0030E5F
:10EFA000C1F810E5D8F8001001EB8C0E43F02003F7
:10EFB000DEF8101522F8103021F44F3121F44071A1
:10EFC000CEF810152902DEF8108501F47C5141EAD3
:10EFD000074141EA0801CEF81015C8E7D3E90067F8
:10EFE0002846FFF7D9FE002ECED0114DD5E90023DB
:10EFF000964203D19F4201D1002209E00F480DF152
:10F000000F01FFF701FE0C4B9842BED19DF80F2077
:10F0100045F8326005EBC20308345F6035F8143000
:10F0200043EA422343F4807325F81430ACE700BF71
:10F03000281A00200400AD0B0000AD0BA01A002020
:10F040002DE9F0430C4685B08046204611461E4609
:10F05000FFF734FE054629B32046FFF765FE18B9D1
:10F060002046FFF76DFE18BB314F05F1080937F850
:10F07000193013F01C0F02D04B78012B18D001234C
:10F080008DF80F300023CDE900134A1C8B1C20465D
:10F090000DF10F010EF051FE37F8193043F0030364
:10F0A00027F81930002E41D02046FFF73DFE18B951
:10F0B000204805B0BDE8F08396F800C0D8F80030CD
:10F0C0001B4F0CF5A272002143F8221005F1080233
:10F0D00037F8121021F02001C904C90C27F81210CA
:10F0E00075781DB3D8F80000B67800EB8C002D04BD
:10F0F000D0F8103523F4991323F4F853C0F81035E1
:10F10000230203F47C5305F440353605D0F810E5AE
:10F110002B4306F4801641EA4C31334341F0200181
:10F1200043EA0E0327F81210C0F810350248C0E772
:10F13000281A00200400AD0B0000AD0B014BC3E901
:10F1400002127047281A002010B508461446FFF72F
:10F15000F7FD50B10846FFF7B1FD054B083033F815
:10F16000103004485B0B237010BD0348FCE700BF60
:10F17000281A00200000AD0B0400AD0B70B5164D31
:10F1800095F8804006462CBB2146602205F1100010
:10F1900010F052F830682E6F21468E420ED10023B7
:10F1A000C0F87C31D0F87C3140F30730ECF7E2FF57
:10F1B00001230A4885F88030AB6770BDCBB29B0055
:10F1C00003F580727C2B08BF845001F1010108BF58
:10F1D0008358E2E70248F0E7281A00200000AD0B50
:10F1E0000C00AD0B034B93F88000003818BF0120D2
:10F1F000704700BF281A00200148FFF729BD00BF53
:10F200009C1A00200148FFF7FFBC00BF9C1A002099
:10F2100073B503681646D3F80423002AA8BF4FF03D
:10F2200000420546A8BFC3F8042308460C46FFF772
:10F2300087FD00B30846FFF777FD0146D8B92046A1
:10F24000FFF766FD04B2A40004F580720346286847
:10F250008150296882582144D1F8102542F00102DA
:10F26000C1F810252EB12968012202FA03F3C1F872
:10F27000043302B070BD2046FFF720FD0F4B08306D
:10F2800033F81030C3F38203042B12D0052B12D0B5
:10F2900001A80194FFF702FD019AD0F81035D34080
:10F2A00003F00103991C204602B0BDE870400EF047
:10F2B0008DBD0321F7E70221F5E700BF281A0020E2
:10F2C0002DE9F04F694BDFF8A881D3F80403D8F893
:10F2D0007010C0B289B040F00040FFF789FD051EF4
:10F2E0002FDAC24600235AF87C1F06A8CDE9063360
:10F2F000FFF732FD5F4B01930DF118094FF0000B42
:10F30000019A12F8013B0192DA0803F007031AF898
:10F31000022022FA03F3DA071CD409F10409BBF135
:10F32000000F14D0D8F870104FF00040FFF760FDC8
:10F33000D8F87C1006A8FFF70FFD0028DAD125F0D9
:10F3400000450124002D79D109B0BDE8F08F4FF0C0
:10F35000010BD5E7484B5B440293D9F80010002914
:10F36000DBD0029B91FAA1F11C78B1FA81F141EA5C
:10F3700044142046FFF7A2FC0830059438F81070BA
:10F38000C808BB0819F80020039301F00701012306
:10F3900003FA01F122EA010209F8002005A8FFF7AB
:10F3A0007DFC059A039B02F5E072C7F3820650F8D4
:10F3B00022205B073746C2F3014224D52046394656
:10F3C000D6B2FFF785FC05A80594FFF767FC059BFF
:10F3D00003F5E07350F82330C3F301439E4207D195
:10F3E000002120460EF0F2FC314620460EF0EEFCE5
:10F3F00005A80594FFF752FC059B012202FA03F3CE
:10F40000C0F82035A9E7022A0CD1032120460EF0CE
:10F41000DDFC06F00503012BEAD139462046FFF753
:10F4200057FCE5E70221204603920EF0CFFC032EA5
:10F43000F3D0039A032ADBD1022EEDE795FAA5F368
:10F44000B3FA83F304FA03F29B0003F1804303F55C
:10F45000C04325EA0205D3F81005D3F81015C0F310
:10F460000520C1F30141FFF733FC6BE7006000406A
:10F47000281A00200D6607000D660700044AD2F81E
:10F480000034DB07FBD50160BFF35F8F704700BF1F
:10F4900000E001404FF080531A69B0FBF2F302FB29
:10F4A000130373B9084B0222C3F80425C3F80805F7
:10F4B000D3F80024D207FBD500220448C3F8042562
:10F4C00070470348704700BF00E001400000AD0BEB
:10F4D0000A00AD0B10B5054C0123C4F80435FFF745
:10F4E000CDFF0023C4F8043510BD00BF00E001408B
:10F4F00010B5184C237853BB0278C2F3400392072F
:10F5000012D54FF08053D3F83021082A0BD1D3F80D
:10F510003431052B07D8104AD35C23B14FF0804318
:10F520000122C3F8382601234FF08042C2F880350B
:10F53000037803F00103C2F878350020ECF73CFEB5
:10F5400008B9ECF717FE01230448237010BD0448E6
:10F55000FCE700BFB49F00200F6607000000AD0B62
:10F560000C00AD0B4FF080434FF46072C3F80823DA
:10F57000014B00221A607047DC90002008B5FFF7AD
:10F58000F1FF03680BB1014A136008BDDC90002055
:10F5900010B54FF08043D3F80443620707D54FF40A
:10F5A00084700EF06CFC10B11E4B1B689847A306CC
:10F5B00008D54FF48A700EF062FC18B11A4B002087
:10F5C0001B689847600608D54FF48C700EF057FC06
:10F5D00018B1154B01201B689847210608D54FF438
:10F5E0008E700EF04CFC18B1104B00201B68984731
:10F5F000E20508D54FF490700EF041FC18B10B4BAA
:10F6000001201B689847A3050AD54FF492700EF0AD
:10F6100036FC28B1054BBDE810401B680220184796
:10F6200010BD00BFE4900020E0900020DC9000209E
:10F6300001460148FFF7E8BAAC1A0020036803F05E
:10F640001F025B09026004D0012B034818BF002091
:10F6500070474FF0A04070470003005070B5057927
:10F660000A4C14236B43E618E35833B900680221AF
:10F670000EF05BFC08B101233372142303FB054435
:10F68000207A023818BF012070BD00BFE89000202A
:10F690002DE9F3470B7F04466BBBDFF8D8900D1FB5
:10F6A00001F1100601F10C08012755F804AFBAF179
:10F6B000FF3F1CD03378CDF804A001A8002B50D018
:10F6C000FFF7BCFF019B07FA03F3C0F8083501A858
:10F6D000CDF804A0FFF7B2FF019B00EB8300D0F848
:10F6E000003703EA090343F00303C0F80037A845D5
:10F6F00006F10106D9D191F81DC00D8B4F7D8E7D8D
:10F700008A7EC87E2368BCF1000F0BD1D1E9008E40
:10F71000D1E902C1C3F86085C3F864E5C3F868C5E0
:10F72000C3F86C1542EA0022C3F80C75C3F80465EF
:10F73000C3F80855C3F8102520680023C0F810311D
:10F74000D0F81021C0F80831D0F80821C0F80C31E9
:10F75000D0F80C3140F3073002B0BDE8F047ECF7C9
:10F7600009BDFFF76BFF019B07FA03F3C0F80C35E7
:10F77000ADE700BFF0F8FCFF2DE9F04190F8048000
:10F780000D4C142606FB08F6A71997F808C0BCF123
:10F79000000F0ED1A2517B6019B10B7F3B74FFF7B4
:10F7A00077FF142303FB0844044801232372BDE8B8
:10F7B000F0810348FBE700BFE89000200000AD0B9C
:10F7C0000C00AD0B70B40C460179266815461A463C
:10F7D0001A4B01EB810103EB81010368C3F820653B
:10F7E000A688C3F82465A668C3F82865E668C3F848
:10F7F0002C6503682668C3F84065A688C3F844658D
:10F80000A668C3F84865E468C3F84C45046805F089
:10F81000010303EB5505C4F81455D4070CD412F0BA
:10F82000020403D0002B14BF082404240568C5F883
:10F83000004270BC0EF044BB1024F7E7E8900020B3
:10F8400038B5036805790022C3F800220368012255
:10F8500004465A6071B12046FFF700FF0028FAD035
:10F8600023680022C3F80025054B142202FB053350
:10F8700001221A722046BDE83840FFF7EFBE00BFF4
:10F88000E890002070B5104D6C6B9CB14FF47A730A
:10F890005C430A23B4FBF3F40C4ED6F8003163B991
:10F8A00095F839304BB90A200EF03BFA013CF4D1FF
:10F8B000074870BD4CF25034EEE795F83930002B14
:10F8C000F6D10448F5E700BFFC900020009002400C
:10F8D0000700AD0B0000AD0B094B10B50022012451
:10F8E000C3F80045C3F800211C6038B1FFF7CAFF18
:10F8F000044B984203D1044B83F83840014810BDB3
:10F90000009002400000AD0BFC90002070B500F0AC
:10F910006044B4F1005F5DD184075BD12F4C94F853
:10F920003050012D05D09D4256D194F83850002D0D
:10F9300052D02B4D022B0BBFC5F81025C5F804255E
:10F94000C5F81405C5F808050CBFC5F81815C5F8A5
:10F950000C154FF0000684F8396026680CBF0825A6
:10F960000425BEB994F838306BB11D4B05F18045C4
:10F9700005F524350022C3F8002101232B60BDE8E2
:10F980007040FFF77FBF0120FFF7A6FF154B98429D
:10F99000EBD170BDA66826B1E0606161E2611248FA
:10F9A000F7E7A2610E4A84F830300123A06021619C
:10F9B000C2F80061C2F8043394F8382002F0FF0066
:10F9C00012B9FFF789FFEAE705F1804505F524350F
:10F9D0002B60E4E70548DCE70548DAE7FC90002007
:10F9E000009002400700AD0B0000AD0B0A00AD0B0C
:10F9F0000B00AD0B084B9A685A621A699A629A69B1
:10FA0000DA62DA689A6032B15A691A61DA699A611F
:10FA10000022DA6070477047FC90002000F01F035E
:10FA200040090FD0012810D10B4A02EB83020B4B87
:10FA3000D2F80007034043EA012343F00203C2F86F
:10FA4000003770474FF0A042EFE7002203F5E07364
:10FA500052F82330FFDE00BF00030050F0F8FCFF37
:10FA600010B50E4B0238D3F83C26D3F838360728A9
:10FA700013D8DFE800F0110F0D0B0A080604100E72
:10FA8000C871100C8871100A48710A711A0ECA7078
:10FA90001A0C8A701A0A4A700B7010BD009002404E
:10FAA000023807281FD8DFE800F029272511232175
:10FAB0001F04CB791B068A7943EA02434A7943EA59
:10FAC00002230A7913430E4AC2F83C36CB781B0650
:10FAD0008A7843EA02434A7843EA02230A781343C6
:10FAE000074AC2F8383670470023E4E70023E5E709
:10FAF0000023E6E70023EBE70023ECE70023EDE734
:10FB0000009002400268154BFF2A08BF4FF0FF32F9
:10FB1000C3F824254268FF2A08BF4FF0FF32C3F81C
:10FB200028258268FF2A08BF4FF0FF32C3F830252E
:10FB3000C268FF2A08BF4FF0FF32C3F834250269BC
:10FB4000FF2A08BF4FF0FF32C3F838254269FF2A69
:10FB500008BF4FF0FF32C3F83C25704700900240C9
:10FB60000A4B002283F83820094B01214FF08050C6
:10FB7000C3F808131961D0F83001082808BF596587
:10FB8000C3F80025C3F80021704700BFFC90002097
:10FB90000090024030B5194D0FCD8DB006AC0FC4AA
:10FBA00095E8030084E803001549D1F82435DBB259
:10FBB0000093D1F82835DBB20193D1F83035DBB2B0
:10FBC0000293D1F83435DBB20393D1F83835DBB288
:10FBD0000493D1F83C3506A8DBB20593FFF792FFFA
:10FBE0000023C1F8003101230B60D1F80031002B54
:10FBF000FBD06846FFF786FF0DB030BD70FC0600F5
:10FC00000090024070B590F82930044613B190F886
:10FC10002A204ABB6068FF2860D0A268FF2A5DD016
:10FC2000E268FF2A5AD02269FF2A57D0B3B90321CC
:10FC3000FFF7F4FEA068FFF7F1FEE068FFF7EEFEC5
:10FC40002069FFF7EBFE6069FF2801D0FFF7E6FEB1
:10FC5000A069FF2802D00321FFF7E0FE94F82A30C4
:10FC600013B9201DFFF74EFF1D4E636A73631D4DD0
:10FC700094F8293086F83A300123C5F80833FFF7A5
:10FC800089FF2368C5F84035A37F617F227F9B01F0
:10FC900043EAC1031343E27F43EAC213C5F8443584
:10FCA000D5F8002694F8203022F07F4222F0FF029F
:10FCB000134394F8212043EA026394F8222043EA94
:10FCC000426394F8232043EA0273C5F80036336890
:10FCD00013B12920ECF74EFA034870BD0348FCE746
:10FCE000FC900020009002400000AD0B0400AD0B22
:10FCF00038B50C4C94F8305095B9C4E9001248B9A5
:10FD00000023C4E902330122074884F8302084F834
:10FD1000383038BDFFF776FF034B9842F9D1EFE753
:10FD20000248F6E7FC9000200000AD0B0C00AD0B84
:10FD30002DE9F843DFF89090074699F83000012844
:10FD4000884614463DD199F83830204E6BB3204D8B
:10FD50000123C5F80833FFF71DFFB8F1000F2BD1C1
:10FD60004FF0000889F83980C5F80081BB787A78AF
:10FD70001B0343EA02233A781343FA7843EA4233F7
:10FD80003A7943EA82337A7943EAC233C5F83436A2
:10FD9000FFF778FDB0420CD0C5F800811CB178782F
:10FDA0002146FFF75DFE0B4804E0FFF795FDB042EA
:10FDB000CDD10648BDE8F88378784146FFF770FE5C
:10FDC000CEE70548F6E700BFFC9000200700AD0B2A
:10FDD000009002400000AD0B0B00AD0B034B93F8FD
:10FDE00038300BB9FFF778BD01487047FC90002010
:10FDF0000C00AD0B08B5054B93F83030012B03D147
:10FE0000FFF7AEFE024808BD0248FCE7FC90002068
:10FE10000000AD0B0B00AD0B034B93F83000003826
:10FE200018BF0120704700BFFC90002038B511F0CA
:10FE3000030539D11E4B1A68D2B193F83040012C1A
:10FE400034D11C4AC2F81C150421C2F8200583F8DD
:10FE5000395083F83010C2F80051C2F8044393F8C7
:10FE6000383003F0FF00EBB9FFF736FD124818E019
:10FE7000104CC4F81C15C4F8200583F8392093F8F9
:10FE8000383043B10023C4F800310123E360BDE8FA
:10FE90003840FFF7F7BC0120FFF71EFD074B9842E3
:10FEA000F0D138BDD460E1E70548FAE70548F8E746
:10FEB000FC900020009002400000AD0B0700AD0B4D
:10FEC0000A00AD0B0B00AD0B10B5224BD3F800218F
:10FED00092B1214C0022C3F8002194F8381094F814
:10FEE000302071B90121032A84F8381005D0042A82
:10FEF00005D0022A00D1996010BD5960FCE7D96095
:10FF0000FAE7032A19D0042A19D0022A04D10123BE
:10FF100084F82030FFF76EFDA36813B9012384F83D
:10FF2000303094F8393003F0FF0013B9D4E90031D0
:10FF30009847002384F82030DEE70223E8E7032215
:10FF400084F82020D3F81C256262D3F8203584F889
:10FF50002830E1E700900240FC900020036803F0A5
:10FF60001F025B09026004D0012B034818BF002068
:10FF700070474FF0A04070470003005007B5019054
:10FF800001A8FFF7EBFF019B00EB8300054BD0F8C6
:10FF90000027134043F00303C0F8003703B05DF8B7
:10FFA00004FB00BFF0F8FCFF73B5CB7B0446002BCD
:10FFB00038D10B7B0878012B77D80DF0F9FF0B783F
:10FFC000019301A8FFF7CAFF019B00EB83003C4BA4
:10FFD000D0F80027134043F00103C0F800374878F9
:10FFE000FF2804D00DF0E4FF4878FFF7C7FF8B78B7
:10FFF000FF2B0FD001A88D7B0193FFF7AFFF019B73
:0200000260009C
:1000000000EB83002E4BD0F80027134043EA850312
:10001000C0F80037C878FF2804D00DF0BCFFC878BE
:10002000FFF7ACFF23792748CA78282505FB03038F
:100030009A770B7C9BB94B7825680E78FF2B18BFFD
:100040001A468B78C5F8086508BF4FF0FF32FF2BC2
:1000500008BF4FF0FF33C5F80C25C5F810352368ED
:100060008A68C3F824254B7B0A7B2568003B18BFB0
:100070000123022A1CD0032A1DD0012A01D143F0FA
:100080000203C5F8543523794979282202FB03037A
:10009000D97723795343C35883B1206840F307309D
:1000A00002B0BDE87040ECF765B80DF074FF86E76C
:1000B00043F00403E5E743F00603E2E702B070BD56
:1000C000F0F8FCFF3891002007B5019001A8FFF778
:1000D00045FF019B00EB8300054BD0F80027134040
:1000E00043F00203C0F8003703B05DF804FB00BF23
:1000F000F0F8FCFF2DE9F04190F80480144C4FF02B
:10010000280C0CFB08FC04EB0C06074696F81CE0D8
:10011000BEF1000F19D144F80C20736041B1CB7BC4
:1001200086F82530CB78B3774B79F377FFF73CFF30
:100130003A6808480123C2F80035282202FB084427
:10014000002262772377BDE8F0810348FBE700BF18
:10015000389100200000AD0B0C00AD0B70B5067996
:10016000194C056828237343E35833B145F307302E
:10017000ECF70EF80423C5F808330023C5F8003562
:10018000282303FB064393F82530BBB9D5F80805AF
:10019000FFF79AFFD5F81005421C01D0FFF794FF36
:1001A000D5F80C05431C01D0FFF78EFF282303FB75
:1001B0000643987FFF2801D0FFF786FF282303FB23
:1001C00006440023237770BD389100202DE9F843C1
:1001D0000779394C28237B439046E2180E46517F1D
:1001E0008146002966D1E3580BB10123537796E885
:1001F0000F00282505FB074505F10C0C8CE80F00C6
:10020000A87F0023FF2885F8243001D00DF0D0FE10
:100210002823B8F1000F06D003FB0743002227482C
:100220005A77BDE8F883D9F8005003FB074304224E
:10023000C5F80823C3F82080C5F80881D5F808213F
:1002400072689AB133681B78C5F81C357368012B46
:100250000ED933685B78C5F81C3528237B43E658F4
:1002600076B10423C5F804331548DAE7DB7FEBE702
:10027000F368012BF1D9282303FB0743DB7FEAE76F
:1002800007EB870104EBC101D5F80831002BFBD047
:10029000C5F808612846D5F808310DF096FE00280B
:1002A000F2D1282303FB0744A07FFF28DCD00DF008
:1002B00072FED9E70348B4E7389100200300AD0B84
:1002C0000000AD0B0B00AD0B10B50C480C49002322
:1002D000C0F80831D0F808310DF077FE68B9887F92
:1002E000FF2801D00DF057FE00234B770B72BDE8BD
:1002F0001040D1E900310348184710BD00300240DA
:10030000389100204091002030B500F01F044009D2
:1003100011D0012812D10C4800EB84001B02D0F848
:1003200000570A4C43EA82022C4042EA4101214331
:10033000C0F8001730BD4FF0A040EDE704F5E074C1
:10034000002353F82430FFDE00030050F0F8FCFFD8
:10035000CB7B10B433B9D1E900420368C3F8084538
:10036000C3F80C2503688A68C3F8242503793C2266
:100370005343054AD3582BB1006810BC40F30730F3
:10038000EBF7F8BE10BC70476091002013B53B4BF3
:1003900001930023C0F80431D0F80421C0F82431BF
:1003A000D0F82421C0F81C31D0F81C21C0F8083145
:1003B000D0F80821C0F800324B6381F82F300123B8
:1003C000036291F82D209A4218BF83604B6B8A6AB2
:1003D000934204460ED24A6AD35CC0F81C350B68BF
:1003E00003B340F286238B608B682548C4F804333E
:1003F00002B010BD91F82C3013B10123C361EEE7B8
:100400000B6A13F0400F4FF0010316BFC361436145
:1004100081F82D30E3E720460DF00AFE28B1019B5C
:10042000013B0193019B002BF5DC91F82F305BB968
:100430001348019B002BDBDC0023C4F800350523A7
:100440001048C4F80035D3E7D4F8C434C4F8C43431
:100450008BB10D4A0B4813F0010F18BF104613F073
:10046000020F02F1010218BF104613F0040F074BF0
:1004700018BF1846DDE70348DBE700BFA086010090
:100480000000AD0B0100AD0B0000AE0B0200AE0B87
:1004900013B5334B01930023C0F80431D0F8042185
:1004A000C0F82431D0F82421C0F81C31D0F81C2128
:1004B000C0F80831D0F808214B6381F82F308B6ADF
:1004C000012B044617D10B6A5B0614D40223C4F82F
:1004D00000320123236291F82D20022A18BF2360E5
:1004E0000B688BB140F286238B608B681D48C4F883
:1004F000043302B010BD0123E9E720460DF098FD5A
:1005000028B1019B013B0193019B002BF5DC91F885
:100510002F305BB91348019B002BEADC0023C4F8A1
:10052000003505231048C4F80035E2E7D4F8C43498
:10053000C4F8C4348BB10D4A0B4813F0010F18BF37
:10054000104613F0020F02F1010218BF104613F01B
:10055000040F074B18BF1846DDE70348DBE700BF71
:10056000A08601000000AD0B0100AD0B0000AE0B3A
:100570000200AE0B2DE9F84390F804901C4E07469C
:100580003C2000FB09F035180C4695F82E1061BB95
:10059000A96032506B6085F82D1085F8311085F810
:1005A0003010CCB1637B85F8383094F80E8085F834
:1005B0003980B8F1000F0BD1206806230322414691
:1005C000FFF7A2FE6068062303224146FFF79CFE68
:1005D00021463846FFF7BCFE3C2303FB096605486D
:1005E000012386F82E30BDE8F8830348FBE700BFFF
:1005F000609100200000AD0B0C00AD0B0368027988
:100600000521C3F80015044B3C2101FB02330222F3
:1006100083F82E20704700BF6091002003680B4ACA
:100620000179C3F80823D3F8002222F00302C3F8AB
:1006300000220022C3F80025054B3C2000FB0133BB
:10064000012183F82E1083F8302070478642040081
:10065000609100202DE9F047314F0479D0F80090E7
:100660003C2303FB04730D4693F82D30012B944675
:1006700004D10B78012B06D12A4811E0022B02D1BC
:100680000B78012BF8D13C26274BC9F8083306FB21
:10069000047696F830302BB1B3682448C9F8043397
:1006A000BDE8F0878CF00403C3F3800386F8303094
:1006B000C6F820C0A846B8E80F0006F10C0EAEE858
:1006C0000F00D8F80030CEF800306B68B362EB68EA
:1006D00073626B78C9F888352B78C4EB041A012B48
:1006E00007EB8A0A17D09BB9CCF3401C3C2303FBD1
:1006F00004735146484683F82CC0FFF747FE3C235D
:100700005C433A193B59002BCAD182F83030C7E715
:100710004FF0010CEAE751464846FFF7B9FEEEE715
:10072000609100200500AD0B864204000B00AD0B6C
:10073000F0B5334C87B021464FF040200DF078FCE7
:1007400000285BD194F82F7007BB227B931E012BEE
:100750001CD8606AA369984218D1E369636263692F
:10076000A362236A84F82D70C3F34013032A84F82C
:100770002C304FF0402004D107B0BDE8F040FFF727
:1007800005BE07B0BDE8F040FFF782BE1D4E0FCE9C
:1007900001AD0FC533682B604FB34FF04022D2F844
:1007A000C434C2F8C43413F0020106D001238DF81A
:1007B0000030002384F8303007E013F0040209D041
:1007C00002238DF8003084F83010D4E900316846F7
:1007D000984713E013F0010305D003238DF8003090
:1007E00084F83020F1E704228DF80020E2E7236A44
:1007F0008DF800705B0784F83070E6D507B0F0BD67
:10080000609100206C91002030B500F01F04400979
:1008100011D0012812D10C4800EB84001B02D0F843
:1008200000570A4C43EA82022C4042EA410121432C
:10083000C0F8001730BD4FF0A040EDE704F5E074BC
:10084000002353F82430FFDE00030050F0F8FCFFD3
:1008500010B4CC7B8A6803682CB9D1E90041C3F895
:100860000845C3F80C15C3F82425037928225343FF
:10087000054AD3582BB1006810BC40F30730EBF7A2
:1008800079BC10BC704700BF9C9100202DE9F0415D
:1008900090F80480164E0746282000FB08F0351813
:1008A0000C4695F82210F1B9A96032506B6085F8BA
:1008B000251085F824106CB1A37B85F827302046DD
:1008C0000DF07FFC88B1637B85F8263021463846E1
:1008D000FFF7BEFF282303FB08660648012386F8BE
:1008E0002230BDE8F0810448FBE70448F9E700BF87
:1008F0009C9100200000AD0B0C00AD0B0400AD0B73
:10090000036802790621C3F80015044B282101FB76
:100910000233022283F82220704700BF9C910020FE
:1009200002790C4B282101FB0233002199600268F7
:100930000948C2F80803D2F8000220F4BC50C2F8FB
:100940000002C2F80015012283F8222083F8241047
:10095000704700BF9C91002002029C012DE9F84FD6
:10096000B04D90F804900468282303FB0953904687
:10097000002283F823204B680E4633B1CB6803F086
:100980006043B3F1005F40F085813378023B012B77
:1009900006D8336903F06043B3F1005F40F07A8119
:1009A000A14BC4F80833282303FB095393F8241000
:1009B00001F0FF0239B19B68DFF870B2C4F804336C
:1009C0005846BDE8F88F18F0140F0CBF0121002124
:1009D00083F82410317883F82010717883F821107F
:1009E000F168D9607168196131695961B1689961BB
:1009F000C8F3001183F82510C3F81C807378C4F87D
:100A00008835C4F86021D4F86031C4F84821D4F89E
:100A10004831C4F82421D4F82431C4F80421D4F88E
:100A2000043118F0010318BF0123C4F8503518F041
:100A3000020318BF0123C4F84035337809EB890756
:100A400005EBC707032B00F2A380DFE803F07998DA
:100A500062024FF48073C4F80032D7E90323C4F86C
:100A60004425C4F848350123A3604FF48011204683
:100A70000DF0CAFB0028F8D1D7E90523C4F84425B6
:100A8000C4F84835282303FB09534FF480229A60A9
:100A9000DFF89CB1282202FB09F218F0080AAB58D3
:100AA00005EB020013D13178032910D0012940F061
:100AB00085802160002B6ED0282202FB09F271682C
:100AC000AA5821B9002A00F0BB80012262612822C5
:100AD00002FB09F2A918AA58002A00F0B18018F008
:100AE000040F1CBF00228A6018F0400F06D1282294
:100AF00002FB0952916841F002019160282202FB39
:100B00000952916841F4007191609268C4F804231D
:100B100056E7D7E90323C4F84425C4F84835D7E994
:100B20000523C4F83425C4F838354FF48453C4F889
:100B3000003201232362282303FB09530222A6E784
:100B4000D7E9032318F0200FC4F84425C4F848352A
:100B50004FF0280315BF4FF480724FF4007203FB6F
:100B6000095303FB095315BFC4F80022C4F800223F
:100B70004FF4802202229A600123236288E7D7E99A
:100B80000323C4F83425C4F838354FF48053CEE736
:100B9000DFF8A0B07EE7026902B961612649DFF89B
:100BA0009CA020460DF030FB012210F4007F18BFFE
:100BB000626110EA0A0F2049F3D07DE70121A160AC
:100BC000002B7FF479AF006918B31C4B1AEA030FAE
:100BD0007FF472AF184920460DF016FB10F4007F29
:100BE0008246F2D04FF0807120460DF00DFBD4F814
:100BF000001280B111F4007003D1012222628246FA
:100C00006261CB05E1D54FF4802120460DF0FCFA5E
:100C100004E06161D9E70122226262614FF0000ABB
:100C2000D3E700BF9C91002002029C010B00AD0B9A
:100C30000000AD0B0400AD0B020204000200040032
:100C40002821D4F8C424C4F8C42401FB0955002188
:100C500085F824108AB11149114B12F0010F14BF0D
:100C60008B469B46013112F0020F18BF8B4612F0E3
:100C7000040F0C4A18BF9346A2E618F0400F7FF409
:100C80009FAE394620460DF06BFA054A002808BF92
:100C9000934695E6DFF810B092E600BF0000AE0B79
:100CA0000100AD0B0200AE0B0A00AD0B70B55C4D40
:100CB0005C4C86B0022128460DF0A6FA4FF4007174
:100CC000064628460DF0A0FAD8B1E6B9A368C5F8E3
:100CD00008330223A360A368C5F804334FF0807182
:100CE00028460DF091FA18B1D5F800329B0503D4CF
:100CF0004B4B01221A625A61012384F8233006B05B
:100D000070BD002E57D0E5696E060AD494F82330E2
:100D10003BB9444942480DF023FA80F0010084F8C1
:100D2000230015F0040524D13D4B94F82520C3F889
:100D30006051D3F86011C3F85C51D3F85C1112B163
:100D400094F8232052B10022C3F80022A260364A50
:100D5000C3F80823354B0822C3F88021238CADF853
:100D60000430E36804932369029363690593A369DC
:100D700003932B4AD2F8C434C2F8C434980749D438
:100D8000590749D4DA0749D494F823309B00DBB2E1
:100D90008DF8003094F825300BB984F82430E369DD
:100DA0005B0703D594F82330002BA8D0D4E9003199
:100DB00068469847A3E74FF4802128460DF024FAAF
:100DC00094F82030A3B994F825304BB9C5F8003217
:100DD000A360154BC5F80833144B0822C3F88021D3
:100DE00000238DF8043094F821308DF80530B8E7F1
:100DF0004FF40073C5F8003240F20223A36003F100
:100E0000CE73C5F80833A368C5F804330123AB607B
:100E10002B6274E70123BBE70223B9E70323B7E79B
:100E2000003000409C91002002029C0100E100E0A3
:100E3000036803F01F025B09026004D0012B034822
:100E400018BF002070474FF0A040704700030050CB
:100E5000F7B506460DF002FA08460DF0FFF901A8B5
:100E60000196FFF7E5FF019B2E4D00EB83000C463A
:100E7000D0F80037019440F20D612B400B43C0F8CD
:100E8000003701A8FFF7D4FF019B00EB8300012787
:100E9000D0F800372B400B43C0F8003704200CF08B
:100EA00040FF092501A80194FFF7C2FF019AD0F87D
:100EB0001035D340DB0715D401A80196FFF7B8FF22
:100EC000019B07FA03F3C0F80C3504200CF029FF4E
:100ED00030460DF0C3F9013D04200CF022FF15F05F
:100EE000FF05DFD101A80194FFF7A2FF019A0123BA
:100EF0009340C0F80C3504200CF013FF20460DF091
:100F0000ADF904200CF00DFF01A80194FFF790FF4C
:100F1000019AD0F810350448D34003F00103C01AF9
:100F200003B0F0BDF0F8FCFF0100AD0B10B50446B6
:100F3000E7F762FD0348044A012107F03EF8204626
:100F40000DF0A9F944FA0600156607002DE9F843EB
:100F5000044600AF0D46EFF31188402383F3128857
:100F6000BFF36F8F0428294A98BF294B9668117CDC
:100F700094BF53F82030274BE9468AB06A4626488A
:100F8000C2E9073140F201339384244BC2E90504DE
:100F900042F8103F224800234FF43151E7F710FE8A
:100FA000CD4645B1EB69C3F3080323B11D4A1C4884
:100FB000012107F002F82EB130460DF067FC08B1B0
:100FC000037803B91848E9468AB06A46174BD061DE
:100FD000C2E9053640F201331384154B42F8103F45
:100FE00000230F484FF41151E7F7EAFD2946CD469B
:100FF0002046FFF79BFF88F31188BFF36F8F3046C1
:10100000EBF73CF8BD46BDE8F88300BFC491002073
:101010000812070024660700326607000500000179
:1010200044FA06005A660700143B07007B66070077
:101030000400000138B5094B53F82040013053F843
:101040002050A54200D838BD636823B120460DF07A
:101050002AF90834F5E723689847FAE71C120700D5
:1010600070B52A4B2A4C2B4D012286B003201A70F2
:10107000FFF7E0FFE9F7C2FC0420FFF7DBFF26469D
:10108000AE4204F1300410D300F046FF204C224E53
:10109000AC4226D300F054FFE5F780F91F4A137BDA
:1010A00023F00103137306B070BD54F80C3C059394
:1010B00054F8103C049354F8143C039354F8183C2F
:1010C000029354F81C3C019354F8203C009354E9DB
:1010D0000A2354E90C0100F0E1FC54F8303C5E6551
:1010E000CDE7D4E90A23B3F1FF3F08BFB2F1FF3FD8
:1010F00005D052EA0301206803D10DF0C9FB30345A
:10110000C6E73146183001F019F9F8E7B59F00201D
:1011100030F8060030F80600D1E9060048750020D6
:1011200008B50348034A0021121A0DF0D4F808BD8F
:10113000881F0020B89F002070B5002386B00122D0
:10114000CDE90423134E144D01930F22CDE9023251
:101150001249142303FB005506EBC01604464FF456
:10116000C07000FB04110E4B00954FF4A072304686
:1011700000F094FC737B0B4AEE6023F0040373735E
:101180004FF4046304FB033313442C746B6006B008
:1011900070BD00BFC8740020C4910020C0D00020E2
:1011A0003BE4060080C80020BFB50020FFF742FFE7
:1011B0002E4B83F308882E4C2E4E63692E4F43F43A
:1011C00000736361E02384F8223000252023E37755
:1011D00025766576A57684F82050636A43F4E0238B
:1011E000636284F82350EAF7C9FEEBF77DF84FF00D
:1011F000FF33A362E362214CEBF750F9EBF798F869
:10120000E7F766FB40F201132046A381C4E91955B4
:1012100001F0C0FAB4600DF032F80120FFF70AFFC8
:101220000220174CFFF706FF00F0AAFE154B746171
:101230000593012314490095CDE903534FF48052DF
:101240003B46CDE90155204600F028FC627B06466E
:1012500022F00402204662730DF05FFB2846FFF780
:101260006BFF3A4631462046EBF71CF8C0D0002011
:1012700000ED00E0C49100206110060068760020B7
:1012800048750020DD66070040D2002038B5064CC6
:10129000064DAC4201D3002038BDD4E901122046EE
:1012A0000DF01DF81434F4E7341C0020481C002015
:1012B00038B5064C064D0020AC4200D338BD204660
:1012C0000DF072F80028F9DB1C34F5E7C41B002090
:1012D000341C002073B50C46EFF31181402585F3D3
:1012E0001288BFF36F8FC5685DB125602B68C3603E
:1012F000836901338361002081F31188BFF36F8F0D
:1013000011E052EA030603D125606FF00B00F3E70A
:10131000CDE900230246083000F04AFD18B9034B1E
:101320009B685B69236002B070BD00BFC491002060
:101330002DE9F341044617461E46EFF3118840237A
:1013400083F31288BFF36F8FC368334A7BB1806821
:101350009168884219D057EA060318D188F311889A
:10136000BFF36F8F6FF00F0002B0BDE8F08191689E
:1013700091F90E1021610133E3609368A36088F353
:101380001188BFF36F8F0020EEE72169F2E791F932
:101390000E1090F90E309942A8BF19466FF07E02E8
:1013A0009142B8BF11468B422DDD0DF051F8054634
:1013B000CDE9007619482246414600F0F9FC0028A4
:1013C000E1D0EFF31186402383F31288BFF36F8FD0
:1013D000A068D0B1236821699C420AD04BB193F92F
:1013E0000E309942A8BF19466FF07E039942B8BFEC
:1013F00019460DF02DF840B10848314600F048FD7F
:101400006FF00A00B0E70025D2E7002DF4D186F393
:101410001188BFF36F8FF3E7C4910020B69F0020BF
:1014200038B58368044663B3194A926893422BD156
:10143000C368012B03D9013BC360002038BDEFF323
:101440001185402383F31288BFF36F8F0169806891
:101450000CF0FEFF20460DF0D5FAA06058B190F9CF
:101460000E2022610022C2670DF057FA0948294672
:1014700000F00EFDE1E7E06085F31188BFF36F8FA8
:10148000DBE76FF01500D9E74FF0FF30D6E700BF7C
:10149000C4910020B69F002037B51146EFF31185A7
:1014A000402282F31288BFF36F8F04689CB12368D7
:1014B000426823F003039442036008BF43600121A4
:1014C00020460DF039F8044685F31188BFF36F8F7D
:1014D000204603B030BD51EA0302F5D000F1080206
:1014E000CDE900131046294600F062FC0028EFD138
:1014F000014B9B685C69EBE7C491002038B504465A
:10150000EFF31185402383F31288BFF36F8F0DF043
:1015100079FA48B10022C2670DF0FFF92946084860
:10152000BDE8384000F0B4BCD4E902329A4218BF9A
:101530000133A360022104F110000DF0B9FCEDE7C6
:10154000B69F002013B5EFF31181402484F3128875
:10155000BFF36F8F846844B1013C846081F31188CC
:10156000BFF36F8F002002B010BD52EA030406D112
:1015700081F31188BFF36F8F6FF00F00F3E7CDE9B0
:1015800000230246014800F013FCECE7B69F002060
:1015900070B50446EFF31185402383F31288BFF33F
:1015A0006F8F6FF00A0620460DF02CFA18B1C6674F
:1015B0000DF0B3F9F7E7A060022104F110000DF07F
:1015C00077FC29460248BDE8704000F061BC00BFCE
:1015D000B69F00201FB5094A92E8030002AB83E8DA
:1015E00003004FF480520093054906484FF0FF3343
:1015F00000F070F9002005B05DF804FB88FC0600DF
:1016000080E20020C87500202DE9F043DFF8348126
:1016100085B005464FF0FF364FF0FF37EFF31189E5
:10162000402383F31288BFF36F8FD5F880408CB9C5
:10163000022105F198000CF0C0FF002860D10023C2
:10164000CDE90067029305F1880249463E4800F063
:1016500063FDE3E7D5F884202368C5F88030944221
:1016600008BFC5F88430D5F8983043F00203C5F8B8
:101670009830E36823F0040343F00103E3606368F8
:1016800089F31188BFF36F8F20469847EFF31189D4
:10169000402383F31288BFF36F8FE368D90623F0EA
:1016A000010237D4E260E3689A071AD5D8F800003F
:1016B00023F00203E360A0B10268002188B143680F
:1016C0009C4237D1036869BBD8F80420C8F80030C1
:1016D000824201D1C8F80430002340F8083BFFF7EC
:1016E0000DFFD5F8983023F00203C5F8983089F340
:1016F0001188BFF36F8FDB0590D400F049FC8DE7B4
:1017000005F190040022012120460DF0DFF90028A8
:10171000F8D194E723F01103E36004F11000FFF720
:10172000EDFEC0E70B60D8F80430834208BFC8F86C
:101730000410D1E722B11368014610461A46BDE7EE
:101740001346F9E7E4910020B69F002070B5C36806
:10175000C3F340069B0705460C460DD50122002128
:1017600004F108000CF019FF00232360054B6560AD
:101770005A681AB9C3E90044304670BD14605C6011
:10178000FAE700BFE4910020F8B5C3689A07044661
:101790000F46C3F340062CD45B071AD40B680BB971
:1017A00083680B60E368DD0744BFA3683B603D6866
:1017B0004CBF02260126002D3AD01F4B9B68AB423E
:1017C0000AD0D5F89830D807C3F3800214D46FF04C
:1017D000120600233B6025E00DF04FF8D5F8983055
:1017E0000028F0D1D907C3F3C002F0D552B15B078E
:1017F00008D46FF00F06ECE7002AFAD1C3F3C00358
:10180000002BF6D100232360D5F8843063B9C5E9F5
:10181000204428460CF0ECFEE36843F00403E36048
:101820003B68A3603046F8BD1C60C5F88440F0E713
:101830006FF01506CDE700BFC49100202DE9F041FF
:10184000C36803F00503002B07460C4614BF4FF096
:1018500001084FF0000822D08668D6F8805025B1E4
:10186000AF4201D02D68FAE701250122002104F1E1
:1018700010000CF092FE134920460CF011FFE368B3
:1018800043F01003E3609DB13B68236073B9D6F861
:1018900084303BB9C6E9204430460CF0A9FE4046EE
:1018A000BDE8F0811C60C6F88440F5E73C60F3E7D2
:1018B000D6F880302360D6F88430C6F88040002BFC
:1018C000EAD1F0E7D1E50600014601480CF013BF6C
:1018D000C8750020F0B589B004460020C4E9200096
:1018E0000E9D04F18800C4E9220004F19000C4E9CF
:1018F00024004DB32879002840F2011008BF0120D0
:10190000C4F8980000204FF0FF364FF0FF37CDE9C4
:101910000330CDE90100CDE906670C4B0094204669
:1019200000F008F955B1296811B120460CF0ABFF61
:101930006B791BB1237B43F001032373204609B06D
:10194000BDE8F0400CF0A4BF0120D9E7091606005D
:1019500037B501900846EFF31184402181F31288D6
:10196000BFF36F8FC16811F01E0F16D153EA020545
:1019700008D101A9FFF708FF84F31188BFF36F8F27
:1019800003B030BD41F00801C1600199816210309F
:10199000034900F0D3FC0120EEE70020ECE700BF94
:1019A00065E6060001460148FFF7D2BFC875002072
:1019B000F7B50C46019016461D46EFF311874023FC
:1019C00083F31288BFF36F8F08460CF002FE55EACE
:1019D000060309D101A92046FFF7D6FE87F3118837
:1019E000BFF36F8F03B0F0BDE368074943F008030E
:1019F000E360019BA36204F1100032462B4600F025
:101A00009DFC0120EAE700BF65E6060001460148AB
:101A1000FFF7CEBFC875002010B5EFF31184402347
:101A200083F31288BFF36F8F0CF0ECFF48B10022F4
:101A3000C2670CF072FF0548214600F029FA002029
:101A400010BD84F31188BFF36F8FF8E7B69F0020B5
:101A50002DE9F34105460C4617461E46EFF3118863
:101A6000402383F31288BFF36F8F0846FFF7D8FC3B
:101A70002A46CDE900764146074800F099F9054627
:101A80004FF0FF324FF0FF332046FFF751FC28465E
:101A900002B0BDE8F08100BFB69F00202DE9F04301
:101AA000073285B022F007020E461F4610990173D7
:101AB00000F158037F32C0E916330446002322F0B8
:101AC0003F020421836041733F2A0F98A073C4E949
:101AD0000633E37306F14009A2F1400805D883F309
:101AE0001188BFF36F8F084602DFB51829462046DC
:101AF000E9F7E8FF07300E9B20F00700E066C4E935
:101B0000199802930D9B01932D1A0C9B00932A4662
:101B10003B4631462046EAF793FB00236365044BBE
:101B20009B6803B11B6F2367284605B0BDE8F083AF
:101B3000C4910020F0B587B000250595109D04954F
:101B40000F9D03950E9D0295DDE912760D9D019581
:101B50000C9D00950446FFF7A1FFB6F1FF3F08BFBB
:101B6000B7F1FF3F05D056EA070305D1204600F044
:101B7000A1F9204607B0F0BD03493A46334604F1C7
:101B8000180000F0DBFBF4E7D1E9060038B50D4D95
:101B90002B4653F8184F9C4200D004B9EC68AB6850
:101BA00038B95A7BD20604D1A26912B9DA897F2AE0
:101BB00005D89C4202D0204600F0EEFA23466B6125
:101BC00038BD00BFC491002008B590F90D20437BBB
:101BD000002A014604DA03F07F0343730CF05AFE37
:101BE000044B9868431A58425841BDE80840FFF733
:101BF000CDBF00BFC491002070B490F90D30427B7E
:101C0000002B29DBD30627D183692BBB134962F054
:101C10007F0242730A4652F8184F944218BF234677
:101C2000CC6923B9C0E900242060C8610CE090F9B8
:101C30000E5093F90E60B5420AD0AE4208DD5A68E4
:101C4000C0E900321060586070BC0020FFF79EBFF2
:101C50009C42E7D01B68E4E770BC7047C491002049
:101C60002DE9F041002A427B0E460CBF10210821CD
:101C7000114204460FD141EA0203D20918D143733D
:101C800008291BD00120FFF781FFBFF35F8F637B23
:101C900023F060036373274B9B68A34243D1EFF3A8
:101CA0000583002B3FD13046BDE8F041EAF7FCB98F
:101CB00003F07F0343730CF0EDFDE1E7A36813B17C
:101CC00020460CF0EFFD04F118000CF021FF04F1A8
:101CD00058074FF00008A56DBD4200D0B5B9154FAB
:101CE000BB689C42CED1EFF30583002BCAD0124DC6
:101CF0000120FFF74BFF40F20113AB812846002380
:101D0000C5E9193300F046FDBD60BEE728460CF07A
:101D1000C9FD05F118000CF0FBFEC5F87C802846D3
:101D2000FFF76AFFD7E786F31188BFF36F8FBDE82F
:101D3000F08100BFC49100206876002070B590F952
:101D40000D20437B002A014604DA03F07F0343732E
:101D50000CF0A0FD4B7B154A63F07F0310464B73DC
:101D600050F8183FD469834208BF002323B9C1E962
:101D700000042160D1610CE091F90E5093F90E60DE
:101D8000B5420ED0AE420CDD5868C1E900300160AA
:101D900059609068431A5842BDE870405841FFF7B7
:101DA000F5BE9C42E3D01B68E0E700BFC491002071
:101DB000F8B5124B0C461146114A98681060DDE9DF
:101DC0000676EFF31182402282F31288BFF36F8F01
:101DD0009D6828460CF070FDB6F1FF3F08BFB7F1D3
:101DE000FF3F06D007493A46334605F1180000F098
:101DF000A5FA2046BDE8F840EAF756B9C49100209C
:101E0000EC910020D1E90600F8B50446EFF3118605
:101E1000402383F31288BFF36F8F437BDA0649B206
:101E200019D18569BDB903F07F0343730CF032FD0E
:101E3000437B164A817363F07F034373134653F861
:101E4000180F984218BF0546D0695DB9C4E9003043
:101E50000460D46111E0A173002086F31188BFF300
:101E60006F8FF8BD95F90E70B9420BD08F4209DD26
:101E70006B68C4E900531C606C600120FFF786FEAC
:101E80000120EAE7A842E1D02D68DEE7C4910020F6
:101E900049B9EFF3058030B9054B5A699B689A42FE
:101EA00001D0EAF701B981F31188BFF36F8F704752
:101EB000C491002010B5EFF31184402282F3128800
:101EC000BFF36F8F427B510704D484F31188BFF3B3
:101ED0006F8F10BD22F004024273FFF78DFE214682
:101EE0000248BDE81040FFF7D3BF00BFB69F0020F7
:101EF000034648B9EFF3058232B9064A5169926840
:101F0000914201D0EAF7D0B883F31188BFF36F8F05
:101F1000704700BFC4910020EFF31181402383F389
:101F20001288BFF36F8F054B9A68D37B013BD37345
:101F300081F31188BFF36F8F704700BFC4910020F9
:101F400038B5EFF31185402484F31288BFF36F8F07
:101F50000A4B9A68D37B0133D3730020FFF716FE38
:101F600085F31188BFF36F8FEFF3118084F312882C
:101F7000BFF36F8FBDE83840FFF7BABFC4910020B0
:101F8000024B03F11802C3E906227047C4910020F6
:101F9000F8B5EFF31185402383F31288BFF36F8FF9
:101FA00019498868437B03F07F0343730CF072FC8C
:101FB0008B685A7B084662F07F025A7350F8182FDC
:101FC000CC69824208BF002222B9C3E90004236021
:101FD000CB610CE093F90E6092F90E70BE420ED008
:101FE000B7420CDD5168C3E900210B60536001204A
:101FF000FFF7CCFD2846BDE8F840EAF755B8A24205
:10200000E3D01268E0E700BFC491002050EA01036A
:102010002DE9F04105460E4603D1FFF7B9FF002038
:102020002BE0831C71F1FF3329DB0CF0A2FD2C188F
:10203000EFF31188402383F31288BFF36F8F124FA1
:10204000124BB8681860FFF7BFFDB86810492A4600
:102050003346183000F072F9BA68537B43F010032E
:1020600053734046EAF720F80CF083FD201A63EB27
:102070000303012873F10003D1DBBDE8F0816FF0A9
:102080000104241AD4E700BFC4910020EC91002081
:10209000D1E90600B1F1FF3F08BFB0F1FF3F08B53D
:1020A00006D10A4B98680CF047FC4FF0FF3008BD92
:1020B000FFF7ACFF4FF47A7147F6FF730022C0FBC5
:1020C0000132D80B40EA4240F1E700BFC491002042
:1020D0000C490D4A38B500244FF400458C46214682
:1020E000C0FB05C100236046C5F74CFFC117FFF7D1
:1020F0008DFF054A47F6FF73C0FB0234DB0B43EA52
:10210000444038BD3F420F0040420F00014B9868E9
:10211000704700BFC4910020D3B5DDE90667089C75
:10212000CDE90067FFF744FE1CB1034B9B685B6978
:10213000236002B0D0BD00BFC4910020044BC01A80
:10214000044BC0105843044B01221A54704700BF7F
:10215000E8760020ABAAAAAAB69F0020C3897F2BED
:1021600012D80A4B1B6863B1094B90F90E201B680B
:102170009A4209DB437BDB0606D1064BC31A18BF24
:10218000012303F0010070470023FAE7F4910020D7
:10219000F0910020C874002070B50E4B0E4C1E7CD0
:1021A00006EB460304EBC304054620460CF0B0FCE6
:1021B0000A4B002228469A55FFF7D0FF48B1084B3A
:1021C00008491A68013A2046D317BDE8704000F06C
:1021D000B5B870BDC4910020E8760020B69F0020FD
:1021E000F49100203D21060038B5EFF3118540231E
:1021F00083F31288BFF36F8F104B114A9C681068ED
:10220000A04206D1FFF7C8FF85F31188BFF36F8F97
:1022100038BD00211B7C11600A4AD35C002BF3D02F
:102220002046FFF79BFF0028EED0637BDB0602D140
:102230002046FFF783FD2046E4E700BFC49100205D
:10224000EC910020B69F002008B50648064A0749D1
:10225000121A0CF042F8BDE80840054A0549064844
:102260000CF03BB800000020881F00205C670700CE
:10227000000000005C67070000000020034B1B68A3
:102280000BB9FBF7A7BA0020704700BFF8910020F8
:1022900030B570B10B4B5B6898420AD0036843B10C
:1022A000D3E90421D0E90445121941EB0501C3E942
:1022B0000421D0E9003213605A600023C0E90033E2
:1022C00030BD00BFB01A002070B50B490B684D68D7
:1022D000024600208B4208BF0023014603B970BDAF
:1022E000D3E90446001941EB06019342F7D09D4221
:1022F000F5D01B68F2E700BFB01A002010B50E4BF6
:102300001C689C4204D1FFF7B9FF6FF0004010BD7C
:10231000FFF7B4FF002CF8D0D4E904321B1A62EBAB
:10232000E072B3F1004F72F10001EEDA002AACBFA7
:1023300018460020EBE700BFB01A0020B3F1FF3FC2
:1023400008BFB2F1FF3FF8B504461D4616465ED001
:102350008160EFF31187402383F31288BFF36F8FFF
:10236000013275F1FF3324DA2E49D1E900206FF0F4
:1023700001039B1A4FF0FF3262EB00009E1B60EBE3
:102380000500012E70F1000301DA01260020C4E9E6
:102390000460254ED6F800C07568B44508BF4FF0FC
:1023A000000CBCF1000F0DD1C4E900652C60746015
:1023B0001CE0FFF763FF013645F10005361845EBD9
:1023C000E070E4E7DCE90420D4E90431934271EBE6
:1023D000000E1DDAD21ADCF8043060EB0100CCE903
:1023E0000420C4E900C31C60CCF804403368B34245
:1023F00009D09C4207D10D4B1C6824B9FFF77EFF22
:102400002146FBF7B9F987F31188BFF36F8FF8BD49
:102410009B1A61EB0001AC45C4E90431C4D0DCF87F
:1024200000C0BEE700770020B01A0020F89100201D
:102430002DE9F84FEFF3118C402383F31288BFF39B
:102440006F8FDFF8B0A0DFF8B0902C4FC9F8000014
:10245000DAF800000024504508BF00200025D7E925
:102460000021D9F80030E04678B3D0E9046C4FEA97
:10247000E37EB3427EEB0C0B05DAF61A6CEB0E042E
:10248000C0E9046421E0B21841EBE671C0E90445FB
:10249000C7E90021FFF7FCFE88F31188BFF36F8FB7
:1024A00083689847EFF31188402383F31288BFF3C2
:1024B0006F8FD9F80030DAF800009B1B5045C446F6
:1024C000C9F80030CBD1D7E900219A1841EBE3736A
:1024D0000024C7E90023C9F80040FFF70FFF214699
:1024E000FBF74AF988F31188BFF36F8FBDE8F84F07
:1024F000FFF77ABEB01A0020F89100200077002084
:1025000010B5EFF31184402383F31288BFF36F8F6C
:10251000FFF7B4FE054A0346D2E90001181841EB63
:10252000E37184F31188BFF36F8F10BD0077002033
:10253000F8B50446EFF31187402383F31288BFF305
:102540006F8F026822B187F31188BFF36F8FF8BDD8
:10255000D0E90A36581C46F10001022871F1000149
:1025600027D3012B76F10001BCBF012316465D1E67
:1025700046F1FF360CF001FB013041F1000140193A
:1025800046EB0101012871F1000139DB0CF0F5FA8D
:10259000013041F100016FF00102401946EB0103E7
:1025A000121A4FF0FF3161EB030318492046FFF781
:1025B000C5FE236B01332363236A6BB187F3118854
:1025C000BFF36F8F236A20469847EFF311874023AC
:1025D00083F31288BFF36F8F54F8185FA542B2D00F
:1025E000002DB0D028460CF0C1F90023EB6787F32B
:1025F0001188BFF36F8F2846BDE8F8400CF08DB905
:102600006FF001024FF0FF33CFE700BF3125060026
:102610002DE9F04105461C4690461F46EFF3118612
:10262000402383F31288BFF36F8FB4F1FF3F08BFDD
:10263000B2F1FF3F05D186F31188BFF36F8FBDE87C
:10264000F081531C74F1FF3309DB012A74F100039C
:10265000BCBF0122002412F1FF3844F1FF372846A5
:102660000CF056FADDE906010023C5E90A012B63E7
:10267000034942463B462846FFF760FEDBE700BFC2
:10268000312506002DE9F74F1D46274B9F68012392
:1026900087F8603087F8613052EA050316460CBFB0
:1026A0000123002307F1600280460CF034FB8146D1
:1026B000EFF3118B4FF0400A8AF31288BFF36F8F4C
:1026C00097F860404CB901465A4640460CF0C4FAAF
:1026D0008BF31188BFF36F8F0BE0002387F8603016
:1026E00056EA050309D18BF31188BFF36F8F6FF0A2
:1026F0000A04204603B0BDE8F08FCDE900650B4A1F
:102700000B485946FFF754FB0446EFF311858AF353
:102710001288BFF36F8F2A46494640460CF09CFA58
:1027200085F31188D6E700BFC4910020B81A0020B5
:10273000B79F002038B50346EFF31185402282F39E
:102740001288BFF36F8FC1600121816000688342EE
:1027500006D185F31188BFF36F8F0024204638BD62
:10276000D0E9003213605A600023C0E900330CF056
:102770004AFB294604460248FFF78AFBEEE700BF02
:10278000B79F00200A46014601480CF0B3BB00BFCA
:10279000341C0020014B0367704700BF341C00202D
:1027A00038B504460D460CF068F820B9064B9B6816
:1027B0001B6F0BB938BD054B2A4621461846BDE8AC
:1027C00038400CF097BB00BFC4910020341C00209F
:1027D00030B599B00546684600F028F869460446C9
:1027E00008A800F053FA08A90443284600F08AF923
:1027F000204619B030BD00BF70B598B00546684698
:10280000164600F013F83146044608A800F046F9D1
:1028100008A96A460443084600F082F908A904435F
:10282000284600F06DF9204618B070BD70B50B68F1
:10283000124E1BBAC3614B681BBA83618B681BBA0B
:102840004361CB681BBA03610B691BBAC3604B6958
:102850001BBA83608B691BBA4360CB691BBA3246D3
:10286000036001460446C5F707FC314605460246AB
:102870002046C5F721FC681E70BD00BF341207005A
:102880002DE9F04188B00C46064602F12001684669
:1028900006F120079046C5F7E9FE6A466946684694
:1028A000C5F706FE69463846C5F7E0FE3A463946A2
:1028B000384604F12005C5F7FBFD6A4669466846BF
:1028C000C5F7F6FD41462846C5F7D0FE6A464146A3
:1028D0003046C5F7B3FE2A4629466846C5F7E8FDE7
:1028E0002A4669466846C5F7E3FD124A69466846C6
:1028F000C5F7DEFD69462046C5F7B8FE32462146DB
:102900002046C5F713FE324621462046C5F70EFE87
:10291000224631462846C5F709FE6A46294628461A
:10292000C5F78CFE3A4629462846C5F7FFFD08B094
:10293000BDE8F08114130700F0B599B004460D46C8
:102940000A4601466846C5F7F1FD69466846C5F77F
:102950008DFE6A46214608A805F1200604F12007ED
:10296000C5F76CFE6A4629466846C5F767FE3246DB
:10297000394610A8C5F79CFD324639463046C5F7A2
:10298000D5FD31462846C5F771FE6A4608A920469E
:10299000C5F78EFD224629462846C5F7C7FD6A467B
:1029A00008A96846C5F7C2FD6A4639463846C5F7E4
:1029B00045FE2A4608A96846C5F7B8FD6A4631466D
:1029C0003046C5F73BFE3A4631463046C5F7AEFDC8
:1029D00010A96846C5F74AFE224669462046C5F753
:1029E000A5FD08A922460846C5F7A0FD10A908AA1A
:1029F0000846C5F723FE3A4610A93846C5F796FDA6
:102A000019B0F0BD2DE9F04188B00C46054690465E
:102A10000A4601466846C5F789FD69466846C5F716
:102A200025FE6A462946284604F12006C5F706FE1B
:102A300005F120076A4621466846C5F7FFFD324684
:102A400039463046C5F772FD31462046C5F70EFEC1
:102A50002A4621462046C5F769FD6A46214620469A
:102A6000C5F764FD6A4629464046C5F75FFD424604
:102A700039463846C5F7E2FD224629466846C5F77D
:102A800055FD6A4631463046C5F7D8FD3A463146CF
:102A90003046C5F74BFD08B0BDE8F08170B500F1D8
:102AA000200690B00D46044600F014F905F120010F
:102AB000304600F00FF9214608A8C5F7D7FD08A950
:102AC00008460D4AC5F7F4FC08A922460846C5F792
:102AD000B5FD08A9094A0846C5F7EAFC314668462B
:102AE000C5F7C4FD202269460DEB0200C5F7B2FC14
:102AF000013810B070BD00BF14130700F4120700B6
:102B000000F002B938B504460D4600F0FDF805F1B5
:102B1000200104F12000BDE8384000F0F5B800BF06
:102B20002DE9F0471346B8B0544A89468046194605
:102B300010A8C5F7A1FA5249024610A8C5F7BCFA79
:102B4000179E4E4900EAD6760746C6F1010210A844
:102B5000C5F7B2FA179B4A466FEA030A28A918A8D4
:102B6000FFF78EFE4FEADA7A20A9CAF10102084681
:102B700000F092F8C7F10107FE246A4618A928A8B8
:102B8000FFF740FF631138AA02EB830304F01F0232
:102B900053F8A03CD340554603F0010A8AEA0505E4
:102BA0002A4628A918A8C5F7E3FA2A4630A920A87A
:102BB000C5F7DEFA013C28A918A8FFF7BDFE631C83
:102BC000DBD1CAF1010220A908A800F065F886EA65
:102BD0000A066A4618A928A8FFF714FF28A9324652
:102BE00018A8C5F7C5FA324630A920A8C5F7C0FA1B
:102BF00008A96A460846C5F721FD08A9084600F05D
:102C00009DF808A908F1200409F120020846C5F73B
:102C100015FD20A908AA2046C5F710FD08AA18A985
:102C20006846C5F70BFD69466846C5F71FFD18AA3B
:102C3000694608A8C5F702FD21466846C5F716FD96
:102C400008AA69461046C5F771FC0E4A08A96846ED
:102C5000C5F76CFC20462021C5F710FC08A90246E8
:102C600044426846C5F784FA4046074A6946C5F7B4
:102C7000E5FC3C43204638B0BDE8F08774120700FD
:102C800094120700F4120700541207000A46014983
:102C9000FFF746BFB412070070B588B004460D4672
:102CA00016460021202268460CF0C6FA0023294669
:102CB0002022204600930CF097FA2A46694668467F
:102CC000C5F734FC324669462046C5F751FA08B0CC
:102CD00070BD00BF0B681BBAC3614B681BBA836130
:102CE0008B681BBA4361CB681BBA03610B691BBAC3
:102CF000C3604B691BBA83608B691BBA4360CB69A5
:102D00001BBA0360704700BFCB691BBA03608B69B5
:102D10001BBA43604B691BBA83600B691BBAC36063
:102D2000CB681BBA03618B681BBA43614B681BBA43
:102D300083610B681BBAC361704700BF70B598B060
:102D40000D46064610A8C5F791FC2A4610A968460C
:102D5000C5F774FC694610A8C5F788FC10A9084699
:102D6000C5F784FC6A4610A908A8C5F767FC08A93E
:102D700010A8C5F77BFC10A90846C5F777FC10A979
:102D80000846C5F773FC10A90846C5F76FFC10A9E3
:102D900008AA0846C5F752FC10A90846C5F766FC04
:102DA00010A90846C5F762FC10A96A4608A8C5F72D
:102DB00045FC052408A910A8C5F758FC10A9084629
:102DC000C5F754FC013C10A9F5D108AA0846C5F77F
:102DD00035FC052410A90846C5F748FC10A908468B
:102DE000C5F744FC013CF5D110A908AA0846C5F76F
:102DF00025FC10A908A8C5F739FC08A90846C5F79D
:102E000035FC08A96A466846C5F718FC10246946CF
:102E100010A8C5F72BFC10A90846C5F727FC013CF4
:102E200010A9F5D12A460846C5F708FC402410A988
:102E30000846C5F71BFC10A90846C5F717FC013C5E
:102E4000F5D110A96A460846C5F7F8FB102410A969
:102E50000846C5F70BFC10A90846C5F707FC013C5E
:102E6000F5D110A96A460846C5F7E8FB102410A959
:102E70000846C5F7FBFB10A90846C5F7F7FB013C60
:102E8000F5D110A908AA0846C5F7D8FB2A4610A90B
:102E90003046C5F7D3FB18B070BD00BF10B50C4C61
:102EA000236813B10B4B1B682BB900F029FE30B916
:102EB000084B01221A6001232360002010BD013855
:102EC000062801D9044810BD044B53F8200010BD5A
:102ED00000920020FC910020FE8FFFFF34130700BA
:102EE000BFF34F8F0549064BCA6802F4E0621343F3
:102EF000CB60BFF34F8F00BFFDE700BF00ED00E0E8
:102F00000400FA0510B4094B09490A4C4FF0FE328F
:102F1000C3F800244968C3F80424C3F80824C3F89C
:102F20000C240023C4F8003510BC084700B0025040
:102F3000C01A002000A00250D0E90012014BC3E9E2
:102F400000127047C01A00202DE9F043134B144EB5
:102F5000002814BF04461C4683B02368B34219D02E
:102F60000D4620464FF4E07104F10409174604F5BC
:102F70008E7800F0E9F8484600F0ACFC404600F0DE
:102F8000DBFA084900972B464A46404600F0EAFA29
:102F900008B92660002003B0BDE8F0830492002049
:102FA000A5BCC95A5D39060070B51D460C4B0028FA
:102FB00018BF03460B481E68864282B00DD100261A
:102FC00003F58E7000963346144600F017FB002878
:102FD00018BF34462C6002B070BD0348FBE700BF49
:102FE00004920020A5BCC95AE88FFFFF10B5044623
:102FF00050B1636813F0685F05D0064A934202D06F
:1030000000232360626010BD034B04485B6898474F
:10301000EFE700BF2C5F5CA9C01A00205013070027
:10302000C8B143680D4A934213D013F0685F0ED0C5
:10303000012350E8002F194640E8001C9CF0000FC7
:10304000F7D1012AF5D0BFF35F8F00207047044805
:103050007047044870476FF4E04070472C5F5CA9EC
:10306000E98FFFFFEA8FFFFF80B14368094A93426F
:103070000AD013F0685F05D0BFF35F8F00230360B1
:103080001846704704487047044870476FF4E040A2
:10309000704700BF2C5F5CA9E98FFFFFEA8FFFFF3D
:1030A00010B5044620B1044B63600022226010BDBD
:1030B0000248FFF727FFF6E73A00003A78130700C7
:1030C00070B5D0E90023174C174D6360D0E902308A
:1030D000C4E9023022604868D1F800C0134BC3E94C
:1030E00000C0D5F81801D1F808C0C3F808C010F026
:1030F000685FD1F80CC00969C3F80CC0196110D021
:103100000B49C5F8BC110023C5E9453105F58A70A6
:10311000C5F8B8319047236805F5DC70BDE870400C
:10312000184770BDDC1A002004920020C81A002045
:103130002C5F5CA938B131B1014400220346013053
:1031400081421A70FAD1704738B131B1014400227E
:103150000346013088421A70FAD170472DE9F04FCA
:10316000B2F5C07FB5B000F2D780DFF8B491144655
:103170000D464FF4D07200210DF15C080746484619
:103180000CF05AF8404601F051F9002309F11806F5
:10319000A9F8103063BA29462246A9F81230304601
:1031A000202389F817300CF01FF85E4B079303F1CA
:1031B00004338022089303F104330993325503F159
:1031C000043307A940460A9301F046F982460028D5
:1031D0007FD104F119030BAE0FAC02930397019654
:1031E00004940198DFF840B1102200210CF024F87B
:1031F000DDF808A005940E9B5BF8044C5BF80C7C92
:103200000B995BF8100C5BF8085CDDE90C625C4024
:10321000019B7E40554081EA00071A460121404645
:10322000CDE90B76CDE90D5401F030F9BAF1100F6C
:1032300094BFAAEB0A0AAAF1100A0BF1100B00289E
:1032400065D1BAF1000FD6D1059C01992046102214
:103250000BF0CAFF99F8033010340133A04589F808
:103260000330BED1049C039F019E8022214640462C
:1032700001F0F2F8824670BB07F120093D4613AB1E
:103280001A460121404601F001F91022824613A995
:1032900028461544BAF1000F1DD10BF0A5FF4D458E
:1032A000EDD1404601F0D2F81D484FF4D071FFF740
:1032B0004BFF20462021FFF747FF07A81021FFF70B
:1032C00043FF30461021FFF73FFF504635B0BDE8C1
:1032D000F08F0FAC0BAE404601F0B8F810484FF439
:1032E000D071FFF731FF20462021FFF72DFF07A8FF
:1032F0001021FFF729FF10213046FFF725FF20217D
:103300003846FFF721FF504635B0BDE8F08F039FE8
:10331000019E049C8246DEE76FF0370AF3E700BFA8
:10332000D493002000010203E49300202DE9F04132
:1033300088B004460D462022002168460BF07CFF31
:1033400004F120066F46E27B0132D2B2E273002A1A
:103350004DD1A27B0132D2B2A273002A47D1637B46
:103360000133DBB26373002B41D1237B0133DBB22A
:103370002373002B3BD1E37A0133DBB2E372002BE2
:1033800035D1A37A0133DBB2A372002B2FD1637A3C
:103390000133DBB2637253BB237A0133DBB2237296
:1033A0002BBBE3790133DBB2E37103BBA3790133B8
:1033B000DBB2A371DBB963790133DBB26371B3B9FB
:1033C00023790133DBB223718BB9E3780133DBB2AC
:1033D000E37063B9A3780133DBB2A3703BB96378C0
:1033E0000133DBB2637013B92378013323703B469A
:1033F00022460121304601F049F8804650BB103783
:1034000008AB9F429FD1029AAB68039F0799534034
:1034100002933046EE68009B7E400396049F2E691F
:103420007E4004966E69059F7E400596069FAE69B4
:103430007E400696EE697140079129684B400093E3
:1034400001996B6880224B406946019301F004F8B2
:10345000804638B168462021FFF776FE404608B026
:10346000BDE8F08110220DEB020120460BF0BCFEFE
:10347000F0E700BF2DE9F84304468069B0F5C07F4E
:1034800052D81D46C0F5C073AB424DD3C5F5C073CD
:103490001B1A9342164647D3DFF898904FF4C07238
:1034A0000F46484600210BF0C7FED4F89430A269BD
:1034B000D4F8980049469847002838D1D4F81880A5
:1034C0003DB1D4E925302A4609EB0801984770BB85
:1034D000A84407B1C6B9174942460846FFF73EFE61
:1034E000054638B113484FF4C071FFF72DFE28464A
:1034F000BDE8F8830F492046FFF718FF054600286E
:10350000F0D101232361EDE709EB0800394632468B
:103510000BF06AFE0749B04442460846FFF71EFE1C
:1035200005460028DED1E5E76FF03705DFE76FF0ED
:103530003305DCE77495002010B5A4220446002171
:103540000BF07AFE064B4FF0FF314FF6F07221611F
:10355000E26104F19C001B68BDE81040184700BF01
:103560002C1B00202DE9F04385B005460F4616467A
:1035700000211022684699460BF05EFE1D4B05F1B6
:103580009C081B684046984720B10446204605B079
:10359000BDE8F08305F12004204600F047FFAA694A
:1035A000C5E925762E69E2B92022002EAA611FDB2B
:1035B00020466946802200F04FFF044630B90C9A3D
:1035C000334649462846FFF755FF04460A4B404616
:1035D0001B689847002818BF0446204605B0BDE880
:1035E000F083002EE4DA172A02D801325608DFE70A
:1035F0000026DDE7281B0020241B00202DE9F04FCA
:103600008DB0B2F5806F169F00F2E380B7F5807F32
:1036100000F2DC80044615460E462022002104A854
:1036200098460BF009FE6C4B04F19C091B68484658
:1036300098478346002840F092802269E3699A42C5
:1036400000F391806369002B40F08D80002F40F0E3
:10365000A980DFF888A16F46002D00F0988004F162
:1036600020086F460EE0102DAB4628BF4FF0100B20
:1036700030465A4639460BF0B7FDB5EB0B055E44B4
:1036800000F08580E37B0133DBB2E373002B4DD187
:10369000A37B0133DBB2A373002B47D1637B0133E0
:1036A000DBB26373002B41D1237B0133DBB2237385
:1036B000002B3BD1E37A0133DBB2E372002B35D12F
:1036C000A37A0133DBB2A372002B2FD1637A0133CB
:1036D000DBB2637253BB237A0133DBB223722BBBA1
:1036E000E3790133DBB2E37103BBA3790133DBB2CE
:1036F000A371DBB963790133DBB26371B3B92379A9
:103700000133DBB223718BB9E3780133DBB2E370B1
:1037100063B9A3780133DBB2A3703BB9637801339B
:10372000DBB2637013B92378013323703B46224622
:103730000121404600F0AAFE8346002893D0DAF823
:103740000030484698472021034604A8002B18BFA4
:103750009B46FFF7F9FC10213846FFF7F5FC584669
:103760000DB0BDE8F08F3A46414600232046FFF7F2
:1037700081FEDFF868A000283FF46DAFDAF8003072
:1037800048469847834600283FF465AFE7E704A919
:103790002046FFF7CBFD83460028D0D123690133B3
:1037A0002361CCE73A46414604A8FFF7D7FC83469D
:1037B00018B1DFF828A06F46C1E704A92046FFF73B
:1037C000B5FD834600283FF444AFF2E76FF0370BB6
:1037D000C5E76FF0350BC2E7281B0020241B002033
:1037E0002DE9F043202B8BB01D46064688469146B6
:1037F00026D8DBB202AF8DF80480B0468DF80530D4
:1038000058F8041B21B9404600F084FE044640B934
:1038100001233360022201A9404600F08FFE0446D6
:1038200038B138462021FFF78FFC20460BB0BDE8A9
:10383000F0832A464946404600F080FE0446F0E701
:1038400002AF1946104600233A4600F0FDFF044639
:103850000028E6D12023B9461D46CCE7F0B5D0F8C4
:10386000F830A7B0002BD8BF02AE2CDDD0F80C4149
:103870000546002302AE0193A4F10107D0F8000130
:10388000D5F8FC4001AB90223146A047B7FA87F744
:103890007F09044610B9019B3BB9A7B1304690217E
:1038A000FFF752FC204627B0F0BD014632462846BD
:1038B000FFF796FF50B9D5F80431019A1344C5F8C3
:1038C0000431002FEAD16FF03C04E7E704462046BC
:1038D00027B0F0BD70B50025044604F588761422A3
:1038E0002946C0F8F850FC300BF0A6FC0822294607
:1038F00030460BF0A1FC154B30461B68984720461C
:1039000040F8045B00F0ECFD114B30461B68984713
:10391000D8B9D4F8F830AB4211DC03EB830204EBE6
:1039200082022021C2F808110121C2F80C110133D2
:103930000849C2F80001C2F8FC10C4F8F830064B80
:1039400030461B68BDE87040184770BD2C1B002036
:10395000281B002031430600241B00202DE9F047DE
:10396000202A88B079D83E4B00F588791B68044638
:1039700048461746884698470546F8B9D4F8F830BF
:1039800040F20116002B64D02046FFF767FF054682
:1039900038B9D4F8F830002B14DC013EF2D16FF0C6
:1039A0003B056E4620213046FFF7CEFB2D4B4846A7
:1039B0001B689847002818BF6FF01D05284608B0FF
:1039C000BDE8F087D4E94132934203D3D4F80C2107
:1039D000012A02D0013ED7D1E1E71F2BFAD96E466A
:1039E00001462022304604F1040A0BF025FC314642
:1039F000504600F0CDFD05460028D3D1504600F0DA
:103A000083FD504600F06CFD2946504600F082FDD3
:103A100005460028C6D150462022314600F08EFDD2
:103A200005460028BED1034632462021304600F02C
:103A30000BFF05460028B5D1D4F8F830002BC4BFE1
:103A40000023C4F804313A46404631460BF0CCFB23
:103A5000A8E76FF03F056E46A4E76FF03B05ADE7C2
:103A6000281B0020241B002030B58DB00021282207
:103A700002A801910BF0E0FB02A800F00DFF044644
:103A800010B120460DB030BD174D4FF0FF31286802
:103A900000F044F9044620B11448FFF733FA012C32
:103AA00018D0002000F06AF9D0B9114A02A901A883
:103AB00000F030FC0446012000F060F960B928688D
:103AC00000F034F90028DCD00A48FFF71BFA204642
:103AD0000DB030BD0524F2E70748FFF713FAEEE713
:103AE0000648FFF70FFAE0E7101B00209C130700C1
:103AF000F4960020F4130700D4130700B413070052
:103B000030B583B000F05CF828B100F0ABF80324C6
:103B1000204603B030BD00F077F8D8B900F02EF998
:103B2000E0B9224CD4F828391B0EF02B0AD1D4F876
:103B3000242A1F4B9A4231D000F044F8072400F0A9
:103B400091F8E5E700F03EF800F08CF806242046F6
:103B500003B030BD0424204603B030BD00F032F87D
:103B600000F080F8FFF780FF044698B9114D2B68EC
:103B7000002BCDD102460146FFF7E6F950B90E49B8
:103B800001AB6822FFF710FA20B90C4B2B602046DE
:103B900003B030BD0524204603B030BD012000F045
:103BA000EDF80028DAD1C4F80C0ADBE700B00250C7
:103BB0000000E02014990020189900205AEA5A5A6F
:103BC0000020704700207047430504D5044B4FF098
:103BD000FF32C3F80821024BC3F8080A704700BF40
:103BE00000B00250014BC3F8040A704700B0025005
:103BF00008B100F06BB84FF47500704708B100F0E1
:103C00004FB84FF47500704710B5114800F072F8C6
:103C100000B110BD0F4800F06DF80028F9D10E4C2E
:103C2000204600F067F80028F3D10C4B0C481C60CC
:103C300000F060F801460028EBD100F02DF80446B2
:103C400008B1204610BD00F07BF82046FAE700BF1F
:103C5000201B00201C1B0020181B0020101B002014
:103C6000141B002008B5084800F04EF8074800F083
:103C70004BF8074800F048F8064800F045F8BDE862
:103C8000084000F00BB800BF201B00201C1B0020C8
:103C9000181B0020141B002000207047704700BF35
:103CA00010B4094C0246D4F8003A1342FBD021B1BB
:103CB000D4F804310B60C4F80831034BC3F8082A68
:103CC000002010BC704700BF00B00250044AD2F878
:103CD000003A1842FBD0C2F8080A0020704700BF23
:103CE00000B002500BF08EBA0BF0A6BA0A460021C3
:103CF0000BF0A2BA08B5034B02681B68106898471E
:103D0000002008BDDC1A002008B5034B02685B6880
:103D100010689847002008BDDC1A0020024B02689A
:103D20009B681068184700BFDC1A002008B5034BD9
:103D30000268DB6810689847002008BDDC1A002084
:103D400070B5094C094D2069AB68984718B1084B0C
:103D500008485B689847084AEB68206900211160B1
:103D6000BDE87040184700BFC81A0020DC1A0020C8
:103D7000C01A00200C14070080990020F8B51A4DD5
:103D80001A4E0446B26828699047E8B9184F3B6854
:103D90004CB1A3B1012B19D0013B3B602869F368FA
:103DA00098470020F8BD43B9124A0121C2F8001516
:103DB0001149D1F81029002AFBD101333B60F36887
:103DC000286998470020F8BD0C48F8BD0A4AD2F887
:103DD0001039002BFBD1074A6FF07E40C2F8003546
:103DE000FFF700FF3B68D7E7C81A0020DC1A002065
:103DF0008099002000A0025000B00250E98FFFFF20
:103E0000014B1B68184700BFDC1A0020014B9B6860
:103E1000184700BFDC1A0020014BDB68184700BFC1
:103E2000DC1A00202DE9F047002878D00C46002944
:103E300075D01D46002B72D007461AB1012200230F
:103E40002A6003602B68002B64D02946204600F0CE
:103E5000DBFD804600285FD12868214600F0BAFDCE
:103E60008046002858D12B68082B6CD0042B6DD0CD
:103E7000A3F10209B9FA89F94FEA5919354E01211E
:103E8000C6F8C411C6F84011C6F8C411636AC6F872
:103E90003031D6F830219342F6D14FF0000A4FF07E
:103EA000FF30C6F82CA1FFF78FFE6FF01B03C6F89A
:103EB00000315046FFF796FEC6F80C91D6F8040A7A
:103EC00040F48060FFF78EFE0A23C6F83831089B65
:103ED000012B29D02369204AA2FB03231B09626A14
:103EE00002FB03F303EB43031A4ADB039B09C2F80B
:103EF000D8310123C2F82C313B682A6823F07F4374
:103F000043EA02633B602A6843EA02233B6040467F
:103F1000BDE8F087DFF844804046BDE8F087DFF871
:103F200040804046BDE8F0874FF08053D3F80C2C1A
:103F3000013206D0D3F80C3C074AA2FB03231B092D
:103F4000CDE71623CBE74FF0030997E74FF00209BF
:103F500094E700BF00B00250ABAAAAAA310CF1004E
:103F6000350CF10050B34B1EB3F5047F26D24FF051
:103F7000000C30B5CD00E6466446630904F01F012D
:103F800050F823301F2923FA01F306D003F0010370
:103F90001CB901249E46A446EFE79E4504F10104A6
:103FA00006D09E464FF0010CAC42E6D1002030BD59
:103FB0000CF1010C9445F7D1014830BD0048704721
:103FC000360CF100C8B32DE9F0434C1EB4F5047F64
:103FD0001CD2DBB1D2B14FF0000ECF007646F046D6
:103FE000754603F1FF396C0905F01F0150F82440B4
:103FF0001F2924FA01FC0CD00CF0010C4DB901264C
:10400000E0463546B646EEE7964218D90D48BDE87B
:10401000F08373450CD0C44508BF0136F145F3D099
:104020000EF1010E0135BD42DDD10020BDE8F08367
:104030004FF0010EE0467646F4E7024870479E4690
:10404000F0E700BF370CF1002DE9F04F91B00D46BD
:10405000DDE91B41824600296ED1286906901A9835
:104060001C6000230360002A00F02E819C4B6A6ACA
:10407000D3F83811D3F830319A4269D10A2967D17F
:104080009AF80330089304F1080306990793954BB7
:10409000934CA3FB01239B0803EB4303A1EB4303D6
:1040A0000393042305931A9B069E1E60002E00F0C6
:1040B000E980002700F0B8FC0997BAF1000F00F082
:1040C000D580DDF81C804FF00109002D00F0CE8076
:1040D000089B002B3ED008A9284600F095FC00283C
:1040E0003AD0814B984220D0089B082B00F0E48006
:1040F0005B0000220893009208AB29465046FFF768
:1041000091FE7A4B984200F0D38070B9DAF8002023
:10411000130A03F47F03134323F07F43CAF80030EC
:10412000059B013B0593BED10020039000F07CFC71
:10413000039811B0BDE8F08F4FF08050D0F80C6CB0
:10414000013614BFD0F80C0C4FF40470069086E7CB
:104150006748EAE76548C4E70898294600F03AFC52
:104160000028BED1089B082B00F0A880042B00F08B
:10417000A880A3F10203B3FA83F35B090493C4F8A4
:10418000C491C4F84091C4F8C4916B6AC4F830314A
:10419000D4F830219342F6D14FF0000BC4F82CB183
:1041A0004FF0FF30FFF710FD6FF01B035846C4F8C7
:1041B0000031FFF717FD049BC4F80C31D4F8040A52
:1041C00040F48060FFF70EFD0A23C4F838312B69F4
:1041D000ABF1553BABFB03236A6A1B0902FB03F3FC
:1041E00003EB4303DB039B09C4F8D831C4F82C91DB
:1041F000DAF80030089923F07F420B0243EA0163AA
:104200001343CAF8003009A800F0D4FB099B03F05F
:104210001A0303437FF468AFABFB063BD4F81431B9
:104220000A93D4F818310B93D4F81C310C93D4F8BA
:1042300020310D93D4F824310E93D4F828310F9304
:10424000B7EB9B0F01D1039B93B9404618220AA9F3
:10425000183EFFF747FD08F11808013796B100F046
:10426000E3FB00230993002D7FF432AF214838E7A8
:104270004046F61A1A460AA998440137FFF732FD5C
:10428000002EECD1069F079E6A6939463046FFF73B
:1042900069FEAA6940B94FF4806339463046FFF79A
:1042A00091FE00283FF440AF1A9A0023136018E7EC
:1042B0002B6A002B3FF439AF0F4836E703230493F2
:1042C0005DE7022304935AE7009108AB01222946D7
:1042D0005046FFF7A7FD00283FF4D5AE25E700BF05
:1042E00000B00250ABAAAAAA020CF100310CF100F6
:1042F000300CF100350CF100320CF10010B4DDE9A6
:1043000001340194039C02940024039410BCFFF731
:104310009BBE00BF10B586B005AB0124CDE90124DA
:104320000093002204ABFFF78FFE06B010BD00BF64
:10433000F0B587B0002966D01E46002B63D0144626
:10434000002A60D0314F0D4638684FF0FF31FFF73B
:10435000E5FC00284DD10020FFF710FD002844D1D6
:104360002B4800F099FA0346D8B101204FF0FF35F1
:10437000FFF704FD002834D126484FF40871FEF7FA
:10438000D9FE25480421FEF7D5FE21482821FEF755
:10439000D1FE3868FFF7CAFC00282ED1284607B0A6
:1043A000F0BD1C4A029205AA019204AA0390009251
:1043B000174919481A46FFF7A1FF03460028D4D130
:1043C00028461D46059B04999C42224628BF1A4652
:1043D00032600831FFF786FC0120FFF7CFFC002890
:1043E000CAD00E48FEF78EFDC6E70D48FEF78AFDDF
:1043F000B6E70C48FEF786FDADE70B48FEF782FDF9
:10440000284607B0F0BD4FF0FF35C7E7101B00206E
:1044100088990020B099002084990020D4130700C7
:10442000B41307009C1307002C14070010B50446B2
:1044300030B1002201236265A265E365236610BDE9
:104440000148FEF75FFDF4E74414070018B1742239
:104450000021FFF749BC704790B1A1B110B5802A87
:104460004FF00004846380F83C4006D110220463BE
:104470001044FFF737FC204610BD6FF01F0010BD41
:104480006FF0210070476FF01F00704728B322B310
:104490001BB3012921D870B50446816B86B017D0B3
:1044A000012917D1102500210DEB05066163104687
:1044B0000095019602AA294600F0C2FA50B92B468F
:1044C000324602A9204600F043FD18B906B070BD7F
:1044D0000029E7D06FF02100F8E76FF02100704766
:1044E00010B5044628B12046F421BDE81040FFF77E
:1044F000FDBB0448FEF706FD2046F421BDE8104050
:10450000FFF7F4BB5814070010B1F421FEF712BEF8
:10451000704700BF08B521B1012908D06FF03600FF
:1045200008BD012100F058F80028F7D108BD02218C
:1045300000F052F80028F9D0F0E700BF30B505468A
:104540008818B0F5801FA1B00B46144601D8802A08
:104550000CD9B3F5801F17D922461946284600F01A
:104560007DF8044684B9204621B030BD6846FFF787
:10457000B9FB22466946284600F070F880210446BF
:104580006846FFF7B3FBEDE76FF03604EBE700BFDB
:1045900070B5E8B10E46D9B1044600F031F80546D1
:1045A000B0B92368012B0BD0022B01D0284670BD77
:1045B0001C2204F108013046FFF794FB284670BD29
:1045C000202204F108013046FFF78CFB284670BD1D
:1045D0006FF03605EAE700BF78B138B504460D46FE
:1045E000F021FFF783FB40232560E365204600F0C0
:1045F0005BFA003818BF012038BD0120704700BFAA
:1046000070B5056EA4B0044604AEE5B901220023DE
:1046100062603046CDE9003302AA294600F010FA64
:1046200010B1012024B070BD2A4602A9204600F036
:1046300063FA0028F5D1204600F074FB0028F0D181
:10464000206624B070BD802D2A4600F1640128BF89
:1046500080223046FFF746FB256ED7E7002800F0A2
:10466000AE802DE9F04F1446A5B0002A3DD00F468C
:10467000002949D0B2F5803F0546006E20D34FF6A1
:10468000FF7805F1640AEB6D1A1AB2FBF3F103FB34
:104690001122002A65D18342B9464FF6FF7672D0C7
:1046A000B6FBF3FB03FB0BFBBBF1000F30D1002E7D
:1046B00045D1A4F57F44FF3CB4F5803F4744E2D2A6
:1046C000EA6D161AB6FBF2F302FB1366A64228BF88
:1046D0002646002E75D1824200F08D80B4FBF2F6A2
:1046E00002FB06F62EB9002C79D1002025B0BDE8DA
:1046F000F08F0023CDE9003302AA3146384600F09E
:104700009FF9002800F09580012025B0BDE8F08FCA
:104710000023CDE9003302AA5946484600F090F93B
:104720000028F1D102A95A46284600F0E5F90028F0
:10473000EAD1A6EB0B06286ED944002EB9D0193069
:10474000494605EB80003246FFF7CCFAA4F57F44DA
:10475000286EFF3C3044B4F5803F4744286692D22F
:10476000AEE7424528BF4246504439461646FFF759
:10477000B9FA286EEB6D3044834207EB06092866D0
:10478000A8EB06068CD1802B28BF80231A46514601
:1047900004A8FFF7A7FA0023CDE9003302AAE96DC8
:1047A00004A800F04DF90028AED1EA6D02A9284610
:1047B00000F0A2F90028A7D1EB6D286670E7012070
:1047C000704705F16403394632461844FFF78AFA08
:1047D000286EEA6D3044A41B374428667BE72B6EB5
:1047E000193305EB830022463946FFF77BFA2B6E1F
:1047F00023442B6679E7802A28BF802205F16401D3
:1048000004A8FFF76FFA0023CDE9003304A8E96D8F
:1048100002AA00F015F900287FF476AFEA6D02A92C
:10482000284600F069F900287FF46EAFEA6D28662B
:1048300054E702A93246284600F05EF900287FF4CA
:1048400063AF3744A41B4EE7F8B51C460546114834
:104850000E461746FFF744FE21460E48FFF75AFE64
:10486000044620B10B48FFF74FFE2046F8BD09482B
:1048700032462946FFF762FE04460028F2D1394647
:104880000448FFF785FE04460248FFF73DFE204638
:10489000F8BD00BFD09B002030B583B01C2301A918
:1048A0000546019300F032F8044638B9019B1C2BF1
:1048B00007D0144C1C212846FFF718FA204603B0F5
:1048C00030BDD5E90112131E18BF012300392A6833
:1048D00018BF01219B0043EA4103002A18BF43F09F
:1048E0000103EA680120E8612AB9C5E90834002B10
:1048F000E4D1054CDEE743F008032046C5E908345F
:1049000003B030BD370CF0000E0CF00018B111B13F
:104910000B681C2B01D0012070474FF08053D3F857
:10492000102C013214BFD3F8102C41F25C224FF04E
:1049300080530260D3F8142C013214BFD3F8142C26
:1049400041F664124FF080534260D3F8182C0132C4
:1049500014BFD3F8182C40F6D8624FF08053826011
:10496000D3F81C2C013214BFD3F81C2C41F288322E
:104970004FF08053C260D3F8002C013214BFD3F83B
:10498000002C90224FF080530261D3F8042C0132A6
:1049900014BFD3F8042C51224FF080534261D3F856
:1049A000082C013214BFD3F8083C40F2373383613E
:1049B0000020704708B501464FF48060FFF71EF9EC
:1049C000034B0022C3F8C821C3F82C2108BD00BF47
:1049D00000B002500138072805D8DFE800F0100EBB
:1049E000040A0404040607487047CB684B620020A1
:1049F00070478B684B62002070474B68F6E70B6886
:104A0000F4E700BF310CF1000B6802E0082B0B60EB
:104A100006D8026A13424FEA4303F7D000207047DA
:104A200000487047310CF100044B0022C3F82C21E0
:104A30004FF48060C3F8C421FFF7C6B800B002503D
:104A4000F0B583B01D46B0F1005F4FF000038DF864
:104A5000073024D38C468444BCF1804F04461ED8D2
:104A600017460DF10703012200F064FE0646B0B9B7
:104A7000099A9DF807303C603B7192B14DB10246F6
:104A800008990DF10703284600F054FE38B99DF847
:104A90000730099A30461560137103B0F0BD4FF42A
:104AA0007506304603B0F0BDD8B108B50368012BD8
:104AB00004D0022B0FD043B10B4808BD0B49202274
:104AC0000830FFF70FF9002008BD0949142208300B
:104AD000FFF708F9F7E7074920220830FFF702F946
:104AE000F1E74FF4730070470100F300681407000A
:104AF000A8140700881407002DE9F843002900F0E6
:104B0000F9800446002800F0F980036890460F46BB
:104B1000002B00F0C380013B012B00F2D7807948C5
:104B20004FF0FF314FF00209FFF7F8F8002840F08E
:104B3000BF800020FFF722F90646002840F0C2801F
:104B4000714AD2F81C39002BFBD16F4DD5F8203CAF
:104B5000002BFBD14FF0FF30FFF736F8D5F8040AF1
:104B600020F04000FFF73EF801230722C5F818386F
:104B7000C5F80029C5F8C437A36CC5F8CC37E36C79
:104B8000C5F8D037C5F8C09723685BB1013B012B4E
:104B900018D8636AC5F85C36236AC5F85836E369E5
:104BA000C5F85436584BA269C3F850266269C3F859
:104BB0004C262269C3F84826E268C3F84426A26856
:104BC000C3F84026504AD2F81039002BFBD1B8F177
:104BD000000F5FD06368012B08BFC2F884364A4BD0
:104BE0003A68C3F8282C4020C3F82C8CFFF700F853
:104BF0000646454AD2F81039002BFBD1424AD2F87A
:104C0000203C002BFBD123685BB1013B012B18D862
:104C1000D2F85C366362D2F858362362D2F8543642
:104C2000E361394BD3F85026A261D3F84C26626178
:104C3000D3F848262261D3F84426E260D3F8403600
:104C4000A360314AD2F8CC17A164D2F8D017E1643E
:104C500000230121C2F8C417C2F88436C2F8C8374D
:104C6000D2F81039002BFBD1C2F81838002E3BD1F6
:104C7000254BD3F8040A40F04000FEF7B3FF0120B3
:104C8000FFF77CF860BB1F48FFF750F810BB3046B9
:104C9000BDE8F8830423C2F8C837AAE719484FF0E3
:104CA000FF314FF00109FFF739F800283FF441AF19
:104CB0001648FEF727F90020FFF760F8064600289F
:104CC0003FF43EAF1248FEF71DF939E7114E30466A
:104CD000BDE8F8831048FEF715F93046BDE8F883C3
:104CE0000E48FEF70FF9CEE7102104F10800FEF799
:104CF000FDFFBDE70A4E3046BDE8F8834FF473066A
:104D0000C5E700BF201B002000B002509C13070025
:104D1000B41307000100F300F4130700D4130700D5
:104D20000300F30098B370B4D0E90241D0E9042342
:104D300026BA0DBA14BA19BAD0E9062312BAC0E9D4
:104D400004418261D0E90842C0E902651BBA25BA74
:104D5000C0E9073514BAD0E90B23816A12BA09BA3F
:104D6000C0E90941C262D0E90D421BBA25BAC0E9C7
:104D70000C3514BAD0E91023C16B12BA09BA1BBAA8
:104D8000C0E90E41C0E91023002070BC70474FF409
:104D900073007047002847D090F83C30002B34D087
:104DA000032B10B513D02248224C2268224B1268E4
:104DB000C3F8002422685268C3F804242268926869
:104DC000C3F808242268D268C3F80C2410BD016B14
:104DD000006C184C00F0A8FB0028E6D12268164BA6
:104DE0001268C3F8002422685268C3F804242268B9
:104DF0009268C3F808242268D268C3F80C2400F033
:104E0000A1FB0028D1D1002010BD0B4B0269C3F8D3
:104E100000244269C3F804248269C3F80824C269E3
:104E2000C3F80C24002070474FF47100704700BF96
:104E30000900F1000C1B002000B00250374A38B5C1
:104E40000446D2F81039002BFBD1344AD2F8703422
:104E5000002BFBD1314AD2F8203D002BFBD12F4A49
:104E6000D2F8203C002BFBD12C4AD2F8383D002B45
:104E7000FBD12A4DD5F8383C002BFBD14FF0FF3049
:104E8000FEF7A2FE636BD5F8040A23F00403032B9C
:104E9000E36D39D0012B0CBF20F0800020F0200002
:104EA000FEF7A0FE1D4A0123C2F80039D2F81039DE
:104EB000002BFBD1194AD2F87034002BFBD11749D3
:104EC000C2F8BC34D1F81039002BFBD1134AD2F808
:104ED0007034002BFBD1626B22F00401032918BF50
:104EE000A36B0E494FEA820218BF03F0010302F0E0
:104EF0001C021A43C1F8C024636B072B04BF0123B3
:104F0000C1F87C34002038BD012B0CBF20F04000DC
:104F100020F01000FEF766FEC4E700BF00B00250AC
:104F2000094A0A4B11680968C3F8001411684968F6
:104F3000C3F8041411688968C3F808141268D268A9
:104F4000C3F80C24704700BF0C1B002000B00250B7
:104F50002DE9F04F85B0002900F0EC809046002A42
:104F600000F0E8800546002800F029819946C36DCD
:104F70000E46002B52D1B9F5805F54D295F83C30E3
:104F8000042B00F0FF800027AD484FF0FF31FEF703
:104F9000C5FE002840F0D5800020FEF7EFFE002877
:104FA00040F0D880A7480123C0F81038D0F8104945
:104FB000002CFBD16B6B032B3ADC002B3BDAA24CB1
:104FC000A04AD2F81039002BFBD1002F40F0D1803D
:104FD0006B6BEA6D23F00403032B9A4BD3F8040A9E
:104FE00000F09F80012A0CBF40F0800040F02000BC
:104FF000FEF7F8FD934B0022C3F810280120FEF7BE
:10500000BDFE002840F0B1808D48FEF78FFE0028DD
:1050100040F0A480204605B0BDE8F08F012BADD153
:10502000B9F5803FAAD3894C204605B0BDE8F08F82
:10503000063B012BC3D8AB6B012B00F2BE80EB6D9E
:10504000012B7CD82B6E012B00F2E8802846FFF75D
:10505000F5FE04460028B3D12846FFF79BFE044620
:105060000028ADD16B6B072BA9D801229A4012F012
:105070008A0F40F0D58012F0440F40F0BA80D2077A
:105080009DD523F00403032B32680DD02B6ED8F886
:105090000010012B6B4B0BBFC3F8281DC3F8301D4C
:1050A000C3F82C9DC3F8349DEB6D012B654B0BBFF2
:1050B000C3F8282CC3F8302CC3F82C9CC3F8349CBC
:1050C0006B6B23F00403032B00F0A2802B6E012BEB
:1050D00014BF20208020FEF78BFD044600287FF4BB
:1050E0006FAF584BD3F81049002CFBD1696B0729DF
:1050F00014D801228A4012F08A0F40F0BB8012F0CF
:10510000440F0BD0D3F860242A60D3F864246A607B
:10511000D3F86824AA60D3F86C34EB600123AB6544
:105120004EE7012A0CBF40F0400040F01000FEF7AF
:1051300059FD5FE7464C204605B0BDE8F08F454C71
:105140003EE74548FDF7DEFE0020FEF717FE00288B
:105150003FF428AF4148FDF7D5FE23E74048FDF76F
:10516000D1FE204605B0BDE8F08F3E48FDF7CAFEEF
:105170004AE7042385F83C30202105F11000FEF7B2
:10518000B5FD25E7296B286C00F0C0F998B9364FBA
:105190002C4C3B681B68C4F800343B685B68C4F85F
:1051A00004343B689B68C4F808343B68DB68C4F887
:1051B0000C34296B31B10127E6E62C4C00E74FF4A3
:1051C000710427E72B6D0193EB6C009305F1100A36
:1051D0004FF0100BCDF808A0CDF80CB0D5E9112395
:1051E000286C00F0B9F9002851D1002385F83C3033
:1051F000E1E7144B2A68C3F860246A68C3F86424A2
:10520000AA68C3F86824EA68C3F86C246B6B38E7B3
:10521000EB6D012B14BF102040205CE7144CCFE64F
:10522000084B2A68C3F840246A68C3F84424AA6873
:10523000C3F84824EA68C3F84C246B6B21E700BF2D
:10524000201B002000B002500100F1000500F10019
:105250000B00F1000300F1009C130700B4130700DA
:10526000F4130700D41307000C1B00200200F10008
:105270000400F100D3F840242A60D3F844246A6083
:10528000D3F84824AA60D3F84C34EB6046E73B6877
:105290001B68C4F800343B685B68C4F804343B689E
:1052A0009B68C4F808343B68DB68C4F80C34594682
:1052B0005046FEF71BFD98E72DE9F04109B302B314
:1052C0000446002800F0AF801D46436B072B0E46B6
:1052D0001BD05DB9032B10D1836D73B900F164034A
:1052E00045668566C56605670B6010252B46314609
:1052F0002046BDE8F041FFF72BBE2F463846BDE8FB
:10530000F081764F3846BDE8F081C36D002B40F048
:105310008D80B5F5805F80F090801DB9A36D002B66
:1053200040F08B806E484FF0FF31FEF7F7FC00280D
:1053300040F08F800020FEF721FD002840F085809E
:10534000684A0123C2F81038D2F81039002BFBD17B
:10535000636B032B4FDD063B012B4ED8A36B012B58
:105360006DD8E36D012B78D8236E012B77D82046BA
:10537000FFF764FD0746002840D12046FFF70AFDED
:10538000074600283AD1626B072A36D8012393409A
:1053900013F08A0F40F0818013F0440F6FD1DB07C8
:1053A0002BD5504B0122C3F87C24C3F8BC54316880
:1053B000002D56D1A16D09B9C3F82425494BD3F866
:1053C0001079002FFBD1616B072917D801228A4081
:1053D00012F08A0F6FD112F0440F0FD0D3F860246F
:1053E0002260D3F864246260D3F86824A260D3F802
:1053F0006C34E36002E0002BB0DA3B4F394AD2F85C
:105400001039002BFBD1C2F810380120FEF7B6FC92
:10541000B8B93348FEF78AFC00283FF46FAF334831
:10542000FDF770FD6AE74FF4710767E7012B7FF422
:1054300074AFB5F5803FFFF470AF2D4F5EE72D4F91
:10544000DCE72D48FDF75EFDE3E72C48FDF75AFD4C
:1054500076E72B48FDF756FD6CE72A4FCEE72A4F3B
:10546000CCE7E26D012A33D0C3F8301C1020C3F81A
:10547000345CFEF7BDFB074600289FD0BEE7194B02
:105480002268C3F860246268C3F86424A268C3F881
:105490006824E268C3F86C2483E7124B2268C3F8DF
:1054A00040246268C3F84424A268C3F84824E26830
:1054B000C3F84C2475E7D3F840242260D3F8442481
:1054C0006260D3F84824A260D3F84C34E36095E7D7
:1054D000C3F8281C4020C3F82C5CCAE70B00F1007D
:1054E000201B002000B002500100F100F41307005F
:1054F0000500F1000200F100D4130700B413070007
:105500009C1307000300F1000400F10029B9044BCB
:10551000002814BF1846002070470248704700BF9B
:105520000100F7000300F70029B9044B002814BF5D
:105530001846002070470248704700BF0100F7007E
:105540000300F700034B00200122C3F8380AC3F818
:105550007824704700B002502DE9F047CCB0002409
:10556000579DDDF8588182468946164621467422A9
:105570000EA81F4609F060FE802221462CA82B941D
:1055800009F05AFE8423B5F57F6FCDE90A44CDE9D1
:105590000C44059363D8FFF7C3FC05AB30462BAE34
:1055A00001930295DDE954233946009600F062F834
:1055B00000284FD103238DF813309DF813308DF858
:1055C0007430072300221C9010210EA81B93012485
:1055D0000123CDE92423CDF86890CDF878A0269456
:1055E0000DF12009FEF782FB102200920599CDF8FB
:1055F00004900AAB304606AAFFF722FA074670B1BC
:105600001DE00EA908EB0700FEF76CFB10210EA8A9
:10561000FEF76CFB0134AD1B3744E4B224D0102DEF
:105620004A46059B8DF8AC4006A90EA82E4628BF19
:105630001026FFF741FE32460028E2D007460EA8AA
:1056400074220021FEF750FBFFF76AFC38464CB08D
:10565000BDE8F087054F38464CB0BDE8F087044FF1
:1056600038464CB0BDE8F0872F46E8E70E00F10061
:105670000F00F1002DE9F04182B01E460A9D002383
:10568000B5F57F6F01933ED8ED00B5F5807F1746E5
:1056900001F1FF3234BF032304233F2A0C46009359
:1056A00031D880B366BB089A6AB3099A116851B3BE
:1056B000A2191344994226D3089B01462246581C3E
:1056C000FEF710FB089B04F102081C4400236370E2
:1056D00026BB089B0095FF2D03EB080017D92B0272
:1056E0009BB243EA1523022201A90193FEF7FAFABD
:1056F00008F10203099A0020136002B0BDE8F081AE
:105700000FB1402ECFD90A4802B0BDE8F081012286
:105710006946FEF7E7FA08F10103EBE7089B32461A
:1057200003EB08003946FEF7DDFAB044D1E700BFCD
:105730000600008000201870704700BF0CB430B520
:1057400089B005460C461C22002101A809F074FD11
:1057500002238DF806300E4B0293059523462CB19B
:10576000B4F1004F28BF4FF00043013B1D440DAA88
:105770000C99069501A8009200F084F914B1059BDC
:1057800000221A7009B0BDE8304002B0704700BF77
:10579000C5F30600242A2DE9F041044601D8012A68
:1057A0004CD109F017FE354B16221A5001B10C608E
:1057B00000273846BDE8F08135462E4616F8010B25
:1057C0002028F9D0A0F10907042F0346F4D92B288B
:1057D00036D02D2837D14FF0010C6B78AE1C302B12
:1057E00038D1307840F0200078282FD132F01000E6
:1057F0002CD173783446102202360CF10040013867
:105800000027B0FBF2FE02FB1E08392B82BF03F11A
:10581000FF3343F02003263B303B9A421ED97745A5
:1058200002DC03D1984501D24CF0020C354607FB4F
:10583000023715F8013B34462E46E6E70546BCE73D
:105840004FF0000CC9E74FF0000CC8E7002A08BF72
:105850000822D2E7002A08BF0A22CEE701B10C6075
:105860001CF0010F18BF7F421CF0020FA1D00746A9
:1058700009F0B0FD014B22221A509AE70C000000FB
:10588000242AF0B5044601D8012A40D109F0A2FD2E
:105890002D4B16221A5001B10C600020F0BD2F468E
:1058A0003D4615F8010B2028F9D0A0F10906042E79
:1058B0000346F4D92B282CD02D282CD101267B7817
:1058C000BD1C302B2DD1287840F02000782824D121
:1058D00032F0100021D16B782C46102202350020C6
:1058E000392B82BF03F1FF3343F02003263B303BCB
:1058F0009A421AD9A0FB02040CB9C01801D346F091
:1059000002062F462C4617F8013B3D46E8E70746BE
:10591000C6E70026D3E70026D3E7002A08BF0822FF
:10592000DDE7002A08BF0A22D9E701B10C60F207BF
:1059300048BF4042B307B1D509F04CFD024B2222CB
:105940001A504FF0FF30A9E70C0000002DE9F0419C
:1059500001260746B24201DCBDE8F0813B461F4606
:1059600013F8014B002CF7D0252CF8D11C78252CEE
:1059700007F10207F2D00023DFF804819C461D46A0
:105980001F2D18D8A4F1200EBEF1100F09D9A4F1D3
:10599000300EBEF1090F1ED80A2404FB03E32025B4
:1059A00004E028FA0EFE1EF0010F06D017F8014B96
:1059B000002CE5D128E07F2D1CD8A4F1300EBEF1DB
:1059C000090FE9D9242C10D1BCF1000F46D0B34205
:1059D00046D00023EAE724F0040EBEF12A0FF8D0E7
:1059E0006C2C09D145F08005E0E724F0040EBEF1EF
:1059F0002A0FEED06C2C22D06C2C1BD8682C23D014
:105A00006A2C28D04C2C26D0BCF1000FA4D0B44571
:105A1000A0D144F02007A7F1650CBCF1020F0B6880
:105A200001D9612F1ED1073323F0070308330B6020
:105A300001368EE7742CB9D07A2CB7D0E4E72C0667
:105A400048BF45F40075CDE7EC0548BF45F4007547
:105A500045F48075AAE745F42075A7E79C46B8E7AA
:105A60006324D6E7692C02D007D8632C03D02F0615
:105A700001D5AC05D7D40433D9E7732CF6E700BFC2
:105A8000892801002DE9F04F95B04368039383788E
:105A900080469807CDE9081217D50D920B460025D0
:105AA0001F78A7B1252F16D001330793039B4146DA
:105AB00038469847002805F1010580F2558498F88A
:105AC000023043F0040388F802304FF0FF352846D7
:105AD00015B0BDE8F08F5F789A1C252F0792E5D0AE
:105AE00000242646A246A346BBF11F0F32D8A7F1D9
:105AF0002003102B0AD8DFE803F02409092A09093A
:105B0000091B09090922092709091900A7F130030E
:105B1000092B2DD92A2F39D154B90D9B1BF0400FD9
:105B200053F8042B0D9329D0164601E04BF0010BDE
:105B3000079B13F8017B0793002FD5D15BE04BF057
:105B4000020B4BF0040BF3E74BF0080BF0E74BF0C4
:105B5000100BEDE7BBF17F0F3FD8A7F13003092B06
:105B6000D8D81BF0400F03D00A2202FB0636DFE72D
:105B70000A2202FB0A3A4BF0200BD9E7B2F1000AE5
:105B8000F9DACAF1000A4BF0280BD1E72E2F05D124
:105B90001BF0400F9BD14BF0400BC9E7242F1CD1C9
:105BA000002C00F04481099B0D931BF0400F0AD19B
:105BB000524608980DA9FFF7C9FE0D9B1A1DD3F890
:105BC00000A00D92B4E7324608980DA9FFF7BEFE7B
:105BD0000D9B1A1D1E680D92AAE76C2F00F0148110
:105BE00000F20B81682F00F017816A2F00F01C81F2
:105BF0004C2F00F0198134B1099B08980D9322466F
:105C00000DA9FFF7A3FE002E47F02003B8BF2BF02D
:105C1000400B0593A3F16503BCBF1FFA8BFB002665
:105C2000022B40F2098147F02003612B40F084826F
:105C3000FF4307F0200306930D9B073323F0070370
:105C40001BF0400FD3E9000103F10802069B00930B
:105C50000D9214BF33464FF0FF330EAA09F0F4FA49
:105C6000431CDBB24BF4C0540493DDF8389070232E
:105C70000646A3460127059309F10903122B0CD907
:105C800009F16303C62B40F2138109F2E73340F2B6
:105C9000CE72934294BF032704279DF83C2002F064
:105CA0000C0312F0010240F01E811BF0020F40F0C5
:105CB00017811BF0040400F0FD80002B40F01681DA
:105CC00020231BF4405F21D1049A5032002E6A44F5
:105CD00008BF0126133A049921B112F8011D302999
:105CE00000F03B811BF0100F049A18BF324619F1E7
:105CF000040FC0F23781B14580F234814A454BF43C
:105D0000005B40F3318109F10106961B1BF4005240
:105D10000A9200F02B8129EAE974013403B10134BD
:105D2000002E00F02A81721C1444A245CCBFAAEBBD
:105D3000040400241BF0090F04D12C44A54240F0B8
:105D40002181002443B118464146039B984700280F
:105D500005F10105FFF6B3AE1BF4006F13D0039BF2
:105D60004146302098470028FFF6A9AE069BC3F1B4
:105D700078004146039B00F0F8009847002805F1A1
:105D80000205FFF69CAE1BF0080F05D12C44AC4277
:105D900040F00481254600240A9B002B00F02E8150
:105DA00029EAE97AA9EB0A027642049B059293421A
:105DB00084BF0EABD3180AF1FF3A8CBF587930205C
:105DC000564505F1010700F3F380039B41469847D0
:105DD000059A002802F10102FFF671AEBAF1FF3F09
:105DE00009D1039B059241462E2098470028FFF6D3
:105DF00066AE059AAF1C3D46D7E7742F3FF498AEC8
:105E00007A2F3FF495AEF6E61BF0800F18BF4BF4E7
:105E1000007B4BF0800B8BE61BF4807F18BF4BF4AC
:105E2000007B4BF4807B83E64BF4207B80E62646A8
:105E3000B3465446B2467BE6FF4307F02003069381
:105E40000D9B073323F0070303F10802D3E9000198
:105E5000059B0D921BF0400F08BF0626652B13D142
:105E6000731C0022DBB24BF4805B1446112BCDE98E
:105E7000002428BF11230EAA00F014FBC3B2DDF8E2
:105E8000389004930227F7E6059B662B05D14BF467
:105E9000005B344601221123E8E7F3B2012B4FF0F7
:105EA00000024FF0650738BF012314460597DDE770
:105EB0000227F2E6002B3FF404AFBAF1030F3BDCFC
:105EC0009DF83C309A4E13F0080F9A4B08BF1E46BF
:105ED000B1464F4619F8010BB0BBAE1B374488E002
:105EE00033BB2B23EDE62BBB2D23EAE62022BAF1B0
:105EF000040F13DD1BF0080FAAF104040FD12C448A
:105F0000039B0492414620209847002805F1010593
:105F1000FFF6D5ADA542049AF2D19AB10024039BB5
:105F2000414610469847002805F10105C8DAC6E544
:105F30002B22DCE72D22DAE71BF0080FAAF103047D
:105F4000BED1DCE71446BBE7069BC01A4146039B63
:105F5000C0B298470028BCDAB1E504990139C9B24A
:105F60000491B8E6561ED1E60026CFE61BF4006F7A
:105F70000CBF032405243C44D0E61BF0100F18BFCF
:105F80000134D2E60B934146039B2020984700281A
:105F90000B9B05F10105BFF6D1AE90E5039B414691
:105FA00030209847002805F10105BFF6F0AE86E5E0
:105FB000D1450AD19DF83D30352B1DD805D19DF82E
:105FC0003C3013F0100F08BF3120039B4146984727
:105FD0000028FFF674AD1BF0100F0AD0BAF1FF3F96
:105FE00007D1AF1C41462E20039B98470028FFF69F
:105FF00066AD3D463C443DE23120E6E79DF83D007C
:1060000031281EBF9DF83C3023F010038DF83C3042
:106010004146039B98470028FFF651AD002E6BDDEB
:10602000039B41462E2098470028FFF648AD4FF0CD
:10603000010A049B9A45BBBF0EAB534430205879EC
:10604000039B414698470028D346FFF638AD0AF136
:10605000010A5645EDDA02355D44DDE90532981A4C
:106060004146039BC0B298470028FFF628ADB9F11E
:10607000000F04DB4ED19DF83C30DB064AD5C9F158
:1060800000092D20039B414698470028FFF617ADD5
:10609000042F41D14FF47A7799FBF7F606F13000DF
:1060A000039B4146C0B29847002805F10305FFF65F
:1060B00006AD07FB1699642799FBF7F606F1300049
:1060C000039B4146C0B29847002805F10105FFF641
:1060D000F6AC07FB16990A2799FBF7F606F1300094
:1060E000039B4146C0B29847002805F10105FFF621
:1060F000E6AC07FB169915E01BF0100F01D1013536
:10610000ABE7039B41462E209847002805F1020586
:10611000A3DAD4E42B20B5E7032F05F10205CAD09A
:10612000012FD8D109F130006F1C4146C0B25BE7A6
:1061300050670700CE260700A7F16303122B00F279
:10614000FB80DFE813F013005300F900F900F900B9
:10615000F9005300F900F900F900F900F900140101
:10616000F400F900F9002800F900B5000D9B1A1D94
:106170001B680D928DF8383001240EAF1BF0080F0C
:106180002AD007EB04093E464E4527D1EF1B374482
:10619000AAEB04042DE70D9B1A1D0D921F68AB4B53
:1061A000002F08BF1F461BF0400F14BF31464FF0B1
:1061B000FF31384608F0EFFE0446DFE7039B414617
:1061C000202098470028FFF67AAC013EB442F5D370
:1061D0005544AD1BB246D4E75646F7E716F8010B17
:1061E000039B414698470028CEDA68E41BF0800FF5
:1061F0000D9B35D01BF4007F2DD0073323F0070310
:10620000D3E9000103F108020D922BF010090029D7
:106210001FFA89F936DA404261EB410149F480699D
:106220000DF1380B0A235A4608F0C1FE19F0400F51
:10623000A0EB0B0B65D029F001025E4592B240F352
:10624000B380002F00F0AA8019F010033446914665
:1062500026D002345CE01A1D18680D92C117D4E7ED
:106260001A1D1BF4807F19680D9201D10846F5E7CD
:106270001BF4007F15BF48B208B241F3C01141F3CF
:10628000C031C2E750EA0103CAD11BF0400FC7D0AA
:10629000002EC5D12BF0110B1FFA8BF93446B346F3
:1062A00040F2064319EA03031CBF013400232FE028
:1062B0002BF0100B1FFA8BFB0A231BF080040D9AA6
:1062C00058D01BF400711DBF073222F0070202F103
:1062D0000801101D19BF0D91D2E900010D90106841
:1062E00050EA010253D12BF016091BF0400F1FFAA0
:1062F00089F950D0002E4ED12BF0170B1FFA8BF9D5
:10630000B34619F0100353D0002F4FD10BF1010405
:1063100019F0080F5FD119F0010F06D0A2456EDD0C
:10632000AAEB040404EB0B06544622464EE04BF065
:10633000100B10237827C0E747F02003782B04D1F7
:10634000C7F1780343F01003B7E7039B41462520CC
:1063500098470028FFF6B3AB039B41463846984761
:106360000028FFF6ACAB0235079BFFF799BB08236B
:106370000027A2E7111D0D911BF480711068AFD0AA
:106380001BF400711ABFC0B2214680B2A8E72BF0FF
:10639000060B1FFA8BF90DF1380B44E729F01109B0
:1063A0001FFA89F934467BE79146AAE75C4650E735
:1063B0005C4675E7CDE904234146039B20209847BE
:1063C0000028FFF67CAB049A059B01329245F1DC74
:1063D0002C1BA5181446EBB1039B4146302098476F
:1063E0000028FFF66CAB67B901352F462E44F31B2E
:1063F0005B4521DC5D460EAE55BB5F44C8E65E469C
:1064000093E7023541463846039B98470028ECDA6B
:10641000FFF755BB40F2064319EA030FE5D019F028
:10642000020F14BF2B20202019F4806F05F1010505
:10643000414618BF2D20E7E7039B4146302098478F
:10644000002807F10107D2DAFFF739BB54670700CC
:10645000013D039B705D414698470028CCDAFFF769
:106460002EBB039B414620209847002805F10105DB
:10647000FFF625AB631B002BF3DC75E71FB502AB02
:106480000093074A4FF0CC3308F074FEDDE90201B7
:10649000C00840EA4170C90805B05DF804FB00BFC0
:1064A000CDCCCCCC2DE9F04F9BB0044605920A46EA
:1064B0000A93C2F30A559DF890300B93D20FC1F3A3
:1064C00013030992090D7DB950EA03021BD1059A05
:1064D00030235371099B156043F0020313710127A8
:1064E00038461BB0BDE8F08F40F2FF7295424AD1AA
:1064F0000343099B059A14BF43F0080343F00403C8
:1065000013710027ECE700F0010208924FEA8308BC
:106510000122AC4D48EA907887009A461646C5F1AC
:10652000000B5846069200F011FAB5F1FF3FACBFE0
:106530008146A0F10109ABEB090B09EB05035846B5
:10654000049300F009FA16A9A0F17D05584600F061
:1065500023FA12AB069A0193A9EB050510AB029240
:10656000009320462B4616AA514608F048FDB9F183
:10657000010F04460D4600F2D280089B002B40F02C
:10658000C58001276BE043F4801A00F001024FEA56
:106590008A080343A5F23545089248EA90784FEA05
:1065A000800749D140F2FE7319420CBF0126002634
:1065B000002D3246B3DB284600F0C2F9032DC8BFD8
:1065C0000138049000F0C8F9049B7C305D1B054441
:1065D00016A9184600F054FA12AB019310AB0093C1
:1065E00020462B46029616AA514608F008FD049B49
:1065F000152B04460D4600F2868014AB724A0093B8
:1066000038464FF0CC33414608F0B4FD149B159A40
:106610009B0843EA827303EB8303BB42DDE9109AD4
:106620000CD13846414600F09FF9049B83428CBF51
:1066300000270127002612E00126B9E7089B002B5E
:1066400051D1013F48F1FF31B81B61F1000100F069
:106650008BF9049B089F83428CBF002601260B9B6D
:10666000002B40F09080DDF828B04FF00008CDE915
:1066700006884FF00A0ADDE91001FFF7FFFE129BC2
:106680000E93CDE90C0118461399FFF7F7FE0C9B0A
:106690000D9A0F9198420B469341814680F08D8070
:1066A00020462946FFF7EAFE0E9A0AFB09F39342B9
:1066B00014BF002606F001060C9B10930D9BCDE93C
:1066C00011390F9B1393079BB8F1000F14BF0027DC
:1066D00007F0010701330AFB10485FFA88F80793B7
:1066E00004460D46C7E7B81C48F1000100F03CF92C
:1066F000049B83428CBF00200120B9EB00006AF1AB
:106700000002CDE9100200273E46A8E7109B119A2F
:10671000013B42F1FF32CDE9103201278AE7B9F19E
:106720003E0FF0D84FF0FF33A9F1200003FA09F231
:1067300003FA00F0C9F1200123FA01F102430A43F0
:1067400003FA09F327EA030728EA020857EA0807C9
:106750000CBF012700276DE700FB02FCA1FB001224
:10676000013362448C4275EB020CF5D2049ADDF8D9
:1067700028B01344259A1344012BB8BF01239B452D
:10678000A8BF9B4671E70A21002201230846E9E7DA
:106790000AFB03F0A2FB0A2301310344944275EB88
:1067A0000300F5D2594511DDBBF1000F02D154EAC7
:1067B00005030BD00123069372E70A22002301216F
:1067C000ECE700BFCCFBFFFFCDCCCCCC002E2FD014
:1067D0004FF00A0A129B13990D931846FFF74EFECD
:1067E0000D9B0C910AFB00F29A42814620D1DDE913
:1067F0001001FFF743FE0E900D9120462946FFF74A
:106800003DFE0D9B0E9A1092CDE911390C9B13930E
:10681000079BB8F1000F14BF002707F001070133F1
:106820000AFB10485FFA88F8079304460D46D1E743
:10683000DDF81090079B9944002F59D0B8F1050F4F
:1068400056D114F0010349D1069A32B9DDE9122379
:106850009D4208BF94425ED0069B18194FF00A046F
:1068600045F10001002201262546A04271EB0207F6
:1068700054D2E3B1B3451ADA0B9B63B1259ADDF824
:1068800028B006EB0903134423EAE3739B45A8BF32
:106890009B465E450BDD05304FF00A024FF00003CA
:1068A00041F10001C1F76EFB09F10109013E5E45AE
:1068B000A8BF5E4637B20FFA89F9059B09FA86F63A
:1068C00007F10508013E98444FF00009B9452CDB5B
:1068D000059B1A461E60099B137101E6069B2BB9A6
:1068E000DDE912239D4208BF944209D00123B4E799
:1068F000069B53B9DDE912239D4208BF944204D19F
:10690000089B002BF2D1002EF0D0B8F1040F94BFF9
:1069100000230123A1E74FF00408F1E705FB02F78C
:10692000A4FB054201363A449FE70A220023C1F73F
:1069300029FB303208F8012D09F10109C6E700BF33
:10694000014B5843800C704741340100014B5843C0
:10695000000D7047FB2E0B00024B5843C00C01305A
:10696000704700BF4F9312000A4A70B503464FF0BC
:10697000CC3600204FF0333506FB03F402FB014414
:10698000A3FB023121449D4275EB010401D3013088
:10699000F2E770BDCDCCCCCC2DE9F04F1A23354EAB
:1069A000B0FBF3FA03FB1A0389B004460D4606EB6D
:1069B0000A1653B9D6E90023C1E90023D6E902013A
:1069C000C5E9020109B0BDE8F08F2B4A02EBC30311
:1069D000D3E9008904AB0093D6E902234046494637
:1069E00008F0C8FB06AB0093D6E9002383460F46A8
:1069F0004046494608F0BEFBDDE9066216EB0B0691
:106A000052EB07084FF0000328BF0123814633B142
:106A1000049B059A013342F10002CDE9043220467D
:106A20000391FFF799FF07461A2000FB0AF0FFF7D2
:106A300093FF3F1A3246434603990097484608F0B1
:106A4000B4FB4FEA141C0D4A640004F01E0352F814
:106A50002C40DC4004F00304241841F10001C5E996
:106A60000041DDE9042300973046414608F09DFBD4
:106A7000A6E700BF6803070098020700BC140700E0
:106A80002DE9F04F1A27DFF8E4A000F11905B5FB56
:106A9000F7F56F433A1A4FEA051B89B004460E46D4
:106AA0000AEB05150AD1D5E90023C1E90023D5E990
:106AB0000201C6E9020109B0BDE8F08F2C4B03EBDF
:106AC000C203D3E9008904AB0093D5E90223404611
:106AD000494608F04FFB5AF80B206B68013ACDE9A4
:106AE000020106A963F1000300914046494608F0FF
:106AF00041FBDDE906528A4602996D18039952EB73
:106B000001084FF0000328BF0123814633B1049BE5
:106B1000059A013342F10002CDE904323846FFF70D
:106B20001BFF07462046FFF717FF3F1A2A4643463A
:106B300000974846514608F038FB4FEA141C0D4AAE
:106B4000640004F01E0352F82C40DC4004F00304FF
:106B50000134241841F10001C6E90041DDE90423B4
:106B600000972846414608F020FBA2E738040700BA
:106B7000980207001015070070474379014623B1BA
:106B800051F8060B83681B6818476FF08500704743
:106B900001F01CBA01F011BA07F072BB01F016BA8D
:106BA00001F00BBA30B404698568012303FA01F2DD
:106BB000236823EA020323602B684FF4803230BC41
:106BC000184701F0FAB901F001BA704773B5012412
:106BD00064F30F021A44A0F10806A1F1080500F1C0
:106BE0001003F6E90201CDE900016C4603CCC2F8BE
:106BF0000200C2F80610F5E90201CDE900016C4679
:106C000003CCB342C2F81A00C2F81E1002F1080207
:106C1000E7D102B070BD10B502248C5204688C50CC
:106C20008B1844685C6082689A60C268DA600269A6
:106C30001A61027D1A75427D5A75C28ADA8210BDC8
:106C400000EBC100408840087047F8B50346FFF7E5
:106C5000F7FFB0FA80F0C0F11F0003EB800CCA0010
:106C6000DCF81060171D0C4606328DB256B90121B2
:106C700001FA00F0D9680143D960CCF81040DD5327
:106C80009D52F8BDF1000431585AD85303EBC000AF
:106C90009E52C5805D52F4E710B500EBC104E38855
:106CA000994202F104010AD1012303FA02F2C368F6
:106CB00023EA0203C360002340F8213010BDA288FC
:106CC00040F8213000EBC20100EBC300CB80828092
:106CD000F4E708B50346FFF7B3FFB0FA80F2C2F15C
:106CE0001F021846BDE80840FFF7D6BF2DE9F8435C
:106CF000B1FA81F5C5F11F0900EB89080346D8F800
:106D000010200E46C2B10327D8F81040184621467D
:106D1000FFF796FFB04206D34A461846FFF7BCFF7E
:106D20002046BDE8F88303EBC404013FE088C8F8BF
:106D3000100001D08242E7D1C5F120024FF0FF34AC
:106D40009440DA681440EBD094FAA4F2B2FA82F2DA
:106D5000111D53F821402146DFE738B50346FFF700
:106D60006FFF0D46044611461846FFF769FF03EB17
:106D7000C5050444600068801846FFF761FF0144C0
:106D800023F8314038BD38B50346FFF759FF0C46AC
:106D9000A51A511A03EBC40405444800608003EBB4
:106DA000C2006C00448023F8321018461146FFF7E9
:106DB00047FF014423F8315038BD38B50546FFF789
:106DC0003FFF0C46014405EBC1035B88DA070AD498
:106DD0002846FFF77EFF21462846FFF731FF22189D
:106DE0002846FFF7BAFF35F83410611A05EBC103E6
:106DF0005B88DB070CD42846FFF76BFF35F83410AF
:106E00002246611A2846FFF7A8FF35F83430E41A05
:106E100021462846BDE83840FFF717BF61B100683A
:106E20000439091A21F007030344C9085A8822F0DB
:106E300001025A80FFF7C1BF704770B5056809B9F4
:106E4000002070BDAB68B3EBD10FF9D90B31CC0882
:106E500021462846FFF74AFF06460028F0D00146A3
:106E60002846FFF7EDFEA04207D932192846FFF762
:106E70008AFF11462846FFF7E8FE05EBC6021046DA
:106E8000538843F0010353800430DAE72DE9F843D7
:106E900001F1FF3919EA010906680F4614460CD0C2
:106EA0004B420B40042B1A464F4628BF04229946FA
:106EB00064B900252846BDE8F883042904D8BDE854
:106EC000F8431146FFF7B9BF0422F1E7B368B3EB0B
:106ED000D40FEED904F10B013944891AC9083046A0
:106EE000FFF704FF80460028E3D009F1040505EB15
:106EF000C0057B1E35441D44B5FBF7F57D43A5EB6E
:106F000009052C442B1F07349B1B24F00704A41BEA
:106F1000B0EBD30F4FEAD3074FEAE40408D201469F
:106F20003A463046FFF72FFF41463046FFF78DFEC9
:106F300039463046FFF784FE3844844207D2304653
:106F40002246FFF720FF21463046FFF77EFE06EB84
:106F5000C706738843F001037380ABE7043A2DE959
:106F6000F041CC1D114424F0070421F007010E1B51
:106F7000F708B7FA87F2C2F12405AD004FF0000818
:106F80000735C2F12002ED0804604146A760C4F84D
:106F90000C80920004F1100008F04EF96B0043F0F1
:106FA0000103638004EBC5027B1B5900A4F8008039
:106FB0005180A21924F83550A2F80280A35304EBA3
:106FC000C70329465A8842F001025A802046BDE88C
:106FD000F041FFF73ABE2DE9F04706460D46174649
:106FE00098462BB398F8004093F80190DB78A40002
:106FF00004EB430498F802301C4444444FF0000A68
:10700000CA4509D3D8F8042008F1080339463046A8
:10701000AC46BDE8F047604714F8013B48F8234010
:107020002046DEF72BFC013004440AF1010AE7E7B1
:107030006FF01500BDE8F08770B5002502462846C0
:10704000144614F8013B0BB9184609E098B18D427B
:1070500007D1702B04D0A3F140023A2A0BD80020AC
:1070600070BDA3F140063A2E05D853780135941C23
:10707000002BE9D00020252B08BF80F0010022461C
:10708000DEE70020704700F01FBF0FB407B504A96A
:1070900051F8040B019100F017FF03B05DF804EB09
:1070A00004B070470FB407B504A951F8040B01915F
:1070B000FFF7E9FF03B05DF804EB04B0704710B5CB
:1070C0000369024613F0080009D11368D4689C4292
:1070D00097BF126AE31AD31A01200B6010BD002378
:1070E0001846FAE713B501A90446FFF7E8FF20B1F7
:1070F000019BE268013B13440193206A019BC01A83
:10710000013802B010BD10B5044650182269236A38
:10711000D20702D5013B184010BD984228BFC01AC3
:10712000FAE710B504460A46C168FFF7ECFF236989
:10713000E06023F00803236110BD38B50D46C26935
:107140008B00016843F0020342F8213004460168D5
:107150002A46FFF7D8FFE36861682060984202BFC3
:10716000236943F0080323612A462046FFF7CBFF3B
:10717000606038BD2DE9F74FC768C6699B4616F8B1
:10718000273003F00303022B04468846914606EBA2
:10719000870A4FF0000309D01360CBF80030236951
:1071A000990710D4002003B0BDE8F08F56F82710DF
:1071B00013608908CBF80030F1D0FFF7B2FFE36825
:1071C000A3600120EFE7A3695046984716F82730DF
:1071D000DA070546E6D513F002031DD0B8F1000F1B
:1071E00003D041462046FFF7A8FF61682A462046A3
:1071F000FFF789FFD4E902319942606004D12A4641
:107200002046FFF780FFA060A3682360E360236946
:1072100043F008032361D4E7014620460193FFF7BA
:1072200080FFE268A260B8F1000F04D02168E26933
:10723000019B42F8213005EB0802CBF800202168C1
:107240002046FFF760FF2369206043F008032361B5
:1072500016F827306FF3000306F82730C9F800A0AE
:10726000AFE770B504461546FFF74DFF236883422C
:1072700005D12369216023F00803236170BDE26911
:10728000AB0043F0020342F82130204661682A46F1
:10729000FFF739FF6060F1E738B503695B07044623
:1072A00006D5456AFFF71EFF85422CBF6562606206
:1072B00038BD38B50D4604461C22002107F0BCFF3E
:1072C000EB68A361AB6863612B68E3616B68236261
:1072D000002262622A6923B1591E194208BF42F096
:1072E00001022261012204F128000021BDE838409A
:1072F00007F053B92DE9F04F87B000250093036ADA
:1073000003958B4204460E4692460595A94639D30D
:10731000EFF3118B402383F31288BFF36F8F059A2D
:10732000D8462AB129462046FFF79BFF0023059344
:1073300004A92046FFF7C3FE0499B14207462AD3A9
:107340002268E36913F8221021F0030103F82210E8
:1073500003EB8209216832462046FFF7D4FEE3683A
:107360002060984212D0002788F31188BFF36F8FF6
:10737000039929B162690AB120469047002303931B
:10738000002FC5D1484607B0BDE8F08F236943F010
:1073900008032361E7E718B12046FFF7CEFEE3E7D5
:1073A000009B5AEA030319D0019107F066FA01998C
:1073B000A0B98BF31188BFF36F8F009B524604F185
:1073C0002800FAF7BFF8EFF31188402383F31288FF
:1073D000BFF36F8FB0FA80F77F09C5E705AB03AA4B
:1073E00020462568FFF7C6FE0746BDE770B5044690
:1073F000836908460D4698470246EFF311864023FD
:1074000083F31288BFF36F8F2B7843F001032B7047
:1074100061682046FFF777FE60602046FFF73CFF7B
:1074200086F31188BFF36F8F70BD2DE9F0410446DC
:107430004027EFF3118687F31288BFF36F8F23691C
:1074400013F0080FA36802D16268934200D9226A40
:10745000E169D21A32B986F31188BFF36F8F4FF00A
:10746000000833E011F8232012F0030001EB830839
:10747000F1D0022803D151F82350AD0805D1D0072F
:1074800012D4A369404698470546A1682A4620467B
:10749000FFF739FE2946A0602046FFF742FE86F33B
:1074A0001188BFF36F8FC4E742F0020201F8232076
:1074B0004046A369A5689847294602462046FFF73B
:1074C00022FEA06086F31188BFF36F8F4046BDE8AF
:1074D000F081F8B50446836908460D46984706468C
:1074E000EFF31187402383F31288BFF36F8F2B785C
:1074F0006FF300032B7023699B0705D5E268E369EE
:1075000003EB82039D421AD12B786FF341032B705A
:10751000D4E90231994204D132462046FFF7F3FD07
:10752000A06031462046FFF7FCFD87F31188BFF3CA
:107530006F8F04F12800BDE8F840F9F7DFBF2B6832
:1075400060F39F032B60F0E702698368120702D49F
:1075500042689A4200D2026AD31A181E18BF01204C
:107560007047F0B564230546042600200A2769B950
:10757000F0BD9A42B2FBF3F40CD2012B0AD048B909
:1075800003FB1422D2B20A24B3FBF4F3013EF0D180
:107590002E70EDE7303405F8014BB2FBF3F40139FE
:1075A00003FB14220130B3FBF7F3C9B2C0B2D2B26D
:1075B000DBB2DCE7A0F13003DBB2092B02D80B70A1
:1075C00000207047A0F16103052B02D85738C3B2E1
:1075D000F5E7A0F14103052B01D83738F7E76FF045
:1075E00015007047F7B5054601F0010000EB5106A4
:1075F0009E424FEA510703D90026304603B0F0BD42
:1076000058B128780DF10701FFF7D4FF0028F3DB0C
:107610009DF8073002F8013B013501351744BA42A5
:10762000EBD015F8010C0DF10701FFF7C3FF00289F
:10763000E2DB9DF807402401E4B2147015F8020B58
:10764000FFF7B8FF0028D7DB9DF807301C4402F88D
:10765000014BE4E7036800220BB9184670478B42E0
:1076600010D10B6842B942680360914200D1436077
:1076700000230B600120704713604368994208BFE4
:107680004260F5E71A461B68E6E7038B13F0070331
:1076900005D10368002B0CBF002003207047022B8C
:1076A00005D1408BB0FA80F0400980007047012B73
:1076B00005D10368002B0CBF002005207047002077
:1076C000704710B50C4600B111B96FF0150010BD30
:1076D000081D00F0D2F80028F9D1A368032BF6D9D1
:1076E000F3E72DE9F0410D4607461946281D90465F
:1076F0001E4600F0D6F8044638B1334642462946C5
:107700003846A446BDE8F0416047BDE8F08110B4BA
:10771000EFF31182402484F31288BFF36F8F41612D
:1077200010BC0121E0F76CBB38B50C46054658B1DA
:1077300051B10B6843B14B6833B11C22002107F0F3
:107740007BFD2C61002038BD6FF01500FBE770B5A4
:1077500005460E46FFF7B5FF041E14DBEFF311825A
:10776000402383F31288BFF36F8F6B8B2C8B4FF604
:10777000FF718B4204F0070407D182F31188BFF335
:107780006F8F6FF00A04204670BD022C0CD10133BC
:107790006B8382F31188BFF36F8F0023224631463B
:1077A0002846FFF79EFFEEE7062C14D8DFE804F02A
:1077B00004131313041A0400002333606B683BB9ED
:1077C000C5E90066ACB902212846E0F719FBDAE703
:1077D0001E606E60F6E782F31188BFF36F8F6FF063
:1077E0000404D0E782F31188BFF36F8F6FF0850434
:1077F000C9E782F31188BFF36F8FC4E710B5EFF3C9
:107800001182402383F31288BFF36F8F048B04F03F
:107810000704022C0AD0012C0CBF6FF004006FF09B
:10782000850082F31188BFF36F8F08E0438B013B23
:107830009BB2438323B92146E0F7E2FA204610BD0C
:107840002046EEE738B5A8B1A1B1EFF3118540228B
:1078500082F31288BFF36F8F048BFFF7FBFE30B10A
:1078600004F0070085F31188BFF36F8F38BD6FF008
:107870007700F7E76FF01500F8E7034640B142687C
:1078800002F00302022A06D0032A04D0012A05D0FE
:107890006FF0150070471A68002AF9D00020986030
:1078A000704710B54268816002F00302022A034665
:1078B0004FF0000407D0032A02D05C60002001E0F2
:1078C00018685C6010BD18685C600028F6D0FAF794
:1078D00031FFF3E7F0B5C6684568C369AF1B0446DE
:1078E0004069BB4298BFFF1AA5EB0000944698BFC1
:1078F000F6181A1AD81B2368AD1B62452B4428BF03
:1079000062460B606368904228BF10460344636080
:10791000F0BDD0E90123D21A8A420CD31944C368BE
:10792000C269C0E90111C91A8A4201D90020704711
:107930001344C360FAE76FF0150070472DE9F34177
:1079400080460E46154600272A4601A94046FFF705
:10795000C1FF314604460246019807F045FC2D1B45
:107960002744264401D0002CEED139464046FFF78B
:10797000D0FF384602B0BDE8F081F0B50446866914
:107980000569C069A368AF1BB842944698BF361812
:10799000A3EB05022368A5EB060598BF3F1A2B440D
:1079A0006245A0EB070028BF62460B602369904246
:1079B00028BF104603442361F0BDD0E90423D21A46
:1079C0008A420CD31944D0E90632C0E90411C91A1D
:1079D0008A4201D90020704713448361FAE76FF0AF
:1079E000150070472DE9F34180460D4616460027E5
:1079F000324601A94046FFF7C0FF04462DB10246BA
:107A00000199284607F0F0FB2544361B274401D096
:107A1000002CEDD139464046FFF7CFFF384602B083
:107A2000BDE8F081704770B406688489806A0D0CE7
:107A300016FA81F105FB041184682468A44670BC21
:107A400060472DE9F0431C46C36A1D686D4289B04A
:107A500006468846174605F020051CB9204609B0A1
:107A6000BDE8F083AC42A14628BFA9464B466A4612
:107A700041463046FFF7D7FF0028F0D16B46484516
:107A800002D1241A8044E8E713F8012BBA4201D14D
:107A90000130F4E70120E2E738B5828903680D0C74
:107AA000090C04462D04806A02FB013183689B683F
:107AB000984750B9E26AA389127929462046FFF710
:107AC000C0FF002818BF6FF0050038BD0B6803F534
:107AD00080330B60C0891A0CB0EB134F04BFA3EBCB
:107AE00002430B60704700F068BA10B501460446C7
:107AF0000722FF20DFF79CFDE07110BD0378012B0A
:107B000081BF01F1FF31C9185B4219400846704737
:107B100070B50C4605460821C06AFFF7EFFF072243
:107B200006462146FF20DFF783FDE379834207D134
:107B3000AA896388901B83422CBF0020012070BD5E
:107B40000020FCE738B505460C46FFF7E1FFA0B181
:107B5000A08898B922884FF6FF739A420DD1E86A3F
:107B60000821FFF7CBFF6288AB899B1AB3FBF0F2C9
:107B700002FB1030B0FA80F0400938BD0020FCE76D
:107B8000F7B504460D46C06A0821FFF7B7FF29681C
:107B9000074608232046FFF746FF0646002836D151
:107BA0002B683B442B60A28999B2D21B91422ED103
:107BB0001A0C03BFE28902F1FF3203EB0241A3F585
:107BC0008031296008236A462046FFF72CFFE8B978
:107BD000E36A1A796B4613F8011B8A420CD1013013
:107BE0000828F8D1636805E02B68BDF802201B0C5B
:107BF0001B0413442B600AE069462046FFF7A2FFEE
:107C00000028F1D129462046E0F708FA064630461A
:107C100003B0F0BD2DE9F043074689B090461E46FB
:107C20001BB9002009B0BDE8F0833C688389080CCB
:107C300014FA81F100FB0314FB6A1D686D423540A4
:107C40000CD0B86A83682146D3F804902B46C84705
:107C50000028E7D1761BE4D02C44A84432464146A4
:107C6000684607F0C1FAFD6A2A682979921B0DEB74
:107C7000060007F0E1FAB86A2B6882682146556869
:107C80006A46A847CEE710B50A460823416804466D
:107C9000FFF7C0FF08210246E06AFFF72FFF636885
:107CA0001B1A6360104610BD13B54FF6FF73002218
:107CB0000446ADF800308DF806308368ADF8042036
:107CC0006846ADF80230FFF710FF69462046FFF71F
:107CD000DAFF02B010BD2DE9F04F044695B0C06A3E
:107CE0000821FFF70BFF63681B0C1B04054603A963
:107CF00020460393FFF7EAFEDDF80CB0A6895E4448
:107D0000761B06AA0823314620460496FFF78BFE11
:107D1000021EC0F2A980E36A06AA1979002312F8AC
:107D2000010B814240F08F800133082BF7D1A3680B
:107D300062682B449A427ED259462046FFF7ACFE39
:107D4000024691E0BDF81A30360C36041E44049603
:107D500008AA04A92046DDF810A0FFF711FF02468B
:107D6000002840F0818008A92046FFF7D1FE18B90D
:107D7000019B9A45ECD1DAE7636805930AAA05A945
:107D80002046059EFFF7FCFE024600286CD1BDF898
:107D90002820BDF820309A4227D06268059B9A427D
:107DA000ECD15645E4D1BDF82430002BE0D0BDF82D
:107DB00022704FEA1A431B041F4408A8A368ADF8B9
:107DC0002230FFF792FEE36ABDF824901E687642E7
:107DD00006F02006B9F1000F0ED108A92046FFF7E2
:107DE00052FF02460028C3D03EE00AA92046FFF712
:107DF0008FFE0028D1D0D4E74E45B04628BFC846F4
:107E00000CAA434639462046FFF70DFE024658BBF2
:107E10004346A1680CAA2046FFF7FCFE41460246F5
:107E2000E06AFFF76BFEA3680344A360E2B9A9EB25
:107E300008094744CEE72046FFF736FF02460028F0
:107E40003FF47AAF10E0731B06A920460193FFF7B9
:107E500079FE00287FF476AF04A92046E0F7DEF82B
:107E6000024600283FF474AF104615B0BDE8F08F0D
:107E700000231A46E0F7AABA13B500240094E0F7ED
:107E80009DFB02B010BD03785B075FBF03684288AB
:107E9000C3F34A2303EB12105DBF173020F0070035
:107EA0008008002070470020704705F011BE03468F
:107EB000BFF35B8F53E8000F421C43E80021002909
:107EC000F8D1BFF35B8F70471FB50023CDE90201E6
:107ED000CDE900331A4619461846E0F7F5FE05B01D
:107EE0005DF804FB0120E0F7A3BC0020704770B5EB
:107EF000D2E901369B1B8B420C4615460AD3136808
:107F00000A460146981907F06FF9AB682344AB6045
:107F1000204670BD6FF01B00FBE770B50E4615469E
:107F20001946044618B9BDE87040E0F781BC33B18A
:107F3000C2F34A231030120D184407F055F9C4E972
:107F400000562046BDE87040E0F706BE2DE9F3413B
:107F50005F1C4FEA8708064608F1170020F007006B
:107F600080080C461546E0F7CDFC0023ADF805303F
:107F70008DF807308DF8047068B10346019A43F814
:107F8000102FA8F104012A46294452F8045B43F853
:107F9000045F8A42F9D1A20102F4E07242EA482267
:107FA00022F07F4222F47002002322F03F02314689
:107FB00002B0BDE8F041FFF7B0BF07B50123019261
:107FC00001AAFFF7C3FF03B05DF804FB07B5CDE9D5
:107FD000002302236A46FFF7B9FF03B05DF804FBF4
:107FE0001FB5CDE90123069B039301AA0323FFF7E5
:107FF000ADFF05B05DF804FBF8B506460D46144626
:108000001F4604B9F8BD214628463A46B047241A0F
:108010000544F6E710B5426881680446D2E90023BA
:108020000068FFF7E9FF636800221A6010BD38B5E9
:108030004B681A68CB689A4205460C4602D108463E
:10804000FFF7E8FF6368BFF35B8F53E8002F511C15
:1080500043E800100028F8D1BFF35B8FA3689D545C
:10806000002038BD0A2838B504460D4602D10D203F
:10807000FFF7DDFF29462046FFF7D9FF002038BD76
:108080002DE9F043054687B008460E8891F8009028
:10809000D1F808800C461746E0F75CFE011EC6F3D7
:1080A0008216C9F3C2091EDB4846E0F767FD0346A6
:1080B0002146608851F8102B0196C2F34A22002A0B
:1080C00001EB0204C0F30B1008BF00210022CDE930
:1080D0000407CDE90214009241462846E0F766FE07
:1080E00007B0BDE8F0830023E2E743681B685B68E4
:1080F00000209961704743681B681A685268536092
:10810000704743681B685A68012111771868FFF7A8
:1081100081BF43681B681868E0F7B2BF70B5436859
:108120001D686B6898690C46E0F75EFB21460346C4
:108130000F222868BDE870401847704770B54C683A
:108140000368A34201D2012070BD8A682244934291
:1081500001D30020F8E7D1E903254E69B54203D3E6
:108160006FF00B038B61F4E71B1B42F8353043685B
:10817000086902EBC00253600B6901330B61E2E74F
:10818000FFF724BF10F0700F00F07F0201D0E1F77D
:10819000BBB810F0800F18BF10320120904070471C
:1081A0000020E1F757BC006840B150F8043C5B6820
:1081B0008B42A0F1040001D04068F5E770470068E9
:1081C00050B150F8043C5B685B689B788B42A0F12F
:1081D000040001D04068F3E7704730B5006888B10B
:1081E00050F8043C5B681A6A1D7F04380023043A87
:1081F000DCB2A54201D84068F1E7013312F8334000
:108200008C42F5D130BD08B5E1F744FE28B1406895
:1082100010F1100F14BF0020012008BD4B1CDBB271
:108220008170817680F82530C37600F8061C70478F
:1082300050E90231D0F89C0018470369002283F806
:108240004A207047036993F84A0008B193F8480040
:1082500070470369002283F84B207047036993F845
:1082600049007047036993F8482012B193F84A20F7
:108270002AB993F8490018B193F84B0070470120D0
:108280007047012070470369C3E900127047CB793A
:1082900002690BB1012B03D182F8A1300020704795
:1082A0006FF08500704710B50369D3F894200A6019
:1082B00093F898206AB1012A0CBF022203224A7166
:1082C00093F89920501E032805D8DFE800F0050533
:1082D00005050122F3E700220A7193F89A20062A85
:1082E0000BD0072A0BD0052A0CBF002203228A716B
:1082F00093F8A130CB71002010BD0122F7E70222D4
:10830000F5E770B504690546D4F88C00FFF76AFB01
:10831000D4F88C309A681969914204BF002284F81D
:10832000492094F8A02006469AB15A685969DB6939
:10833000521A9B1A3F2B0CD994F89E3033B16B68BC
:108340001B6A2246187B0021E2F79EF8002384F87E
:10835000A030304670BD08B50122FFF7D2FF0138CA
:1083600018BF4FF0FF3008BD0020E2F75DB90022D2
:108370001146E2F71FB9034610B508460AB10021BD
:10838000116053B1D0B1411E11F8010F80B113F843
:10839000014BA04201D13D28F6D100200EE001336F
:1083A00013600AE03D2808D0B0FA80F0400905E0EB
:1083B00018782F28F6D1002AF1D1012010BD10B570
:1083C00009B100230B6058B103461A781C460133EB
:1083D0002AB13D2A03D02F2AF7D101B10B60201A10
:1083E00010BD0830704710B5134614460A46818800
:1083F0000068FFF741FDA042A8BF204610BD2DE94F
:10840000F04F97B0044601929A46894600297CD0E5
:10841000DAB1BAFA8AF67609258F0135ADB2A846E7
:1084200004F1080B6F1EBFB2B7F5004F26D04A23E8
:1084300003AA39465846FFF71FFD002807DA10F156
:10844000020F08BFB8463D46ECE70126E4E700F11D
:1084500058030DEB0300002300F84C3C03A94846E9
:10846000DDF7FAF90028EED126B339465846FFF772
:10847000FFFC002805DA17B0BDE8F08FBEB300207E
:10848000F9E705F57F513F3189B25846FFF7F0FC17
:108490000028F0DB238FBB42F1D12246013B22F8BA
:1084A000383F4FF4004102235846DFF78FFF00EAC0
:1084B000E070E0E7B846B8F5404F29D0238F434538
:1084C00004F1080515D308F58041019A534689B295
:1084D0002846DFF77BFF0028CDDB002ECFD04846B3
:1084E000DDF7CCF94A46034641462846DDE701263A
:1084F000E1E72246022322F8388F4FF40041284654
:10850000DFF764FF0028DEDAB5E76FF01500B2E7A9
:108510006FF00B00AFE773B5C36B03630446C3B1E1
:1085200000F108063046DFF7ABFD054670B90223BF
:108530000DF106024FF400413046FFF79DFC002884
:10854000ACBFBDF806304FF400432387284602B085
:1085500070BD6FF01205F9E770B50446D0F834012C
:10856000A8B1451E0026AE4201DD00200FE07219C1
:1085700002EBD2725210D01CC30004EBC000008981
:10858000884201D2561CEEE702D80433E01870BDD1
:10859000551EE8E7002310B50446C0F83431D4F87E
:1085A000500110B9C4F8580110BDD4F85421036823
:1085B000C4F85031904208BFC4F8543106F0ADFC05
:1085C000EDE710B50346BFF35B8F53E8000F00EAF9
:1085D000010243E80024002CF7D1BFF35B8F10BDEC
:1085E00010B50446FFF7D6FF6FF0010104F59C704B
:1085F000FFF7E7FFD4F85C315B6823B1D4E90001F1
:10860000BDE81040184710BD70B504460D46FFF791
:10861000C1FF6FF0010104F59C70FFF7D2FFD4F8A1
:108620005C319B682BB1626820682946BDE87040C8
:10863000184770BD37B54FF420530168ADF80230CC
:108640000546002468468DF8004000F0E3FB18B9A9
:108650002868083803B030BD42F6010329688DF858
:10866000044001A8ADF8063000F0D4FB0028EFD09C
:108670002046EFE737B542F603030168ADF8063050
:108680000546002401A88DF8044000F0C3FB18B98A
:108690002868083803B030BD2046FBE70068704703
:1086A0001C307047F7B500F11C0531B1A94203D267
:1086B0000025284603B0F0BD0D46D0F8343100EB5C
:1086C000C30000F11C04002642F603070835AC4243
:1086D000EED929688DF8046001A8ADF8067000F0A5
:1086E00099FB0028F2D1E4E770B505460E46002458
:1086F00021462846FFF7D6FF044638B1FFF7BAFFF8
:108700000168304600F086FB0028F1D1204670BD9C
:10871000034600F11C0219B1914202D200207047B9
:108720001146D3F8342103EBC20301F108001C33D6
:10873000984228BF0020704713B5FFF7E9FF0446B1
:1087400018B90024204602B010BD002301688DF83E
:10875000043001A842F60303ADF8063000F05AFBDE
:108760000028EFD1EDE770B5054616460C462146C8
:108770002846FFF7E1FF044628B12168304600F0A3
:1087800049FB0028F3D1204670BD38B500F59C7533
:1087900004466FF002012846FFF713FF830709D54F
:1087A0002046FFF7F7FE6FF001012846FFF709FFAB
:1087B000002038BD6FF07700FBE7E7F729BB10B565
:1087C0000C461146A4F110001A4699B9A181A4F1F2
:1087D0000C03BFF35B8F53E8001F21F0020143E855
:1087E0000012002AF7D1BFF35B8F636B03B1984788
:1087F000002010BDE36A13B1BDE810401847012006
:10880000F7E730B50246B8B1B1B1BFF35B8F0430C2
:1088100050E8003F43F0010440E80045002DF7D147
:10882000BFF35B8F13F0010009D10B68D3634B6872
:1088300013648B68536430BD6FF01500FBE76FF075
:108840007700F8E738B50D46AB4211461C4604D810
:108850001A4606F0C9FC204638BD0024FBE706F0A6
:10886000EBBCC30903EB430303EBC30383EA400000
:10887000C0B27047CB780278534003704B8842787F
:10888000534043700A68837883EA122383700A682E
:10889000C3785340C370CB79027953400371CB88BE
:1088A0004279534043714A68837983EA1223837182
:1088B0004A68C3795340C371CB7A027A534003723A
:1088C000427A4B89534043728A68837A83EA12233F
:1088D00083728A68C37A5340C372CB7B027B534056
:1088E0000373CB89427B53404373CA68837B83EA1B
:1088F00012238373CA68C37B5340C37370471FB589
:1089000002788DF8002042798DF80120827A8DF866
:108910000220C27B8DF8032002798DF80420427A70
:108920008DF80520827B8DF80620C2788DF807200F
:10893000027A8DF80820427B8DF8092082788DF824
:108940000A20C2798DF80B20027B8DF80C2042782A
:10895000C37A8DF80D2082798DF80E208DF80F30B6
:1089600010236A461946FFF76DFF05B05DF804FB5A
:10897000F8B5064608780C46FFF773FF05466078A1
:10898000FFF76FFFA27863785340E27853405D4071
:108990006840307060782778FFF763FF0546A0785D
:1089A000FFF75FFFA3785F40E3785F407D4068405A
:1089B000707063782778A0785F40FFF752FF054614
:1089C000E078FFF74EFFE3785F407D406840B0708D
:1089D0002078FFF746FF627823785340A27853400F
:1089E00080EA0305E078FFF73CFFEDB24540F57003
:1089F000F8BD70B5144688B00546002849D0002956
:108A000049D0002A49D010230A4668461946FFF784
:108A100019FF21466846FFF72DFF103401F1A0062B
:108A20006846E2F7A5FE6846FFF769FF694604A8B5
:108A3000FFF79EFF01A905A8FFF79AFF02A906A864
:108A4000FFF796FF03A907A8FFF792FF1023194627
:108A50000DEB03026846FFF7F5FE21466846103429
:108A6000FFF708FFB442DBD1E2F782FE6846FFF76A
:108A700046FF21466846FFF7FDFE102319466A4669
:108A80002846FFF7DFFE684610220021FFF7E7FEC9
:108A9000012008B070BD0846FBE71046F9E710B5A5
:108AA0000A460F3012F9103B002BACBF002387237E
:108AB00012F8014D83EA44038A4200F8013902D0DA
:108AC0001378DB09F4E710BD08B520B15822002166
:108AD000FFF7C5FE012008BD10B5044688B110227D
:108AE0000021FFF7BCFE102204F130000021FFF747
:108AF000B6FE0023636400224FF48033C4E91423DC
:108B0000012010BD70B504460D46164610B311B3D2
:108B100058220021FFF7A3FE2946A6643046E2F75B
:108B200033FE102200212046FFF799FE04F11005C4
:108B3000A26C21462046FFF75CFF21462846FFF73E
:108B4000AEFF294604F12000FFF7A9FF2046FFF7FA
:108B5000C3FF012070BD0846FCE72DE9F0410E4639
:108B600015460446002860D0FAB100295DD0D0E94E
:108B7000143253EA020158D0013BD0F8448042F14C
:108B8000FF32C0E91432B8F1000F2CD0C8F1100741
:108B900008F13000BD4220440AD22B463246294615
:108BA000FFF750FE636C2B4463640120BDE8F08145
:108BB0003B4632463946FFF745FE103D00236364CD
:108BC00045443E44631E04F10F0113F8012F93F84E
:108BD00030008B4282EA00021A70F6D1A26C214664
:108BE0002046FFF706FF04F10F07102D0AD8002DCD
:108BF000DBD02B463246294604F13000FFF722FE37
:108C00006564D2E7631E711E13F8012F11F8010F7E
:108C1000BB4282EA00021A70F6D1A26C21462046BD
:108C2000FFF7E7FE1036103DDFE70020BEE770B526
:108C30000C460546E8B169B34A6C102A1AD11031C6
:108C4000631E013904F10F0013F8012F93F830600F
:108C5000724011F8016F984282EA06021A70F3D14D
:108C6000A26C21462846FFF7C4FE2046FFF72CFFE2
:108C7000012070BD02F130000021C2F11002204439
:108C8000FFF7EDFD636C2344802283F8302004F16C
:108C90002001D5E70846ECE7FEE701460068E2F769
:108CA000B1BE08B5E2F70AFFBDE80840E2F72ABF07
:108CB0000A460121FFF781B900210120E2F7A2BE97
:108CC00061B662B680F31188BFF36F8F704772B6DA
:108CD000002383F31188BFF36F8FBFF34F8F30BF33
:108CE00062B6BFF36F8F704772B6002383F31188AB
:108CF000BFF36F8FBFF34F8F20BF80F31188BFF397
:108D00006F8F62B67047202809D9B0F1004F08D89C
:108D10000138B0FA80F0C0F11F0040007047082011
:108D200070473E20704708B5D1E9043198470020CC
:108D300008BD08B5E3F770FC002008BD30B585B06C
:108D400014460A888B78ADF8002005460D220021D4
:108D50000DF103008DF8023006F06EFA6A4669469E
:108D6000284604F05BFF28B9BDF800209DF80230CA
:108D70002280A37005B030BD13B50C4601AA0331A3
:108D8000FFF7DCFF48B9032201A9204606F0E1F80D
:108D9000B0FA80F0400902B010BD0020FBE770B5CA
:108DA000CE1C05460C4630460321F5F713FB60B98F
:108DB000637903F03F0343F0400363712246314679
:108DC0002846BDE87040FFF7B9BF70BD70B50D46CD
:108DD00000210446FFF7F3FA0D2818D1237B302B2E
:108DE00013D0312B13D1012305F8063B04F10C06F7
:108DF0002A462046012302210234FEF7F3FBB44247
:108E000005F1FF35F4D1002070BD0023ECE76FF0D1
:108E10001500F9E710B50C46017822788A428AB02D
:108E20000FD06946E3F720FF05A92046E3F71CFFB2
:108E300010220DF115010DF1010006F08AF80AB0BB
:108E400010BD012A06D0022A07D072B94088638873
:108E5000C01AF4E740686368FAE71022611C013029
:108E60000AB0BDE8104006F074B86FF01500E6E7F0
:108E7000042A0AD0102A0DD0022A4FF0000315D17F
:108E800003700B88438001207047012303700B6837
:108E90004360F8E7022300F8013B01F1100351F8A9
:108EA000042B40F8042B9942F9D1ECE7184670479F
:108EB000012310B50621044600F8013BF5F78AFAB4
:108EC00018B9A37963F03F03A37110BD0B68036069
:108ED0008B8883808B798371037823F0020303707E
:108EE00070470078C0F340007047D0F8B83083B1C5
:108EF0005A7BD1070DD5D2060DD51B7B102B14BF85
:108F0000032304234372807A98428CBF00200120FF
:108F100070470223F6E70323F4E70F2807D80D284C
:108F20000BD8052808BF032018BF0220704713285C
:108F300003D01A2808BF0120F6E701207047BFF3CD
:108F40005B8F0068BFF35B8F7047FFF73FB8FFF799
:108F500034B810B50346BFF35B8F53E8000F40EA07
:108F6000010243E80024002CF7D1BFF35B8F10BD52
:108F70000B6803608B8883808B7983717047002333
:108F8000DFF71EBE38B504460D46E3F74BFF5F30F2
:108F900005D129462046BDE83840E4F787B838BDFA
:108FA000BFF35B8F50E8003F0B4040E80032002ADF
:108FB000F8D1BFF35B8F7047C0F307231070000E2A
:108FC0005370D0700023C1F30720090E9370137102
:108FD00050719371D171704770B506460D4640F2DD
:108FE00006400321E4F750FB044668B103210C302E
:108FF00003F01CFA0680857021460022BDE870400F
:1090000040F20640E4F77CBB6FF0680070BDF8B535
:1090100007460E4642F2220006211546E4F734FBCD
:10902000044678B106210C3003F000FA3B88038037
:109030004680858021460022BDE8F84042F22200A9
:10904000E4F75EBB6FF06800F8BD2DE9F04781469C
:10905000884642F2320007219DF820A017461E469E
:10906000E4F712FB0546A0B107210C3003F0DEF94E
:10907000B9F80030038080F80280C7700671A0F84C
:1090800005A029460022BDE8F04742F23200E4F78D
:1090900037BB6FF06800BDE8F087C068E4F79CBCA0
:1090A00010B503884288934219D8052B17D9B2F519
:1090B000486F14D88388B3F5FA7F10D2C088A0F126
:1090C0000A0189B240F67644A14208D801339BB226
:1090D0005343B3EB800F34BF0120002010BD0020AC
:1090E000FCE770B506460D4642F221000321E4F785
:1090F000CBFA044618B9BDE87040E3F79DBF0321E1
:109100000C3003F093F906808570214642F221006D
:10911000BDE87040E4F742BF0020704708B5EDF7A6
:1091200041FF18B1C089003818BF012008BD08B53B
:10913000072205F00EFFB0FA80F0400908BDFEF7E7
:109140003CBF0B6803608B8883808B798371704789
:10915000BFF35B8F0068BFF35B8F704708B5FFF705
:10916000F7FF084100F0010008BD00F1100210B542
:1091700010460C460721FFF7F1FF30B10D211046D4
:10918000FFF7ECFF08B90123237010BD037A5B07DA
:10919000024605D501462A3211F8010BE5F7DEBA81
:1091A000704738B50121054642F22D00E4F76CFA0C
:1091B000044658B129460C3003F047F921460022F5
:1091C000BDE8384042F22D00E4F79ABA6FF068002B
:1091D00038BDBFF35B8F50E8003F0B4340E80032DF
:1091E000002AF8D1BFF35B8F704700F1100210B571
:1091F000072104461046FFF7B1FF50B14FF400417C
:109200001046FFF7E6FF20460021BDE8104000F0C1
:1092100074B910BD2DE9F041D1F8048086B0044640
:109220000D46B8F1000F1DD1037A5B071AD50E6801
:10923000411C701CFFF77BFF2A3616224146074669
:10924000684605F0F9FF10226946304605F081FEB8
:1092500030B1102204F12A01304605F07AFE00B147
:1092600007B16C6006B0BDE8F08110B400F11003E6
:10927000BFF35B8F53E8002F22F4004143E8001452
:10928000002CF7D1BFF35B8F130403D510BC012171
:1092900000F033B910BC704700F1100208B5062188
:1092A0001046FFF75BFF80B90D211046FFF756FF10
:1092B00058B9BFF35B8F52E8003F23F0100342E838
:1092C00000310029F7D1BFF35B8F08BD10B50C4604
:1092D00030B919B1EDF724FE00B1441C204610BD91
:1092E0000024FBE718B111B10846E5F7EFBA6FF0BB
:1092F0001500704738B1836C1B0301D5E5F7D8BA68
:109300000078E5F75BBC6FF015007047037AD9076A
:1093100004D523F001030372E5F780BD990704D556
:1093200023F002030372E5F793BD7047034610F480
:10933000004F0CBF07200620DA0348BF00F00500ED
:109340009B0348BF00F0FB007047BFF35B8F0068D2
:10935000BFF35B8F704710B50346BFF35B8F53E8D5
:10936000000F00EA010243E80024002CF7D1BFF30C
:109370005B8F10BD012310B403FA01F1044662B102
:10938000BFF35B8F54E8003F0B4344E80032002AF0
:10939000F8D1BFF35B8F10BC704710BCC943FFF717
:1093A000DABF2DE9F04F87B005469DF84860DDF83B
:1093B00040909DF844A00C4690460021102202A83F
:1093C0001F4605F039FFEEB9CDE90248012202A996
:1093D00042F20800E5F7A2FF044678B9BAF1000F9F
:1093E0003ED11035BFF35B8F55E8003F43F00403D7
:1093F00045E80032002AF7D1BFF35B8F204607B063
:10940000BDE8F08FE5F74CF98346E4B937BB584621
:10941000DCF734FA0923012ECDE901B48DF80030D0
:109420008DF80100CDF80C80D0D1CDF810D0059684
:109430000222CCE714F83320083A012A25D9013357
:109440009845F7D1E2E70023FAE717F83320083A06
:10945000012A1AD901339945F7D1D8E70023FAE751
:10946000022E4FF0010208BF059202A908BF324642
:1094700042F2090008BFCDF810D0CDE90279E5F736
:109480004DFF0028ADD00446B8E76FF01504B5E7EE
:10949000436813F008000AD05A0307D403F4C063EA
:1094A000B3F5806F14BF0220012070470120704780
:1094B00070B5064686B00D4642F20A000121E4F777
:1094C000E3F80446B0B10C3095B1012102F0BDFFC4
:1094D00006F1100203A9204600950723E4F7C2F81D
:1094E0000022214642F20A00E4F70AF906B070BDF4
:1094F0002946EBE76FF06800F8E7FFF7D9BF1830AF
:1095000005F074B910B50346BFF35B8F53E8000F45
:1095100040EA010243E80024002CF7D1BFF35B8F3F
:1095200010BD10B50346BFF35B8F53E8000F00EA90
:10953000010243E80024002CF7D1BFF35B8F10BD7C
:10954000E6F732BA036800220BB9184670478B421F
:1095500010D10B6842B942680360914200D1436068
:1095600000230B600120704713604368994208BFD5
:109570004260F5E71A461B68E6E710B50346BFF3FD
:109580005B8F53E8000F00EA010243E80024002C3F
:10959000F7D1BFF35B8F10BDBFF35B8F0068BFF3E4
:1095A0005B8F7047FEF709BD2838E6F7CDBD012374
:1095B0008B40BFF35B8F50E8002F1A4340E8002137
:1095C0000029F8D1BFF35B8F704710B504460069DE
:1095D00018B1EEF795FD0023236110BD2DE9F04190
:1095E0000446002704F1380600230022304602F02A
:1095F000BEFE034650B92046FFF7E7FF04F15800CE
:109600000022BDE8F0410023F8F700BA9D699F6190
:10961000EEF776FD002DE7D029462046E6F7E2FD7D
:10962000E0E710B5034600F1BC021046FFF7B4FFB7
:1096300080B1BFF35B8F411C52E8004F844204D1DC
:1096400042E8001CBCF1000FF6D1BFF35B8FECD1F8
:10965000184610BD0346FBE72DE9F84307460E46C2
:10966000904600244FF0C009B44203D100231846AD
:10967000BDE8F88309FB0470FFF7D3FF034658B138
:10968000457B012D02D0073D012D03D81A884245A4
:10969000EDD01846E7F706F80134E5E710B50446C3
:1096A000E7F7ACFD2046BDE81040E6F717BD10B562
:1096B000437B023B0446062B25D8DFE803F00D046C
:1096C000242424170B0001730021E7F721F8002060
:1096D000E6F7E8F9002010BD8378012BFAD1583065
:1096E00005F084F8BDE81040E4F75CB90088FFF7A6
:1096F00073FC0028EFD1637B072BEBD108212046B8
:10970000E7F706F8E6E76FF07F00E4E710B50446F8
:10971000D0F8B80028B9207A04F18801EDF742FCAE
:1097200038B1E278C3892AB913F0210F14BF0120A0
:10973000002010BD13F0240FF8E72DE9F843089E30
:10974000102E81460C4690461F462ED81C2142F210
:109750001900E3F799FF054658B31C210C3002F0BD
:1097600065FE0346B9F8002023F8022B2268C0F8F2
:10977000022062685A60B8F80030438100F10C049E
:1097800032463946204605F02FFD102E05D0C6F191
:1097900010020021A01905F04FFD29460022BDE866
:1097A000F84342F21900E3F7ABBF6FF01500BDE8D4
:1097B000F8836FF06800FAE738B5437B072B04465F
:1097C00026D10B0601F07F0513D5BFF35B8F031D78
:1097D00053E8001F41F4006143E80012002AF7D16A
:1097E000BFF35B8FA572204601F0F1FE68B900203F
:1097F00038BD437AAB42FAD2837AAB42F7D26FF4E8
:1098000000610430FFF7B9FEECE7637AA372EFE77B
:109810006FF07F00ECE7407A704737B505460C469D
:10982000FFF75FFB2946A8B16846FFF74FFB694683
:109830000020E7F7F7F958B12388A0F8A030638833
:10984000A0F8A230A388A0F8A430E388A0F8A6303E
:1098500003B030BDFFF73AFD0346006800909A88D8
:109860009B798DF80630ADF80420E0E738B5037A2F
:109870008B420446154615D100F18801072228467F
:1098800005F067FB80B1E378072243B904F1960144
:10989000284605F05EFBB0FA80F0400938BD04F1BF
:1098A0008F01F5E70020F9E70120F7E788307047DE
:1098B000F8B507460D4642F213000E21E3F7E4FE29
:1098C0000646D0B10E210C3002F0B0FD0E22044647
:1098D000002105F0B1FC3B8823802B8863806B88D6
:1098E000A380AB88E380EB88238131460022BDE86A
:1098F000F84042F21300E3F703BF6FF06800F8BDD1
:109900007047F8B505460F46164600234FF48032DF
:1099100004210020E7F780F8044620B92846BDE876
:10992000F840E7F731BC04210C3002F07FFD0570F0
:10993000477046802046F8BD704770B5D0E90035C5
:10994000044623B16B6803B1984700232360E368A2
:109950000BB1204698472B6A1BB12046BDE87040EA
:10996000184770BD38B5006D30B150F8084904B1E2
:10997000083CFFF7E2FF04B938BDA5682DB12046C9
:10998000083DFFF7DAFF2C46F7E72046BDE83840F0
:10999000FFF7D3BF38B5036D0D46BBB1184650F87D
:1099A000084904B1083C53F8043C9B680BB12946B4
:1099B00098475CB12046A468436824B19B68083C82
:1099C000002BF4D1F6E79B68002BF0D138BD0431B1
:1099D000E7F722B82DE9F041144605460F4602F19B
:1099E0000C0004211E46DDF8188002F040FD228A9A
:1099F0004780043A02804346324621462846BDE865
:109A0000F041E6F777BD37B500230A460D460093CF
:109A10000521FFF7DFFF044610B12846EEF770FB83
:109A2000204603B030BD006D30B1838B8B42A0F176
:109A3000080001D08068F7E77047006D30B1838976
:109A40008B42A0F1080001D08068F7E770477047AB
:109A50000346006828B1596802681A60884208BF46
:109A60005A6070470346002003B970471A8A5B6842
:109A70001044F9E710B5D4682378023113B9217086
:109A8000012010BD8B42FBD0038A023B03820020E1
:109A90001061F6E706207047FEF78FBA08B5036835
:109AA0000A8A1868C968EAF729FF002008BD38B596
:109AB000054601F10C000C4602F0F9FC2D68238AE2
:109AC000E2680146286801F0A2F9002038BD70B4B0
:109AD00005686A6A52B3136803B1883BA2F188042F
:109AE0000022114600E0883B844207D0668D648BDB
:109AF000B14238BF3146A24238BF22461C462BB184
:109B0000D3F88830002BEED18442EFD1438D408BC7
:109B10008B4201D890420BD9824238BF024699420B
:109B2000286838BF194670BCEAF78EBF1146EDE7CA
:109B300070BC704773B51446014605464FF49572E4
:109B4000206800F0D4FF207500BB237A2068ABB1F9
:109B5000A3F11802534253419B000193638A00937F
:109B6000AE68238AE2682946B047002808DB238ACA
:109B700098420ED100232375012008E00223ECE770
:109B800010F1FF0F05D34042C0B22075002002B093
:109B900070BD0E20F9E71FB5CDE901230023009326
:109BA0001A46E9F7FDFB05B05DF804FBF8B59368CC
:109BB000166805460F46144663B9506801210C30FB
:109BC00002F034FCA0602B681B78002B14BF02232A
:109BD00001230370A3681B78012B03D0022B1FD035
:109BE00000201CE02B681B78002BF9D16068042151
:109BF0000C3002F01BFCE06007802A68E3685288A2
:109C00005A806168728D738B088A9A4294BFC0EB48
:109C10000200C0EB0300042894BF00200120F8BD1F
:109C20002B681B78022BDBD1606812210C3002F00C
:109C3000FDFBE06007802B68E268591C023211339B
:109C400051F8040B42F8040B9942F9D16168728D06
:109C5000738B088A9A4294BFC0EB0200C0EB0300EA
:109C60001228D9E7D0680378043113B901700120B4
:109C700070478B42FBD091680B8A0020043B0B821B
:109C8000106170472DE9F04F044685B010469046AC
:109C90009946FFF7E7FE638B628D934228BF134618
:109CA00083428B4640F2938063680393404602F000
:109CB00091FB4FF0000A06464046FFF7D3FE628B49
:109CC000638D06F10C079A4294BFC0EB0205C0EB0E
:109CD0000305384602F0F7FB854217D24046FFF7EE
:109CE000C1FE628B638D9A4294BFC0EB0205C0EB4C
:109CF00003058DBB98F80A00EEF74CF9002200230B
:109D000002F031FB064630B9574636E0384602F0DD
:109D1000DAFB0546EDE70146404602F06CFB4046A3
:109D2000FFF7A0FE628D638B06F10C079A4294BF89
:109D3000C0EB0205C0EB0305384602F0C4FB8542C8
:109D40001FD24046FFF78EFE628D638B9A4294BF0E
:109D5000C0EB0205C0EB0305F168328ACDF8009034
:109D6000DBF8047003980A44ABB25946B847071EA3
:109D70000CDABAF1000F18BF5746384605B0BDE8F7
:109D8000F08F384602F09FFB0546E5E70E9BB3B91E
:109D9000394606F10C0002F049FB4046FFF762FE2F
:109DA000638D628B934228BF1346B9448342BA4401
:109DB0001FFA89F9A8D9AF423FF47EAFA4E70F9A02
:109DC0000E9B3946304698470028E1D19CE7002792
:109DD000D3E70368002203B970478B420FD10B68A9
:109DE0003AB942680360914200D1436000230B609E
:109DF000704713604368994208BF4260F6E71A460D
:109E00001B68E8E706207047BFF35B8F50E8003F10
:109E100043F0080240E800210029F7D1BFF35B8F2F
:109E2000C3F3C000704773B5166805460023706819
:109E3000137314462946952200F059FE207380B909
:109E4000CDE900002946A388A2683046FFF71AFF33
:109E5000002809DA10F1FF0F26BF4042C0B20E20E1
:109E60002073002002B070BD0120FBE72DE9F34113
:109E70001668074600237068137314463946952206
:109E800000F035FE0546207308BBA068718D728B0B
:109E9000038A914294BFC3EB0103C3EB0203012B7E
:109EA00015DD02210C3002F0C1FACDE900558046E3
:109EB000A388A26839463046FFF7E4FE031E0ADA9B
:109EC00013F1FF0F26BF5B42DBB20E23237300208A
:109ED00002B0BDE8F081A8F800300120F8E72DE9D4
:109EE000F04104468868FFF7BDFD638D628B9342A5
:109EF00028BF134683420D461DD3A163D1F80880C5
:109F000000278F60F8F708F841462046E7F772FD12
:109F1000064638B1C5F80880A763F8F711F830464F
:109F2000BDE8F081618D638B994228BF19462846B0
:109F3000EAF7D2FEF1E76FF07906F0E738B5BFF344
:109F40005B8F0B68BFF35B8FDB07054617D550F8B7
:109F5000040CA0B16B6B93B90430FFF779FD044694
:109F600068B10146281FFFF7BAFF002807DA55F845
:109F7000043C5A6822609A685C6002B99C6038BDF3
:109F80002DE9F041446A07463CB354F8886906B1AC
:109F9000883E00231D4607F1040801E034461646BA
:109FA000A26B9AB905B98BB94046FFF751FD05463A
:109FB00058B101462046FFF792FF00280DDA7B6872
:109FC0002B60BB687D6003B9BD6023462EB1D6F817
:109FD0008820002AE2D0883AE0E7BDE8F08170B539
:109FE00000220446002308460E4602F0C0F905464A
:109FF00058B101462046E7F7FDFC044618B1294652
:10A00000304604F0BCFA204670BD6FF00104FAE758
:10A01000F8B50546071F00F1300350F8044CBFF3B4
:10A020005B8F53E8001F21F0040143E80012002A6F
:10A03000F7D1BFF35B8F04B36B6B8BB963687BB1F4
:10A04000201DFFF705FD014606463846FFF747FF8E
:10A05000002812DA63683360A368666003B9A660FB
:10A0600005F138013846FFF7BAFF30B104F10C01B1
:10A070003846BDE8F840FFF7B2BFF8BD38B5044632
:10A080000D46E7F7B7FC30B1294604F13C00BDE8C6
:10A09000384002F099B938BD70B5044601F10C00A2
:10A0A0000D4602F004FA26682B8AEA6801463068F9
:10A0B00000F0ADFE1E2100222046E7F79FFB01467F
:10A0C00010B12046FFF7DAFF002070BD2DE9F04106
:10A0D000884617460121042205461E46E7F78EFBF7
:10A0E000044670B104210C3002F0A0F980F8008021
:10A0F000A0F80170C67021462846BDE8F041FFF780
:10A10000BDBFBDE8F08137B50C46054601F10C0036
:10A1100002F0CDF9228A0192E268009203461322EE
:10A1200012212846E7F7C6FD03B030BD37B50C460F
:10A13000054601F10C0002F0BAF9228A0192E268A8
:10A1400000920022034611462846E7F7B3FD03B00C
:10A1500030BD07B5CA681388528800920C210D22C1
:10A16000E7F7A4FF03B05DF804FB07B5CB68002256
:10A170001B8800920A210B22E7F798FF03B05DF8D5
:10A1800004FB2DE9F041CB681F88BBB2162B0446B7
:10A190002AD90321E7F746FE064638B302210C30E0
:10A1A00002F044F94FF06008002580F80080457007
:10A1B00031462046FFF762FF2368A4F81A806785BE
:10A1C0001B68BFF35B8F043353E8001F41F48051D9
:10A1D00043E80012002AF7D1BFF35B8F2046FFF758
:10A1E00076FC2846BDE8F0810420FBE70E20F9E765
:10A1F000E9F752B80A8AC9680023E8F7CBB8FFF735
:10A20000F9BFFFF7F7BFFFF7F5BFFFF7F3BFFFF7A2
:10A21000F1BFFFF7EFBFFFF7EDBFFFF7EBBFFFF7B2
:10A22000E9BFFFF7E7BFFFF7E5BF70B5CE6833883A
:10A230009AB2162A04460D4606D800220423114677
:10A24000BDE87040E8F7A6B8602242834385FFF777
:10A250003EFC2A8A002331462046F1E770B50546C8
:10A2600050F8043C55F804690446002B32D031B153
:10A27000436B7BB31B7CDA072CD505231DE03046EE
:10A28000EAF7F6FB737A012B24D0646B14B3237CBA
:10A29000DB071FD5E368002BEFD06269617C28469D
:10A2A000E7F7ACFA064638B1D4E90512E3689847F7
:10A2B00050B13046EDF724FF0E2300222846114608
:10A2C000BDE87040E8F766B831462846E7F792FBEC
:10A2D0000028EED170BD70B50E46E7F74BFD044681
:10A2E00028B93046EDF70CFF6FF07F0070BD00F12C
:10A2F0000C052846314602F067F8606A38B150F81C
:10A30000884904B1883C2946FFF769FE20B900203E
:10A31000ECE71C466FF00100002CF8D0D4F8883030
:10A3200023B90230F5D020461C46ECE7883BF8E71D
:10A3300038B505460C46F7F7EFFD2846E7F71AFD56
:10A3400020B9F7F7FDFD6FF07F0038BD00232360D3
:10A3500083683BB9C0E90144FFF712FEF7F7F0FD4F
:10A360000020F2E71C608460F6E710B50C46E7F7C2
:10A3700001FD98B1436A4BB153F8502C9169A14249
:10A38000A3F1880309D0D3F88830F4E7406828B1F6
:10A390008369A34202D00068F9E7104610BD01208E
:10A3A000704708B5E7F7E6FC98B1436A8BB1BFF395
:10A3B0005B8F883B03F1340252E8000F20F0080065
:10A3C00042E800010029F7D1BFF35B8FD3F8883052
:10A3D000ECE708BD08B50421FFF72FFB30B1BFF350
:10A3E0005B8F006BBFF35B8FC0F3C00008BD1060D4
:10A3F000002070470B4609895A8A914238BF11469E
:10A400009A8A8A4203D099829B6903B118477047A0
:10A4100010B5029CA36833B1B1F5807F28BF0E212F
:10A42000CAB221469847A37DE268013BDBB2A3751F
:10A4300022B11BB92046BDE81040104710BD106086
:10A4400091800020704700207047F0B507683D7884
:10A4500089B006461446DDB97B88B3F5245F04D085
:10A4600010D8A3F52053032B12D8ADF80A100222FE
:10A470000DF10A012046FEF770FB68B96FF0150276
:10A48000A26506E003F55643FF339BB2042B1ED9A9
:10A490000125284609B0F0BD7B88ADF80A300222BC
:10A4A0000DF10A012046FEF758FB0028E6D00020F7
:10A4B000009003AA776813233146B847021EDFDBFA
:10A4C00003A92046FEF749FB0028E1D1D6E7ADF805
:10A4D0000A1002220DF10A012046FEF73EFB002879
:10A4E000CCD07B88ADF80A3002220DF10A01E8E7F2
:10A4F000FDF763BD08B5072204F02BFDB0FA80F02C
:10A50000400908BD70B50378934204460E461546CF
:10A5100003D10130FFF7EEFF68B9A37AAB420CD14B
:10A52000314604F10B00FFF7E5FF18B101230A22C1
:10A5300002FB034070BD0023F9E70020FAE710B5E5
:10A540000346BFF35B8F53E8000F40EA010243E884
:10A550000024002CF7D1BFF35B8F10BD10B503466C
:10A56000BFF35B8F53E8000F00EA010243E80024C9
:10A57000002CF7D1BFF35B8F10BD0B6803608B8895
:10A5800083808B7983717047FDF720BD11F1680FCF
:10A5900001D0E8F7D3B97047BFF35B8F0068BFF312
:10A5A0005B8F704710B502210C30144601F03EFF5E
:10A5B00063890380002010BD10B504210C301446BF
:10A5C00001F034FF23890380E3894380002010BD1C
:10A5D00010B502210C30144601F028FF23890380B6
:10A5E000002010BD10B504210C30144601F01EFFF0
:10A5F0002389038063894380002010BD38B500F1B2
:10A600000C0404212046154601F010FF2B8903801D
:10A61000EB8943802B7C33B94FF42051204601F065
:10A620001CFF002038BD42F60101F7E738B500F104
:10A630000C0404212046154601F0F8FE2B89038006
:10A64000EB8943802B7C022B04D0032B09D02B6891
:10A65000598801E042F60201204601F0FEFE00208A
:10A6600038BD42F60301F7E770B51446002500F146
:10A670000C066268EBB29A4205F1010501D8002090
:10A6800070BDA268304632F8131001F0E6FEF0E724
:10A69000FFF7EABFF7B5089D06462F680C4651B98B
:10A6A00073B9002308932A46E1B23046BC4603B092
:10A6B000BDE8F0406047B1F5807F28BF0E24F0E789
:10A6C000009313462A46B84708942F6823462A4623
:10A6D0002146EAE7F0B587B00D460C9C11460646C8
:10A6E0001A465DB983B9276800232246E9B230468D
:10A6F000BC460C9307B0BDE8F0406047B5F5807FDD
:10A70000276828BF0E25EFE703A801F085FEBDF8F6
:10A710001030012B08D800230093256822461946E3
:10A720003046A84707B0F0BD022103A801F0AFFEF4
:10A730000346BDF8102033F8027B974228BF174626
:10A7400000972568224600213046A847394603A8CD
:10A7500001F09DFEDBE738B5BDF81040A24215467A
:10A760000AD8A41A8C42A8BF0C46A4B22246591992
:10A7700004F03AFD204638BD6FF00604FAE730B524
:10A7800085B0C96814461D46E8F792F800B1008903
:10A79000ADF80E0002230093BDF820200DF10E034A
:10A7A00029462046FFF7D7FF05B030BD1FB50C4640
:10A7B0001946E3681C781046BDF818203CB11024F7
:10A7C0000133069404B0BDE81040FFF7C4BF5B88B6
:10A7D000ADF80E30022300930DF10E03FFF7BBFF1F
:10A7E00004B010BD30B585B01D46002314468DF869
:10A7F0000C30E8F73BF810B1037A8DF80C300123E8
:10A800000093BDF8202003AB29462046FFF7A3FFA5
:10A8100005B030BD2DE9F04114461D46BDF8187055
:10A82000E3F73EFF0646DBF729F880B20690334691
:10A830003A4629462046BDE8F041FFF78CBF30B5C7
:10A8400085B014461D46FEF767FC0223ADF80E00E6
:10A850000093BDF820200DF10E0329462046FFF796
:10A860007AFF05B030BD1FB5194601238DF80F30B2
:10A87000009310460DF10F03BDF81820FFF76BFF92
:10A8800005B05DF804FB38B500F10C05062128463B
:10A89000144601F0CBFD23890380E3894380237CA8
:10A8A000002B42F6010308BF4FF420538380216838
:10A8B0000B781BB1022B06D0002038BD49882846F2
:10A8C00001F0CBFDF8E710220131284601F0B4FD7C
:10A8D000F2E738B500F10C0404212046154601F0DA
:10A8E000A5FD2B8903806B894380E9680B782BB920
:10A8F0004988204601F0B1FD002038BD1022013109
:10A90000204601F099FDF7E7022A10B508D100238F
:10A9100000F188011A46007AE8F7C2F8022010BD5B
:10A92000E8F7BCF9FAE72DE9F04706460D464FF483
:10A93000702000219DF820A0DDF8249090461F464D
:10A94000E7F7F0FC044688B1456080F811A0C0F834
:10A950001490C760C0F818804A4651463046E7F761
:10A960002FFA054638B92046E7F704FD6FF00B05CE
:10A970002846BDE8F087002211460123E7F778FE5C
:10A98000A560284642464946B847054618B12046C4
:10A99000E7F7F0FCECE721463046FFF7C9FC054637
:10A9A0000028E5D0F3E738B500F10C050221284670
:10A9B000144601F03BFDE3890380218A284601F01B
:10A9C0004CFD042104F11400FFF7B9FD002038BD4F
:10A9D00008B50C3029B10121FFF7B1FDC043084093
:10A9E00008BD6FF00101FFF7B9FD00F00100F7E7C6
:10A9F00010B50446FFF7ECFF38B121460122BDE84F
:10AA0000104011F8010BE7F7E9BF10BD38B5044657
:10AA10001546FFF7C4FC48B12046E7F727FF28B1E9
:10AA2000037ADB0702D50121FFF7E2FF55B9207A4F
:10AA300004F18801E7F766FE20B18560BDE8384083
:10AA4000E8F716B838BD13B5044610B9002002B0B7
:10AA500010BD00238DF80430006842F6030301A9FD
:10AA6000ADF80630FEF7D6F90028EFD1E3689888F4
:10AA70000028ECD12046E8F763FC013080B2E6E71D
:10AA800070B5CC6888B008461E46A3798DF80C30A6
:10AA90001546FFF7D8FFADF80D00246823786BB991
:10AAA0006388ADF80F3005230093BDF8302003AB69
:10AAB00031462846FFF74FFE08B070BD631C0DF10C
:10AAC0000F02113453F8041B42F8041BA342F9D1BE
:10AAD0001323E9E71FB5CDE90123002300931A46AC
:10AAE000E8F75EFC05B05DF804FBE8F72DBD38B56E
:10AAF000D4074B8A054604D513F0950F2BD0486830
:10AB000048B3900704D513F4957F26D0896821B304
:10AB100002EA030414F4DE7F0DD0EB7A2BB9284649
:10AB2000FEF7F4FDD8B9052038BD14F0300F04D17C
:10AB300014F4C07F07D10020F6E72846FEF76BFE2D
:10AB40000228F5D8EFE7D5F8B830002BEBD05B7BC7
:10AB5000DB06E8D5EFE70220E6E70320E4E70F2075
:10AB6000E2E72DE9FF41437B072B05460C461646DD
:10AB700010D100238DF80C30206842F6030303A99E
:10AB8000ADF80E30FEF746F960B9E3689B7913F033
:10AB9000300F03D1002004B0BDE8F0812046E8F773
:10ABA000A1FD0446002320688DF80C3003A942F66D
:10ABB0000213ADF80E30FEF72DF918B12046E8F774
:10ABC00091FD0446002742F6021820688DF80070B7
:10ABD0006946ADF80280FEF71DF920BB002320680E
:10ABE0008DF80C3003A942F60213ADF80E30FEF7D3
:10ABF00011F90028CED1E4682246284612F8011B3C
:10AC0000FEF734FE10B123891E420AD1A17A04F165
:10AC10000B022846FEF72AFE0028BBD0638A1E429C
:10AC2000B8D00120B7E720688DF8047042F603031E
:10AC300001A9ADF80630FEF7EDF80028CED0206867
:10AC40008DF808704FF4205302A9ADF80A30FEF7D2
:10AC5000E1F80028C2D020688DF80C7042F601039C
:10AC600003A9ADF80E30FEF7D5F80028B6D020467F
:10AC7000E8F738FD04460028A7D18BE770B50B46EE
:10AC80000546144629B921462846E9F755F828B95A
:10AC900070BD4FF6FF72914207D121816368224651
:10ACA00028460021BDE870401847E28901339BB275
:10ACB0009A422381E7D2F1E72DE9F04F89B00646A9
:10ACC000129F144611B913F0030807D07B683A4667
:10ACD0000021304609B0BDE8F04F1847C3F38703A1
:10ACE00002EB8305C14642F6010AAC4207D13A465F
:10ACF0004146304609B0BDE8F04FFFF7BFBF3A7C90
:10AD00006388ADF80830002A14BF52464FF4205231
:10AD1000ADF80220102200210DEB02001FFA83F88B
:10AD20003B68B4F800B001938DF8009004F084FA09
:10AD300001AB0693CDF80CD07B68ADF81CB03A4659
:10AD400003A93046984704340028CED109B0BDE8A5
:10AD5000F08FF0B58FB05389ADF80C309389ADF812
:10AD60000E300546022304A816898DF810301446CB
:10AD700002900DF1110301F1100251F8047B43F828
:10AD8000047B9142F9D12168C1B9002142F6020346
:10AD900010220AA88DF80410ADF8063004F04CFA21
:10ADA00001AB099302AB0C93ADF8346063682246A3
:10ADB00009A92846984728B90FB0F0BDFEF72AF830
:10ADC0000028E2D0218922462846FFF757FFF3E703
:10ADD00073B504460D46F7F79FF829462046FFF75E
:10ADE000C4FA014620B902B0BDE87040F7F7A8B830
:10ADF00046682046E7F710FCF7F7A2F82EB10023CB
:10AE000000951A460E212046B04702B070BD2DE9CC
:10AE1000F0470646884691469A46E7F76DFD20B30F
:10AE2000846814B3256805B1183D34F80C3C4345DB
:10AE300018D1183C07E02C46AD69A389BDB1434544
:10AE4000A5F11805F7D1A27C737A9A420AD827682F
:10AE500053464A4621463046B84718B9214630463F
:10AE6000E9F7DEFC2C46002DE6D1BDE8F08743452E
:10AE7000E9D0FAE72DE9F04105468846E7F7F6FC08
:10AE80000446E0B1037ADB0719D500F10C07384618
:10AE9000FFF782FB10F0010611D1B8F1000F0FD0BF
:10AEA0006FF002013846FFF759FB10F0020F2846F9
:10AEB00009D0FFF776FA01212046FFF799FD012618
:10AEC0003046BDE8F081FFF76AFA0028F8D028463E
:10AED000FFF780FA0028F3D06FF002013846FFF741
:10AEE0003DFB2846E5E7F8B506460F46E7F7EEFBDB
:10AEF000394604463046FEF711F968B364B304F1ED
:10AF000008056FF001012846FFF728FBC20703D5AB
:10AF100039463046E9F706FE6FF002012846FFF792
:10AF20001DFB830703D539463046E8F773F92846F9
:10AF3000FFF732FB80B9234603F8010BC4F8010088
:10AF4000C3F80300BFF35B8F55E8003F45E80002FC
:10AF5000002AF9D1BFF35B8FF8BD10B50446A0F10C
:10AF6000270110F8280CFFF7BEFF14F81C0CA4F101
:10AF70001B01FFF7B8FF14F8100CA4F10F01BDE896
:10AF80001040FFF7B0BF38B5044659B100F188054D
:10AF90002946007AE9F7C6FD207A2946BDE83840FF
:10AFA000E8F738B938BDC27A837CD0F8EC00C078B5
:10AFB00002F0010203F0010340B912B101334B70FA
:10AFC0007047002B0CBF03230023F8E722B9002BA6
:10AFD0000CBF03230123F2E75B00F0E70720704773
:10AFE000FCF7EBBFBFF35B8F0068BFF35B8F0841DB
:10AFF00000F00100704738B50B2104460430FFF71C
:10B00000F1FF08B1002038BDD4F8B83083B904F19D
:10B010008805217A2A462020EBF766FFC4F8B8009D
:10B0200030B9217A2A460420EBF75EFFC4F8B80055
:10B03000D4F8B830002BE5D0DA8912F0240FE1D033
:10B04000A17A02290CD9587BC007DBD5032907D088
:10B050009206D7D5187BA0F1100358425841D2E789
:10B060000120D0E710B50346D9B1C88910F0240FEC
:10B0700017D01A7D5C7B097BA24228BF22469142F1
:10B0800001D9002010BD820604D4187A003818BFF8
:10B090000120F7E70521181DFFF7A4FF0028F4D1D0
:10B0A000EFE70120EEE708B5D0F8EC20927A032A0A
:10B0B000034615D004D8013A012A14D908200EE01D
:10B0C000042AFBD1027D417B8A4228BF0A46102A0E
:10B0D0000BD105210430FFF785FF08B9032008BD17
:10B0E0001B7A002BFAD00020F9E70620F7E70123AE
:10B0F0008B40DB43BFF35B8F50E8002F1A4040E8E2
:10B1000000210029F8D1BFF35B8F7047FCF75EBFC9
:10B1100008B50621FEF791FC18B9BDE80840E9F72B
:10B1200005BFEC3808BD4FF47022002300F5907085
:10B13000F6F76CBC01238B40BFF35B8F50E8002F08
:10B140001A4340E800210029F8D1BFF35B8F704714
:10B1500008B50E21FFF7EEFF002008BD10B507214E
:10B1600004460430FFF7E6FF0820E9F7BFFD20B9E9
:10B170002046BDE81040E9F75BBF002010BD70B568
:10B18000051D0E4628460421FFF72CFF68B100225A
:10B19000002100230846FEF71AFC044640B90421AA
:10B1A0002846FFF7C7FF204670BD4FF47022EFE737
:10B1B00001210C3001F03AF90670F4E738B50221AC
:10B1C0000446FFF7DCFF054680B106210C3001F094
:10B1D0002DF9D4F811300360B4F8153083800022C3
:10B1E00020462946E9F7BAFE002038BD0820FCE7D2
:10B1F00038B504210446FFF7C2FF0546A0B110216F
:10B200000C3001F013F904F1270304F1370253F86D
:10B21000041B40F8041B9342F9D120460022294622
:10B22000E9F79CFE002038BD0820FCE770B50C460D
:10B230000D210646FFF7A3FF054698B110210C30FB
:10B2400001F0F4F8214604F1100351F8042B40F802
:10B25000042B9942F9D1304600222946E9F77EFEB7
:10B26000002070BD0820FCE730B5012303FA01F18E
:10B27000CA43BFF35B8F50E8003F03EA020440E893
:10B280000045002DF7D1BFF35B8F194214BF012099
:10B29000002030BD70B500F1880604460D46072237
:10B2A0000968304603F055FE48B96B681A68C4F85F
:10B2B00088209A88A4F88C209B7984F88E3070BD01
:10B2C00070B5031D04460025D0F8EC60BFF35B8F1A
:10B2D00053E8002F43E800510029F9D1BFF35B8FF9
:10B2E00004F5907003F082FA2572BFF35B8F54E887
:10B2F000003F44E80052002AF9D1BFF35B8FF37896
:10B300002BB90B212046BDE87040FFF713BF012188
:10B31000F8E7F0B589B0DDE90E67054630788DF8BD
:10B32000000038788DF801001068CDF80200908890
:10B330009279109C8DF808201A68CDF809209A8817
:10B340009B79ADF80600ADF80D208DF80F3001F1B6
:10B35000100C2246684611F8013B10F801EB6145DC
:10B3600083EA0E0302F8013BF5D122462146284626
:10B3700002F054FC034628BBB7F80520ADF81420B2
:10B38000D6F80120D7F80100CDF81620B6F8052030
:10B3900004900793ADF81A2004F11000234604A985
:10B3A00013F8016B11F8012B834282EA060203F8BD
:10B3B000012CF5D122462146284609B0BDE8F040CF
:10B3C00002F02CBC09B0F0BD7FB50321D0F8EC40F1
:10B3D0000546FFF7D4FE0646C0B110210C3001F03F
:10B3E00025F804F196038F3402900193009405F13F
:10B3F000100305F1090205F1270105F14700FFF7E8
:10B4000088FF044628B13046ECF77AFE082004B0E5
:10B4100070BD024631462846E9F7A0FD281D2146A9
:10B42000FFF765FE2046F2E708B5D0F8EC20D278A9
:10B43000034632B90321FFF77DFEBDE80840FFF760
:10B44000C3BF021D0A211046FFF7CCFD10B904212D
:10B450001846F0E710460021FFF76CFE002008BDFB
:10B460002DE9F7430B9FCDE900230446FFF750FE7B
:10B470000546002800F08580BDF82880061DB8F13B
:10B48000000F2AD1DDE90032134326D103213046D3
:10B49000FFF7A8FD002858D001213046FFF7A2FD94
:10B4A000002852D02C7D6B7B9C4228BF1C46224634
:10B4B00005F14701384603F097FE0F2C05D8C4F17B
:10B4C00010020021381903F0B7FE30460121FFF7C2
:10B4D00031FE012003B0BDE8F083D4F8B830BBB929
:10B4E00004F18809217A4A462020EBF7FDFCC4F8D4
:10B4F000B80030B9217A4A460120EBF7F5FCC4F8D0
:10B50000B800B8F1000F03D1DDE90032134320D0B9
:10B51000D4F8B880B8F1000F26D0B8F80E30DB07A9
:10B5200022D50822694608F1400003F012FDD8B97F
:10B5300002220AA908F1480003F00BFDA0B998F80F
:10B540000C4008F14A012246B4E7D4F8B830002B89
:10B55000C6D0D4F8B8100029DAD0CB899A06D7D54E
:10B560000C7B1A312246A5E70F213046FFF73AFD42
:10B5700020B1022206212046E5F726FB2846FFF7E8
:10B580009FFE0020A6E76FF0850070477FB500257D
:10B590000C4610226946CDE90055CDE90255064614
:10B5A00003F0D7FC78B101232246214630462370B0
:10B5B0006570A570E5706560A560E56004B0BDE8E4
:10B5C000704002F02BBB6FF0150004B070BD2DE988
:10B5D000F743C67804463EB1012E3ED06FF0150405
:10B5E000204603B0BDE8F083FFF792FD054610B991
:10B5F0006FF07F04F4E7061D03213046FFF7F2FCED
:10B6000010B16FF00F04EBE701213046FFF7EAFCC1
:10B610000028F6D12046FFF7EEFC28B9204603B0FB
:10B62000BDE8F043EAF732B9D4F8B8100B7B0093C9
:10B6300001F1180201F11A0320461031FEF77DF8DE
:10B6400004460028CCD10B212846FFF773FD0121C9
:10B650003046FFF76FFD0024C2E7FFF759FD0546AE
:10B660000028C5D000F1040804214046FFF7BAFCC9
:10B67000002851D103214046FFF7B4FC0028C0D177
:10B6800031464046FFF7AEFC0028BAD12846E9F71C
:10B69000D7FB68B1D4F8B83083B9207A04F18801B7
:10B6A000EBF7E4FBC4F8B80040B96FF00B0497E780
:10B6B0002046FFF7A0FC0028ECD18FE72846E9F7E9
:10B6C0009BFC074610B16FF0680489E70B21284600
:10B6D000FFF755FD06460028F5D001210C3000F09B
:10B6E000A5FE092181462846EAF79CF83B4689F8E1
:10B6F00000003246204600970621FEF76BF904460B
:10B7000018B13046ECF7FCFC6AE70F214046FFF722
:10B7100011FD012128469CE76FF0040460E770B535
:10B7200005460820E9F7E2FA0446E8B1061D0821BB
:10B730003046FFF7DCFC002D3DD00721FFF7D7FC9A
:10B74000284604F1970305F1200250F8041B43F842
:10B75000041B9042F9D10A213046FFF743FC68B13F
:10B7600009213046FFF7E6FC0720E9F7BFFA044657
:10B7700018B1E9F75DFC0146B0B970BD1021304643
:10B78000FFF730FC09210028EBD13046FFF72AFCF7
:10B790000028E9D0D4F8EC30DB78204643B9E9F74B
:10B7A0007DFE01460028DFD02046EAF76FFFDBE789
:10B7B000E9F7E4FEF5E70B21F6E710B50C460621A4
:10B7C000FEF731F910F8043C23EA040100F8041CE8
:10B7D00030F8041C21B9BDE81040EC38EAF7C0BECF
:10B7E00010BD2AB98378012B02D10221FFF7E5BFF2
:10B7F000704722B98178012901D1FFF7DEBF704778
:10B8000070B50446A0F1EC0650F8343BE83CD3F8A0
:10B81000B85002F0EBFF03212046FFF7E3FBA0B195
:10B8200008213046EAF79CFE3DB1EB8913B16B7BF2
:10B830009B0702D5284600F02BF830464FF4AC7237
:10B84000BDE87040002103F0F7BC01212046FFF75E
:10B85000C9FB0028E4D10F212046FFF7C3FB0028D5
:10B86000DED1E1E7E3F7DABA70B504460D461646D5
:10B87000EBF73AFB38B931462846EBF7F7FA10B147
:10B88000C3891C43C48170BDC3891943C1817047FA
:10B8900010B5037A5B07044601D5E3F7D9FA2146D0
:10B8A00011F8010BE1F7B6F920465C22BDE8104023
:10B8B000002103F0C1BC531E1944024411F80139A0
:10B8C00000F8013B9042F9D1704710B5431E00F1DA
:10B8D0001002073013F8011F12F8014D1C7083424B
:10B8E0001170F7D110BD70B5C2B00D4616460146B5
:10B8F00016AA68461C46FDF705F918B96FF0040052
:10B9000042B070BD324629466846FDF726F9002848
:10B91000F4D069462046FDF78AF90028EED00020D1
:10B92000EEE7F0B597B014460E462022014605A872
:10B930001D461C9FFFF7BFFF202231460DA8FFF7D1
:10B94000BAFF2146102201A88DF85450FFF7B3FF2B
:10B950003B46412205A901A8FFF7C5FF044610B9DF
:10B960003846FFF7B2FF204617B0F0BD2DE9F0438F
:10B9700097B00446164605A810221D46DDE91F981B
:10B98000219FFFF798FF1022314609A8FFF793FF88
:10B99000102229460DA8FFF78EFF1E99032211A839
:10B9A000FFF789FF4946D9F8010011F8013B8DF8EE
:10B9B000473012908B88ADF84C30062212A8FFF762
:10B9C0007AFF4146062211F8013B8DF84E30D8F837
:10B9D0000130CDF84F300DF14F008B88ADF853306A
:10B9E000FFF769FF2146102201A8FFF764FF3B46DD
:10B9F000412205A901A8FFF776FF044610B9384691
:10BA0000FFF763FF204617B0BDE8F083012902D09D
:10BA1000022904D0704702F59670F5F755BF02F180
:10BA2000E000FAE710B5036EB0F8B8205B6803EBEE
:10BA300002130446D88940F2E7314FF47A720023AA
:10BA400001EBC0300021BCF79DFA02460B4604F121
:10BA5000F000BDE81040F5F7A5BF50F8483C1BB119
:10BA60000121A838EBF768BC704702217838EBF762
:10BA700063BC61B9B0F8B83001339BB2026EA0F874
:10BA8000B8301189994204D10021EBF755BC00234D
:10BA9000F4E7526802EB03139A885AB10023C36497
:10BAA000A0F85830A0F8DE30012380F8DC30E03018
:10BAB000F5F70ABF9A892AB19A68C2649B89A0F8EF
:10BAC00058307047FFF7AEBF50F8903C1BB10021D3
:10BAD000F038FFF7CEBF704770B5B0F82831012BB2
:10BAE000044622D0022B14D073BBD0F820311D693C
:10BAF00025B14368B0F84A20416CA847D4F82031FA
:10BB0000597B11F002011FD12046BDE87040FFF7BC
:10BB1000B0BFD0F820311D69B5B1AC464368B0F86C
:10BB20004A20416CBDE870406047D0F820311D6963
:10BB300025B14368B0F84A20416CA847204601214E
:10BB4000BDE87040EBF7F8BB70BD70B550F8043C31
:10BB500040F8083CDA6840F8182C1B8A20F80E3CA4
:10BB6000044601216838FFF784FF54F8083CBBB154
:10BB70009D694FF47A735D434FF4004640F2E7301D
:10BB800000214FF47A720023E5FB0601BCF7FAF9B5
:10BB900002460B4604F11000BDE87040F5F702BF05
:10BBA00070BD38B550F8803C0446A0F1E00533B1D3
:10BBB00010F8043C012B03D0022B0CD0ABB938BDDC
:10BBC0002846EBF765FB0028F9D0002324F8023C57
:10BBD000022304F8043C2846EBF75AFB0028EED079
:10BBE000002324F8023C04F8043C54F8803C34F868
:10BBF000282C5B6803EB02139A8932B19A6844F8E7
:10BC0000942C9B8924F8883CD9E7D989284619B116
:10BC1000BDE83840FFF706BFBDE83840FFF729BF51
:10BC200030B5044600688BB008B100F0FDF86946F5
:10BC300004F1680002F099FD694604F1A80002F0E1
:10BC400094FD694604F59670002502F08EFD694664
:10BC500004F1E00002F089FD2560E5812586A4F865
:10BC60004A502566A4F8B85004F1BC03BFF35B8FBB
:10BC700053E8002F43E800510029F9D1BFF35B8F4F
:10BC8000012384F8C03004F1C400F5F781FCC4E955
:10BC90004855C4E9135584F8DC50A4F8DE50A56576
:10BCA0000BB030BDF5F744BBF5F7BABB10B50023B8
:10BCB000C0E90233037490F8303023F0030343F0FB
:10BCC0000203C0E90012044680F83030143002F05C
:10BCD000C7FB04F12800BDE8104002F0CABD70B5F2
:10BCE000044600F114064FF0FF334FF0FF323046A8
:10BCF000FFF7D8FF237C012B05D13046FFF7D4FF97
:10BD00000025284670BD636820681B689847051E9B
:10BD100003DA3046FFF7C8FFF3E7237C012BECD0B2
:10BD200000234FF4A022314604F12800F5F790FEDD
:10BD3000237C012B14BF6FF00A050025E9E7F8B555
:10BD4000044600F1140716464FF0FF334FF0FF3260
:10BD500038460D46FFF7A6FF94F83030DA07C4E9FD
:10BD6000025604D51DB1324601212046A84794F859
:10BD700030309B0705D5A3681BB1E268022120463D
:10BD800098473846BDE8F840FFF78EBFF8B504463F
:10BD900000F114064FF0FF33174630464FF0FF32E4
:10BDA0000D46FFF77FFF237C33B93046FFF77CFF5A
:10BDB0004FF0FF352846F8BD636820685B68294668
:10BDC0003A46984794F830306FF34103054684F8BB
:10BDD00030303046FFF768FFECE7F8B5044600F175
:10BDE00014064FF0FF33174630464FF0FF320D4632
:10BDF000FFF758FF237C33B93046FFF755FF4FF06C
:10BE0000FF352846F8BD636820689B6829463A4696
:10BE1000984794F830306FF30003054684F83030CB
:10BE20003046FFF741FFECE738B500F11405044652
:10BE30004FF0FF3328464FF0FF32FFF733FF002368
:10BE4000C4E902332846BDE83840FFF72DBF70B57E
:10BE5000044600F114064FF0FF334FF0FF32304636
:10BE6000FFF720FF237C2BB93046FFF71DFF00258D
:10BE7000284670BD63682068DB689847051E03DAB2
:10BE80003046FFF711FFF3E7237C002BECD00023B3
:10BE90004FF4A022314604F12800F5F7D9FD237CA8
:10BEA000002B14BF6FF00A050025E9E738B500F153
:10BEB000140504464FF0FF334FF0FF322846FFF7DA
:10BEC000F1FE01232374A36843B1E26800212046F8
:10BED0009847D4E9023202212046984704F128000D
:10BEE000F5F79AFD2846BDE83840FFF7DDBE38B5C6
:10BEF00000F1140504464FF0FF334FF0FF3228469F
:10BF0000FFF7D0FE0023237494F8303023F00303AE
:10BF100043F0020384F83030A3681BB1E2680321C8
:10BF20002046984704F12800F5F776FD2846BDE83D
:10BF30003840FFF7B9BE38B5044600F114054FF09C
:10BF4000FF334FF0FF322846FFF7ACFE94F8303055
:10BF500043F0010384F83030A3681BB1E26801218B
:10BF6000204698472846BDE83840FFF79DBE38B5C3
:10BF7000044600F114054FF0FF334FF0FF3228461E
:10BF8000FFF790FE94F8303043F0020384F830302D
:10BF9000A3681BB1E2680221204698472846BDE805
:10BFA0003840FFF781BE012903D102F13400F5F7D3
:10BFB0008BBC7047F8B50446A1F10800B0F5807F4E
:10BFC000BDF81C5024D8E81D884221DAB521217023
:10BFD000E37062212B0A6170A27063712A46069990
:10BFE0002571A01D03F000F905F1080080B20023BF
:10BFF000871E02221E46A15C0132314453FA81F3AE
:10C00000BA42CEB2DBB2F6D32C44A671E371F8BDCE
:10C010004FF0FF30FBE710B5031D8AB00446BFF3B5
:10C020005B8F53E8002F22F0010143E80010002845
:10C03000F7D1BFF35B8FD30718D5206AFFF7F4FE63
:10C04000694604F1240002F090FB694604F13400D3
:10C0500002F08BFB04F14400F5F79AFA04F15C005E
:10C06000F5F796FA0023E382237623620AB010BD27
:10C070006438FFF77CBF3438FFF75DBF83681B6D02
:10C0800003B1184770478368DB6D03B118477047E9
:10C0900083685B6D03B11847704783681B6E03B1FB
:10C0A0001847704710B504460068FFF7F6FF54F8CC
:10C0B000040BFFF7EDFF2046FFF719FF002010BD2E
:10C0C0002DE9F84390F8E060013E18BF01260446D0
:10C0D000770107F178002744204491468846FBF712
:10C0E00081FCD7F88820D7F880309A42054601D0E5
:10C0F000BDE8F8832068FFF7D0FF206884F8E0608F
:10C10000FFF7C1FF94F8E030013B18BF012304EBB7
:10C110004314A9EB050208EB050104F17800FBF7D5
:10C1200061FC2844E4E72DE9F0411746D0F8E4200B
:10C13000BFF35B8FD0F8D830BFF35B8F9A420446D1
:10C140000E4600F1D8081BD3054655F8B80BFFF78B
:10C150009FFF3A4631462846FBF7F0FB054620682C
:10C16000FFF78CFFBFF35B8F58E8003F2B4448E894
:10C170000032002AF8D1BFF35B8F2846BDE8F0817A
:10C180000025FAE713B50023C0E92033C0E92333C3
:10C19000C0E92833C0E92B33C0E93033C0E9333379
:10C1A000C367C0F88830C0F89C30C0F8A830C0F829
:10C1B000BC30C0F8C830044600F1D802BFF35B8F32
:10C1C00052E8001F42E800300028F9D1BFF35B8F2E
:10C1D000206883689B6C2BB101220DF10701984701
:10C1E0000028F5DC2068FFF74EFF54F8040BFFF73A
:10C1F00045FF2046FFF75AFE002002B010BD70B583
:10C200000446EFF31186402383F31288BFF36F8F48
:10C210008430FBF7E7FBD4F89420D4F88C30054643
:10C2200086F31188BFF36F8F9A4205D00022002356
:10C2300004F13800F5F7B6FB284670BDA838FFF7C3
:10C2400056BE01238B40DB43BFF35B8F50E8002FCA
:10C250001A4040E800210029F8D1BFF35B8F7047F6
:10C2600010B504460421BC30FFF7EBFF206883685B
:10C270009B689847206883685B699847002010BDD9
:10C2800070B400F1BC03BFF35B8F53E8004F44F080
:10C29000010543E80056002EF7D1BFF35B8FE3079B
:10C2A00002D470BCEBF7FABC002070BC7047F8B544
:10C2B000044600F1BC050026BFF35B8F55E8003F44
:10C2C00045E80062002AF9D1BFF35B8FC4E9236619
:10C2D000C4E92666C4F88860C4F89460BFF35B8F35
:10C2E00055E8003F43F0040345E80032002AF7D147
:10C2F000BFF35B8FBFF35B8F55E8003F43F0020352
:10C3000045E80032002AF7D1BFF35B8FBFF35B8FA4
:10C3100055E8003F43F0100345E80032002AF7D10A
:10C32000BFF35B8F2068A16FD4F880208368DF683B
:10C3300047F23053B84700280ADABFF35B8F55E85D
:10C34000003F45E80062002AF9D1BFF35B8FF8BDDA
:10C35000201DFFF7ABFD3046F9E77047002303824D
:10C360004369C3607047416A8968EBF73DBEF5F7E2
:10C3700093B8EFF31182402383F31288BFF36F8FDA
:10C3800000230B60436833B9C0E9001182F31188C0
:10C39000BFF36F8F704719604160F7E710B5034630
:10C3A000EFF31181402282F31288BFF36F8F006890
:10C3B00028B15C6802681A60A04208BF5A6081F325
:10C3C0001188BFF36F8F10BD02F0CEB8027A013230
:10C3D00002727047034618465B68002BFBD170471A
:10C3E000426810B52AB10B461C465B68002BFBD196
:10C3F0006260416010BD10B5044620B90B7A01336C
:10C400000B72084610BD034618465B68002BFBD133
:10C41000FFF7E6FF2046F5E792B281600160C28037
:10C420008280704783680B4403607047838802688A
:10C4300019448180D018704730B484880568A318E7
:10C440008380281930BC02F0CFBE10B58388026803
:10C450005C1C8480D154D01810BD8388026830B52C
:10C46000D4189D1C8580D154090A617030BD0346E3
:10C4700000689A88401A1144186099807047828831
:10C48000521A0346828000680844186070470346C9
:10C4900000689A88521A01449A801960704710B552
:10C4A00003681C780121FFF7EAFF204610BD10B594
:10C4B00003681C880221FFF7E2FF204610BD0268D6
:10C4C0008068101A70478388C2888168D21A03680E
:10C4D0005B1AD01A704710B50369C0E90533002311
:10C4E000C360837F044613B1407AEDF70FFA01234E
:10C4F000237700236377E377A37710BDFBF75DBD58
:10C50000F4F716BFF4F78CBF38B50446EBF714FE0A
:10C51000054660B1037A6BB120460024EDF77AFA44
:10C520002846AC77FFF7D7FF2C72204638BD6FF056
:10C530001500FBE76FF07700F8E770B504460E468C
:10C540001546ECF7A3FB30B906B925B12046BDE886
:10C550007040ECF7F1BB70BDC343C3F3C01300F0F0
:10C560000F0000EB0310704708B5ECF773FC8182F5
:10C5700008BD08B5ECF76EFCEFF31183402282F39F
:10C580001288BFF36F8F02690A60027B2AB9807D2F
:10C5900083F31188BFF36F8F08BD0420F8E710B450
:10C5A00003460838BFF35B8F50E8002F511C40E86A
:10C5B0000014002CF8D1BFF35B8F12B910BCEDF75B
:10C5C000A1BA6FF00F0210BC9A6670470369C9B236
:10C5D0000C2201FB0233186C00F00700704770B5A5
:10C5E000C9B20369EFF31185402484F31288BFF3C5
:10C5F0006F8F0C2606FB0134246C14F0C00408D0A5
:10C60000A24206D085F31188BFF36F8F4FF0FF3041
:10C6100070BD71430B4401221A6485F31188BFF386
:10C620006F8F43680B445B6898470020F0E78022D7
:10C63000FFF7D5BFF8B5069F0469C9B2EFF31186BD
:10C64000402585F31288BFF36F8F0C2569430C4496
:10C65000256C05F0070CBCF1010F0BD1276486F3A4
:10C660001188BFF36F8FC4E90E2343685B58984766
:10C670000020F8BD05F0C005AF4286F31188BFF376
:10C680006F8F0CBF6FF077004FF0FF30F1E713B5FD
:10C6900080240094FFF7CEFF02B010BD10B40069F3
:10C6A000CBB21C2403FB0400002110BC1047002067
:10C6B000F2F79AB8002001F003BB1046F4F71EBF52
:10C6C0000020704738B50C461546E1F7DFFF28B16A
:10C6D00029462046BDE83840E1F7CAB86FF00A00A5
:10C6E00038BDF7B50F4616464FF480650024A642C4
:10C6F00003D816D0162003B0F0BD331BB3F5806FFE
:10C7000038BF1D462A4601AB39190020F6F74CFC0C
:10C7100020B9019BAB4201D12C44E8E76FF0150032
:10C72000E9E70020E7E7002208B511461046F6F7D2
:10C730000BFC002818BF6FF0150008BD18B901F1F7
:10C740003000F4F7DBBE70471FB5002188420CBFF4
:10C750000623042301A8CDE9011103918DF80430CB
:10C76000EDF72EFF002818BF6FF0040005B05DF84C
:10C7700004FB7FB5FF2202288DF803200DF1030290
:10C780000CBF35230523002101920122CDE90221AE
:10C7900003A88DF80C3001AB04910593EDF710FF61
:10C7A0000028A8BF9DF8030007B05DF804FB38B56A
:10C7B00004460569002200232846F4F7C3FE95F8D5
:10C7C00048301BB9AB680BB9F3F714FB206918307C
:10C7D000BDE83840F4F792BE10B504460069F4F79E
:10C7E0008DFE206918304FF0FF32BDE810404FF049
:10C7F000FF33F4F7A7BE38B505460C4601F031FB10
:10C80000002D07DBA84205D9401B84428CBF0020C5
:10C81000012038BD0020FCE770B50D4628461946BA
:10C8200016461C46FFF7E7FF28B921462846BDE813
:10C830007040EEF701BA24B122462946304602F094
:10C84000D3FC002070BDF7B51C4616460023826855
:10C850002360A36013690D4601AA69469847019BAE
:10C860005A1E01921BB96FF0150003B0F0BD00987D
:10C87000A26847682168676085B9B31AD0F800C01C
:10C88000634528BF63461A4403FB07112160A26079
:10C8900002689A4206D808300090E0E76B1AB3FBB2
:10C8A000F7F3EBE70020E0E713460022FFF7CBBFEA
:10C8B0002DE9F047836886B01B698846914601A937
:10C8C00002AA98470024A2462546029BAB4202D802
:10C8D00006B0BDE8F087019F07EBC50700267B681F
:10C8E00004933A68B2420AEB060302D801359A462D
:10C8F000EBE703940593494603A8C0470028E7D017
:10C90000049B01361C44ECE713B514460A4601A902
:10C91000F8F740FF019B20601B78002B14BF6FF0DD
:10C920001500002002B010BD83784C2B0FD006D824
:10C93000412B0ED0422B0ED06FF015007047502BBC
:10C940000BD0512BF8D110230B700020704702231D
:10C95000FAE70423F8E70823F6E70123F4E730B504
:10C960000B2985B00546144603D86FF0150005B0B5
:10C9700030BD83695A78002AF7D11B78303BDBB28F
:10C98000062BF2D884F82930013B052B2FD8DFE89D
:10C9900003F0350335030333022384F82830E869B4
:10C9A00001AA0A21FFF7B0FF0028DEDB019BB3F5E7
:10C9B000803FDAD22384286A02A9EEF789FB002897
:10C9C000D3DBDDE90232002ACFD19BB26362686A11
:10C9D00002A9EEF77DFB0028C7DB029B13F10042A2
:10C9E000039A42F10002002ABFD1A36102E00023B2
:10C9F00084F828300020BAE70323CEE70123CCE7F0
:10CA0000032937B50546144603D86FF0150003B067
:10CA100030BD00681146FFF787FF0028F5DB686826
:10CA200001AA0A21FFF770FF0028EEDB019BB3F596
:10CA3000803FEAD26380A86801AA0A21FFF764FF59
:10CA40000028E2DB019BB3F5803FDED2A380E868DB
:10CA500001AA0A21FFF758FF0028D6DB019BB3F596
:10CA6000803FD2D2E3800020D1E708292DE9F74F9B
:10CA70008246164640F2A2800439C1F38F049C42DC
:10CA80004FEAA10900F29D808046154617464FF0F7
:10CA9000000BD8F8100001AA0A21FFF735FF002883
:10CAA00042DB019BB3F5803F3ED23B70D8F81400C7
:10CAB00001AA0A21FFF728FF002835DB019B5A2B2A
:10CAC00032D8BB70D8F8180001AA0A21FFF71CFF62
:10CAD000002829DB019BB3F5B47F25D2BB80D8F8B1
:10CAE0001C00037833B301AA0A21FFF70DFF0028C9
:10CAF0001ADB019B632B17D8DBB201227B70FB7919
:10CB00000BF1010B62F30003FB711FFA8BF39C42E4
:10CB100008F1100807F10807BBD8DAF8000001A9EE
:10CB2000FFF702FF002807DA6FF01509484603B047
:10CB3000BDE8F08F1A46E1E79DF804200023501E5F
:10CB400008274FF0040C4FF0020E082A08D84AB10B
:10CB5000072807D8DFE800F00D1C06220606062B82
:10CB6000102A29D0013399B2A14205F10805ECD36E
:10CB7000DCE716F83310202907D94FF0400885F874
:10CB80000680573106F83310ECE70121A971E9E777
:10CB900085F806E016F833104039F3E7013399B20F
:10CBA000A14285F806C005F10805D1D3BEE7AF71F3
:10CBB00016F833106439E5E7AA71D3E74FF000099E
:10CBC000B4E76FF00B09B1E7826C42B1C36C33B1CB
:10CBD0009A4204D100F108010068EEF7B9B9704734
:10CBE00037B50D462846114603F108021C46FFF7EB
:10CBF000B6FE00280FDB68686946EEF769FA002880
:10CC000009DBDDE9003232B92046A36403B0BDE898
:10CC10003040FFF7D9BF03B030BD37B50D462846C9
:10CC2000114603F108021C46EEF776FB00280FDBE5
:10CC300068686946EEF74CFA002809DBDDE9003246
:10CC400032B92046E36403B0BDE83040FFF7BCBF13
:10CC500003B030BD73B50D46164631466A462846C8
:10CC60001C46FFF7CDFE00280EDBBDF806305BB199
:10CC700094F85020BDF80430934207D00023A4F864
:10CC80004630012384F8503002B070BD0133B4F84F
:10CC9000462084F85030B4F84430216C9B1A9BB283
:10CCA00001EBC20228463146FFF7DFFE0028E5DB34
:10CCB000B4F84630BDF80620184480B28242A4F889
:10CCC0004600E1D1216C2068EEF766F9D6E738B569
:10CCD0000D4604465822002102F0AEFA2B6823606C
:10CCE0006B6823642B89A4F84430002038BD5F238F
:10CCF0000B600020704710B5436804691B6886B05C
:10CD000004F52272019304F50273029301A98023B2
:10CD100004F59070CDE904230393EAF797FEC4F875
:10CD2000180106B010BD2DE9F043046985B01D4619
:10CD30008DF80D3004F51763C4F8543804F67820E4
:10CD400004F668080A23A4F85C38C4F85088C4F8CC
:10CD500058080023174604F506644FF40042C4E95E
:10CD600000230223019303AB00930E464FF0060904
:10CD7000012305224FF484718DF80C90EEF7A8FD85
:10CD8000002808DBCDE900672B464A464FF4847142
:10CD90004046EEF79DFD05B0BDE8F08338B5054689
:10CDA000D0F81801FEF79BFF041E0BDBD5F8181115
:10CDB00005F54270EAF7F6FC041E03DAD5F818010F
:10CDC000FFF745F8204638BD2DE9F3410546D0F878
:10CDD00004800F46EFF31186402383F31288BFF3DC
:10CDE0006F8F0369D3F81801FFF731F8041E06DBD3
:10CDF000D8F800008368DB6B7BB96FF057042846D6
:10CE0000FFF779FF2869FFF7C9FF86F31188BFF3A1
:10CE10006F8F204302B0BDE8F08169469847041E39
:10CE2000EDDB0097D8F8000083689B6B002BE4D003
:10CE3000694698470446E2E72DE9F0410669054650
:10CE400006F5B96806F542700F46FEF7E9FED6F81A
:10CE500018114046EAF7ACFD041E19DB394640467E
:10CE6000EAF742FD04462E6906F5B960FFF7D3F8EC
:10CE7000D6F8181106F54270EAF794FC051E03DA9D
:10CE8000D6F81801FEF7E3FF44EA0500BDE8F0819B
:10CE9000D6F81801FEF7DBFFE5E7F8B504460669AA
:10CEA0000D46EFF31187402383F31288BFF36F8F92
:10CEB000002208231146FFF736FF00280ADB06F59B
:10CEC00005612046FFF7B8FF0028A2BFD6F8543806
:10CED000DB882B6087F31188BFF36F8FF8BDF7B540
:10CEE0003129076904460D461ED9EFF31186402308
:10CEF00083F31288BFF36F8F684600F076F808233B
:10CF0000062269462046ADF80050FFF70CFF0028C6
:10CF100004DB07F505612046FFF78EFF86F31188D5
:10CF2000BFF36F8F03B0F0BD4FF0FF30FAE72DE98C
:10CF3000F0410446076986B00E461546EFF31188A6
:10CF4000402383F31288BFF36F8F01A8EEF706FD2D
:10CF50000023142201A920460396FFF7E4FE0028CF
:10CF600006DBA7F85C5807F505612046FFF764FF6C
:10CF700088F31188BFF36F8F06B0BDE8F0812DE90B
:10CF8000F743054607690E46EFF31189402383F303
:10CF90001288BFF36F8F01A800F02FF804234FF021
:10CFA00000081A460DEB03012846ADF804808DF801
:10CFB0000660FFF7B8FE041E0FDBC7F8588807F5B8
:10CFC00005612846FFF738FF041E06DB082E04D152
:10CFD0004FF440300021F5F75DF889F31188BFF375
:10CFE0006F8F204603B0BDE8F0834FF47A7303805F
:10CFF00001234380002383807047002303800123A3
:10D0000043807047F0230370002343700123837033
:10D01000704743685B68D3F810350B600020704799
:10D0200043685B6802EA010021EA0201C3F80805CF
:10D03000C3F80C150020704743685B680020C3F8F4
:10D040000815704743685B680020C3F80C157047EB
:10D0500043685A68D2F8043521EA03000B40C2F84D
:10D060000805C2F80C350020704710B503695868F0
:10D07000F8B1884219D19C6808685860A14200D173
:10D080009860002008602AB15A680A609A6859605E
:10D0900002B99960002010E0814206D10868206042
:10D0A00098688142EDD19C60EBE704460068002857
:10D0B000F2D1002AE8D16FF0150010BD13B54FF082
:10D0C00080520829136E526E28BF082112BA0092AE
:10D0D0001BBA0C460A466946019302F085F82046C1
:10D0E00002B010BD37B50446002201210420DFF74D
:10D0F00071F86368DD6901AA0021284600F027F86D
:10D1000000280DDB019B2A6819791868EFF7B4F83D
:10D11000002805DB204603B0BDE83040EEF76ABECC
:10D1200003B030BD002201210320DFF753B813B54F
:10D13000002101AA044600F00AF8002805DB019B43
:10D14000226819791868EFF797F802B010BD30B56A
:10D1500043681360057A446804EBC504A34202D314
:10D160006FF0010030BD5C798C4201D00833F0E7EC
:10D170000020F7E710B50469204601F071F900239B
:10D18000636110BDF8B587687C680646E4B1436802
:10D1900093F8264014F0010418D105694FF0FF33CD
:10D1A0004FF0FF322846F4F7C3F86B69013B6B611F
:10D1B0003BB97B6830469847041EBEBF6B6901339C
:10D1C0006B612846F4F72CF92046F8BD0024FBE7F4
:10D1D000F0B4D0E901631B693BB177688F4208DB8B
:10D1E0003568954205DCF0BC18476FF05700F0BC7D
:10D1F00070476FF01500FAE7F0B4D0E901631B6ADD
:10D200003BB137698F4208DBF568954205DCF0BC1D
:10D2100018476FF05700F0BC70476FF01500FAE741
:10D2200070B4D0E90162956A03460C46A5B196F840
:10D23000242012B92B4670BC1847306A024410F8FB
:10D24000011BA14202D121461846F3E79042F6D1D4
:10D250006FF0850070BC70476FF05700FAE72DE95A
:10D26000F341D0E901470E4694F825100569FF29DE
:10D2700080460FD194F82610C1F38101022914D001
:10D28000D8F808301B6B003918BF01214BB96FF07B
:10D29000570003E0FFF7C4FF0028EBDA02B0BDE857
:10D2A000F081404698470028F8DBA268B2F1004FB1
:10D2B00005D011464046FFF78BFF0028EEDB626980
:10D2C000B2F1004F05D011464046FFF795FF002808
:10D2D000E4DB2368B3F1004F14D0D8F808305B6961
:10D2E000002BD4D001A9404698470028D6DB2268FD
:10D2F000019B9A421CDD11464046FFF769FF00285A
:10D3000005DACBE762686FF000439A42E5D19EB937
:10D3100094F826309B0716D03B6840469847002873
:10D32000BCDBA069EFF7B2F96B6901336B610AE00E
:10D3300062689342EBDDDEE76B6901336B6194F861
:10D340002630DA0601D40020A8E74046FFF71AFF8E
:10D35000A4E7012303FA01F103691B68194218BF0E
:10D3600082F0010212B18368DB68184783681B6989
:10D37000FBE708B54368986A38B193F82C1001228E
:10D38000FFF7E7FF00EAE07008BD6FF08500FBE7FC
:10D3900043681868B0F1004018BF01207047034689
:10D3A000084631B95B681B68B3F1004F01D01360C8
:10D3B00070476FF0150070474368986A20B193F882
:10D3C0002C100022FFF7C5BF6FF08500704710B525
:10D3D0000269126A8B00D46803F0FC030C2210214E
:10D3E000A0470028B4BF6FF00400002010BD10B5A6
:10D3F00003691B6A0429DC6809D102230E2211216A
:10D40000A0470028B4BF6FF00400002010BD8900C1
:10D4100001F0FC03F2E770B503290569144605D94C
:10D420000B1F032B22D96FF085000DE0EE68022957
:10D4300032460AD003290AD0012914BF2968696835
:10D440002046D8F765FE002070BDA968F8E7296876
:10D450002046D8F75DFE6968324604F10800D8F727
:10D4600057FEA968324604F11000EAE7EE69062982
:10D47000324609D0072909D0052914BF29696969ED
:10D480002046D8F771FEDEE7A969F9E72969204649
:10D49000D8F76AFE6969324604F10800D8F764FEDD
:10D4A000A969324604F11000EBE737B50469236A35
:10D4B0006A461D6822210623A847002808DBBDF91B
:10D4C00000302361BDF902306361BDF90430A3610E
:10D4D00003B030BD37B50469236A6A461D68282148
:10D4E0000623A847002808DBBDF900302360BDF9FA
:10D4F00002306360BDF90430A36003B030BD07297A
:10D5000010B504460AD03B2905D0032909D1FFF7FD
:10D51000E1FF002010BDFFF7DDFF2046FFF7C5FF4C
:10D52000F7E76FF08500F5E710B48468A468A446B7
:10D5300010BC604730B589B044688DF807100DF114
:10D54000070102910121606803911D460021238992
:10D550008DF81010CDE9052502A902228DF81C20B6
:10D56000FFF7E2FF09B030BD30B589B044688DF8EF
:10D5700007100DF107011D46029101216068238902
:10D580000391CDE90525002107228DF810108DF8B3
:10D590001C2002A90222FFF7C7FF09B030BD10B559
:10D5A00088B043688DF807100DF107010291012141
:10D5B00058681B890391CDE9052107228DF81C20AD
:10D5C0000024022202A98DF81040FFF7ADFF08B039
:10D5D00010BD2DE9F0479846436888B0D3F8049011
:10D5E00093F808A08DF80410002301278DF810305F
:10D5F0000DF10303CDE9053707230E46144601ADAF
:10D600008DF81C300222534602A948460295039722
:10D61000FFF78AFFB8B99DF8032022EA040304EA61
:10D6200008041C43A2420ED0022303938DF810304D
:10D630003A46534602A948468DF804608DF80540E5
:10D640000295FFF771FF08B0BDE8F08730B40346DC
:10D650000029C068197C0CBF4FF400124FF0B8626B
:10D66000836805699C698CB1130208D52A68012377
:10D670008B4013420CBF4FF0B8624FF0707202F053
:10D68000C063A44602F0B07230BC604730BC704743
:10D6900010B551F8043C1C6958680021FFF7D6FF0B
:10D6A00004F14000BDE81040F4F70EB910B550F891
:10D6B000184C2269D36B13B1916B20469847606870
:10D6C0000121BDE81040FFF7C1BF02690B46D2E956
:10D6D000010183E803000020704743681B68D3F80A
:10D6E0008004C3F88004704710B544682368C3F809
:10D6F0004415C3F848250022C3F82021D3F820118F
:10D70000C3F85821D3F858216268D20608D5426878
:10D7100012680821C2F800154FF48002C3F80423F0
:10D7200001229A6010BD436802691B68D3F810019A
:10D7300050B19269002012780A70C3F81001D3F832
:10D74000102101221A6070474FF0FF307047002A05
:10D7500010B5044610DD43681B68D3F8100150B1C2
:10D7600022690020C3F810019269D3F810011278E1
:10D770000A700120186010BD0020FCE743680169B1
:10D780001A68EFF31183402080F31288BFF36F8F84
:10D79000C968002088734FF48001C2F8041383F332
:10D7A0001188BFF36F8F70470369DB6801229A739A
:10D7B00070470369DB689A7B02F0FF0162B9426837
:10D7C0001268D2F8580140B1D2F8040310F4800076
:10D7D00003D01961012070470020704743681B681F
:10D7E000D3F81001003818BF0120704743681B6848
:10D7F0001022C3F80423704743681B681022C3F843
:10D800000823704743681B684FF40072C3F8042371
:10D81000704743681B684FF40072C3F808237047D1
:10D8200038B543681D68D5F804335B02044605D457
:10D83000D5F8040310F0100006D138BDFFF7B9FF8A
:10D840000028F5D00120F8E72046FFF7C7FF003891
:10D8500018BF0120F1E7012070470369D868016013
:10D86000DB685A60704702680346D2F8580140B935
:10D870005B689B0706D4D2F82001003818BF01204E
:10D88000704701207047F8B50669F3689C89BFF3BB
:10D890005B8F9442A8BF144605461033012253E81B
:10D8A000000F002803D143E80027002FF7D1BFF372
:10D8B0005B8F0CBF134600231ED1F3682246986885
:10D8C00001F092FCEFF31187402383F31288BFF33A
:10D8D0006F8F6868FFF7C7FFF36838B918610446AF
:10D8E00087F31188BFF36F8F2046F8BD99682246F1
:10D8F0002846FFF7F9FEF3E71C46F5E710B4426847
:10D900001368D3F80413C90517D5D3F82011A1B1B2
:10D91000EFF31181402484F31288BFF36F8FD3F8A3
:10D92000204134B10024C3F82041D3F82041012420
:10D93000DC6081F31188BFF36F8F5268D20619D56E
:10D94000EFF31181402282F31288BFF36F8FD3F877
:10D95000582112B10022C3F800250269D2680AB129
:10D9600012691AB94FF48002C3F8082381F31188B1
:10D97000BFF36F8F0269D4686CB1D3F8581161B1ED
:10D9800000212161D468A47B3CB14FF48000C3F82E
:10D990000803D368997310BC7047D3F8241121B1E0
:10D9A0000021C3F82411D3F82431D2681368002B66
:10D9B000F1D0516810BC1847FAF7FFBA00220121D4
:10D9C0002320DEF707BC10B50B6813B913601846A7
:10D9D00005E003685C681CB114600368186810BD3A
:10D9E000083303600B68013B0B60EDE703460A4612
:10D9F00000681979012303FA01F103691B681942D0
:10DA000018BF82F0010212B18368DB68184783688F
:10DA10001B69FBE710B5036804464BB19A683AB13D
:10DA2000186900F028FC206800210830FFF7DEFFAD
:10DA3000A36933B9636004F11000BDE81040F3F747
:10DA40005DBD10BD10B5006903688B4206D190F82A
:10DA50006C4034B9FFF7DEFF204610BD6FF01500B3
:10DA6000FBE76FF00F00F8E7F8B50C46054600F04D
:10DA7000F5F90022214606462846F1F7C9FB0321A5
:10DA80002046EFF74FFC00F023F807462B689B5920
:10DA900053B100262146284600F0DEF92046012138
:10DAA000EFF740FC3046F8BD00F012F8C01B062826
:10DAB000ECD96FF07306EDE700F150039B009BB2C9
:10DAC00003F1804303F5883300221A601B68704716
:10DAD00008B5EFF7EDFC08BD012303FA01F1036976
:10DAE0001B68194203D022B183681B6903E0002A36
:10DAF000FAD08368DB68184710B5F0F79BFD4FF04C
:10DB0000FF304FF0FF31EFF7FDFE044620B9BBF7C1
:10DB100039F90446EFF7FEFE204610BD38B5038AFA
:10DB2000054673B3037EA3B1022B2AD14FF0FF3019
:10DB30004FF0FF31EFF7E6FE044640B9E868D2F750
:10DB40001BFC0446EFF7E6FEB4B1EFF779FF204681
:10DB500038BD4FF0FF304FF0FF31EFF7D3FE0446F2
:10DB60000028F4D1E868F0F7A5F80446EFF7D2FEF4
:10DB7000002CECD1EFF764FF2846EAF7C1FA002445
:10DB8000E5E76FF01504E2E7F0F71CB810B53022B6
:10DB90000446002101F050FB202323708023A37052
:10DBA0006FF03F0363710423A3722823A37302233E
:10DBB000E3730423A3756FF008036376FF23A37652
:10DBC000E3767F232377302384F820306FF03F0300
:10DBD00084F821307F2384F822306FF0010384F829
:10DBE0002330012384F82430802384F82630042352
:10DBF00084F8273084F82930402384F82D3010BD74
:10DC0000002303604360037863F0020303704378EA
:10DC100023F0410343F041034370704708B50323E9
:10DC2000D1F7CEFA002008BD01F12003013813F826
:10DC3000012D00F8012F8B42F9D170470021F0F738
:10DC40001BBD90F84010012901D8F0F715BD122036
:10DC50007047684620F007018D4601B5CEF700FEFB
:10DC6000DDF750FFBDE801408546704708B54FF02D
:10DC7000FF314FF0FF30EFF745FED7F750FDBDE81D
:10DC80000840EFF747BE684620F007018D4601B512
:10DC9000CEF7A0FDBDE8014085467047684620F0FC
:10DCA00007018D4601B5CDF7DBFFDDF72BFFBDE8A2
:10DCB00001408546704708B5D7F71EFA002008BD19
:10DCC000012801D1CEF77EB870477047CEF7CCB8A7
:10DCD00008B5D1F701FA30B1EFF305800338032816
:10DCE00094BF0020012008BD70470020704710B588
:10DCF0003B29046901D00C2904D1D1F723FB206012
:10DD0000002010BD6FF08500FBE7F5F7C7B808B538
:10DD1000DDF78CFDDDF760FEBDE80840F5F7BEB825
:10DD2000004700F0A8BAC00000F1804000F5F830CC
:10DD3000C0F81015C0F814257047F7B5019001A878
:10DD4000DDE9084716461D46F0F7A8FF019BB6F12E
:10DD5000000C18BF4FF0010C00EB83000B1E18BF26
:10DD60000123002D43EA4C0314BF4FF00C0C4FF07D
:10DD7000000C002C43EA0C0314BF4FF4E06C4FF08E
:10DD8000000C002F43EA0C03D0F8002714BF4FF417
:10DD9000403C4FF0000C43EA0C0322EA030301B1BC
:10DDA00009780EB13678760019430DB12D78AD00A3
:10DDB00031430CB12478240229430FB13F783F044A
:10DDC0000C433C43C0F8004703B0F0BD1FB50DF154
:10DDD0000F03019300238DF80F1000931A46194684
:10DDE000FFF7ABFF05B05DF804FB08B50146F0F79F
:10DDF000A7FF40B10846F0F78BFF00B2800000F5A6
:10DE0000807080B208BD4FF4BE70FBE738B50546A0
:10DE100008460C46F0F794FFB0B10846F0F784FFCF
:10DE200090B90846F0F774FF2A6801238340C2F8CE
:10DE300008332A6803B202EB8303D3F8102522F0DB
:10DE40000302C3F8102538BD20460021BDE8384044
:10DE5000FFF7BCBFF0F7FABFFFF7D8BF0846FFF7E0
:10DE6000C4BF4FF080531A695869504370474FF050
:10DE70008053186970474FF080535869704700F11C
:10DE800080431A68002A1FBF00221A601B68012005
:10DE900008BF002070474FF080434FF46072C3F812
:10DEA000042370474FF080434FF46072C3F8082397
:10DEB000704708B5F1F76CFBBDE80840FFF706BFF7
:10DEC00030B502240C72CA6004680125C4F80055FC
:10DED000096879B112F0040F0CBF82219221150755
:10DEE00048BF41F02001D406046848BF21F08001FA
:10DEF000C4F800139B000168083312F0800006BFCD
:10DF00000122CA50C81830BD30B5A2F58075AD08E1
:10DF10000124AC400C4207D0815829B10021815026
:10DF200082581A6822431A6030BD13B500230C468C
:10DF300001934FF4887201ABFFF7E6FF21464FF4DF
:10DF40008A72FFF7E1FF21464FF48E72FFF7DCFF84
:10DF500021464FF48272FFF7D7FF21464FF48472B7
:10DF6000FFF7D2FF21464FF48672FFF7CDFF4FF443
:10DF70008C722146FFF7C8FF019802B010BDF1F77F
:10DF80006DBB0223F1F7C2BC0323F1F7BFBC002134
:10DF90000220F1F74BBF07B5019001A8F1F7DEFFB2
:10DFA000019A01239340C0F8083503B05DF804FBE3
:10DFB00007B5019001A8F1F7D1FF019A0123934021
:10DFC000C0F80C3503B05DF804FB37B5D0F8183550
:10DFD0008A69DBB28DF807300B6A93423EBF4A690B
:10DFE0009DF80740D4540B6A91F824500C695A1CD0
:10DFF0000A62023335B1A3428C6938BF0B619C427F
:10E0000088BF8B610D699D4205D9CA68D35CC0F891
:10E010001C3501200AE08C699C4201D9CB7FF6E7D0
:10E02000AA42F6D3A2422CBF0020012003B030BD8B
:10E0300030B5D0F804312BB10023C0F80431D0F84A
:10E040000431012391F82F2022B30022C0F82421AB
:10E05000D0F82441C0F81C21D0F81C41C0F8082198
:10E06000D0F80821002B79D0002281F82D2091F8DA
:10E070002F20002A37D14D6B8C6AA5421FBF052384
:10E08000C0F80025C0F80035134683F0010381F87D
:10E090002F3028E0D0F8244114B1C0F824210EE03C
:10E0A000D0F81C216AB3C0F81C41D0F81C214A6B7F
:10E0B00001324A63D0F8245145B1C0F82441D0F868
:10E0C00024210122426181F82F20CBE78C6AA242F1
:10E0D00004D24C6AA25CC0F81C25C3E791F82C203E
:10E0E0001AB10123C361002030BD0A6A12F0400F4B
:10E0F0004FF0010203D0C26181F82D20F3E74261A5
:10E10000B0E7D0F80841002CACD0C0F80821D0F816
:10E110000841D0F82441002CBFD14A6B8C6AA2423E
:10E12000A0D24C6AD0F81855A5544A6B8C6A0132BB
:10E13000651EAA424A6308D10A6A540602D4022222
:10E14000C0F80022012202628CE7A242FAD10A6AD8
:10E15000520687D5022381F82D30C4E70120C3E79A
:10E1600091F820200346032A29D8DFE802F0212570
:10E1700019028A68500304D5D3F84C2508699042E7
:10E1800007D18A6852031AD4D3F84C258969914281
:10E1900015D000200622C3F80005C3F800257047FB
:10E1A000D3F84C2508699042F3D1D3F83C25EDE72C
:10E1B000D3F84C250969EAE7D3F83C25FAE70120B2
:10E1C000704738B5857B04465DB900680623032295
:10E1D0002946F2F719FB6068062303222946F2F765
:10E1E00013FB012038BD30B5A2F58075AD080124C0
:10E1F000AC400C4207D0815829B10021815082588F
:10E200001A6822431A6030BD13B500230C460193EF
:10E210004FF4A47201ABFFF7E6FF21464FF4827280
:10E22000FFF7E1FF21464FF49272FFF7DCFF214632
:10E230004FF4A872FFF7D7FF21464FF4A672FFF7FD
:10E24000D2FF21464FF4B072FFF7CDFF4FF4AE720C
:10E250002146FFF7C8FF019802B010BD07B5019035
:10E2600001A8F2F7E5FD019A01239340C0F80835B3
:10E2700003B05DF804FB08B1DEF76ABA7047704777
:10E2800040B1C368587810F001001EBF1878B0FA8A
:10E2900080F040097047EFF31183402383F3128825
:10E2A000BFF36F8FFEE710B5D0E9003433B900201B
:10E2B000E268537843F00103537010BD204698473D
:10E2C0000028F4D00028B8BF4042E368FF28A8BF68
:10E2D000FF201870ECE700F0AFBF00F085BF10B46E
:10E2E00000F10C04C0E9034410BCF8F737BE2DE977
:10E2F000F04F89B0DDE9126705463B46914606A816
:10E300003246059100F03BFCDDE9063405F1140AC4
:10E31000CDE90234EFF311844FF0400888F31288FE
:10E32000BFF36F8F05F10C0B05994A462846F8F7A5
:10E33000ADFD30B184F31188BFF36F8F09B0BDE834
:10E34000F08F3E43F6D0DDE9022306A800F03BFC47
:10E35000DDE906675A46CDE9006721465046F3F7E6
:10E3600027FDEFF3118488F31288BFF36F8FDBE78B
:10E3700038B50446EFF31185402383F31288BFF3C9
:10E380006F8FF8F74BFD04F10C0000F06DFB30B11E
:10E39000294604F11400BDE83840F3F779BD85F350
:10E3A0001188BFF36F8F38BD82684369134313F040
:10E3B00003030CD1C3600169994201D80020704762
:10E3C000C16811604169C26001330A44F3E76FF02C
:10E3D0001500704710B5C0E90432002381608361E5
:10E3E0000446FFF7E1FF0028A8BFC4E9004410BDC0
:10E3F000F8B504460D46EFF31186402383F31288E7
:10E40000BFF36F8FC7686FB900F0FCFA50B1C767F0
:10E41000456100F082FA314604F10800BDE8F84099
:10E42000F3F736BDE3682B60A369E560013BA361A8
:10E4300086F31188BFF36F8FF8BD08B54024EFF362
:10E44000118384F31288BFF36F8FFAF740FCF6E76D
:10E4500090F90E308B4201D0F3F7D6BC0020704704
:10E4600003460020C3E90200C3E9003370472DE9E9
:10E47000F843994604469DF820300D46904600F139
:10E480000806EFF31187402282F31288BFF36F8FE3
:10E4900003B14568304600F0B5FA58B10023C367B0
:10E4A000C0F8148000F039FA30463946F3F7F0FC32
:10E4B00000200CE0B9F1000F1BD00821F4F770F92F
:10E4C00038B987F31188BFF36F8F6FF00B00BDE889
:10E4D000F8830122C0F804800260016801F00301A2
:10E4E0005DB922680A430260626820606AB96060B0
:10E4F0000BE0C8F800904046EFE72A68032A10D8DE
:10E500000160616839B9C4E90000042104F1100018
:10E5100000F0CEFCC8E70A6802F0030202430A607A
:10E52000E5E722F003020A4302602A6802F00302D0
:10E5300040EA02032B60E8E710B5044630B10268F8
:10E54000930703D0446809B100F0E7FC204610BDF2
:10E550000023C0E9003300F10803C0E9023300F1F1
:10E560001003C0E90433704707B50123009300236B
:10E570000A461946FFF77BFF03B05DF804FB07B5B9
:10E5800000230A4600931946FFF771FF03B05DF8B8
:10E5900004FB00680021FFF7CFBF5AB18A4209D3BC
:10E5A00000F11003C0E90212C0E90000C0E9043321
:10E5B000002070476FF015007047026801238B4000
:10E5C00022EA0303036022FA01F000F00100704721
:10E5D000704710B5032104460C30FFF7EEFF30B151
:10E5E00004F1100000F094FAB0FA80F0400910BD78
:10E5F00020B100221146883000F068BA704770B52B
:10E60000C368C3F340069B07044616D485680221FD
:10E610000C30FFF7D2FF80B1D5F880206AB1944268
:10E620001DD122689EB9D5F88430C5F880209C425F
:10E6300001D1C5F8842000232360E36813F01F0094
:10E640001EBF43F00203E36040F0020070BD326081
:10E65000D5F88420944208BFC5F88460EBE71646DD
:10E660001268DBE773B50446EFF31185402383F3AB
:10E670001288BFF36F8F0023A0F110060321043826
:10E680000193FFF79AFF28B1A369019301A93046CE
:10E69000F3F77AF885F31188BFF36F8F02B070BD7E
:10E6A00038B504460D461022002100F0C5FD656016
:10E6B00038BDEFF31183402282F31288BFF36F8FCE
:10E6C000C06800F01F0083F31188BFF36F8F70479D
:10E6D00013B501900846EFF31184402383F31288A9
:10E6E000BFF36F8F01A9F3F74FF884F31188BFF3DD
:10E6F0006F8F02B010BD10B5FFF7EAFF041E08DDF2
:10E70000EFF31180402383F31288BFF36F8FF3F789
:10E71000EFFB204610BD70B50D46EFF31186402388
:10E7200083F31288BFF36F8FF3F788F8044686F3FC
:10E730001188BFF36F8F38B14FF0FF324FF0FF33C6
:10E7400005F11000F2F7FEFE204670BD10B5EFF3A4
:10E750001184402383F31288BFF36F8FFFF74FFFBD
:10E7600084F31188BFF36F8F10BDF8B505460C46D2
:10E77000EFF31186402383F31288BFF36F8FC368D2
:10E7800003F01F03002B14BF0127002705D186F3D8
:10E790001188BFF36F8F3846F8BDFFF730FF214671
:10E7A0002846F2F7D3FF86F31188BFF36F8F002856
:10E7B000F1D04FF0FF324FF0FF3304F10800F2F7D1
:10E7C000C1FEE8E708B5A022002100F035FD08BD34
:10E7D00038B5302204460D46002100F02DFD4FF4DF
:10E7E00080736560E36038BDFFF763BF38B50446EA
:10E7F000EFF31185402383F31288BFF36F8FFFF788
:10E80000E8FE2046FFF7FBFE85F31188BFF36F8F0C
:10E8100038BDF8B504460D46EFF31186402383F367
:10E820001288BFF36F8FC36803F01F03002B14BF60
:10E830000127002705D186F31188BFF36F8F384673
:10E84000F8BDFFF7C6FE2046FFF7D9FE2946204651
:10E85000F2F77CFF86F31188BFF36F8F0028EED0AC
:10E860004FF0FF324FF0FF3305F10800F2F76AFE78
:10E87000E5E7C0E9000000207047EFF305800038AD
:10E8800018BF012070476FF0570070470020704795
:10E89000F3F710BBD0E9003213605A600023C0E9DF
:10E8A0000033704708B5FFF7F5FF437B23F0020301
:10E8B00043730023836008BD38B504460D46F3F763
:10E8C00083F9637B43F002036373E5B1A5602B68B2
:10E8D0009D4209D16B68C4E900531C606C6012E072
:10E8E0006A689A42F6D01B68002BF3D094F90E2088
:10E8F00093F90E108A42F3D09142F1DD5A68C4E9CF
:10E90000003214605C6038BD90F90E3091F90E0051
:10E91000834214BFC01A0020704710B5EFF3118472
:10E92000402383F31288BFF36F8FF3F765F984F305
:10E930001188BFF36F8F10BD10B50446183000F07A
:10E94000E7F8EFF31181402383F31288BFF36F8F51
:10E95000627B12F0100204D081F31188BFF36F8F35
:10E9600010BD2046BDE81040F3F77AB908B5EFF3C3
:10E970001181402282F31288BFF36F8F83680BB13D
:10E98000FFF790FF81F31188BFF36F8F08BD38B593
:10E990000446EFF31185402383F31288BFF36F8F92
:10E9A000437B13F0280F0BD183680BB1FFF77AFF7D
:10E9B000637B51B903F0FB0363732046F3F71CF943
:10E9C00085F31188BFF36F8F38BD03F0EB03F3E7D6
:10E9D00001211838FFF7DBBF08B50346EFF31181BB
:10E9E000402282F31288BFF36F8F0068834207D002
:10E9F00008B1FFF757FF81F31188BFF36F8F08BD90
:10EA00000020F8E738B5EFF31185402383F312882F
:10EA1000BFF36F8F0468A0420DD034B12046FFF7DA
:10EA200041FF04F1180000F073F885F31188BFF37B
:10EA30006F8F204638BD0024F7E710B50146EFF38D
:10EA40001184402383F31288BFF36F8F83680BB167
:10EA5000FFF728FF84F31188BFF36F8FBDE81040E4
:10EA600001F1180000F054B838B5054600202C68B4
:10EA7000A54200D004B938BD2046FFF7DEFF20468E
:10EA8000FFF74BFF0120F2E7EFF31181402282F301
:10EA90001288BFF36F8F027BD2070CD581F31188E8
:10EAA000BFF36F8F002383F31188BFF36F8F0423AD
:10EAB000184602DF7047437B1B0704D581F311889A
:10EAC000BFF36F8F70470122F3F7CAB838B5EFF381
:10EAD0001185402383F31288BFF36F8F0468A0422F
:10EAE00012D09CB1E16762612046FFF7DBFE04F1C2
:10EAF000180000F00DF82046F3F77EF8012085F3AA
:10EB00001188BFF36F8F38BD0020F8E72046F6E785
:10EB100010B5EFF31184402282F31288BFF36F8F98
:10EB200003683BB1F3F7B4FB002084F31188BFF313
:10EB30006F8F10BD6FF01500F7E770B5EFF311861A
:10EB4000402282F31288BFF36F8F036873B1F3F72B
:10EB5000BBFB04460D46F3F791FB0346201A65EB19
:10EB6000E37186F31188BFF36F8F70BD18461946A5
:10EB7000F7E708B5F3F7C4FC08BDF3F7C1BCB3F180
:10EB8000FF3F08BFB2F1FF3F70B504461D46164671
:10EB900013D01A4315D06FF00102921B4FF0FF33D0
:10EBA00063EB0501002904DAF3F7AAFC821941EBB3
:10EBB0000501C4E90021204670BD4FF0FF32114627
:10EBC000F7E70022FBE7B3F1FF3F08BFB2F1FF3FD9
:10EBD000F8B5074616461C4610D054EA020311D079
:10EBE000F3F78EFCB0420A46A14103460AD2F31A5B
:10EBF00064EB0204C7E900343846F8BD4FF0FF3338
:10EC00001C46F7E70023FBE70023C0E9081200F1E8
:10EC10001802C0E90622C0E900330363436370476A
:10EC200010B50446FFF774FFA8B9636A0BB120461C
:10EC3000984704F11800FFF7CFFE60B1FFF76DFEB3
:10EC4000EFF31180402383F31288BFF36F8FBDE889
:10EC50001040F3F74DB910BD1423F0B503FB0100CC
:10EC600000244FF48B76402701B9F0BD10F8073C23
:10EC700040F80C4C03F03F03082BA0F1140C0CD807
:10EC800026FA03F3DB0708D550F8143C2BB150F8F3
:10EC9000105C2B605D6040E9054482F31188BFF38E
:10ECA0006F8FEFF3118287F31288BFF36F8F0139F3
:10ECB0006046D9E7F8B50D46D0E90013884204460E
:10ECC00005D16368C5E900431D6065601DE0002B48
:10ECD000F7D0986800B16038A2F160073946FFF7B5
:10ECE00013FE0028EDDC2668B442EAD0002EE8D0FE
:10ECF000B16801B160393846FFF706FE002805DD2E
:10ED00007368C5E900631D607560F8BD63689E4265
:10ED1000D7D03668EAE72DE9F74F00258B46144631
:10ED2000019382462E464FF040082F465D4503DB97
:10ED3000304603B0BDE8F08FEFF3118988F31288F5
:10ED4000BFF36F8F9AF80D3003F03F03013B072BA1
:10ED50000FD8DFE803F01F040E0A0E0E0E26DAF8B5
:10ED600010309B682BB1022321E0DAF810301B68C9
:10ED70008BBB019B3BBB23782BB39AF80D3003F080
:10ED80003F03013B072B2FD8DFE803F032272E2764
:10ED90002E2E2E37DAF810309B68002BE9D0012395
:10EDA00005E0DAF810301B6A002BE2D01023DAF805
:10EDB0000C20CAF80870C2F386310B4363F3943217
:10EDC000CAF80C20277089F31188BFF36F8F0135C3
:10EDD0000AF1140AAAE70423E9E7DAF81000224648
:10EDE00051461030FFF766FFCAF808400136EAE7DF
:10EDF000DAF8100022465146F4E7DAF8100022460D
:10EE000051462430EEE72DE9F041846805460E4670
:10EE1000ECB16378012B25D114F8533C9A0714D533
:10EE2000A4F160073846FFF708FE082E0CBF6FF00C
:10EE300003030023E36114F8533CDB0605D154F8C7
:10EE4000483C13B93846FFF768FD00232370EB6890
:10EE5000C3F386321643002066F39433A860EB6058
:10EE6000BDE8F081022BF0D12378002BEDD054F8CF
:10EE7000048CB8F1000FE8D004F11400FFF748FE4D
:10EE8000A4F114070023E36239464046FFF720FC53
:10EE9000DBE710B55205090201F47C5102F40012BF
:10EEA0000A43017B00240A43C0E90323846010BDA8
:10EEB00010B50346EFF31184402282F31288BFF3AA
:10EEC0006F8F0068834208D0D0E9003213605A6027
:10EED0000023C0E90033FFF796FF84F31188BFF3E6
:10EEE0006F8F10BD0023C0E90000836070470023CE
:10EEF000836070470432D3B5044608D20026002749
:10EF0000CDE9006741F00401FFF7F1F910B90020E5
:10EF100002B0D0BD40F8044BFAE720B1011F50F811
:10EF2000040CFFF725BA704701460420F3F72ABC0A
:10EF300070B5A0FB015424B92846FFF7F5FF06463B
:10EF400010B90026304670BD2A46214600F074F9FB
:10EF5000F8E710B501390244904201D1002005E0E4
:10EF6000037811F8014FA34201D0181B10BD0130E6
:10EF7000F2E710B56AB10139841810F8012B11F8C5
:10EF8000013F9A4203D1A04201D0002AF5D1D01A04
:10EF900010BD1046FCE710B5024601448A421346F4
:10EFA00003D01C780132002CF8D1181A10BD2DE9BD
:10EFB000F047C3F13709074688465FFA89F903F03D
:10EFC0001F0516464FF0000A384641462A4653466A
:10EFD000B8F7D8FFD4B2092C88BF4C443A46434610
:10EFE00088BFE4B2AA4204F1300473EB0A0306F8C6
:10EFF000014B07468846E7D23046BDE8F0872DE949
:10F00000F04F87B00618994602AB41EB010400931C
:10F0100015463046D2E900232146DDF844B000F021
:10F02000A9F804AB0093D5E9022307468846304689
:10F03000214600F09FF8DDE90263841951EB0306D5
:10F04000049BD5E900014FF0000228BF0122D2182D
:10F05000059B43F10003381848EB0101B84271EBFE
:10F060000801D5E902C134BF0120002014EB0C0CCB
:10F0700046EB010110EB0C0041F10001A04271EBE5
:10F08000060C34BF4FF0010C4FF0000CCDE9042307
:10F09000A9F1410A1CEB020243F10003CDF800A0E4
:10F0A00000F083F8109BC3E90001129B012BDDE9FE
:10F0B000042329D1D5E90201D5E900C5201A66EB60
:10F0C0000101674578EB050534BF01250025401B8C
:10F0D00061F10001844276EB010534BF0125002572
:10F0E000521BCDF800A063F1000300F05EF8DDE9EB
:10F0F0000423CBE90001CDF800A02046314600F002
:10F1000054F807B0BDE8F08F17EB070E48EB080C7A
:10F11000201946EB0601BE457CEB080834BF0127E9
:10F120000027C71941F10008D5E9000186457CEBAD
:10F13000010CD5E9021534BF01200020381A68F10E
:10F14000000C401A6CEB050192185B41A74278EB6A
:10F15000060534BF01250025521943F100038742FB
:10F1600078EB010834BF01250025521BA9F14005A9
:10F170000095B8E7F0B50F460446A0FB0201A7FBD7
:10F1800002524919A3FB044542F10002A7FB037395
:10F19000611845F10004D219059E43F100031219CC
:10F1A00043F10003C6E90023F0BDF0B5059CC4F1AE
:10F1B0004007C4F1200602FA06F6A4F12005BB4080
:10F1C00022FA05F53343C4F120062B4301FA06F673
:10F1D000A4F12005E04021FA05F53043BA40284368
:10F1E000E14010431943F0BD0A44914200F1FF335E
:10F1F00000D1704710B511F8014B03F8014F91424F
:10F20000F9D110BD884210B501EB020402D9844245
:10F21000234607D8431EA14208D011F8012B03F85A
:10F22000012FF8E7024401468A4200D110BD13F8CD
:10F23000014D02F8014DF7E702440346934200D125
:10F24000704703F8011BF9E72DE9F047044627460C
:10F2500018460B46C1F30A51A14641EA0706C3F31B
:10F260001304302556EA040E5571A44673D10021CB
:10F270008B4211716DDA0123137188424FF0000146
:10F280001CDA08469DF8207002F112050D24C7F122
:10F2900057074FF0300E06F00F03360946EA0C769A
:10F2A0004FEA2C1C002B40F08480A04201DB85F843
:10F2B00000E0013C05F1FF35EDD173E00C2865DC81
:10F2C000C0F10D039B00012503F1FF3CA3F12108D0
:10F2D000C3F1210625FA06F605FA08F805FA0CF539
:10F2E00048EA060815EB050E48EB080ADEF10006B1
:10F2F0006AEB4A0C1EF1FF3E4AF1FF3A0EEA070E96
:10F300000AEA040A754578EB0A0A10DBC3F1200A01
:10F31000B3F1200E04FA0AFA27FA03F343EA0A03C8
:10F320005CBF44FA0EFE43EA0E03DB0722D57F19C9
:10F3300044EB0804B4F5801FB9461BDB5379B1F5E3
:10F34000806F03F10103537126D03E400CEA040C98
:10F3500098E7002892E759B13125DB0F0028A1F288
:10F36000FF31557113710FDB0C28A9DD0D2005E06D
:10F370000121F2E706EA09090CEA0404B1F5806FFD
:10F3800006D04E46A4467DE70020F7E70D2079E73A
:10F3900059EA0404137908D0137943F00803137170
:10F3A0004FF480611160BDE8F08743F004031371EE
:10F3B000F8E7092BD4BF3033DB19A0422B70B8BF5C
:10F3C000204676E7D1E9043293421EBF5A1C0A61F7
:10F3D000187070470148006870470000BC81002029
:08F3E000DA06FD7F01000000C8
:10F3E8000DC70400000000009D9F050020F50600E1
:10F3F8008D12060000000000B11206000000000097
:10F40800DDBA050034F50600DDBA050048F506004A
:10F41800D5E6050000000000B7DC0600000000008B
:10F428000BDD060000000000C1C6060084F50600DA
:10F4380027C7060098F5060031A4050070F50600F8
:10F4480051CB0500ACF50600F5A304005CF50600F9
:10F458001DA205000000000025D6050000000000E0
:10F4680065C7040000000000F186040000000000E9
:10F4780081A504000000000079C604000000000017
:10F4880091E70500000000000FDD06000000000005
:10F49800D51506000000000039A60500C0F50600D5
:10F4A800E19D0500D4F506004DC4050024F60600CC
:10F4B800E5D00600FCF50600E1CC050038F60600AC
:10F4C8005DAC0500E8F5060095BF050010F60600DE
:10F4D80025CC040000000000C581050000000000E4
:10F4E80021D9050000000000B9C605004CF6060049
:10F4F800B9C6050060F6060095B6050074F6060064
:10F50800EBDC06009CF606004DC7050088F60600F1
:08F51800A181060000000000C3
:10F52000675A07001C0D0700340D07005B1B002005
:10F53000B48E0020BC5D0700740E0700A40E070007
:10F54000691B00207C8F0020CA5D07008C0E07001D
:10F55000A40E07006B1B0020888F00206D2A070077
:10F56000641F0020A4060700571B00200807002086
:10F57000905A070000000000500D07005D1B00209E
:10F58000088F0020A05A070000000000580D070057
:10F590005F1B002000000000AF5A070000000000C1
:10F5A000600D0700611B002000000000656107007E
:10F5B000B0100700DC100700791B00208419002020
:10F5C0006D5C0700700D0700D40D0700631B002061
:10F5D0009C1800204B5A070000000000040D070093
:10F5E000591B002000000000DA5C0700000000004A
:10F5F000F00D0700651B002000000000DC5D070027
:10F60000C80E0700040F07006D1B0020141900200E
:10F61000605F07001C0F0700600F07006F1B0020D2
:10F620004C190020D75F0700780F0700CC0F0700A8
:10F63000711B0020948F00203F6307005C110700BE
:10F64000B41107007B1B0020B819002005600700DB
:10F65000D40F070034100700731B00209C8F00207C
:10F66000146007000410070034100700751B002009
:10F67000B48F002079210700E8180020F01800203E
:10F68000671B0020100A0020BE60070070100700F2
:10F6900084100700771B0020CC8F0020D465070062
:10F6A00000000000EC1107007D1B0020D890002016
:10F6B000B3DE060021DD060000000000B98C060064
:10F6C000ACF50600FDD80600AD0C060021DD0600F5
:10F6D0003107060021DD060000000000B98C06009D
:10F6E000C1F2050021DD0600D4F50600259E0500C7
:10F6F00000000000B98C060000000000B98C060074
:10F7000000000000B98C060000000000B98C060063
:10F7100000000000B98C0600088F0020A1A405009D
:10F7200000000000B98C060000000000B98C060043
:10F7300000000000B98C060000000000B5D60500EE
:10F7400000000000B98C060000000000B98C060023
:10F7500000000000B98C060000000000B98C060013
:10F7600000000000B98C060000000000B98C060003
:10F7700000000000B98C06000000000035E705001D
:10F7800000000000B98C060000000000B98C0600E3
:10F7900000000000B98C060000000000B98C0600D3
:10F7A00000000000B98C060000000000B98C0600C3
:10F7B00000000000B98C060000000000B98C0600B3
:10F7C00000000000B98C0600C902060021DD060019
:10F7D00000000000B98C060000000000B98C060093
:10F7E00000000000B98C06006D92050021DD0600C6
:10F7F00000000000B98C0600C9FE050021DD0600EE
:10F8000000000000B98C060000000000B98C060062
:10F8100000000000B98C060000000000B98C060052
:10F8200000000000B98C060000000000B98C060042
:10F8300005000000D51105000000000006000000D2
:10F84000215F0500000000000400000029160500EB
:04F8500000000000B4
:10F85400000B070008000000A00B070009000000CF
:10F864009C070700060000002407070006000000AC
:10F87400D31C070003000000E91D0700030000007B
:10F88400CD60070003000000981E0700030000007D
:10F89400585A07000300000077190700030000000E
:10F8A400C11C070003000000FF2007000300000044
:10F8B40043420700030000009E49070003000000C4
:10F8C40042460700030000007B54070003000000C9
:10F8D400FF350700030000002F430700030000006A
:10F8E400E24E070003000000AC2C070003000000F8
:10F8F4000F3F070003000000B441070003000000AD
:10F904006354070003000000BE4707000300000023
:10F91400612E0700030000001B2D070003000000F8
:10F924003834070003000000BE2C07000300000069
:10F93400FE640700030000006A650700030000007E
:10F94400EC64070003000000993507000300000081
:10F95400B853070003000000C2240700030000009E
:10F96400825A070003000000A4630700030000009C
:10F97400F45C070003000000C465070003000000F6
:10F98400EB250700030000007921070004000000B4
:10F99400D85D070003000000E95D070003000000D4
:10F9A4006D5F070003000000E4220700030000006D
:10F9B4005B23070003000000841907000300000014
:10F9C400A223070003000000FA250700030000003B
:10F9D400FE25070003000000E726070003000000DF
:10F9E4008556070003000000B4550700030000001B
:10F9F400EF54070003000000FA540700030000005E
:10FA040093550700030000009465070003000000FD
:10FA1400A7330700030000009E5607000300000000
:10FA2400A656070003000000BA2C070003000000DC
:10FA3400F658070003000000062E0700030000002C
:10FA4400E266070003000000E45F07000300000013
:10FA5400775C0700030000002A6007000300000031
:10FA6400FA230700030000009C3507000300000090
:10FA740009340700030000004C6307000300000082
:10FA8400E265070003000000736107000300000043
:10FA9400B45D070001000000D62907000300000040
:10FAA400B528070003000000E75807000300000022
:08FAB400602A070003000000B6
:10FABC004406070000160020D626070001000000AF
:10FACC0096350700000000003DC804006DCB040013
:10FADC00000000005E4C07000000000047A4060078
:10FAEC000000000000000000D64E070000000000DF
:10FAFC00D53005000000000000000000CE4E0700CD
:10FB0C000000000011280500C135050000000000B0
:10FB1C005B54070000000000C96F0500D56E05009E
:10FB2C0000000000DC4E070000000000E12C050086
:08FB3C000D2C05000000000083
:08FB440074F60600915804005C
:04FB4C00FFFFFFFFB9
:10FB500000000000600060000000000000000000E5
:10FB60000223D1BCEA5F782315DEEF1212231500C1
:10FB7000000223D1BCEA5F782315DEEF12122515AF
:10FB800000000000029ECADC240EE5A9E093F3A366
:10FB9000B50100406E0000000000000003000000FE
:10FBA000A0000000F00000000000000000000000C5
:10FBB0006000600000000000000000000000000085
:10FBC00003000000A0000000F000000000000000A2
:10FBD0000000000001000000600030000000000094
:10FBE0000000000000000000600060000000000055
:10FBF0000000000000000000000000010000000202
:10FC000000000004000000080000001000000020B8
:10FC100000000040000000800000001B00000036D3
:10FC2000183E07001D3E0700213E0700253E070045
:10FC3000293E07002D3E0700313E0700353E0700F4
:10FC4000393E07003D3E0700413E0700453E0700A4
:10FC5000493E07004D3E0700FF000000FF00000086
:10FC6000FF000000FF000000FF000000FF00000098
:10FC7000FF000000FF000000FF000000FF00000088
:10FC8000FF000000FF000000E56607000001000023
:10FC9000F401FA00960064004B0032001E001400CC
:10FCA0000A0005000200010000000000141E000010
:10FCB000301100000000000060EA000000000000B9
:10FCC000000000000000000060EA000001020800DF
:10FCD000252627000102080000000000141E000075
:10FCE000301100000000000060EA00000000000089
:10FCF000000000000000000060EA000000002CA6E8
:10FD0000E0A1000020A800000000000020A80000E2
:10FD100000002CA6E0A1000020A8000000000000C8
:10FD200020A8000000002CA6E0A1000020A80000F0
:10FD30000000000020A80000F401FA009600640012
:10FD40004B0032001E0014000A00050002000100F2
:10FD500000000000141E0000301100000000000030
:10FD600060EA000000000000000000000000000049
:10FD700060EA000000002CA6E0A1000020A800001E
:10FD80000000000020A80000F401FA0096006400C2
:10FD90004B0032001E0014000A00050002000100A2
:10FDA0000F141E28323C5064780001020401000147
:10FDB000000001010000010001000001000100003D
:10FDC0000000F401FA00960064004B0032001E00AF
:10FDD00014000A00050002000100010000010103F7
:10FDE0000000FF00FF0000000002020078007F001A
:10FDF000F001030000000F141E28323C506478000C
:10FE000001000B0002000A00050009000A000800BA
:10FE1000140007001E000600320005004B0004001D
:10FE20006400030096000200FA000100F4010000E3
:10FE30000C0802170D010102090901010602091847
:10FE40001803010109090303050302012302022427
:10FE50000910040405050B0B040B2B1B1B151A1AA8
:10FE60001C021D16130501490D15050000002CA6E6
:10FE7000E0A1000020A800000000000020A801026E
:10FE80000800A301B103BF05EF024906A309C50598
:10FE9000F50B25120E021C045A03B4063006600C42
:10FEA00000002CA6E0A1000020A800000000000037
:10FEB00020A801020801020400002CA6E0A1000015
:10FEC00020A800000000000020A8F401FA0096001D
:10FED00064004B0032001E0014000A0005000200FE
:10FEE0000100000000000000141E0000301100009E
:10FEF0000000000060EA00000000000000000000B8
:10FF00000000000060EA000000002CA6E0A1000054
:10FF100020A800000000000020A800002CA6E0A1FE
:10FF2000000020A800000000000020A80000000041
:10FF3000141E0000301100000000000060EA000004
:10FF400000000000000000000000000060EA000067
:10FF50000102080000000000141E00003011000023
:10FF60000000000060EA0000000000000000000047
:10FF70000000000060EA0000030000002CA6E0A1E1
:10FF8000000020A800000000000020A8F401FA00F2
:10FF9000960064004B0032001E0014000A000500A9
:10FFA0000200010000002CA6E0A1000020A8000033
:10FFB0000000000020A8F401FA00960064004B0045
:10FFC00032001E0014000A000500020001000000BB
:10FFD00000000000141E00003011000000000000AE
:10FFE00060EA0000000000000000000000000000C7
:10FFF00060EA00000102080000002CA6E0A1000059
:0200000270008C
:1000000020A800000000000020A80000E3A3C30017
:100010000406080A0C0E10121416181C1E202224A6
:1000200026282A2C2E30323436383A3C3E40424480
:1000300046484A4C4E021A500000000028000000BA
:100040001800000000000000500100000000000047
:10005000000000000000000050010000000000004F
:10006000141E0000301100000000000060EA0000D3
:1000700000000000000000000000000060EA000036
:1000800000000000141E00003011000000000000FD
:10009000B45F00000000000000000000000000004D
:1000A0003C7300000100000010110040000000003F
:1000B00000000000000000000000000000002CA66E
:1000C000E0A1000020A800000000000020A800001F
:1000D0000000DC05E8030000000000000000000054
:1000E000D41700000000000070170000A00F0000EF
:1000F000000000003C28000000000000000000009C
:10010000000000003C2800000000DC05E8030000BF
:100110000000000000000000D417000000000000F4
:10012000141E0000301100000000000060EA000012
:1001300000000000000000000000000060EA000075
:10014000FFC1FBE84C90728BE7B3518963AB23236B
:10015000FF7F00200018000A800720029801AA8073
:100160000000002800000020010203040203040430
:1001700000206020406080000102030402030404A8
:10018000D8ECF0F4F8FC00020304050607080000B0
:10019000000000000000000000000000000000005F
:1001A000000001010101020202020303030304042F
:1001B0000404050505050606060809000000000000
:1001C000000000000000000000000000000000012E
:1001D00001010102020202030303030404040405F3
:1001E00005050506060708090A0B0C0D0709090293
:1001F000030700100200FA00000000003958040054
:10020000455804004958040051580400555804004A
:1002100000C20100000008029ECADC240EE5A9E02D
:1002200093F3A3B50100406E029ECADC240EE5A93B
:10023000E093F3A3B50300406E029ECADC240EE5F2
:10024000A9E093F3A3B50200406E01030062746C51
:100250006500000000000000000000000000000039
:10026000000000000000000000000000000000008E
:10027000000000000000000000000000000000017D
:100280000000000000040300000000000000000067
:100290000338FDD870470000010000000000000096
:1002A0000500000000000000190000000000000030
:1002B0007D0000000000000071020000000000004E
:1002C000350C000000000000093D000000000000A7
:1002D0002D31010000000000E1F5050000000000E4
:1002E00065CD1D0000000000F9029500000000002F
:1002F000DD0EE90200000000514A8D0E00000000F2
:100300009573C24800000000E941CC6B0100000079
:100310008D49FD1A07000000C16FF286230000001E
:10032000C52EBCA2B1000000D9E9AC2D78030000B5
:100330003D9160E45811000031D6E275BC560000D2
:10034000F52E6E4DAEB10100C9EA2683677808002C
:10035000ED95C28F055A2A00A1EDCCCE1BC2D30069
:1003600025A4000A8BCA220400000000000000003F
:10037000000000000000001000000000000000006D
:10038000B9340332B7F4AD1410DB1AB30892540E2B
:100390000D307D951447BA1A66088F4D26ADC66D8F
:1003A000F598BF85E2B74511CA96853D92BD1DEB14
:1003B000FCA11860DCEF52163C92AE220BB8C1B41F
:1003C000839D2D5B0562DA1C304C7E8F4E8BB25BB9
:1003D00016F4529F8B56A512FBD4827643ED8AF019
:1003E0008FE7F9311565191850F19BD94A13EEB40E
:1003F000284CF0A686C1251F035FC270CB9E49160C
:10040000E642889C44EB2014B0650836AD6EA585A5
:1004100085F0CA14E2FD031A0B899979D5B13D091B
:10042000D8DA973A35EBCF10AC363F5E73BB38CF96
:100430003E6752FA44AFBA15010000000000000008
:100440000000000000000020345065C05FC9A652C3
:10045000BB13CBAEC440C21806C8DF7100D5A87C60
:10046000F56F0FDA58FC27136E4756357D2420654B
:1004700002C7E768E48CA41DE9E60268D7CD3961BC
:100480007977FCC2405BEF16798CDE43FFA751F908
:1004900091F3B278F5BDBE11E857E9D6E8BEE87B26
:1004A000B054AC8F848D751BEA23A499E9F9D38BE2
:1004B000B7A3714061DA3E15CEE33ECB73F948082D
:1004C0008C97B427D51B7010A2BFEFB9EB853215FE
:1004D0004DB44DB49BBB6F1996B6076CF8E7EEAD03
:1004E00036D9B4F59135AE13222218AF4E6A684D55
:1004F00091DAAA3D4F40741E9FBD9EE006A1C098B0
:1005000057C2A7FDA40E90170E7D497173E3208F8B
:10051000B220D87605143B12853D7434811343B064
:10052000AD297A5F27F4351C05720400CB6B0600F9
:10053000497304001D730400D4F506000501050489
:1005400000000506000000000C000000D4F50600C5
:100550000401050400000405000000000C00000078
:10056000D4F50600030105040000030400000000A8
:100570000C000000D4F5060002010504000002038F
:10058000000000000C000000D4F506000101050485
:1005900000000102000000000C000000D4F506007D
:1005A0000001050400000001000000000C00000034
:1005B00007100000321B002001010000421B002038
:1005C000090D0000241F070007100000431B002036
:1005D00001010000531B0020090D00004E230700FD
:1005E00078320020C4090000E57E0600877E060000
:1005F00002000000818006000000000000000000F2
:100600000000000000000000BA260700C226070014
:100610000000000000000000000000005D4D070029
:10062000CA260700CE260700D22607003406070098
:10063000D477002005910400F47700206E9D0020FF
:10064000010000001D8106001381060003810600E1
:10065000F780060000000000EB80060000000000AC
:100660000400000000000000000000000070020014
:10067000E8F50600010000000070020000500C00C8
:10068000E8F506000200000000C00E000080000037
:10069000E8F506000300000000400F0000C0000065
:1006A000E8F5060000000000000000000000000067
:1006B000000000000000000000000000000000003A
:1006C0000000000000000000578306003DA4040065
:1006D0000000000000000000000000008F82060003
:1006E000A78206001DA3040000000000038306008B
:1006F00000000000A9A204003B820600458206001B
:1007000089A2040053820600000000005D820600FA
:1007100000000000000000006582060083820600E1
:100720008782060070150700ADA7060000000000D4
:100730000A2D0700000001006C15070081AA0600C1
:1007400000000000B016002000000100E82C0700A7
:100750000000000000000000000000000000010098
:10076000681507007FA706009D2E05008C16002047
:10077000000003006415070081AA060000000000C5
:100780008416002000000100C62C070000000000B5
:100790008DB4040000000000000003008015070075
:1007A000ADA7060000000000502E07000000010069
:1007B0007C15070081AA060000000000E416002056
:1007C000000001002E2E07000000000000000000C5
:1007D0000000000000000100781507007FA7060058
:1007E0009D2E0500C01600200000030074150700B0
:1007F00081AA060000000000B816002000000100D9
:100800000C2E07000000000035B7040000000000B7
:100810000000020000000000998C06000417002070
:10082000FC160020F416002000000000EC1600204A
:1008300045B9040039B804008DB80400EDB80400CF
:10084000000000200000000000000B060200000075
:100850005408070000000000F433070026000202DD
:1008600000000020FC33070022000B11F40C0700ED
:100870007808070069000000E0130120F40C07006D
:10088000880807002E00000014190120F40C07004E
:10089000980807000C000000F4190120513E0700E1
:1008A0006F3E07008A3E07009A3E0700A73E0700FA
:1008B000B03E0700B73E0700BE3E0700C53E07003A
:1008C000CD3E0700A73E0700D53E0700E73E0700E4
:1008D000FC3E07000E03000015D404000F040000C6
:1008E000E5D304001A0100000DCE04000504000049
:1008F00075CE04001301000065D40400FF01000060
:100900004DD004003E010000F5D0040005040000B5
:10091000D1CE040008040000A1DE04003003000072
:1009200019DE04001001000079CF0400020100006C
:1009300019FB04000112000095DD04000A1E0000EE
:100940009B900600030900009DD50400040B0000E5
:1009500015D10400060A0000B5E00400070A0000F3
:1009600049CF04000C05000015CF0400050C000061
:10097000F5DF0400084100003D00050009210000EA
:10098000C1000500F40C07009009070047000000B3
:100990001C1A0120C1450700CE450700EE4507009F
:1009A000E2450700F945070010460700204607000A
:1009B0001E47070034460700F40C0700C40907006F
:1009C00020000000E41A0120F40C0700D4090700FD
:1009D0006D000000641B0120019906003999060092
:1009E000000000000000000000000000E51305000A
:1009F00000000000000000000000000000000000F7
:100A00000202010083A1060004040100B9220500CE
:100A100006060100F9210500080401003D2105003A
:100A20000A0201006BA106000C04010053A106009C
:100A30000E0401001120050020040100751F0500AF
:100A400010040100851E05001202010007A1060026
:100A500016040100959A060018010100059E060083
:100A60001E00040027A20600520200002DA106006D
:100A70000104020015240500030202002BA2060057
:100A800005010200F5A1060007040200FFA106000F
:100A90000901020003A206000B00020007A20600E3
:100AA0000D0002000BA206000F0002000FA20600BC
:100AB0002102020013A206001101020017A2060083
:100AC000130002001BA20600170402001FA206006A
:100AD0001900020023A206001B020300AF9A0600C1
:100AE0001D02050099A00600230403009D9A06003C
:100AF000F40C0700FC0A07006B0000000C1D01202D
:100B0000B0150700ADA7060000000000AC150700F7
:100B100000000100A815070081AA060000000000DF
:100B20002818002000000100A015070000000000A8
:100B30000000000000000000000000009C150700FD
:100B40007FA706009D2E050030180020000003003E
:100B50009815070081AA0600000000002018002058
:100B60000000010090150700E5A70600F12F050021
:100B700000000000000003008C15070081AA060099
:100B80000000000018180020000001008415070074
:100B9000D534050000000000000000000000010046
:100BA000E8150700ADA7060000000000E4150700E7
:100BB00000000100E015070081AA06000000000007
:100BC0006C18002000000100D815070015A80600C9
:100BD000000000000000000000000100D415070024
:100BE00081AA060000000000641800200000010037
:100BF000CC1507003FA80600000000000000000020
:100C000000000100C815070081AA060000000000CE
:100C10005C18002000000100C015070067A806004E
:100C2000000000000000000000000100BC150700EB
:100C300081AA0600000000005418002000000100F6
:100C4000B4150700352B050000000000000000006F
:100C500000000100815C050001B80600A96B0500D9
:100C600000000000000000003567050000000000E3
:100C70000000000000000000000000000000000074
:100C800000000000B55A050006000000715D050077
:100C900006000000D55C050010000000756005002E
:100CA00010000000496B050001000000E95F05002D
:100CB000100000007D6A05000A0000005D5F05006D
:100CC00010000000A168050007000000DDAF06006D
:100CD00010000000A959050001000000FD520500A8
:100CE00040000000DD5605001000000051B1060074
:100CF00001000000C57F0500000000005BC3060086
:100D000075830500219B0500119C05005802000019
:100D1000259F0500F59E0500000000007DA0050050
:100D2000699F0500765A0700AFC60600B5C60600E3
:100D30007C5A0700F59F05002FC606008FC60600E7
:100D400000000000CDC5060000000000000000000B
:100D5000D9A3050031A30500C5C6060000000000A8
:100D6000E3C606000000000004000000FF000000D1
:100D70000000000000000000000000000000000073
:100D80000000000000000000000000000000000063
:100D900000000000F401000000010100000020003C
:100DA00085601500A80D070000900240B40D0700F3
:100DB00001000000BC0D07000600000015003A000D
:100DC00014003E00180040001600420017004400C6
:100DD00019003C00DDAA0500BDA90500A9A8050071
:100DE00041A5050031A5050000020000001000002B
:100DF00019C80600B1AE0500EDAD050031AC050027
:100E000021AC050004000000FF000000995D070010
:100E100007000000A15D070002010000E1CB060011
:100E2000A45D070007000000A15D070002010000AB
:100E30001BCC0600AC5D070007000000A15D0700A9
:100E40000201000055CC0600000000000100010076
:100E5000C012000080250000004B0000009600003A
:100E600000E1000000C20100008403000008070048
:100E700000100E00FFFF0000000300500000000003
:100E8000010000000060004000000000FFFFFFFFC5
:100E90000000005000000000000000000060004062
:100EA0000000000071BB050013D0060021D0060031
:100EB00039D0060045D0060051D00600DDB9050046
:100EC0006BD0060000000000004000400000000061
:100ED0000000000000000000000098010000010177
:100EE000FDBC0500E80E070000400040F40E0700BE
:100EF00001000000FC0E07000200000004001800C2
:100F00000500160055BE05000000000035BD0500B7
:100F100000000000000000009DBE05000030004001
:100F2000000000000000000000000000000040067B
:100F3000000001011000000025D10600440F070049
:100F4000FFFF000000300040500F070001000000CC
:100F5000580F070002000000070018001B001600D1
:100F600051BF05000000000081C005000000000026
:100F70000000000011C0050000C00140000000009A
:100F80000000000000000000000000000000000061
:100F90000000000000040000E8030201010100005D
:100FA000FA9C002004000000000000000000000087
:100FB000B40F070000C00140C00F0700010000008F
:100FC000C80F07000100000011002D0031C5050009
:100FD0003DC4050000000080FFFFFF7F000000808F
:100FE00000000080FFFFFF7F00000080102700004E
:100FF000000000003A60070000FF0A0034F5060018
:101000000800000200000080FFFFFF7F000000805A
:1010100000000080FFFFFF7F000000800000000054
:10102000000000003A60070000FF080034F50600E9
:101030000A00000273D30600B9D3060091D306005C
:101040009FD3060000000000000000000000000028
:101050000000000000000000000000000000000090
:101060000000000000000000000000000000000080
:1010700079C8050010F606006A00000048F5060071
:101080000B000000796204000000000099C8050010
:10109000FFD4060017D40600000000000000000086
:1010A00069D5060035D506009FD50600D3D50600C4
:1010B000002000400200000000000000C0100700F7
:1010C00000200040CC10070001000000D4100700F1
:1010D000020000002B0000002C06020000000000AF
:1010E0000000000000000000000000000000000000
:1010F00000000000000000000000000000000000F0
:1011000027D7060049CC05000000000000000000C1
:10111000DBD60600E9C90500CBD6060087D8060055
:10112000000000004FD70600000000007DD7060039
:10113000A9D70600B3D70600EDD70600F9D70600F9
:10114000B3D70600DDD7060005D8060013D8060081
:1011500021D8060057D806005BD8060000300240B0
:1011600000000000000000FF00FF00000000000081
:101170000000000101000000BDD906008C1107002D
:10118000FFFFFFFF000000000000000000300240F1
:101190009811070001000000A011070003000000E3
:1011A0002D0008002F000A002E000C000000000097
:1011B0000000000031CF050045DA060048F50600C2
:1011C0001A00010048F506001E00010048F506005F
:1011D00006000100D66407000000000000000000C7
:1011E000B5DA0500F9DA06001DDB06000000000094
:1011F0000000000000000000EFDC0600E1E905004F
:10120000000000000000000093660700A1660700D0
:10121000B5660700C4660700D0660700E8F306005D
:10122000E8F3060060F4060070F4060020F50600FE
:1012300020F50600512563FCC2CAB9F3849E17A7A6
:10124000ADFAE6BCFFFFFFFFFFFFFFFF000000005D
:10125000FFFFFFFFAAAAAAAAAAAAAAAAAAAAAAAA9A
:101260005555555555555555555555550000000082
:1012700055555555522563FCC2CAB9F3849E17A72C
:10128000ADFAE6BCFFFFFFFFFFFFFFFF000000001D
:10129000FFFFFFFF512563FCC2CAB9F3849E17A765
:1012A000ADFAE6BCFFFFFFFFFFFFFFFF00000000FD
:1012B000FFFFFFFF96C298D84539A1F4A033EB2D6C
:1012C000817D0377F240A463E5E6BCF847422CE158
:1012D000F2D1176BF551BF376840B6CBCE5E316B9C
:1012E0005733CE2B169E0F7C4AEBE78E9B7F1AFE60
:1012F000E242E34F4B60D2273E3CCE3BF6B053CCAC
:10130000B0061D65BC86987655BDEBB3E7933AAA47
:10131000D835C65AFCFFFFFFFFFFFFFFFFFFFFFFAF
:1013200000000000000000000000000001000000BC
:10133000FFFFFFFFFF8FFFFFFF8FFFFFFE8FFFFF0E
:10134000FE8FFFFFFD8FFFFFFC8FFFFFFC8FFFFF76
:101350006D757465785F667265652063616C6C6538
:10136000642077697468204E554C4C20706172611E
:101370006D6574657200000043616E277420696EAC
:10138000697469616C697A65206D757465782C2063
:10139000776173204E554C4C0D0A00004661696C14
:1013A00020746F2061637175697265206D75746555
:1013B000780A00004661696C20746F20696E637260
:1013C0006561736520504D20636F756E7465720A98
:1013D000000000004661696C20746F2064656372D0
:1013E0006561736520504D20636F756E7465720A78
:1013F000000000004661696C20746F2072656C65A6
:10140000617365206D757465780A0000436F756CB3
:1014100064206E6F74206C6F636B20706F776572E1
:101420002073617665206D75746578004661696C1E
:1014300020746F20756E6C6F636B206D75746578AA
:101440000A0000006374782063616E6E6F7420621E
:1014500065204E554C4C00000A6374782069732057
:101460004E554C4C0A00000067E6096A85AE67BB22
:1014700072F36E3C3AF54FA57F520E518C68059B76
:10148000ABD9831F19CDE05BD89E05C107D57C364B
:1014900017DD703039590EF7310BC0FF1115586840
:1014A000A78FF964A44FFABE0123456789ABCDEF3E
:1014B000FEDCBA9876543210F0E1D2C3000000008E
:1014C00000000000000000000000000000000040DC
:1014D0009559695955555455155555560405154195
:1014E000105455404551554440455044505555457C
:1014F00000400040400444966555565545404554CB
:101500005141154055915555555540510501000023
:10151000544554544555050400100410140440006B
:1015200000000140555515415404000044000100DD
:1015300000000040410000445044455054005555BF
:1015400054556551004000400100000100050100B4
:101550001154515154555505000000000000000081
:1015600000000000000003280000022900000328FA
:1015700000000028000003280000022900000328C2
:101580000000002800002A2B00002A2B000003285E
:101590000000292B0000292B00000328000002294D
:1015A0000000052A0000052A000003280000011899
:1015B000000000280000042A0000042A000003287C
:1015C0000000A62A0000A62A000003280000012A25
:1015D0000000012A000003280000002A0000002A61
:1015E0000000032800000018000000280000F0FFA1
:1015F000F0FFF0FFEAFF74FFF0FFF0FFF0FFF0FFF5
:10160000EAFF0200040008001000010001000800C9
:10161000020004004572726F722077697468206559
:101620006E61626C696E672074686520626C7565B6
:10163000746F6F7468206D6F64756C6520286572B7
:10164000723A2025642900426C7565746F6F746866
:1016500020696E697469616C697A6564004C4544FF
:101660007320696E6974206661696C656420286501
:101670007272202564290A0041444320636F6E740E
:10168000726F6C6C65722064657669636520257382
:10169000206E6F7420726561647900436F756C64AD
:1016A000206E6F74207365747570206368616E6E50
:1016B000656C20232564202825642900436F756C00
:1016C00064206E6F7420726561642028256429008F
:1016D000494E4445583A202564202D2D2056414C32
:1016E00055453A2025640041444320494E49544120
:1016F0004C495A4154494F4E20444F4E450A0045EB
:10170000525220496E697469616C697A696E67200A
:101710004C5F5220646566696E65207377697463F7
:10172000683A2025640053776974636820526573B2
:10173000756C743A202564004552524F52206765FB
:101740007474696E67207374617465204C5F5220F5
:10175000646566696E65207377697463683A2025ED
:101760006400526967687420426F6F74205072651C
:1017700073656E74004C65667420426F6F74205000
:10178000726573656E74004552524F5220496E69FE
:10179000616C697A696E67204C5F52207061697272
:1017A000696E6720627574746F6E3A202564004517
:1017B00052524F5220496E7469616C697A696E6742
:1017C0002077726973742070616972696E67206234
:1017D0007574746F6E3A202564004561626C696EA1
:1017E000672074686520626C7565746F6F7468201B
:1017F0006D6F64756C6520746F2073746172740012
:10180000426C7565746F6F746820696E69742066C8
:1018100061696C6564202865727220256429005313
:10182000657474696E6773206C6F616420666169AA
:101830006C65642028657272202564290046616900
:101840006C656420746F20696E7469616C697A6577
:1018500064206E757320636C69656E740045525226
:101860004F5220554152542073657276696365204A
:10187000696E6974206572726F723A202564004740
:101880004E535320646576696365206973206E6FDB
:10189000742072656164790047505320444556496D
:1018A0004345204953205245414459005354415225
:1018B00054494E472054484520424C5545544F4FBB
:1018C000544820535441525420555020434F4E4EBB
:1018D000454354494F4E5300524947485420424FC4
:1018E0004F542050524553454E54005343414E4EA1
:1018F000494E4720464F52204C20626F6F74004182
:1019000064766572746973696E672072696768745A
:1019100020626F6F7420666F722070686F6E652032
:10192000636F6E6E656374696F6E004C454654203C
:10193000424F4F542050524553454E540041445657
:101940004552544953494E47204C20424F4F540072
:10195000496E20746865204C454654204252414EE1
:10196000434800496E207468652052494748542016
:101970004272616E636800626173655F7374617463
:10198000696F6E006C65645F636F6E74726F6C007C
:101990007075626C69630072616E646F6D00707562
:1019A000626C69632D69640072616E646F6D2D698C
:1019B0006400253032583A253032583A25303258B2
:1019C0003A253032583A253032583A2530325820AC
:1019D0002825732900436F6E6E6563746564206902
:1019E0006E20746865205363616E20436F6E6E6570
:1019F0006374696E672063616C6C6261636B0A007B
:101A000054686520436F6E6E656369746F6E2070F5
:101A10007472206973206E6F742073657420707205
:101A20006F7065726C7900426C7565746F6F746865
:101A300020436F6E6E656374696F6E2053756365C6
:101A4000737366756C6C0069735269676874426F72
:101A50006F743A20256400446973636F7665726918
:101A60006E67205541525420536572766963650054
:101A70004552524F52207768656E2055417274204E
:101A8000646973636F76657279004572726F722054
:101A90006F636375726564207768656E206469732F
:101AA000636F766572696E672074686520626C7515
:101AB00065746F6F746820736572766963657320EF
:101AC000286572723A2025642900446973636F6E39
:101AD0006E656374696F6E206F6363757265642EE3
:101AE00020286572723A2025642900536563757257
:101AF000697479206368616E6765643A2025732094
:101B00006C6576656C2025750A005365637572698E
:101B10007479206661696C65643A202573206C6570
:101B200076656C202575206572722025640A003167
:101B3000362D62697420555549443A203078253055
:101B400034780033322D62697420555549443A2067
:101B5000307825303878003132382D62697420555C
:101B60005549443A20257300526177203132382D8F
:101B700062697420555549443A2025303278253021
:101B8000327825303278253032782D25303278255C
:101B90003032782D25303278253032782D2530328C
:101BA00078253032782D253032782530327825303E
:101BB0003278253032782530327825303278005529
:101BC0006E737570706F727465642055554944204A
:101BD00074797065004C454420446973636F766581
:101BE000727920636F6D706C65746500466F756EF9
:101BF00064204C42532073657276696365004245E8
:101C0000464F524520746865204C425320646973E6
:101C1000636F7665722066756E6374696F6E0041DE
:101C20006674657220746865204C42532064697341
:101C3000636F7665722066756E6374696F6E0043BC
:101C40006861726163746572697374696320646941
:101C500073636F76657279206661696C65642028AC
:101C60006572723A2025642900466F756E642063A0
:101C700068617261637465726973746963207769FE
:101C8000746820555549443A2000466F756E6420AB
:101C90004C45442063686172616374657269737452
:101CA0006963004C454420636861726163746572C6
:101CB00069737469632068616E646C653A20257588
:101CC00000626C7565746F6F74685F636F6E7472B9
:101CD0006F6C004144435F436F6E74726F6C0045DC
:101CE00072726F722025643A206661696C656420A7
:101CF000746F20636F6E66696775726520627574B4
:101D0000746F6E206770696F2070696E2025640A99
:101D1000004572726F722025643A206661696C65B5
:101D20006420746F20636F6E6669677572652062E8
:101D30007574746F6E2063616C6C6261636B206F8D
:101D40006E2070696E2025640A004572726F7220E1
:101D5000616464696E672063616C6C6261636B20AF
:101D6000666F7220627574746F6E206368616E674F
:101D7000653A2028657272202564290A004572722E
:101D80006F722025643A206661696C656420746F07
:101D900020636F6E66696775726520737769746317
:101DA00068206770696F2070696E2025640A004999
:101DB0004E207468652050686F6E6520706169728E
:101DC0006E672063616C6C6261636B00494E2074C6
:101DD000686520424F4F542070616972696E6720B8
:101DE00063616C6C6261636B00427574746F6E5FEB
:101DF000436F6E74726F6C0055415254206461746D
:101E000061207375636365737366756C6C79207399
:101E1000656E7400546865205541525420636F6E9E
:101E20006E656374696F6E20697320737563636593
:101E3000737366756C005468652055415254206375
:101E40006F6E6E656374696F6E206661696C656440
:101E5000004E555320436C69656E7420496E697459
:101E6000696C61697A6169746F6E206661696C651D
:101E700064202865727220256429004E5553204342
:101E80006C69656E74206D6F64756C6520696E6930
:101E900074696C697A656400554152545F62745F7D
:101EA000636F6E74726F6C00536572766963652040
:101EB0006E6F7420666F756E64004C20426F6F7495
:101EC000205363616E205374617274656400556EB3
:101ED00061626C6520746F2073746F70207363612E
:101EE0006E6E696E6720286572723A20256429003B
:101EF0004C20426F6F742055554944207363616EC6
:101F00006E696E672066696C746572732063616EBA
:101F10006E6F74206265207365742028657272206C
:101F200025642900424F4152445F48414C4F5F4C69
:101F3000004C20426F6F74206E616D652073636189
:101F40006E6E696E672066696C746572732063617A
:101F50006E6E6F74206265207365742028657272DE
:101F6000202564290046696C746572732063616E74
:101F70006E6F74206265207475726E6564206F6E7A
:101F8000202865727220256429005363616E206DDC
:101F90006F64756C6520696E697469616C697A65D6
:101FA00064004C20426F6F74207363616E6E696EC3
:101FB00067206661696C656420746F207374617258
:101FC00074202865727220256429004572726F7230
:101FD000207768696C6520646973636F76657269E0
:101FE0006E67204741545420646174616261736577
:101FF0003A20282564290043616E6E6F7420737443
:10200000617274206F70656E2061647665727469A8
:1020100073696E6720286572723A202564290A0068
:102020004164766572746973696E6720696E2070A9
:10203000616972696E67206D6F6465207374617287
:102040007465640043616E6E6F742073746F7020EA
:102050006164766572746973696E67206572723D3A
:10206000202564200A004572726F722053756273D6
:10207000726962696E6720746F20746865205541CB
:102080005254206E6F74696966636174696F6E0083
:1020900055415254205365727669636520646973B3
:1020A000636F7665727920636F6D706C65746564BB
:1020B000004E414D453A20002563004661696C653C
:1020C0006420746F20436F6E6E6563740A00436F03
:1020D000756C64206E6F7420737461727420746800
:1020E0006520646973636F766572792070726F63BF
:1020F0006564757265202865727220256429006206
:102100006F6F745F62745F636F6E74726F6C0047A1
:102110004E535320574F524B494E47004C6F63610B
:1021200074696F6E3A204C617469747564653A2005
:10213000252E36662C204C6F6E6769747564653A7F
:1021400020252E36662C2054696D653A20253032C4
:10215000643A253032643A25303264205554432C99
:102160002053706565643A20252E3266206D6D2FF0
:1021700073004E4F204649580067707300494D5513
:1021800020646576696365206973206E6F742072C0
:102190006561647900494D552044455649434520C1
:1021A0004D65674953205245414459004572726F4D
:1021B00072206665746368696E6720616363656C2D
:1021C00065726F6D6574657220646174613A202573
:1021D00064004572726F722067657474696E67205F
:1021E000616363656C65726F6D65746572205820FC
:1021F0006368616E6E656C3A202564004572726F8B
:10220000722067657474696E6720616363656C65CD
:10221000726F6D657465722059206368616E6E65BA
:102220006C3A202564004572726F72206765747481
:10223000696E6720616363656C65726F6D65746557
:1022400072205A206368616E6E656C3A20256400C6
:102250004572726F72206665746368696E67206785
:1022600079726F73636F706520646174613A2025C1
:1022700064004572726F722067657474696E6720BE
:102280006779726F73636F70652058206368616E41
:102290006E656C3A202564004572726F7220676526
:1022A0007474696E67206779726F73636F706520ED
:1022B00059206368616E6E656C3A20256400457232
:1022C000726F722067657474696E67206779726FC8
:1022D00073636F7065205A206368616E6E656C3A37
:1022E00020256400696D750043616E6E6F74207304
:1022F00074617274206F70656E20616476657274AB
:102300006973696E6720666F722070686F6E6520F2
:10231000636F6E6E656374696F6E286572723A20C2
:102320002564290A004164766572746973696E6771
:1023300020666F722050686F6E6520436F6E6E6509
:102340006374696F6E205374617274656400424FE8
:102350004152445F48414C4F5F52006970686F6E54
:10236000655F62745F636F6E6E65637400554152A2
:1023700054202D2D3E20313A20256420323A20254C
:102380006420333A20256420343A202564004572C5
:10239000726F7220554152542053656E643A202565
:1023A00064006C6566745F626F6F745F6F706572F6
:1023B0006174696F6E00436F756C64206E6F74207A
:1023C0007265616420414443206461746120282562
:1023D0006429004661696C656420746F20747261C1
:1023E0006E736D6974206F76657220426C756574CA
:1023F0006F6F746820282564290072696768745FAC
:10240000626F6F745F6F7065726174696F6E0000E8
:10241000070E091C1B1215383F363124232A2D289C
:10242000756E7369676E6564292063686172202A1E
:10243000207573656420666F722025257020617297
:1024400067756D656E742E204974277320726563FD
:102450006F6D6D656E64656420746F206361737465
:1024600020697420746F20766F6964202A20626569
:102470006361757365206974206D6179206361758E
:102480007365206D69736265686176696F72206932
:102490006E206365727461696E20636F6E66696732
:1024A00075726174696F6E732E20537472696E67F2
:1024B0003A2225732220617267756D656E743A2524
:1024C000640063627072696E74665F7061636B61F1
:1024D0006765004E5653206E6F7420696E6974698B
:1024E000616C697A656400436F756C64206E6F740B
:1024F000206F627461696E20666C61736820706120
:1025000072616D657465727300556E737570706F6E
:102510007274656420777269746520626C6F636B96
:102520002073697A6500556E61626C6520746F2056
:10253000676574207061676520696E666F00496E1B
:1025400076616C696420736563746F722073697A55
:102550006500436F6E66696775726174696F6E209E
:102560006572726F72202D20736563746F722063C1
:102570006F756E7400256420536563746F727320E9
:102580006F6620256420627974657300616C6C6FDE
:1025900063207772613A2025642C202578006461DD
:1025A0007461207772613A2025642C202578004ED2
:1025B0006F20474320446F6E65206D61726B6572BA
:1025C00020666F756E643A20726573746172746907
:1025D0006E6720676300474320446F6E65206D611E
:1025E000726B657220666F756E640066735F6E76DF
:1025F00073006C6F6767696E67006C6F67006C6F64
:10260000675F6D676D74004D657373616765202842
:1026100022257322292064726F70706564206265C0
:10262000636175736520697420657863656564739B
:102630002073697A65206C696D69746174696F6E65
:102640002028257529000D0A001B5B306D002573BD
:1026500020005B2530386C755D20005B25303275BD
:102660003A253032753A253032752E253033752CA7
:10267000253033755D200025732F003C25733E20E7
:102680000025733A200025303278200020202000D9
:102690007C00206D657373616765732064726F7071
:1026A000706564202D2D2D0D0A1B5B306D001B5BAA
:1026B000313B33316D2D2D2D20001B5B313B3331F0
:1026C0006D001B5B313B33336D0077726E00696EBA
:1026D0006600646267006C6F675F6261636B656E62
:1026E000645F75617274006C6F675F75617274000E
:1026F000456E64706F696E742030782530327820B2
:10270000697320696E76616C696400456E64706FF0
:10271000696E742030782530327820616C72656182
:1027200064792064697361626C6564004661696CF8
:10273000656420746F2064697361626C6520656EE6
:1027400064706F696E74203078253032780053657C
:10275000742068616C742065702030782530327880
:1027600000436C6561722068616C74206570203074
:10277000782530327800456E64706F696E74203051
:10278000782530327820616C726561647920636FDE
:102790006E66696775726564004661696C65642080
:1027A000746F20636F6E66696775726520656E640D
:1027B000706F696E742030782530327800456E6411
:1027C000706F696E742030782530327820616C72B9
:1027D0006561647920656E61626C6564004661695B
:1027E0006C656420746F20656E61626C6520656E37
:1027F00064706F696E7420307825303278004661DD
:10280000696C656420746F20777269746520656EE9
:1028100064706F696E7420627566666572203078C8
:102820002530327800526571756573742062756663
:1028300066657220746F6F20736D616C6C00555308
:10284000422064657669636520737570706F727479
:1028500020616C726561647920656E61626C65648B
:10286000004661696C656420746F20636F6E6669F1
:1028700067757265205553422064657669636520EB
:10288000737461636B004572726F6E656F75732050
:102890006465766963652064657363726970746FDB
:1028A00072206F7220624D61785061636B65745362
:1028B000697A6530007573625F6465766963650087
:1028C0003031323334353637383941424344454666
:1028D000005468657265206973206E6F207573629D
:1028E0005F6366675F6461746120666F7220257044
:1028F00000556E696E697469616C697A65642075EA
:1029000073625F6366675F6461746120706F696E94
:102910007465722C20636F727275707465642064C4
:1029200065766963652064657363726970746F723C
:102930003F004661696C656420746F2076616C6944
:102940006461746520656E64706F696E7473007481
:102950006865206E657720534E20646573637269E5
:1029600070746F7220646F65736E2774206861766F
:1029700065207468652073616D65206C656E677491
:102980006820617320434F4E4649475F5553425F6D
:102990004445564943455F534E00496E636F6D7021
:1029A0006C6574652064657669636520646573632E
:1029B000726970746F72004661696C656420746F2F
:1029C0002066697875702055534220646573637280
:1029D0006970746F72007573625F646573637269A6
:1029E00070746F72005472616E73666572206572E6
:1029F000726F722025642C2065702030782530326B
:102A0000780052582064617461206C6F73742C20BC
:102A10006E6F207472616E73666572004E6F207403
:102A200072616E7366657220736C6F74206176617B
:102A3000696C61626C650041207472616E736665D9
:102A40007220697320616C7265616479206F6E67B2
:102A50006F696E672C2065702030782530327800E1
:102A60007573625F7472616E73666572006364632E
:102A70002D61636D2D7561727400757362776F726D
:102A80006B71007365742D76616C75652066616984
:102A90006C7572652E206B65793A202573206572FE
:102AA000726F7228256429002A2A2A20426F6F74C7
:102AB000696E67206E524620436F6E6E65637420A8
:102AC00053444B2076322E372E302D356362383505
:102AD00035373063613433202A2A2A0A002A2A2A09
:102AE000205573696E67205A6570687972204F535C
:102AF0002076332E362E39392D31303062656663BB
:102B00003730633734202A2A2A0A00556E737570CD
:102B1000706F7274656420555549442074797065EE
:102B20002E00556E696E697469616C697A656420FE
:102B3000555549442E004E6F2073706163652066C1
:102B40006F72206120555549442E004E6F207370DE
:102B500061636520666F72206E65772061747472A0
:102B600069627574652E004E6F2073706163652015
:102B7000666F722061747472696275746520646135
:102B800074612E00556E65787065637465642063AA
:102B90006F6E6E206F626A6563742E2041626F7281
:102BA00074696E672E004E6F7420656E6F7567686E
:102BB000206D656D6F727920666F72207365727615
:102BC000696365206174747269627574652E004E64
:102BD0006F7420656E6F756768206D656D6F7279B3
:102BE00020666F7220736572766963652061747404
:102BF00072696275746520646174612E0044657346
:102C000063726970746F7220646973636F76657242
:102C1000206661696C65642C206572726F723A205F
:102C200025642E0043686172616374657269737410
:102C3000696320646973636F766572206661696C8D
:102C400065642C206572726F723A2025642E004EE6
:102C50006F7420656E6F756768206D656D6F727932
:102C600020666F72206E6578742061747472696278
:102C70007574652064657363726970746F72206126
:102C8000742068616E646C652025752E004469733C
:102C9000636F766572206661696C65642C2065726D
:102CA000726F723A2025642E0004081162745F6707
:102CB0006174745F646D000204106E72665F62740A
:102CC0005F7363616E00029ECADC240EE5A9E09387
:102CD000F3A3B50200406E029ECADC240EE5A9E013
:102CE00093F3A3B50200406E029ECADC240EE5A950
:102CF000E093F3A3B50300406E029ECADC240EE508
:102D0000A9E093F3A3B50300406E029ECADC240E33
:102D1000E5A9E093F3A3B50100406E62745F6E75A0
:102D200073004D697373696E67204E555320545874
:102D30002063686172616374657269737469632E7C
:102D4000004D697373696E67204E555320545820A7
:102D500076616C75652064657363726970746F72F7
:102D600020696E206368617261637465726973744F
:102D700069632E004D697373696E67204E55532049
:102D800054582043434320696E2063686172616335
:102D900074657269737469632E004D697373696E2B
:102DA00067204E55532052582063686172616374E6
:102DB000657269737469632E004D697373696E6718
:102DC000204E55532052582076616C7565206465FD
:102DD0007363726970746F7220696E2063686172C8
:102DE000616374657269737469632E0053756273ED
:102DF0006372696265206661696C6564202865722A
:102E00007220256429006E75735F63000223D1BCB4
:102E1000EA5F782315DEEF1212251500000223D198
:102E2000BCEA5F782315DEEF12122515000002239D
:102E3000D1BCEA5F782315DEEF12122415000002E0
:102E400023D1BCEA5F782315DEEF121224150000AF
:102E50000223D1BCEA5F782315DEEF12122315009E
:102E60000062745F6C627300637C777BF26B6FC58A
:102E70003001672BFED7AB76CA82C97DFA5947F07D
:102E8000ADD4A2AF9CA472C0B7FD9326363FF7CC59
:102E900034A5E5F171D8311504C723C31896059AF6
:102EA000071280E2EB27B27509832C1A1B6E5AA019
:102EB000523BD6B329E32F8453D100ED20FCB15B04
:102EC0006ACBBE394A4C58CFD0EFAAFB434D33856D
:102ED00045F9027F503C9FA851A3408F929D38F541
:102EE000BCB6DA2110FFF3D2CD0C13EC5F97441778
:102EF000C4A77E3D645D197360814FDC222A9088EF
:102F000046EEB814DE5E0BDBE0323A0A4906245C7A
:102F1000C2D3AC629195E479E7C8376D8DD54EA9DF
:102F20006C56F4EA657AAE08BA78252E1CA6B4C6AB
:102F3000E8DD741F4BBD8B8A703EB5664803F60E04
:102F4000613557B986C11D9EE1F8981169D98E94F3
:102F50009B1E87E9CE5528DF8CA1890DBFE642680C
:102F600041992D0FB054BB166D757465785F696E0D
:102F700069742063616C6C65642077697468204EA5
:102F8000554C4C20706172616D6574657200436FC1
:102F9000756C64206E6F7420616C6C6F6361746516
:102FA000206D75746578206265666F726520696E44
:102FB000697469616C697A696E670072302F61317A
:102FC0003A2020307825303878202072312F613235
:102FD0003A2020307825303878202072322F613323
:102FE0003A20203078253038780072332F61343A17
:102FF0002020307825303878207231322F69703AAD
:103000002020307825303878207231342F6C723A95
:1030100020203078253038780020787073723A207C
:1030200020307825303878004661756C74696E6799
:1030300020696E737472756374696F6E2061646465
:103040007265737320287231352F7063293A2030EE
:10305000782530387800556E68616E646C65642040
:103060004952516E3A202564002A2A2A2A2A2042EF
:103070005553204641554C54202A2A2A2A2A0020FA
:1030800020537461636B696E67206572726F7200A2
:103090002020556E737461636B696E672065727270
:1030A0006F720020205072656369736520646174DB
:1030B0006120627573206572726F72002020424633
:1030C000415220416464726573733A2030782578E8
:1030D000002020496D7072656369736520646174B6
:1030E0006120627573206572726F72002020496ED4
:1030F000737472756374696F6E2062757320657284
:10310000726F72002020466C6F6174696E672D705B
:103110006F696E74206C617A7920737461746520B4
:10312000707265736572766174696F6E2065727214
:103130006F72002A2A2A2A2A2055534147452046E1
:1031400041554C54202A2A2A2A2A002020446976F4
:103150006973696F6E206279207A65726F00202032
:10316000556E616C69676E6564206D656D6F72790F
:10317000206163636573730020204E6F20636F705E
:10318000726F636573736F7220696E7374727563A7
:1031900074696F6E73002020496C6C6567616C20E8
:1031A0006C6F6164206F66204558435F52455455EB
:1031B000524E20696E746F205043002020496C6C81
:1031C0006567616C20757365206F66207468652083
:1031D00045505352002020417474656D7074207402
:1031E0006F206578656375746520756E64656669C2
:1031F0006E656420696E737472756374696F6E00B6
:103200002A2A2A2A2A204D5055204641554C54201E
:103210002A2A2A2A2A002020537461636B696E6768
:10322000206572726F722028636F6E7465787420E7
:1032300061726561206D69676874206265206E6FD8
:10324000742076616C6964290020204461746120D7
:103250004163636573732056696F6C6174696F6E47
:103260000020204D4D4641522041646472657373C5
:103270003A2030782578002020496E737472756387
:1032800074696F6E204163636573732056696F6C58
:103290006174696F6E00526573657276656420456E
:1032A0007863657074696F6E202800537075726959
:1032B0006F757320696E7465727275707420284919
:1032C00052512000535053454C20696E207468724F
:1032D000656164206D6F646520646F6573206E6F37
:1032E0007420696E64696361746520505350002ACC
:1032F0002A2A2A2A2048415244204641554C54202B
:103300002A2A2A2A2A002020427573206661756CB9
:1033100074206F6E20766563746F72207461626CC6
:1033200065207265616400202044656275672065D0
:1033300076656E740020204661756C742065736339
:10334000616C6174696F6E20287365652062656CBD
:103350006F772900415243485F45584345505420F8
:103360007769746820726561736F6E2025780A0032
:103370002A2A2A2A2A204465627567206D6F6E69A1
:10338000746F7220657863657074696F6E202A2A85
:103390002A2A2A002A2A2A2A2A2025732025642953
:1033A000202A2A2A2A2A006D7075004661696C65F8
:1033B0006420746F20616C6C6F63617465206E654E
:1033C00077204D505520726567696F6E2025750A0C
:1033D00000506172746974696F6E2025753A2073AC
:1033E000616E69747920636865636B206661696CDE
:1033F00065642E00464C4153485F30005352414DA6
:103400005F3000000001000000736F630000FFFFE9
:10341000FFFFFFFF00000000000000FFFFFFFFFFB5
:10342000FF000000000000303132333435363738C9
:10343000396162636465660062745F72706100493D
:103440006E73756666696369656E74206E756D620C
:103450006572206F6620617267756D656E747300AA
:1034600049676E6F72696E67206964656E7469740E
:103470006965732073746F72656420696E20666C71
:1034800061736800496E76616C6964206C656E6773
:103490007468204944206164647265737320696EA6
:1034A0002073746F726167650069726B00496E7694
:1034B000616C6964206C656E6774682049524B20AA
:1034C000696E2073746F726167650062742F257373
:1034D0002F25303278253032782530327825303239
:1034E00078253032782530327825752F25730062A3
:1034F000742F25732F2530327825303278253032DD
:1035000078253032782530327825303278257500AC
:1035100073657474696E67735F7375627379735FD3
:10352000696E6974206661696C65642028657272D1
:10353000202564290062742F2573004661696C653B
:103540006420746F20736176652049442028657279
:103550007220256429004661696C656420746F20BF
:10356000736176652049524B20286572722025646C
:103570002900556E61626C6520746F2073657475E7
:103580007020616E206964656E746974792061646D
:1035900064726573730062740062745F736574743F
:1035A000696E6773004254204C57205751002530F4
:1035B00038782D253034782D253034782D25303449
:1035C000782D25303878253034780002FB349B5F25
:1035D0008000008000100000000000006D616C663B
:1035E0006F726D6564206164766572746973696E6B
:1035F000672064617461202575202F202575006285
:10360000745F646174610044617461206275666610
:103610006572206F766572666C6F7720286C696EB4
:103620006B20747970652030782530327829005409
:103630006F6F20736D616C6C202825752062797422
:10364000657329206576656E742030782530327870
:1036500000556E61626C6520746F206C6F6F6B201B
:10366000757020636F6E6E20776974682068616E74
:10367000646C6520257500556E61626C6520746F01
:10368000206C6F6F6B757020636F6E6E20666F724B
:103690002068616E646C65202575004861726477EE
:1036A000617265206572726F722C20686172647736
:1036B00061726520636F64653A20256400436F750D
:1036C0006C64206E6F74207375626D6974207278FB
:1036D0005F776F726B3A20256400556E61626C658E
:1036E00020746F20616C6C6F636174652062756615
:1036F00066657200556E68616E646C6564207665FF
:103700006E646F722D737065636966696320657698
:10371000656E743A20257300556E68616E646C6541
:1037200064206576656E7420307825303278206CA0
:10373000656E2025753A20257300496E76616C69A7
:1037400064204843492041434C207061636B657499
:103750002073697A6520282575290041434C20642F
:10376000617461206C656E677468206D69736D614A
:103770007463682028257520213D20257529005572
:103780006E61626C6520746F2066696E6420636F81
:103790006E6E20666F722068616E646C65202575A0
:1037A00000496E76616C69642048434920657665FE
:1037B0006E742073697A6520282575290057455352
:1037C000545F544F504449522F7A65706879722F74
:1037D0007375627379732F626C7565746F6F74683B
:1037E0002F686F73742F6863695F636F72652E63F0
:1037F0000062745F6863695F6576745F6765745FB4
:10380000666C616773286864722D3E657674292042
:1038100026202831554C203C3C20283129290041C4
:103820005353455254494F4E204641494C205B2545
:10383000735D20402025733A25640A00556E6B6E37
:103840006F776E206275662074797065202575002B
:103850004E6F20636F6D6D616E642073656E7420B2
:10386000666F7220636D6420636F6D706C65746544
:1038700020307825303478004F70436F64652030F5
:10388000782530347820636F6D706C6574656420C2
:10389000696E7374656164206F6620657870656316
:1038A0007465642030782530347800556E65787002
:1038B000656374656420484F53545F4E554D5F43B4
:1038C0004F4D504C455445445F5041434B45545334
:1038D000202873746174757320307825303278290C
:1038E00000657674206E756D5F68616E646C6573DB
:1038F00020283D25752920746F6F206C61726765E3
:1039000020282575203E20257529004E6F20636FE5
:103910006E6E656374696F6E20666F722068616E8B
:10392000646C65202575007061636B65747320633A
:103930006F756E74206D69736D6174636800657274
:1039400072203D3D20300009636F6D6D616E642013
:103950006F70636F64652030782530347820746927
:103960006D656F75742077697468206572722025A3
:10397000640A006F70636F64652030782530347896
:103980002073746174757320307825303278004666
:1039900061696C656420746F207265616420444CB9
:1039A00045206D61782064617461206C656E0074DF
:1039B000785F6F637465747320657863656564739D
:1039C000207468652076616C69642072616E676539
:1039D0002025750074785F74696D6520657863656E
:1039E000656473207468652076616C696420726117
:1039F0006E6765202575004E6F2070656E64696E78
:103A000067207065726970686572616C20636F6EA3
:103A10006E656374696F6E004E6F2070656E6469C9
:103A20006E672063656E7472616C20636F6E6E6585
:103A30006374696F6E00556E657870656374656454
:103A40002073746174757320307825303278004E9D
:103A50006F2070656E64696E6720636F6E6E20669E
:103A60006F722070656572202573004661696C6510
:103A70006420726561642072656D6F74652066658F
:103A80006174757265732028256429004661696C2C
:103A90006564204C452053657420504859202825E2
:103AA0006429004661696C656420746F20736574D5
:103AB0002064617461206C656E20282564290046AD
:103AC00061696C656420746F207365742072657120
:103AD0007569726564207365637572697479206CA9
:103AE0006576656C004E6F206368616E6765207453
:103AF0006F20656E6372797074696F6E2073746184
:103B000074652028656E6372797074203078253072
:103B100032782900756E6B6E6F776E00556E61623C
:103B20006C6520746F2073656E6420746F206472FE
:103B300069766572202865727220256429004F75A8
:103B400074206F6620636F6D6D616E6420627566B0
:103B50006665727300556E636C6561726564207092
:103B6000656E64696E672073656E745F636D640073
:103B7000556E6578706563746564206B5F706F6CFB
:103B80006C206576656E742073746174652025758C
:103B9000006576745F666C61677320262028315556
:103BA0004C203C3C202830292900496E76616C6904
:103BB00064206275662074797065202575005B301D
:103BC0005D004964656E7469747925733A202573C4
:103BD000004964656E746974795B25645D3A2025DB
:103BE00073004843493A2076657273696F6E2025E9
:103BF00073202830782530327829207265766973F1
:103C0000696F6E203078253034782C206D616E75A8
:103C1000666163747572657220307825303478007F
:103C20004C4D503A2076657273696F6E2025732073
:103C300028307825303278292073756276657220B5
:103C4000307825303478004E6F2049442061646418
:103C5000726573732E20417070206D7573742063CC
:103C6000616C6C2073657474696E67735F6C6F61EF
:103C7000642829004E6F6E2D4C452063617061628F
:103C80006C6520636F6E74726F6C6C657220646516
:103C9000746563746564210041434C2042522F4592
:103CA00044522062756666657273206E6F74206977
:103CB0006E697469616C697A65640056656E646FDB
:103CC000722048434920657874656E73696F6E731E
:103CD000206E6F7420617661696C61626C6500486A
:103CE0005720506C6174666F726D3A2025732028DE
:103CF0003078253034782900485720566172696140
:103D00006E743A20257320283078253034782900C5
:103D10004669726D776172653A2025732028307884
:103D200025303278292056657273696F6E202575AB
:103D30002E2575204275696C6420257500466169E1
:103D40006C656420746F2072656164207375707097
:103D50006F727465642076656E646F7220636F6D38
:103D60006D616E6473004661696C656420746F20D8
:103D70007265616420737570706F7274656420760B
:103D8000656E646F72206665617475726573004E4E
:103D90006F204843492064726976657220726567B6
:103DA000697374657265640042542054580042542B
:103DB0002052582057510048434920647269766563
:103DC00072206F70656E206661696C6564202825BD
:103DD000642900424F4152445F48414C4F5F4D417E
:103DE000524B3100000909090901020909090909B1
:103DF0000909090909090709090909090609090938
:103E0000090909090909090909090909090591FBAC
:103E1000FBF3F4FBFBFBFBEA312E306200312E3169
:103E200000312E3200322E3000322E3100332E304F
:103E300000342E3000342E3100342E3200352E3036
:103E400000352E3100352E3200352E3300352E341C
:103E5000005374616E6461726420426C7565746FA6
:103E60006F746820636F6E74726F6C6C657200564D
:103E7000656E646F72207370656369666963206341
:103E80006F6E74726F6C6C6572004669726D7761EB
:103E90007265206C6F61646572005265736375654D
:103EA00020696D616765007265736572766564008F
:103EB0006E5246353178006E5246353278006E5279
:103EC00046353378006E524635344878006E524697
:103ED00035344C7800496E74656C20436F72706F96
:103EE000726174696F6E004E6F726469632053650E
:103EF0006D69636F6E647563746F72004E58502005
:103F000053656D69636F6E647563746F727300627D
:103F1000745F6863695F636F7265004E5250412041
:103F20006E6F7420737570706F727465642077683B
:103F3000656E2042545F505249564143593D7900C5
:103F4000636D6420646973616C6C6F7765640046AF
:103F500061696C656420746F2064697361626C656B
:103F60002061646472657373207265736F6C75741D
:103F7000696F6E005265736F6C76696E67206C694D
:103F800073742073697A6520657863656564656418
:103F90002E20537769746368696E6720746F206898
:103FA0006F73742E004661696C656420746F2063C2
:103FB0006C656172207265736F6C7574696F6E20C9
:103FC0006C697374004661696C656420746F20616C
:103FD00064642049524B20746F20636F6E74726F5B
:103FE0006C6C6572005365742070726976616379D8
:103FF000206D6F646520636F6D6D616E6420697301
:10400000206E6F7420737570706F727465640046F3
:1040100061696C656420746F2073657420707269C7
:1040200076616379206D6F64650044697361626CC9
:10403000696E672061646472657373207265736F63
:104040006C7574696F6E206661696C6564202865A3
:10405000727220256429004661696C656420746F62
:104060002072656D6F76652049524B2066726F6DC8
:1040700020636F6E74726F6C6C6572004661696C60
:10408000656420746F2075706461746520525041BE
:1040900020616464726573732028256429004F6E63
:1040A0006C792072616E646F6D20737461746963E2
:1040B000206964656E7469747920616464726573E3
:1040C0007320737570706F7274656400496E7661E9
:1040D0006C696420696E70757420706172616D65C1
:1040E00074657273004661696C656420746F207238
:1040F000656164207075626C6963206164647265D7
:104100007373004661696C656420746F2072656129
:1041100064206964656E7469747920726F6F7400CD
:1041200052656164205374617469632041646472F0
:10413000657373657320636F6D6D616E64206E6F60
:104140007420617661696C61626C65004661696CBE
:10415000656420746F207265616420737461746992
:104160006320616464726573736573004E6F2073BE
:10417000746174696320616464726573736573202C
:1041800073746F72656420696E20636F6E74726FF2
:104190006C6C65720043616E2774207365742062D5
:1041A0006F7468204944454E544954592026204E86
:1041B0005250410062745F696400546F6F206269FD
:1041C00067206164766572746973696E67206461E3
:1041D0007461004661696C656420746F207374615A
:1041E00072742061647665727469736572004661E9
:1041F000696C656420746F2073746F7020616476DD
:104200006572746973696E673A20256400436F6E46
:1042100074726F6C6C65722063616E6E6F74207265
:104220006573756D6520636F6E6E65637461626C36
:1042300065206164766572746973696E67202825EC
:1042400064290062745F61647600556E65787065FC
:104250006374656420656E64206F662062756666AF
:10426000657200030502000A454343204843492084
:10427000636F6D6D616E6473206E6F742061766123
:10428000696C61626C650043616C6C6261636B2098
:10429000616C7265616479207265676973746572B7
:1042A00065640053656E64696E67204C452050322A
:1042B0003536205075626C6963204B657920636FD9
:1042C0006D6D616E64206661696C6564004661694C
:1042D0006C656420746F2067656E6572617465201B
:1042E00044484B657920286572722025642900E6D0
:1042F0009D350E480103CCDBFDF4AC1191F4EFB910
:10430000A5F9E9A7832C5E2CBE97F2D203B0208BCF
:10431000D28915D08E1C742430ED8FC24563765C33
:1043200015525ABF9A32636DEB2A65499C80DC6254
:10433000745F65636300556E65787065637465646A
:10434000206669727374204C32434150206672615A
:104350006D6500556E6578706563746564204C32D8
:1043600043415020636F6E74696E756174696F6E3E
:10437000004E6F7420656E6F7567682062756666A3
:10438000657220737061636520666F72204C3243E2
:104390004150206461746100556E65787065637486
:1043A00065642041434C20666C6167732028307837
:1043B00025303278290041434C206C656E206D69B0
:1043C000736D6174636820282575203E202575294A
:1043D0000062756620676976656E20746F20636F72
:1043E0006E6E20686173206F7468657220726566F6
:1043F00073006E6F7420656E6F75676820726F6FE3
:104400006D20696E20757365725F6461746120252B
:1044100064203C20256420706F6F6C202575006E31
:104420006F7420636F6E6E65637465642100446908
:1044300073636F6E6E6563746564207768696C651D
:1044400020616C6C6F636174696E6720636F6E745A
:104450006578740028756E6B6E6F776E29006E6FCD
:10446000207472616E736974696F6E2025730049E0
:104470006E76616C69642028257529206F6C642034
:10448000737461746500636F6E6E202570206661C1
:10449000696C656420746F2065737461626C697304
:1044A000682E205246206E6F6973653F006E6F2044
:1044B00076616C69642028257529207374617465A0
:1044C000207761732073657400696E636F6D70612E
:1044D0007469626C652068616E646C652025750086
:1044E000556E61626C6520746F20616C6C6F6361E6
:1044F0007465206275666665722077697468696E96
:104500002074696D656F757400466F756E642076F2
:10451000616C696420636F6E6E656374696F6E2091
:104520002825702920776974682061646472657336
:104530007320257320696E20257320737461746560
:10454000200053656E64204C4520706172616D20BF
:10455000757064617465206661696C6564202865A6
:104560007272202564290053656E64206175746F32
:10457000204C4520706172616D20757064617465B6
:10458000206661696C656420286572722025642943
:1045900000574553545F544F504449522F7A657029
:1045A0006879722F7375627379732F626C75657495
:1045B0006F6F74682F686F73742F636F6E6E2E63E6
:1045C00000646973636F6E6E65637465640064692B
:1045D00073636F6E6E6563742D636F6D706C65745D
:1045E00065007363616E2D6265666F72652D696E1D
:1045F0006974696174696E6700696E697469617470
:10460000696E672D66696C7465722D6C69737400D0
:104610006164762D636F6E6E65637461626C6500B4
:104620006164762D6469722D636F6E6E656374616B
:10463000626C6500646973636F6E6E656374696E46
:10464000670062745F636F6E6E00556E61626C65C9
:1046500020746F20616C6C6F636174652062756695
:1046600066657220666F72206F7020307825303258
:1046700078004E6F20617661696C61626C65204CD8
:104680003243415020636F6E7465787420666F7298
:1046900020636F6E6E202570004C32434150206CB9
:1046A000656E677468206D69736D61746368202836
:1046B000257520213D2025752900496E76616C699C
:1046C00064206964656E742076616C756520696E1E
:1046D000204C324341502050445500546F6F20739A
:1046E0006D616C6C204C4520636F6E6E2070617242
:1046F000616D2072737000546F6F20736D616C6C0C
:10470000204C4520636F6E6E207570646174652067
:10471000706172616D20726571004E6F7420636FFD
:104720006E6E65637465640052656A656374696E74
:104730006720756E6B6E6F776E204C324341502050
:1047400050445520636F64652030782530327800FE
:10475000546F6F20736D616C6C204C32434150205C
:104760007369676E616C696E672050445500546FC1
:104770006F20736D616C6C204C324341502050446B
:10478000552072656365697665640049676E6F726E
:10479000696E67206461746120666F7220756E6B4C
:1047A0006E6F776E206368616E6E656C2049442081
:1047B00030782530347800636F6E66696700627404
:1047C0005F6C32636170004E6F20617661696C616D
:1047D000626C652041545420636F6E746578742058
:1047E000666F7220636F6E6E202570004E6F2061C1
:1047F0007661696C61626C65204154542063686124
:104800006E6E656C20666F7220636F6E6E20257011
:1048100000415454204D54552065786365656465A6
:10482000642C206D61782025752C2077616E74656D
:104830006420257A7500556E61626C6520746F2066
:1048400063726561746520555549443A2073697AED
:104850006520257500556E61626C6520746F20635C
:10486000726561746520555549443A2073697A65CB
:1048700020256400415454206368616E6E656C208D
:104880006E6F7420636F6E6E65637465640045724D
:10489000726F72207369676E696E672064617461FC
:1048A0000052616E206F7574206F6620545820622C
:1048B000756666657273206F7220636F6E746578BB
:1048C00074732E00476F74206572722025642C204B
:1048D0006E6F742063616C6C696E67204154542064
:1048E000636200546F6F20736D616C6C204154548F
:1048F0002050445520726563656976656400556E85
:1049000068616E646C65642041545420636F646513
:104910002030782530327800496E76616C696420E9
:104920006C656E20257520666F7220636F6465204C
:1049300030782530327800556E61626C6520746F76
:104940002066696E6420415454206368616E6E6510
:104950006C004E6F20415454206368616E6E656C2C
:1049600020666F72204D545520257A75004E6F20B9
:1049700070656E64696E672041545420726571756C
:10498000657374004154542054696D656F757420CB
:10499000666F7220646576696365202573006274B2
:1049A0005F617474004661696C656420746F206493
:1049B00065636F64652076616C7565202865727229
:1049C00020257A6429004661696C656420746F2033
:1049D000736176652044617461626173652048612A
:1049E00073682028657272202564290077726974C3
:1049F000652063616C6C6261636B20697320646520
:104A000070726563617465642C20757365207375BD
:104A10006273637269626520636220696E73746594
:104A20006164006661696C656420746F2073746FE3
:104A30007265205343202865727220256429007511
:104A40006E61626C6520746F2073617665205343DC
:104A50003A206E6F20636667206C65667400496E4D
:104A600076616C6964206B6579006661696C656468
:104A700020746F2064656C6574652053432028653D
:104A8000727220256429004661696C656420746F28
:104A900020636C65617220534320256400556E616C
:104AA000626C6520746F206465636F646520616467
:104AB000647265737320257300496E76616C696456
:104AC000206C6F63616C206964656E746974792011
:104AD000256C7500556E61626C6520746F2072657F
:104AE00073746F72652053433A206E6F206366675C
:104AF000206C656674004E6F20737061636520746E
:104B00006F2073746F7265204343432063666700B0
:104B10004E6F20737061636520746F2073746F72C1
:104B20006520436C69656E7420537570706F727484
:104B3000656420466561747572657300556E6162C7
:104B40006C6520746F20726573746F7265204346C4
:104B50003A206E6F20636667206C65667400436858
:104B6000616E67652D61776172652073746174751C
:104B700073206E6F7420666F756E6420696E20738B
:104B8000657474696E67732C2064656661756C74F6
:104B9000696E672070656572207374617475732027
:104BA000746F206368616E67652D756E61776172E1
:104BB000650052656164206261636B2062616420FC
:104BC0006368616E67652D61776172652076616CDF
:104BD00075653A20307825782C2064656661756C9F
:104BE00074696E6720706565722073746174757383
:104BF00020746F206368616E67652D756E617761E3
:104C00007265004661696C656420746F2073746F0F
:104C1000726520436C69656E7420466561747572B7
:104C2000657320286572722025642900556E6162C3
:104C30006C6520746F207365747570204145532036
:104C4000434D414300556E61626C6520746F206373
:104C5000616C63756C61746520686173680062746F
:104C60002F636363004C696E6B206973206E6F74F1
:104C700020656E637279707465640044657669635B
:104C800065206973206E6F74207375627363726937
:104C900062656420746F2063686172616374657219
:104CA0006973746963004E6F206275666665722071
:104CB000617661696C61626C6520746F2073656EEA
:104CC0006420696E6469636174696F6E0043434375
:104CD000202570206E6F74207772697461626C6534
:104CE00000534320726573746F726520696E646946
:104CF000636174696F6E206661696C6564004E6FF4
:104D00002062756666657220617661696C61626CAD
:104D10006520746F2073656E64206E6F74696669B8
:104D2000636174696F6E00556E6B6E6F776E2055A0
:104D3000554944207479706520257500496E766167
:104D40006C696420646973636F7665727920747925
:104D500070653A2025750050617273652065727226
:104D600000496E76616C69642064617461206C65D1
:104D70006E20257500506172736520657272206423
:104D80006174005061727365206572722063657092
:104D90000050617273652065727220636363005016
:104DA0006172736520657272207363630050617273
:104DB0007365206572722063706600496E76616C5F
:104DC000696420666F726D617420257500496E7686
:104DD000616C69642068616E646C65004261642086
:104DE000706565723A2041545420726561642D6289
:104DF000792D75756964207273703A2048616E640C
:104E00006C6520307825303478206973206F757494
:104E10007369646520726571756573746564207269
:104E2000616E6765203078253034782D30782530F4
:104E300034782E2041626F7274696E6720726561EA
:104E4000642E00496E76616C69642064617461202F
:104E50006C656E202575203E202575004661696CC5
:104E6000656420746F20736574207365637572695F
:104E7000747920666F7220626F6E6465642070655D
:104E80006572202825642900636F6E6E20257020CE
:104E9000706172616D732025702072657375622078
:104EA0006661696C6564202865727220256429003A
:104EB0004661696C656420746F2073746F7265203D
:104EC000434343732028657272202564290062746D
:104ED0002F686173680062742F63660062742F73B9
:104EE000630062745F6761747400556E6B6E6F77F8
:104EF0006E2070616972696E67206D6574686F6499
:104F000020282575290043616C63756C61746520E8
:104F1000636F6E6669726D206661696C65640055C9
:104F20006E61626C6520746F2066696E6420534DFB
:104F300050206368616E6E656C00526566757369BA
:104F40006E67206E65772070616972696E672E20CA
:104F5000546865206F6C6420626F6E64206D757399
:104F60007420626520756E7061697265642066697F
:104F70007273742E004661696C656420746F2067DB
:104F8000656E65726174652044484B6579004A75A9
:104F90007374576F726B73206661696C65642C2043
:104FA00061757468656E74696361746564206B65AE
:104FB00079732070726573656E740052656D6F74DD
:104FC00065207075626C6963206B65792072656A13
:104FD00065637465640052656D6F74652069732044
:104FE0007573696E67204465627567205075626CE1
:104FF0006963206B65790043616C63756C617465EE
:10500000204C544B206661696C65640043616C639D
:10501000756C617465206C6F63616C2044484B65EE
:105020007920636865636B206661696C6564004321
:10503000616C63756C6174652072656D6F74652059
:1050400044484B657920636865636B206661696CD1
:105050006564004661696C656420746F20737461D7
:10506000727420656E6372797074696F6E004E653C
:1050700077206175746820726571756972656D65F8
:105080006E74733A20307825782C207265706169CF
:1050900072696E6700556E737570706F72746564B7
:1050A000206175746820726571756972656D656ED1
:1050B00074733A20307825782C207265706169729B
:1050C000696E67004E6F20617661696C61626C6524
:1050D00020534D5020636F6E7465787420666F7234
:1050E00020636F6E6E20257000556E61626C6520C6
:1050F000746F20676574206B65797320666F72200A
:1051000025730043616C63756C6174652053544B67
:10511000206661696C6564004E6F206B6579732051
:10512000737061636520666F7220257300556E6130
:10513000626C6520746F206765742072616E646FA5
:105140006D20627974657300556E61626C652074C0
:105150006F20616C6C6F6361746520456E6372795A
:10516000707420496E666F206275666665720055C0
:105170006E61626C6520746F20616C6C6F6361742A
:10518000652043656E7472616C204964656E74209D
:1051900062756666657200556E61626C6520746F3B
:1051A00020616C6C6F63617465204964656E742066
:1051B000496E666F2062756666657200556E616243
:1051C0006C6520746F20616C6C6F6361746520493D
:1051D00064656E74204164647220496E666F20625B
:1051E00075666665720054686520696E2D70726F11
:1051F00067726573732070616972696E6720686198
:1052000073206265656E2064656C65746564210059
:10521000534D5020646F6573206E6F7420616C6C09
:105220006F7720612070616972696E6720666169BD
:105230006C757265206174207468697320706F6981
:105240006E742E204B6E6F776E2069737375652EAA
:1052500020446973636F6E6E656374696E6720695D
:105260006E73746561642E00546F6F20736D616C92
:105270006C20534D5020504455207265636569760B
:10528000656400534D5020636F6D6D616E6420281E
:10529000636F646520307825303278292072656329
:1052A00065697665642061667465722074696D65F0
:1052B0006F75740052656365697665642072657305
:1052C000657276656420534D5020636F64652030AD
:1052D000782530327800556E68616E646C656420A4
:1052E000534D5020636F646520307825303278004C
:1052F000556E657870656374656420534D50206306
:105300006F646520307825303278005075626C69A2
:1053100063206B6579206E6F7420617661696C61C2
:10532000626C6500496E76616C6964206964656EC3
:10533000746974792025730070616972696E6720E1
:105340006661696C656420287065657220726561AC
:10535000736F6E20307825782900534D50205469A2
:105360006D656F7574000005061F1F29181203086C
:10537000020305080A0008010304010504050906E3
:1053800007010106060800000100010003010003F7
:1053900002020100020000000000020301000300FD
:1053A00000010001000001000102020100020000F2
:1053B000000000020201000462745F736D70004619
:1053C00061696C656420746F207265616420766128
:1053D0006C7565202865727220257A642900556EE7
:1053E00061626C6520746F2066696E642064656C10
:1053F00065746564206B65797320666F7220257310
:10540000004661696C656420746F20616C6C6F6329
:10541000617465206B65797320666F722025730057
:10542000496E76616C6964206B6579206C656E6786
:10543000746820257A6420213D20257A7500466114
:10544000696C656420746F2073617665206B657983
:10545000732028657272202564290062742F6B65A1
:1054600079730062745F6B657973006C888391AAAD
:10547000F5A53860370BDB5A6083BE62745F6372D8
:105480007970746F004661696C656420746F2025C3
:10549000732025752062797465732E202825642970
:1054A000007472616E736D69740025733A206162D5
:1054B0006F727465640025733A2074696D656420A9
:1054C0006F757400726563656976652062756666DE
:1054D0006572206F76657272756E006172677620F4
:1054E000627566666572206F76657272756E006DA4
:1054F0006F64656D5F63686174006D6F64656D5F97
:105500007069706500556278206672616D652074FF
:1055100072616E736D697373696F6E206661696C19
:1055200065642E2052657475726E65642025642E44
:10553000005375636365737366756C6C7920657869
:1055400065637574656420736372697074206F6E2F
:1055500020617474656D70743A2025642E00466174
:10556000696C656420746F20657865637574652067
:1055700073637269707420737563636573736675A2
:105580006C6C792E20417474656D7074733A2025AB
:10559000642E006D6F64656D5F756278005265639F
:1055A0006569766520627566666572206F766572DC
:1055B00072756E006D6F64656D5F6261636B656EC1
:1055C000645F756172745F69737200737461727481
:1055D000206173796E63207472616E736D697420DB
:1055E000666F72005472616E736D69742061626FD0
:1055F000727465642028257A752073656E7429009D
:105600004E6F2072656365697665206275666665B2
:105610007220617661696C61626C6500556E6B6EBB
:105620006F776E2072656365697665206275666660
:1056300065722072656C65617365640052656365AF
:1056400069766520627566666572206F766572722E
:10565000756E202864726F70706564202575202B2C
:105660002025752900526563656976652073746F1E
:105670007070656420666F7220726561736F6E73FF
:105680003A202575006D6F64656D5F6261636B65BF
:105690006E645F756172745F6173796E63006E65CD
:1056A000745F627566006E65745F6275665F7369CC
:1056B0006D706C6500757362645F776F726B7100FB
:1056C00055534244206576656E7420616C6C6F633F
:1056D0006174696F6E206661696C65642100555361
:1056E0004244206576656E74206D656D6F72792019
:1056F000636F7272757074656400556E6B6E6F7750
:105700006E2055534220706F776572206576656E06
:1057100074202564006E6F74206174746163686521
:10572000642C20455020307825303278206576650D
:105730006E742064726F70706564006E52462055FE
:10574000534244207472616E736665722065727292
:105750006F7220284F5554293A20307825303278FE
:10576000004661696C656420746F20616C6C6F63C6
:10577000206576740055534244206576656E74202A
:1057800071756575652066756C6C2100556E6B6E64
:105790006F776E2055534244206576656E743A20CB
:1057A00025686400556E657870656374656420656E
:1057B00076656E7420286E7266785F7573626429F0
:1057C0003A2025642C20657020307825303278000E
:1057D0005F65705F7374617475735F67657420666D
:1057E00061696C65642120436F64653A202564001B
:1057F000696E76616C696420656E64706F696E7441
:1058000020636F6E66696775726174696F6E006997
:105810006E76616C696420656E64706F696E742069
:10582000696E6465782F6164647265737300696E74
:1058300076616C696420656E64706F696E74207443
:105840007970650069736F20656E64706F696E743E
:105850002063616E206F6E6C792062652069736FC2
:10586000004550206D6178207061636B6574207312
:10587000697A65206D757374206265206120706F90
:10588000776572206F662032005354414C4C20756E
:105890006E737570706F72746564206F6E204953FB
:1058A0004F20656E64706F696E7400456E64706F32
:1058B000696E7420307825303278206973206E6FDD
:1058C0007420656E61626C6564006E5246205553AB
:1058D0004244207772697465206572726F723A2053
:1058E000256400010002037573625F6E72667800C2
:1058F0000001010101016E72665F757362645F638E
:105900006F6D6D6F6E0053656C65637465642041E7
:105910004443206761696E206973206E6F7420763E
:10592000616C69640053656C65637465642041440F
:1059300043207265666572656E6365206973206ECB
:105940006F742076616C69640053656C656374657F
:105950006420414443206163717569736974696FA0
:105960006E2074696D65206973206E6F7420766196
:105970006C696400496E76616C69642073656C655E
:105980006374696F6E206F66206368616E6E656C0C
:1059900073004368616E6E656C202575206E6F74B0
:1059A00020636F6E666967757265640041444320C9
:1059B0007265736F6C7574696F6E2076616C756556
:1059C000202564206973206E6F742076616C696491
:1059D000004F76657273616D706C696E67206973D4
:1059E00020737570706F7274656420666F722073B7
:1059F000696E676C65206368616E6E656C206F6EA2
:105A00006C79004F76657273616D706C696E67209A
:105A100076616C7565202564206973206E6F742033
:105A200076616C69640050726F76696465642062A7
:105A3000756666657220697320746F6F20736D617F
:105A40006C6C202825752F2575290061646340340E
:105A500030303037303030006164635F6E726678AA
:105A60005F736161646300636C6F636B40343030FB
:105A70003030303030006866636C6B006C66636C8D
:105A80006B00636C6F636B5F636F6E74726F6C003F
:105A900072616E646F6D403430303064303030008D
:105AA000656E74726F70795F62745F6863690063BA
:105AB000727970746F40353030326130303000634D
:105AC000696E7374722025303278207472616E733F
:105AD00066657220746F6F206C6F6E673A20257A4E
:105AE0007500636C656172004A45444543206964F2
:105AF000205B2530327820253032782025303278EE
:105B00005D20657870656374205B253032782025D0
:105B100030327820253032785D005244535220666E
:105B200061696C65643A20256400524453522066D2
:105B30006F722057525352206661696C65643A2037
:105B40002564005145202573206661696C65643ABF
:105B5000202564006572617365206572726F723A08
:105B60002061646472657373206F722073697A6553
:105B70002065786365656473206578706563746516
:105B8000642076616C7565732E416464723A2030CE
:105B900078256C782073697A6520257A7500756E92
:105BA000737570706F72746564206174203078252D
:105BB0006C782073697A6520257A75006572617347
:105BC00065206572726F72206174203078256C7860
:105BD0002073697A6520257A75007772697465206B
:105BE0006572726F723A2061646472657373206FBC
:105BF000722073697A6520657863656564732065D2
:105C0000787065637465642076616C7565732E4188
:105C10006464723A203078256C782073697A652044
:105C2000257A750072656164206572726F723A2020
:105C300061646472657373206F722073697A652082
:105C40006578636565647320657870656374656401
:105C50002076616C7565732E416464723A203078E9
:105C6000256C782073697A6520257A750070323545
:105C700071313668403000717370695F6E6F720009
:105C8000696E76616C696420616464726573733AED
:105C90002030782530386C783A257A7500756E6139
:105CA0006C69676E656420616464726573733A2021
:105CB00030782530386C783A257A75006E6F74200C
:105CC000776F72642D616C69676E65643A20307815
:105CD0002530386C783A257A7500666C6173682DCA
:105CE000636F6E74726F6C6C657240343030316506
:105CF00030303000666C6173685F6E726600436FAF
:105D00006E6669677572696E672072617465206678
:105D100061696C65642E2052657475726E656420CD
:105D200025642E00436F6E6669677572696E672021
:105D30006261756472617465206661696C65642E68
:105D40002052657475726E65642025642E00436F61
:105D50006E6669677572696E67206D6573736167DA
:105D60006573206661696C65642E20526574757276
:105D70006E65642025642E000A09010D0602070FD6
:105D800005080001400408EA100201EA00010102CE
:105D9000020203020302000608243F3F4747412C4A
:105DA000002C2A00243F3F524D432C00243F3F4704
:105DB00053562C007562785F6D3130006770696FE3
:105DC000403530303030333030006770696F4035E7
:105DD0003030303030303000693263006932634037
:105DE0003430303034303030006932635F6E726688
:105DF000785F747769004661696C656420746F2010
:105E0000696E697469616C697A6520646576696335
:105E1000653A20257300756E737570706F727465C6
:105E2000642073706565640031302D6269742049A7
:105E3000324320416464722064657669636573202F
:105E40006E6F7420737570706F72746564004E6548
:105E5000656420746F207573652074686520696EB1
:105E60007465726E616C2064726976657220627509
:105E70006666657220627574206974732073697A2E
:105E80006520697320696E73756666696369656EFE
:105E90007420282575202B202575203E2025752966
:105EA0002E2041646A75737420746865207A657069
:105EB0006879722C636F6E6361742D6275662D73E1
:105EC000697A65206F72207A65706879722C666CC9
:105ED0006173682D6275662D6D61782D73697A65C1
:105EE0002070726F70657274792028746865206FF5
:105EF0006E652077697468206772656174657220C9
:105F000076616C75652920696E207468652022258C
:105F10007322206E6F64652E00547279696E67205B
:105F2000746F207472616E73666572206D6F726536
:105F3000207468616E20746865206D6178696D7584
:105F40006D2073697A6520666F72207468697320AA
:105F50006465766963653A202564203E20256400E7
:105F6000693263403430303033303030006932636E
:105F70005F6E7266785F7477696D000001020304DA
:105F8000050607496E76616C6964206368616E6E10
:105F9000656C3A2025752E00496E636F6D706174D3
:105FA00069626C6520706572696F642E005072655D
:105FB0007363616C657220666F7220706572696FC1
:105FC000645F6379636C6573202575206E6F742040
:105FD000666F756E642E0070776D403430303163BB
:105FE0003030300070776D5F6E72667800475049D0
:105FF0004F20706F72743A202573206E6F74207278
:1060000065616479006C736D3664733374722D63EB
:106010002D656E006D736D323631643335323668FE
:106020006963706D2D632D656E00726567756C61B7
:10603000746F725F666978656400617474725F730F
:1060400065742829206E6F7420737570706F727478
:106050006564206F6E2074686973206368616E6E7A
:10606000656C2E004661696C656420746F20696EF2
:10607000697469616C697A652073656E736F7220EB
:10608000627573004661696C656420746F20696E87
:10609000697469616C697A6520636869700046613A
:1060A000696C656420746F20696E697469616C69DC
:1060B0007A6520696E746572727570742E006C73E7
:1060C0006D3664733374722D63403661004C534DEA
:1060D0003644534C007472696767657273206E6F43
:1060E0007420737570706F72746564004750494F07
:1060F00020646576696365206E6F742072656164E3
:106100007900436F756C64206E6F74207365742022
:106110006770696F2063616C6C6261636B2E004312
:106120006F756C64206E6F7420656E61626C6520A3
:10613000646174612D726561647920696E74657241
:10614000727570742E004661696C656420746F20EE
:10615000616C6C6F636174652050504920436861C5
:106160006E6E656C00756172744034303030323060
:10617000303000756172745F6E7266785F7561723F
:106180007465004661696C656420746F20616C6C95
:106190006F63617465204750494F544520636861BF
:1061A0006E6E656C20666F722057414B45004661EC
:1061B000696C656420746F20636F6E6669677572C1
:1061C000652057414B452070696E0043532047506E
:1061D000494F20706F72742025732070696E2025DE
:1061E00064206973206E6F74207265616479005554
:1061F0007064617465206578636565647320637598
:106200007272656E74206275666665720048616CB4
:10621000662D6475706C6578206E6F742073757070
:10622000706F7274656400536C617665206D6F6485
:1062300065206973206E6F7420737570706F72744F
:106240006564206F6E202573004C6F6F7062616310
:106250006B206D6F6465206973206E6F7420737599
:1062600070706F7274656400576F72642073697A1E
:106270006573206F74686572207468616E203820C1
:106280006269747320617265206E6F74207375701B
:10629000706F72746564004672657175656E6369CE
:1062A0006573206C6F776572207468616E2031327F
:1062B00035206B487A20617265206E6F742073758B
:1062C00070706F72746564004661696C65642074F7
:1062D0006F20696E697469616C697A65206E726697
:1062E00078206472697665723A20253038780057D4
:1062F000616974696E6720666F722057414B452053
:1063000061636B6E6F776C6564676D656E74207426
:10631000696D6564206F75740054696D656F75747F
:106320002077616974696E6720666F72207472618C
:106330006E7366657220636F6D706C657465007353
:106340007069403430303233303030007370695F00
:106350006E7266785F7370690043616E6E6F742051
:106360007772697465204C4544206770696F004CF2
:10637000454420696E646578206F7574206F6620CF
:106380007468652072616E67650043616E6E6F743C
:1063900020636F6E666967757265204C454420679F
:1063A00070696F00646B5F627574746F6E735F61A8
:1063B0006E645F6C65647300416C6C6F63617465DF
:1063C00064206D656D6F727920746F6F206C6F77CC
:1063D0003A202575203C20257500536F667444656E
:1063E0007669636520436F6E74726F6C6C657220A2
:1063F0004153534552543A2025732C2025640053B1
:106400006F667444657669636520436F6E74726F5E
:106410006C6C6572206275696C6420726576697354
:10642000696F6E3A2000456E74726F707920736FD9
:106430007572636520646576696365206E6F74208C
:106440007265616479004661696C656420746F20CF
:1064500072656769737465722072616E6420736F10
:10646000757263652028256429004E6F2065766566
:106470006E742062756666657220617661696C6112
:10648000626C65004E6F206461746120627566669F
:10649000657220617661696C61626C6500556E653C
:1064A00078706563746564206D73675F7479706577
:1064B0003A2025752E20546869732069662D656C15
:1064C0007365206E656564732061206E6577206258
:1064D00072616E636800536F6674446576696365C4
:1064E00020436F6E74726F6C6C65720062745F73C0
:1064F00064635F6863695F64726976657200627481
:106500005F7364635F63727970746F007075626C3F
:106510006963206B6579206973206E6F74207661E2
:106520006C696420286572722025642900556E6BA1
:106530006E6F776E20636F6D6D616E6400425420E4
:1065400043544C522045434448003F49F6D4A3C528
:106550005F3874C9B3E3D2103F504AFF607BEB4011
:10656000B7995899B8A6CD3C1ABD62745F7364633D
:106570005F65636468004D50534C2041535345524E
:10658000543A2025732C202564004D50534C20573D
:106590006F726B006D70736C5F696E6974006D7003
:1065A000736C5F74696D65736C6F745F736573731F
:1065B000696F6E5F6F70656E206661696C65643AC5
:1065C00020256400666C6173685F73796E635F6D2C
:1065D00070736C0074656D704034303030633030EF
:1065E000300074656D705F6E7266355F6D70736CD0
:1065F0000000000000000101000000000000203049
:106600003030303030303030303030303000010019
:10661000000100000048616C74696E672073797333
:1066200074656D00556E6B6E6F776E206572726F5C
:1066300072003E3E3E205A45504859522046415431
:10664000414C204552524F522025643A2025732058
:106650006F6E20435055202564004661756C742090
:10666000647572696E6720696E7465727275707494
:106670002068616E646C696E670A004375727265AA
:106680006E74207468726561643A20257020282534
:1066900073290043505520657863657074696F6E87
:1066A00000556E68616E646C656420696E74657215
:1066B0007275707400537461636B206F76657266D7
:1066C0006C6F77004B65726E656C206F6F70730036
:1066D0004B65726E656C2070616E6963006D6169F7
:1066E0006E006F7300737973776F726B7100D6DA17
:1066F000C7AE08DB726F2AA326492A4DA8B3980EAD
:10670000077F00FFFFFFFF1F00647261676F6F6EFE
:106710002F6C6962732F7363686564756C696E674B
:106720002F7372632F72656D5F68616C5F6576654C
:106730006E745F74696D65722E6300B0EA56C88D21
:1067400083335088D0EB895665696D3CB0CEB90073
:0C6750006E616E00286E756C6C290000F4
:10675C00FFFFFFFFFF1F00001F00000000000000F4
:10676C007FFE0000E4070000DD5000000000000088
:10677C00FFFFFFFF1F000000A0354D00FF000000D1
:10678C00C409000000000000008000400000000070
:10679C00000000000C0000000000000000FF7F0063
:1067AC0000000000000000000000000000000000DD
:1067BC0000000000000000000000000000000000CD
:1067CC0000000000000000000000000000000000BD
:1067DC0000000000000000000000000000000000AD
:1067EC00000000000000000000000000000000009D
:1067FC0000000000F9BC0200C5BD02002DBC020067
:10680C008DD902002DBC02002DBC02002DBC020053
:10681C002DBC02002DBC020031D402009DD602001A
:10682C002DBC02002DBC0200F9BC0200C5BD02004B
:10683C00E9C102008DD902002DBC020091D40200E6
:10684C003DD302002DBC02002DBC020031D402004D
:10685C009DD60200D5D3020079D5020001BE0200FC
:10686C008DC10200DDBF020041D1020001BE020059
:10687C008DC1020021DB020005DB020001D2020007
:10688C0049D20200E9D2020095D2020021DB0200BB
:10689C0005DB020005D1020011BD0200D1C10200CE
:1068AC00D1C1020029BD02002DCF020005D102008A
:1068BC0011BD0200BDE0020009C20200B9E60200EF
:1068CC0089E6020045CA0200B9CA020049D7020093
:1068DC0009C202000000000075DC02000C0100205F
:1068EC0024010020D8000020640100204401002075
:1068FC0065DB02001C0100203C010020A4000020EC
:10690C007C0100205C010020FDC60200D1BE02000B
:10691C0019D60200C5D102000000000000000000E2
:10692C00000000000000000085340300000000009F
:10693C00C723040000000000B32404000000000082
:10694C007D240400000000009524040000000000D9
:10695C0099240400000000006524040000000000DD
:10696C001724040000000000C134030000000000E4
:10697C001B240400000000000000000000000000C8
:10698C0000000000000000000000000000000000FB
:10699C0000000000000000000000000000000000EB
:1069AC0000000000000000000000000000000000DB
:1069BC0000000000000000000000000000000000CB
:1069CC0000000000000000000000000000000000BB
:1069DC0000000000000000000000000000000000AB
:1069EC00000000000000000000000000000000009B
:1069FC00000000000000000000000000000000008B
:106A0C00000000000000000000000000000000007A
:106A1C00000000000000000000000000000000006A
:106A2C00000000000000000000000000000000005A
:106A3C00000000000000000000000000000000004A
:106A4C00000000000000000000000000000000003A
:106A5C00000000000000000000000000000000002A
:106A6C00000000000000000000000000000000001A
:106A7C00000000000000000000000000000000000A
:106A8C0000000000000000000000000000000000FA
:106A9C0000000000000000000000000000000000EA
:106AAC0000000000000000000000000000000000DA
:106ABC0000000000000000000000000000000000CA
:106ACC0000000000000000000000000000000000BA
:106ADC0000000000000000000000000000000000AA
:106AEC00000000000000000000000000000000009A
:106AFC00000000000000000000000000000000008A
:106B0C000000000000000000000000000000000079
:106B1C000000000000000000000000000000000069
:106B2C000000000000000000000000000000000059
:106B3C000000000000000000000000000000000049
:106B4C000000000000000000000000000000000039
:106B5C000000000000000000000000000000000029
:106B6C000000000000000000000000000000000019
:106B7C000000000000000000000000000000000009
:106B8C0000000000000000000000000000000000F9
:106B9C0000000000000000000000000000000000E9
:106BAC0000000000000000000000000000000000D9
:106BBC0000000000000000000000000000000000C9
:106BCC0000000000000000000000000000000000B9
:106BDC0000000000000000000000000000000000A9
:106BEC000000000000000000000000000000000099
:106BFC000000000000000000000000000000000089
:106C0C000000000000000000000000000000000078
:106C1C000000000000000000000000000000000068
:106C2C000000000000000000000000000000000058
:106C3C000000000000000000000000000000000048
:106C4C000000000000000000000000000000000038
:106C5C000000000000000000000000000000000028
:106C6C000000000000000000000000000000000018
:106C7C000000000000000000000000000000000008
:106C8C0000000000000000000000000000000000F8
:106C9C0000000000000000000000000000000000E8
:106CAC0000000000000000000000000000000000D8
:106CBC0000000000000000000000000000000000C8
:106CCC0000000000000000000000000000000000B8
:106CDC0000000000000000000000000000000000A8
:106CEC000000000000000000000000000000000098
:106CFC000000000000000000000000000000000088
:106D0C000000000000000000000000000000000077
:106D1C000000000000000000000000000000000067
:106D2C000000000000000000000000000000000057
:106D3C000000000000000000000000000000000047
:106D4C000000000000000000000000000000000037
:106D5C000000000000000000000000000000000027
:106D6C000000000000000000000000000000000017
:106D7C000000000000000000000000000000000007
:106D8C0000000000000000000000000000000000F7
:106D9C0000000000000000000000000000000000E7
:106DAC0000000000000000000000000000000000D7
:106DBC0000000000000000000000000000000000C7
:106DCC0000000000000000000000000000000000B7
:106DDC0000000000000000000000000000000000A7
:106DEC000000000000000000000000000000000097
:106DFC000000000000000000000000000000000087
:106E0C00000000000000000000000000C006002090
:106E1C001D510400235104004F510400275104005C
:106E2C00595104002D5104006551040033510400E4
:106E3C0035510400375104004551040049510400F8
:106E4C003B51040041510400555104005F510400B2
:106E5C00FC01070001050500000000000000000017
:106E6C000000000000000000000000000000000016
:106E7C000000000000000000000000000000000006
:106E8C0000000000000000000000000000000000F6
:106E9C0000000000000000000000000000000000E6
:106EAC0000000000000000000000000000000000D6
:106EBC0000000000000000000000000000000000C6
:106ECC0000000000000000000000000000000000B6
:106EDC0000000000000000000000000000000000A6
:106EEC00000000002C1600200C16002000C201002F
:106EFC00000008000000000000000000000000007E
:106F0C000000000000000000000000000000000075
:106F1C000000000000000000000000000000000065
:106F2C000000000000000000000000000000000055
:106F3C000000000000000000000000000000000045
:106F4C000000000000000000000000000000000035
:106F5C000000000000000000000000000000000025
:106F6C000000000000000000000000000000000015
:106F7C000000000000000000000000000000000005
:106F8C0000000000000000000000000000000000F5
:106F9C0000000000000000000000000000000000E5
:106FAC0000000000000000000000000000000000D5
:106FBC0000000000000000000000000000000000C5
:106FCC0000000000000000000000000000000000B5
:106FDC0069E5040000000000000000000000000053
:106FEC000000000000000000000000000000000095
:106FFC000000000000000000000000000000000085
:10700C000000000000000000000000000000000074
:10701C000000000000000000000000000000000064
:10702C000000000000000000000000000000000054
:10703C000000000000000000000000000000000044
:10704C000000000000000000000000000000000034
:10705C000000000000000000000000000000000024
:10706C000000000000000000000000000000000014
:10707C000000000000000000000000000000000004
:10708C0000000000000000000000000000000000F4
:10709C0000000000000000000000000000000000E4
:1070AC0000000000000000000000000000000000D4
:1070BC00840300000000000000000000000000003D
:1070CC000000000000000000312506000000000058
:1070DC000000000000000000880900208809002042
:1070EC009FC506000000000000000000000000002A
:1070FC000000000000000000A8090020A8090020E2
:10710C000000000001000000B8090020B8090020B0
:10711C00C0090020C0090020000000000100000090
:10712C00D0090020D0090020000000000000000061
:10713C000000000000000000000000000000000043
:10714C000000000000000000000000000000000033
:10715C000000000000000000000000000000000023
:10716C000000000000000000000000000000000013
:10717C000000000000000000000000000000000003
:10718C0000000000000000000000000000000000F3
:10719C0000000000000000000000000000000000E3
:1071AC0000000000000000000000000000000000D3
:1071BC0000000000000000000000000000000000C3
:1071CC0000000000000000000000000000000000B3
:1071DC0000000000000000000000000000000000A3
:1071EC000000000000000000000000000000000093
:1071FC000000000000000000000000000000000083
:10720C000000000000000000000000000000000072
:10721C000000000000000000000000000000000062
:10722C000000000000000000000000000000000052
:10723C000000000000000000000000000000000042
:10724C000000000000000000000000000000000032
:10725C000000000000000000000000000000000022
:10726C000000000000000000000000000000000012
:10727C000000000000000000000000000000000002
:10728C0000000000000000000000000000000000F2
:10729C0000000000000000000000000000000000E2
:1072AC0000000000000000000000000000000000D2
:1072BC0000000000000000000000000000000000C2
:1072CC0000000000000000000000000000000000B2
:1072DC0000000000000000000000000000000000A2
:1072EC000000000000000000000000000000000092
:1072FC000000000000000000000000000000000082
:10730C000000000000000000000000000000000071
:10731C000000000000000000000000000000000061
:10732C000000000000000000000000000000000051
:10733C000000000000000000000000000000000041
:10734C000000000000000000000000000000000031
:10735C000000000000000000000000000000000021
:10736C000000000000000000000000000000000011
:10737C000000000000000000000000000000000001
:10738C0000000000000000000000000000000000F1
:10739C0000000000000000000000000000000000E1
:1073AC0000000000000000000000000000000000D1
:1073BC0000000000000000000000000000000000C1
:1073CC0000000000000000000000000000000000B1
:1073DC0000000000000000000000000000000000A1
:1073EC000000000000000000000000000000000091
:1073FC000000000000000000000000000000000081
:10740C000000000000000000000000000000000070
:10741C000000000000000000000000000000000060
:10742C000000000000000000000000000000000050
:10743C000000000000000000000000000000000040
:10744C000000000000000000000000000000000030
:10745C000000000000000000000000000000000020
:10746C000000000000000000000000000000000010
:10747C000000000000000000000000000000000000
:10748C0000000000000000000000000000000000F0
:10749C0000000000000000000000000000000000E0
:1074AC0000000000000000000000000000000000D0
:1074BC0000000000000000000000000000000000C0
:1074CC0000000000000000000000000000000000B0
:1074DC0000000000000000000000000000000000A0
:1074EC000000000000000000000000000000000090
:1074FC000000000000000000000000000000000080
:10750C00000000000000000000000000000000006F
:10751C00000000000000000000000000000000005F
:10752C00000000000000000000000000000000004F
:10753C00000000000000000000000000000000003F
:10754C00000000000000000000000000000000002F
:10755C00000000000000000000000000000000001F
:10756C00000000000000000000000000000000000F
:10757C0000000000000000000000000000000000FF
:10758C0000000000000000000000000000000000EF
:10759C0000000000000000000000000000000000DF
:1075AC0000000000000000000000000000000000CF
:1075BC0000000000000000000000000000000000BF
:1075CC0000000000000000000000000000000000AF
:1075DC00000000000000000000000000000000009F
:1075EC00000000000000000000000000000000008F
:1075FC00000000000000000000000000000000007F
:10760C00000000000000000000000000000000006E
:10761C00000000000000000000000000000000005E
:10762C00000000000000000000000000000000004E
:10763C00000000000000000000000000000000003E
:10764C00000000000000000000000000000000002E
:10765C00000000000000000000000000000000001E
:10766C00000000000000000000000000000000000E
:10767C0000000000000000000000000000000000FE
:10768C0000000000000000000000000000000000EE
:10769C0000000000000000000000000000000000DE
:1076AC0000000000000000000000000000000000CE
:1076BC0000000000000000000000000000000000BE
:1076CC0000000000000000000000000000000000AE
:1076DC00000000000000000000000000000000009E
:1076EC00000000000000000000000000000000008E
:1076FC00000000000000000000000000000000007E
:10770C00000000000000000000000000000000006D
:10771C00000000000000000000000000000000005D
:10772C00000000000000000000000000000000004D
:10773C00000000000000000000000000000000003D
:10774C00000000000000000000000000000000002D
:10775C00000000000000000000000000000000001D
:10776C00000000000000000000000000000000000D
:10777C0000000000000000000000000000000000FD
:10778C0000000000000000000000000000000000ED
:10779C0000000000000000000000000000000000DD
:1077AC0000000000000000000000000000000000CD
:1077BC0000000000000000000000000000000000BD
:1077CC0000000000000000000000000000000000AD
:1077DC00000000000000000000000000000000009D
:1077EC00000000000000000000000000000000008D
:1077FC00000000000000000000000000000000007D
:10780C00000000000000000000000000000000006C
:10781C00000000000000000000000000000000005C
:10782C00000000000000000000000000000000004C
:10783C00000000000000000000000000000000003C
:10784C00000000000000000000000000000000002C
:10785C00000000000000000000000000000000001C
:10786C00000000000000000000000000000000000C
:10787C0000000000000000000000000000000000FC
:10788C0000000000000000000000000000000000EC
:10789C0000000000000000000000000000000000DC
:1078AC0000000000000000000000000000000000CC
:1078BC0000000000000000000000000000000000BC
:1078CC0000000000000000000000000000000000AC
:1078DC00000000000000000000000000000000009C
:1078EC00000000000000000000000000000000008C
:1078FC00000000000000000000000000000000007C
:10790C00000000000000000000000000000000006B
:10791C00000000000000000000000000000000005B
:10792C00000000000000000000000000000000004B
:10793C00000000000000000000000000000000003B
:10794C00000000000000000000000000000000002B
:10795C00000000000000000000000000000000001B
:10796C00000000000000000000000000000000000B
:10797C0000000000000000000000000000000000FB
:10798C0000000000000000000000000000000000EB
:10799C0000000000000000000000000000000000DB
:1079AC0000000000000000000000000000000000CB
:1079BC007812002080130020881400200A00000098
:1079CC00008000000000000000000000000000002B
:1079DC00000000000000000000000000000000009B
:1079EC00000000000000000000000000000000008B
:1079FC00000000000000000000000000000000007B
:107A0C00000000000000000000000000000000006A
:107A1C00000000000000000000000000000000005A
:107A2C00000000000000000000000000000000004A
:107A3C00000000000000000000000000000000003A
:107A4C00000000000000000000000000000000002A
:107A5C00000000000000000000000000000000001A
:107A6C00000000000000000000000000000000000A
:107A7C0000000000000000000000000000000000FA
:107A8C0000000000000000000000000000000000EA
:107A9C0000000000000000000000000000000000DA
:107AAC0000000000000000000000000000000000CA
:107ABC0000000000000000000000000000000000BA
:107ACC0000000000000000000000000000000000AA
:107ADC00000000000000000000000000000000009A
:107AEC00000000000000000000000000000000008A
:107AFC00000000000000000000000000000000007A
:107B0C000000000000000000000000000000000069
:107B1C000000000000000000000000000000000059
:107B2C000000000000000000000000000000000049
:107B3C000000000000000000000000000000000039
:107B4C000000000000000000000000000000000029
:107B5C000000000000000000000000000000000019
:107B6C000000000000000000000000000000000009
:107B7C0000000000000000000000000000000000F9
:107B8C0000000000000000000000000000000000E9
:107B9C0000000000000000000000000000000000D9
:107BAC0000000000000000000000000000000000C9
:107BBC0000000000000000000000000000000000B9
:107BCC0000000000000000000000000000000000A9
:107BDC000000000000000000000000000000000099
:107BEC000000000000000000000000000000000089
:107BFC000000000000000000000000000000000079
:107C0C000000000000000000000000000000000068
:107C1C000000000000000000000000000000000058
:107C2C000000000000000000000000000000000048
:107C3C000000000000000000000000000000000038
:107C4C000000000000000000000000000000000028
:107C5C000000000000000000000000000000000018
:107C6C000000000000000000000000000000000008
:107C7C0000000000000000000000000000000000F8
:107C8C0000000000000000000000000000000000E8
:107C9C0000000000000000000000000000000000D8
:107CAC0000000000000000000000000000000000C8
:107CBC0000000000000000000000000000000000B8
:107CCC0000000000000000000000000000000000A8
:107CDC000000000000000000000000000000000098
:107CEC002805070000000000301B002000000000E9
:107CFC00A16C0400010000000000FFFF0000000068
:107D0C007D6F04000000000000000000C57104003D
:107D1C00497004001D71040000000000897104000A
:107D2C000000000000000000000000005D70040076
:107D3C00000000000000000000000000657404005A
:107D4C00000000000000000083700600A77E060003
:107D5C002C0607000000000064060700DC2101204F
:107D6C000000000000000000000000000000000007
:107D7C00000000000000000000040000DC250120D1
:107D8C0000000000000000000000000000000000E7
:107D9C0000000000000000000004000071A20400BC
:107DAC0080000000D99F040000000000D99F04004F
:107DBC0080000000BDA8040000000000FF83060046
:107DCC0000000000E3830600B9B2040000000000CC
:107DDC0000000000D72C070000000C000000000081
:107DEC000000000000000000000000000000000087
:107DFC000000000079B40400000000000000000046
:107E0C00F92C0700000010001D2E070000000800D0
:107E1C000000000000000000000000000000000056
:107E2C00000000000000000025B704000000000066
:107E3C00000000003F2E070000001200701C002004
:107E4C003A000000841C00203A000000481C00206E
:107E5C003A000000C01C00203A00000000000000A6
:107E6C00338D060000000000000000001C170020ED
:107E7C001C17002000000000000000000E00000095
:107E8C00000000003DCA04000000000000000000DB
:107E9C0000000000FDC9040000000000000000000C
:107EAC0000000000000000000000000000040000C2
:107EBC000409002000000000000000000000000089
:107ECC0000000000000000000000000000000000A6
:107EDC000000000000000000000000000000000096
:107EEC000000000000000000000000000000000086
:107EFC000000000069D10400000000000000000038
:107F0C00B0170020B0170020000000000000000097
:107F1C00E9150500892405005DA20600000000009B
:107F2C0000000000ED1B050011A006003D9F06009F
:107F3C0025150500000000000000000000000000F6
:107F4C000000000000000000000000007D4B050058
:107F5C00000000000000000087AF060000000000D9
:107F6C00000000000000000088150700000002005F
:107F7C009415070000000A00A4150700000020005B
:107F8C0000000000000000000000000000000000E5
:107F9C0000000000000000000000000009A906001D
:107FAC0000000000B815070000000200C41507000F
:107FBC0000000200D015070000000200DC150700CD
:107FCC00000002006D6805000000000085C106007D
:107FDC0027C10600C1C00600A5C00600AFC206003E
:107FEC0081C20600FFC1060061C206009C18002079
:107FFC009C18002000000000FFFFFFFFAC180020C1
:10800C00AC180020B4180020B418002001000000A7
:10801C0001000000C4180020C4180020CC18002057
:10802C00CC1800200000000001000000DC1800202B
:10803C00DC18002000000000ACF5060000C20100B6
:10804C00DFCE06009BCE0600000000000000000002
:10805C0025B6050065B40500C1B40500EDB30500F7
:10806C00EFCC0600000000001819002018190020A1
:10807C000100000001000000281900202819002030
:10808C003019002030190020000000000100000011
:10809C004019002040190020000000004C1900205D
:1080AC004C19002001000000010000005C190020A8
:1080BC005C190020641900206419002000000000E5
:1080CC000100000074190020741900200000000049
:1080DC00719E00200000000000C20100000103009E
:1080EC00A419002000000000829E0020819E002028
:1080FC00000000000000000000000000839E002033
:10810C002000000000000000000000000000000043
:10811C00AC11070000000000C8190020C81900208D
:10812C000000000001000000D8190020D819002020
:10813C00E0190020E0190020000000000100000000
:10814C00F0190020F01900200000000000000000D1
:10815C000000000000000000000000000000000013
:10816C0000000000000000000000000038F60600CF
:10817C0000000000000000000000000000000000F3
:10818C0000000000000000000000000000000000E3
:10819C0000000000000000000000000000000000D3
:1081AC0000000000000000000000000000000000C3
:1081BC0000000000000000000000000000000000B3
:1081CC0000000000000000000000000000000000A3
:1081DC000000000000000000000000000000000093
:1081EC00000000000000000008000000FF0000007C
:1081FC00000000000300000000000000FFFF010071
:10820C00B01A0020B01A0020B81A0020B81A0020AA
:10821C0000000000E12E0600041B0020FC1A0020C8
:10822C00F41A002000000000EC1A0020A130060017
:10823C00ED2F06002130060069300600C4930020A3
:10824C003A00003AC89300203A00003ACC93002040
:10825C003A00003AD09300203A00003A18990020D6
:10826C00181B0020D81A0020D01A0020CC1A00208D
:10827C00C81A0020193E06000D3E0600013E0600FD
:10828C0005019ECADC240EE5A9E093F3A3B5010019
:10829C00406E069ECADC240EE5A9E093F3A3B5015B
:0782AC0000406E06010D0AFF
:1082B30000000000000000000000000000000000BB
:1082C30000000000000000000000000000000000AB
:0882D3000000000000000000A3
:0182DB00FFA3
:1082DC000000000000000000000000000000000092
:1082EC000000000000000000000000000000000082
:1082FC000000000000000000000000000000000072
:10830C000000000000000000000000000000000061
:04831C00000000005D
:10832000C41B0020C41B0020B01E01200000000060
:10833000020000002C00000000000000E01B0020F4
:10834000E01B0020C0F2002000000000020000003E
:108350009000000000000000FC1B0020FC1B00201F
:108360005C1F01200000000020000000140000003D
:1083700000000000181C0020181C0020081F01200D
:1083800000000000030000001C00000000000000CE
:1083900000000000E0F300200020000000000000CA
:0483A00000000000D9
:1083A400481C0020481C00200000000000000000C1
:1083B4000E0000005C1C00205C1C0020000000007B
:1083C400000000000E000000701C0020701C002043
:1083D40000000000000000000E000000841C0020CB
:1083E400841C002000000000000000000E000000BB
:1083F400981C0020981C00200000000000000000D1
:108404000E000000AC1C0020AC1C0020000000008A
:10841400000000000E000000C01C0020C01C002052
:1084240000000000000000000E000000D41C00202A
:10843400D41C002000000000000000000E0000001A
:10844400E81C0020E81C00200000000000000000E0
:048454000E00000016
:10845800FC1C0020FC1C00200100000001000000A2
:108468000C1D00200C1D0020141D0020141D0020D0
:108478000000000001000000241D0020241D002031
:108488002C1D00202C1D0020000000000100000011
:108498003C1D00203C1D0020441D0020441D0020E0
:1084A8000100000001000000541D0020541D0020A0
:1084B8000000000000000000641D0020641D002072
:1084C8006C1D00206C1D0020000000000000000052
:1084D8007C1D00207C1D0020841D0020841D0020A0
:1084E8000000000000000000941D0020941D0020E2
:1084F8009C1D00209C1D00200300030008000000B4
:1085080000000000C8090700AC1C012000000000A2
:1085180000000000C01D0020C01D0020C81D002054
:10852800C81D00200300030008000000DD1A050034
:10853800F00A0700501E01200000000000000000A3
:10854800EC1D0020EC1D0020F41D0020F41D00206F
:108558000300030001000000000000007C08070081
:10856800A01901200000000000000000181E0020D3
:10857800181E0020201E0020201E002002000200DD
:108588000800000000000000B8090700241B0120B3
:108598000000000000000000441E0020441E0020CF
:1085A8004C1E00204C1E00200200020001000000AA
:1085B8000000000084090700AC1A01200000000038
:1085C80000000000701E0020701E0020781E002091
:1085D800781E00200A000A000100000000000000C8
:1085E8006C080700FC1701200000000000000000D4
:1085F8009C1E00209C1E0020A41E0020A41E0020FB
:108608000100010001000000000000008C080700C4
:04861800001A012023
:10861C0012010002EF020140E32F000106030102E8
:10862C00030109020000000100E032080B00020205
:10863C0002000009040000010202000005240010E1
:10864C00010524010201042402020524060001078D
:10865C0005800310000A09040100020A000000074B
:10866C0005800240000007050002400000040309D9
:10867C00040E035A455048595200000000000010E7
:10868C00035553422D4445560000000000000022C3
:10869C00033031323334353637383941424344456F
:1086AC004600000000000000000000000000000078
:0386BC00000000BB
:0186BF00FFBB
:1086C00000000000E31E00201D820600FDA404003F
:1086D0000DA20400000000000000000003000000E4
:0486E0004C16002014
:0486E40015E015E0A8
:040000034000BFA159
:00000001FF
