:020000022000DC
:1070000040E100203DB404006974060029B4040086
:1070100029B4040029B4040029B4040000000000CD
:10702000000000000000000000000000F1B50400B6
:1070300029B4040000000000BDB5040029B4040018
:10704000A9B70400E3BE0600A9B70400A9B704006D
:10705000A9B70400A9B70400A9B70400A9B70400A0
:1070600099BE0600A9B70400A9B70400CDBE06006A
:10707000A9B70400A9B70400A9B70400A9B7040080
:10708000A9B70400A9B70400A9B70400A9B7040070
:10709000A9B70400A9B70400A9B70400A9B7040060
:1070A000A9B70400A9B70400A9B70400A9B7040050
:1070B000A9B70400A9B70400A9B70400A9B7040040
:1070C000A9B70400A9B70400A9B70400A9B7040030
:1070D000A9B70400A9B70400A9B70400A9B7040020
:1070E000A9B70400A9B70400A9B70400A9B7040010
:1070F000A9B70400A9B70400A9B70400A9B7040000
:1071000081F0004102E000BF83F0004330B54FEA58
:1071100041044FEA430594EA050F08BF90EA020FC5
:107120001FBF54EA000C55EA020C7FEA645C7FEA58
:10713000655C00F0E2804FEA5454D4EB5555B8BF7B
:107140006D420CDD2C4480EA020281EA030382EAEC
:10715000000083EA010180EA020281EA0303362D7E
:1071600088BF30BD11F0004F4FEA01314FF4801C51
:107170004CEA113102D0404261EB410113F0004F63
:107180004FEA03334CEA133302D0524263EB43031A
:1071900094EA050F00F0A780A4F10104D5F1200EB8
:1071A0000DDB02FA0EFC22FA05F2801841F1000113
:1071B00003FA0EF2801843FA05F359410EE0A5F1E7
:1071C00020050EF1200E012A03FA0EFC28BF4CF018
:1071D000020C43FA05F3C01851EBE37101F00045CE
:1071E00007D54FF0000EDCF1000C7EEB00006EEBDB
:1071F0000101B1F5801F1BD3B1F5001F0CD3490865
:107200005FEA30004FEA3C0C04F101044FEA4452BB
:1072100012F5800F80F09A80BCF1004F08BF5FEA42
:10722000500C50F1000041EB045141EA050130BD22
:107230005FEA4C0C404141EB0101013C28BFB1F534
:10724000801FE9D291F0000F04BF01460020B1FA7F
:1072500081F308BF2033A3F10B03B3F120020CDA52
:107260000C3208DD02F1140CC2F10C0201FA0CF030
:1072700021FA02F10CE002F11402D8BFC2F1200C95
:1072800001FA02F120FA0CFCDCBF41EA0C0190404B
:10729000E41AA2BF01EB0451294330BD6FEA040494
:1072A0001F3C1CDA0C340EDC04F11404C4F120027F
:1072B00020FA04F001FA02F340EA030021FA04F391
:1072C00045EA030130BDC4F10C04C4F1200220FAE8
:1072D00002F001FA04F340EA0300294630BD21FA26
:1072E00004F0294630BD94F0000F83F4801306BFEC
:1072F00081F480110134013D4EE77FEA645C18BFE0
:107300007FEA655C29D094EA050F08BF90EA020F76
:1073100005D054EA000C04BF1946104630BD91EA6E
:10732000030F1EBF0021002030BD5FEA545C05D171
:107330004000494128BF41F0004130BD14F58004B0
:107340003CBF01F5801130BD01F0004545F0FE4124
:1073500041F470014FF0000030BD7FEA645C1ABF59
:10736000194610467FEA655C1CBF0B46024650EA90
:10737000013406BF52EA033591EA030F41F40021BC
:1073800030BD00BF90F0000F04BF0021704730B542
:107390004FF4806404F132044FF000054FF0000117
:1073A00050E700BF90F0000F04BF0021704730B5D8
:1073B0004FF4806404F1320410F0004548BF4042AD
:1073C0004FF000013EE700BF42004FEAE2014FEA02
:1073D00031014FEA02701FBF12F07F4393F07F4FDD
:1073E00081F06051704732F07F4208BF704793F0E0
:1073F0007F4F04BF41F40021704730B54FF46074F3
:1074000001F0004521F000411CE700BF50EA0102F5
:1074100008BF704730B54FF000050AE050EA01029E
:1074200008BF704730B511F0004502D5404261EB0E
:1074300041014FF4806404F132045FEA915C3FF44F
:10744000D8AE4FF003025FEADC0C18BF03325FEAEC
:10745000DC0C18BF033202EBDC02C2F1200300FA9D
:1074600003FC20FA02F001FA03FE40EA0E0021FAC2
:1074700002F11444BDE600BF70B54FF0FF0C4CF4B0
:10748000E06C1CEA11541DBF1CEA135594EA0C0F62
:1074900095EA0C0F00F0DEF82C4481EA030621EA9D
:1074A0004C5123EA4C5350EA013518BF52EA0335D8
:1074B00041F4801143F4801338D0A0FB02CE4FF08A
:1074C0000005E1FB02E506F00042E0FB03E54FF0BA
:1074D0000006E1FB03569CF0000F18BF4EF0010EB2
:1074E000A4F1FF04B6F5007F64F5407404D25FEAAE
:1074F0004E0E6D4146EB060642EAC62141EA555161
:107500004FEAC52040EA5E504FEACE2EB4F1FD0CA2
:1075100088BFBCF5E06F1ED8BEF1004F08BF5FEA20
:10752000500E50F1000041EB045170BD06F00046D2
:1075300046EA010140EA020081EA0301B4EB5C047F
:10754000C2BFD4EB0C0541EA045170BD41F4801177
:107550004FF0000E013C00F3AB8014F1360FDEBF9C
:10756000002001F0004170BDC4F10004203C35DA78
:107570000C341BDC04F11404C4F1200500FA05F3FB
:1075800020FA04F001FA05F240EA020001F000429C
:1075900021F0004110EBD37021FA04F642EB060112
:1075A0005EEA430E08BF20EAD37070BDC4F10C043C
:1075B000C4F1200500FA04F320FA05F001FA04F200
:1075C00040EA020001F0004110EBD37041F10001EC
:1075D0005EEA430E08BF20EAD37070BDC4F12005F7
:1075E00000FA05F24EEA020E20FA04F301FA05F25F
:1075F00043EA020321FA04F001F0004121FA04F207
:1076000020EA020000EBD3705EEA430E08BF20EAD6
:10761000D37070BD94F0000F0FD101F00046400010
:1076200041EB010111F4801F08BF013CF7D041EA92
:10763000060195F0000F18BF704703F00046520096
:1076400043EB030313F4801F08BF013DF7D043EA67
:107650000603704794EA0C0F0CEA135518BF95EA1D
:107660000C0F0CD050EA410618BF52EA4306D1D1A4
:1076700081EA030101F000414FF0000070BD50EAC3
:10768000410606BF1046194652EA430619D094EA4D
:107690000C0F02D150EA013613D195EA0C0F05D137
:1076A00052EA03361CBF104619460AD181EA03018B
:1076B00001F0004141F0FE4141F470014FF0000043
:1076C00070BD41F0FE4141F4780170BD70B54FF0DE
:1076D000FF0C4CF4E06C1CEA11541DBF1CEA13555E
:1076E00094EA0C0F95EA0C0F00F0A7F8A4EB050440
:1076F00081EA030E52EA03354FEA013100F0888037
:107700004FEA03334FF0805545EA131343EA1263FF
:107710004FEA022245EA111545EA10654FEA0026B4
:107720000EF000419D4208BF964244F1FD0404F56D
:10773000407402D25B084FEA3202B61A65EB0305C9
:107740005B084FEA32024FF480104FF4002CB6EB86
:10775000020E75EB030E22BFB61A754640EA0C0006
:107760005B084FEA3202B6EB020E75EB030E22BF46
:10777000B61A754640EA5C005B084FEA3202B6EB87
:10778000020E75EB030E22BFB61A754640EA9C0046
:107790005B084FEA3202B6EB020E75EB030E22BF16
:1077A000B61A754640EADC0055EA060E18D04FEAD4
:1077B000051545EA16754FEA06164FEAC30343EA74
:1077C00052734FEAC2025FEA1C1CC0D111F4801F41
:1077D0000BD141EA00014FF000004FF0004CB6E73A
:1077E00011F4801F04BF01430020B4F1FD0C88BFD9
:1077F000BCF5E06F3FF6AFAEB5EB030C04BFB6EBE4
:10780000020C5FEA500C50F1000041EB045170BDD6
:107810000EF0004E4EEA113114EB5C04C2BFD4EB03
:107820000C0541EA045170BD41F480114FF0000E87
:10783000013C90E645EA060E8DE60CEA135594EA03
:107840000C0F08BF95EA0C0F3FF43BAF94EA0C0F06
:107850000AD150EA01347FF434AF95EA0C0F7FF47B
:1078600025AF104619462CE795EA0C0F06D152EACF
:1078700003353FF4FDAE1046194622E750EA4106B3
:1078800018BF52EA43067FF4C5AE50EA41047FF4C4
:107890000DAF52EA43057FF4EBAE12E74FEA410227
:1078A000B2F1E04324BFB3F5001CDCF1FE5C0DD95E
:1078B00001F0004C4FEAC0024CEA5070B2F1004FA8
:1078C00040EB830008BF20F00100704711F0804FAB
:1078D00021D113F13872BCBF01F00040704741F470
:1078E00080114FEA5252C2F11802C2F1200C10FA74
:1078F0000CF320FA02F018BF40F001004FEAC12358
:107900004FEAD32303FA0CFC40EA0C0023FA02F3FB
:107910004FEA4303CCE77FEA625307D150EA0133D1
:107920001EBF4FF0FE4040F44000704701F00040A1
:1079300040F0FE4040F40000704700BF7BB972B9D0
:107940000029BEBF00204FF0004106E008BF00281C
:107950001CBF6FF000414FF0FF3000F057B8ADF1A1
:10796000080C6DE904CE002909DB002B1ADB17F0A7
:107970007DFDDDF804E0DDE9022304B070474042FC
:1079800061EB4101002B1BDB17F070FDDDF804E01B
:10799000DDE9022304B0404261EB4101524263EB56
:1079A00043037047524263EB430317F05FFDDDF87A
:1079B00004E0DDE9022304B0404261EB410170477D
:1079C000524263EB430317F051FDDDF804E0DDE9BB
:1079D000022304B0524263EB4303704753B94AB9E0
:1079E000002908BF00281CBF4FF0FF314FF0FF30C7
:1079F00000F00CB8ADF1080C6DE904CE17F036FDBF
:107A0000DDF804E0DDE9022304B07047704700BFF1
:107A10002DE9F00791E8F807B2E802105B1854EB83
:107A20000C04B2E802104D4156EB0C06B2E802100D
:107A30004F4158EB0C08B2E8021059EB01095AEB20
:107A40000C0A80E8F80780410130BDE8F007704774
:107A50002DE9F00791E8F807B2E802105B1A74EB21
:107A60000C04B2E802108D4176EB0C06B2E802106D
:107A70008F4178EB0C08B2E8021079EB01097AEB40
:107A80000C0A80E8F80780414042BDE8F0077047E3
:107A90002DE9F007524290E87800B1E880071740DE
:107AA000DB1918EA020854EB080419EA020955EB3D
:107AB00009051AEA020A56EB0A0678C090E878002F
:107AC000B1E8800717407B4118EA020854EB08042C
:107AD00019EA020955EB09051AEA020A56EB0A06E9
:107AE00078C080410130BDE8F00770472DE9F0070C
:107AF000524290E87800B1E880071740DB1B18EA93
:107B0000020874EB080419EA020975EB09051AEA80
:107B1000020A76EB0A0678C090E87800B1E88007A0
:107B20001740BB4118EA020874EB080419EA02097D
:107B300075EB09051AEA020A76EB0A0678C080415D
:107B40004042BDE8F00770472DE9F00152424FF086
:107B5000040890E8300091E8C000A31B1340E41A29
:107B6000F618EB1B1340ED1AFF1830C0C0C1B8F176
:107B70000108EED1BDE8F001704700BF00B592E802
:107B8000DC072DE9DC07B1E8805702B4A7FB0251FE
:107B90000A95A8FB020BE7FB6310E9FB62B00B91AF
:107BA000A8FB0351EAFB6201E7FB64B5E7FB66054E
:107BB000E8FB6615CDF830B0A9FB03B6EAFB631607
:107BC000ECFB6356E8FB640BE9FB641BEAFB645BBC
:107BD000ECFB646B0D90ACFB0230059CEEFB62503D
:107BE000E9FB6460EAFB64B0E7FB6431E8FB6451E5
:107BF000069CE8FB6461E9FB64B1EAFB64010E9357
:107C0000A7FB0432079CE7FB6462E8FB64B2E9FB74
:107C10006402EAFB6412049CE9FB6453EAFB6463BC
:107C2000089CE7FB64B3E8FB6403E9FB6413EAFB2D
:107C300064230F955DF8049B99E80006DDF8008049
:107C4000A9FB0854EAFB68B4DDF81080ECFB68047B
:107C5000EEFB6814E9FB6824EAFB6834DDF8048075
:107C6000EEFB6865E9FB68B5EAFB6805DDF81480A2
:107C7000ECFB6815EEFB6825E9FB6835EAFB684517
:107C80000F96DDF80880AEFB0876E9FB6806EAFB94
:107C90006816DDF81880ECFB6826EEFB6836E9FB19
:107CA0006846EAFB6856DDF80C80ECFB68B7EEFB33
:107CB0006807E9FB6817EAFB6827DDF81C80ECFB26
:107CC0006837EEFB6847E9FB6857EAFB686708B06E
:107CD00000BD00BF2DE9F14F87B0FFF74FFFDDF882
:107CE0001C8008F1200888E8FF00FFBC87E87F08B7
:107CF000BDE8F08F00B591E89857A3FB03520195BA
:107D0000A3FB0401E3FB6420E3FB67100292A3FBE7
:107D10000752E3FB6802E4FB6415E3FB6805E3FB41
:107D200069250391A4FB07B6E3FB6926E3FB6A56CA
:107D3000E4FB670BE4FB682BE3FB6A5BE3FB6C6B28
:107D40000490A4FB0810E4FB6950E3FB6C60E3FBC8
:107D50006EB0E7FB6721E4FB6951E4FB6A61E3FB7A
:107D60006EB1E4FB6E010592A7FB0832E4FB6A6288
:107D7000E4FB6CB2E4FB6E02E7FB6E12E7FB6853B8
:107D8000E7FB6963E4FB6CB3E7FB6C03E7FB6E1393
:107D9000E8FB6E230695A7FB0954E7FB6AB4E7FBF3
:107DA0006C04E8FB6C14E8FB6E24E9FB6E34E8FB22
:107DB0006865E7FB6AB5E8FB6A05E8FB6C15E9FB5B
:107DC0006C25E9FB6E35EAFB6E450796A8FB097644
:107DD000E8FB6A06E9FB6A16E9FB6C26EAFB6C36EF
:107DE000EAFB6E46ECFB6E56E8FB69B7E9FB6907F8
:107DF000E9FB6A17EAFB6A27EAFB6C37ECFB6C4786
:107E0000ECFB6E57EEFB6E6700BD00BF2DE9F14F36
:107E100087B0FFF76FFFDDF81C8008F1200888E8C5
:107E2000FF00FFBC87E87F08BDE8F08F30B44FF05B
:107E3000000310F8014B11F8015B013A84EA0504D4
:107E400043EA0403F5D1A3F101034FEAD37030BC38
:107E5000704700BF4FF0000310F8012B013943EACF
:107E60000203F9D1A3F101034FEAD370704700BFB9
:107E700030B411F8014B12F8015B6C4000F8014B73
:107E8000013BF6D130BC70472DE9F00791E8F807C7
:107E9000B2E802105B1854EB0C04B2E802104D413A
:107EA00056EB0C06B2E802104F4158EB0C08B2E852
:107EB000021059EB01095AEB0C0A8941B3F1FF3367
:107EC00074F1FF3475F1FF3576F1000677F10007A4
:107ED00078F1000879F101097AF1FF3A51F10001D6
:107EE0005B184C414D4156F1000657F1000758F11F
:107EF000000859EBD1795AEB010A80E8F807BDE890
:107F0000F00770472DE9F00791E8F807B2E8021092
:107F10005B1A74EB0C04B2E802108D4176EB0C0690
:107F2000B2E802108F4178EB0C08B2E8021079EB4E
:107F300001097AEB0C0A89415B184C414D4156F11D
:107F4000000657F1000758F1000859EBD1795AEBB8
:107F5000010A80E8F807BDE8F007704718EB04084D
:107F600059EB05095AEB060A5BEB070B5FF0000CB7
:107F70004CF1000C18EB050859EB06095AEB070AFF
:107F80005BEB070B50EB0C005FF0000C51EB0C01AE
:107F900052EB0C0263414CF1000CB8EB070879F18D
:107FA00000097AF1000A7BEB040BA841B141A24120
:107FB000B3416CF1000CBBEB050BB041B941AA41D8
:107FC000BB416CF1000C4CF001068CF0020718EB81
:107FD000060859EB6C095AEB6C0A7BEB6C0B70EBE7
:107FE0006C0471EB6C0572EB670653EB6C076CEB82
:107FF0006C0C18EB0C0059EB0C015AEB0C025BF10A
:10800000000354F1000455F1000556EBDC7657EB04
:108010000C0770472DE9F14F87B0FFF7AFFDDDF892
:108020001080DDF81490DDF818A0FFF797FFBDE889
:10803000000FFFF793FF03B05DF8048B88E8FF00A3
:10804000BDE8F08F2DE9F14F87B0FFF753FEDDF863
:108050001080DDF81490DDF818A0FFF77FFFBDE871
:10806000000FFFF77BFF03B05DF8048B88E8FF008B
:10807000BDE8F08F1FB50B4B01934FF4B073ADF813
:10808000083008238DF80A3083788DF80B3001A969
:10809000FF2303208DF80C3000F070FD05B05DF873
:1080A00004FB00BF934304001FB50B4B01934FF437
:1080B0008063ADF8083008238DF80A3043788DF8D6
:1080C0000B3001A9002302208DF80C3000F056FD82
:1080D00005B05DF804FB00BFBF4704001FB50023D7
:1080E000019303930B4B02930B4B1B7883B10378E3
:1080F000002B0CBF012302238DF80B3001A9FF23B5
:1081000001208DF80C3000F039FD05B05DF804FB5E
:108110000123F1E738010800481F00201FB50A4B72
:1081200001934FF46273ADF8083008238DF80A30DC
:1081300001A903788DF80B3000208DF80C0000F0B9
:108140001DFD05B05DF804FBE7480400F7B50446E3
:108150000D4641B9124B5B78012B04D0019101A867
:108160000121FFF7F3FF23680E4E0F4F0733002D59
:1081700023F0070323600CBF2046002000F0D6FC4C
:10818000002556F8043B0BB13846984701350F2DB2
:10819000F7D100F043FD23680344236003B0F0BD32
:1081A000481F0020540000204A1F00202DE9F04302
:1081B00085B0974C0390064603A80D46FFF7C6FF0F
:1081C000A778E3784FF000091F44FFB2C8465FFA72
:1081D00089F39F4200F209810398033020F00300E5
:1081E000002D0390414618BF002000F059FE039B6C
:1081F00021791844039081B16379627C033020F0C7
:108200000300002D1A440390A389D2B218BF0020A6
:1082100000F0BAFE039B034403937E4F7B68CBB10F
:10822000E17AB9B194F828300398002B00F10700E7
:1082300014BF4023252320F0070014BF4FF48172A0
:108240002822002D039018BF002006F069FB039B35
:1082500003440393A17B91B123791BB97B6873B16C
:10826000E37A63B10398073020F00700002D0390F4
:1082700018BF00200CF0BEFF039B03440393664B22
:108280001B6873B1A17961B10398E27B033020F0E0
:108290000300002D039018BF00209847039B034460
:1082A00003935E4B1B686BB1217C59B1039803307B
:1082B00020F00300002D039018BF00209847039B77
:1082C00003440393564BD3F80080B8F1000F11D04C
:1082D000617C79B10398237D0093033020F0030083
:1082E000002DE37C0390A27C18BF0020C047039BB5
:1082F00003440393FB697BB1A17969B10398A27D23
:10830000033020F00300002D039018BF002000F080
:1083100029FF039B0344039394F8210080B1039A3F
:10832000E37E217E0332194422F0070242F0040268
:108330002B46C9B2039200F055FF039B03440393FD
:1083400094F8221000295AD0039FA28C0737002DE1
:1083500027F007070CBF38460020039718F011F9E3
:10836000039B034403931DB9A18C384612F07AFE97
:10837000217F002945D094F82030002B41D003986C
:10838000E28B073020F00700002D02F12402039059
:1083900092B218BF002018F0F4F8039FA37E217E4C
:1083A0003A180332194422F0070242F004022B4625
:1083B00094F820000392C9B200F006FF039B034427
:1083C000039335B9E28B217F083292B2384612F01E
:1083D00063FEE36A23B1039B05B9E3622833039389
:1083E0000398801B05B0BDE8F083A37A627A217AF6
:1083F000E07918F098F809F101098044E7E60F46A2
:10840000B1E7002DE5D12A4629462846DFE700BF1F
:10841000481F0020540000209000002098000020F9
:10842000940000208FB572B6194B1D6BE5B9BFF3F0
:108430004F8F1849184BCA6802F4E0621343CB60AF
:10844000BFF34F8F00BFFDE7B4FBF6F4DAB20133A0
:10845000002CF9D102F110036B440A2603F80C4CEE
:1084600032B901A8A847E2E7044600230A26EDE74F
:10847000531E04AC54FA83F4DAB2C3B2B3FBF6F77A
:1084800006FB1733303304F80C3CB0FBF6F0E7E79B
:10849000481F002000ED00E00400FA051FB5164C4F
:1084A000A37A8DF80930637A8DF80830237AADF815
:1084B0000C3002A8E379ADF80A300AF039FC18B1A3
:1084C000DB210320FFF7AEFF012301A88DF8043064
:1084D00019F0DAFB08B1DF21F3E7207D0AF08CFC0C
:1084E00008B1E221EDE7E07C0AF080FC08B1E3216D
:1084F000E7E704B010BD00BF481F002038B50546AF
:10850000002840D016F0D4FA10B94FF0FF3038BD33
:1085100013F0D2F8B0F5FA7FF7D81D4C1D4825634B
:10852000002500F0A5FA29463C221B48657016F08C
:108530006DFE26222946A01C257084F82850E5628D
:1085400016F064FE1B22E27140F21B32228140F2DF
:10855000023240F2011362811F226380A281012353
:108560004FF402722371E281A37544F60112FB23DA
:108570006282A384EFF3108472B600F043FE2CB93C
:1085800062B62046C3E76FF01500C0E72846BEE795
:10859000481F00209D8402005400002010B50028D0
:1085A00040F0A380544C6378022B00F09B80A1B173
:1085B000002A6CD00139142900F29780DFE801F01D
:1085C0000B181B2B535B74315E616F373D4A4F793B
:1085D0007C898C8F81001378A37001210020FFF724
:1085E000E5FDB0F5803F80F283800123637010BD0C
:1085F0001378E370F1E79378002B48D0D378002B01
:1086000045D013781A2B42D953781A2B3FD91368C7
:10861000C4F80730E1E713786279934237D32371C6
:10862000DBE713782279934231D86371D5E7137869
:10863000227993422BD86374CFE713783BB35378F6
:10864000013BDBB2F82B22D8138863822B4B927844
:108650009A70C2E71078607510F04AFCBDE7137895
:10866000ABB1A375B9E71378254A52680AB1012B5B
:108670000DD9E372B1E71388A381AEE71378A37134
:10868000ABE71F491378C96921B9012B04D86FF0F2
:108690001500ACE7002BFAD01378E3739DE713784D
:1086A000082BF4D8237498E71388FF2BEFD8A37313
:1086B00093E71378E37590E713780E2BE7D82376CA
:1086C0008BE713680F49E36153684B6013890B8193
:1086D00083E71378637680E71378E3767DE7137892
:1086E000A3767AE74FF0FF3081E76FF02C007EE74A
:1086F0006FF00B007BE700BF481F00205A1F0020CF
:1087000054000020641F002070B50D460646E8B1F5
:10871000E1B111F0070419D100F0DEF8C8B130461C
:1087200016F03AFB0C4E214686F834002846FFF737
:108730003DFD1CF08EF996F83400F16A0AF02CFC2D
:10874000FFF7ACFE02237370204670BD6FF015007A
:10875000FBE74FF0FF30F8E7481F002010B5074C4B
:108760006378022B05D10AF033FC94F8340016F03C
:108770002FFB18F04FF80020607010BD481F00203C
:1087800050B1074B03F1140253F8041B40F8041BCB
:108790009342F9D1002070476FF01500704700BF79
:1087A0007742070010B5064B5C7834B90AF086FBB7
:1087B000044B054ADA60204610BD4FF0FF30FBE75E
:1087C000481F0020540000207580020010B5064BA1
:1087D0005C7834B90AF086FB044B054A9A6020465F
:1087E00010BD4FF0FF30FBE7481F00205400002071
:1087F000A980020008B50A4B5A7872B993F828305C
:1088000043B10AF0ADFB074B074A5A60074A1A60AA
:10881000002008BD0AF088FBF5E74FF0FF30F8E7CD
:10882000481F002054000020DD8002001D8102004E
:1088300010B5054B5C781CB90AF0F2FA204610BD61
:108840004FF0FF30FBE700BF481F002010B5054B7D
:108850005C781CB90AF0D6FA204610BD4FF0FF3004
:10886000FBE700BF481F002010B5054B5C781CB922
:1088700019F053FA204610BD4FF0FF30FBE700BF60
:10888000481F002010B5054B5C781CB919F048FA58
:10889000204610BD4FF0FF30FBE700BF481F00200F
:1088A00010B5054B5C781CB919F03CFA204610BD98
:1088B0004FF0FF30FBE700BF481F0020024B02686B
:1088C0001A600020704700BF801F0020014B1B680A
:1088D000184700BF801F0020024B1868003818BFDF
:1088E00001207047801F002073B52E4D031D0446E4
:1088F0002B6028460BF042FC0228064606D1294987
:10890000204616F030FF304602B070BD042842D138
:108910002B78092B0AD0252B1ED02946204616F08D
:1089200087FFB0F5817F2DD3722112E005213E2013
:1089300016F0ECFE0028F0D1EB782A7901A943EA81
:1089400002236846ADF8003017F085FB0028D0D030
:1089500053210820FFF766FD1A213E2016F0D6FEAF
:108960000028DAD16B68C3F30F23ADF804306946F1
:10897000112301A88DF8063017F08FFB0028B8D01E
:108980006521E6E70028B4D0A178207816F0BEFE75
:108990000028B8D1ADE70828B5D10249204616F025
:1089A00011FFB0E7841F0020074B4FF0FF3141F665
:1089B000FF72C3E9001205490022C1E900221F210C
:1089C000C3E90212704700BF000000208820002089
:1089D0003F280CD801380B4BC0F3421200F01F00A7
:1089E00053F8223023FA00F000F001007047FF280E
:1089F00006D04038C0F34212034B00F01F00EFE7EF
:108A00000120704700000020882000200146074B0D
:108A1000006849681A4603C240F48C221A6041F08B
:108A2000107242F4FF625A60704700BF00000020DD
:108A30000246024B0068516803C37047882000203B
:108A40000246024B0068516803C3704708000020CB
:108A50000138064BC0F3421203EB820300F01F0003
:108A60009B6823FA00F000F001007047000000202E
:108A7000014B1860704700BF9020002010B5FFF731
:108A800093FF18F03BFB034B1B68044603B1984768
:108A9000204610BD902000200B880288F0B5C3F35B
:108AA0000E049EB204F11803C57CC35A05352A444E
:108AB0002B4497B213FA82F3013B4288B3FBF7F3DE
:108AC00013FB07439BB29A42044A93BF22EA060370
:108AD000324013439BB20B80F0BD00BF0080FFFF0C
:108AE00010B5114B00EB41041A786389B3FBF2F324
:108AF00003FB0223013A1A44B2F5706F027928BFD2
:108B000000231A448378B2FBF3F0194403FB1020CE
:108B1000091AB1FBF3F003FB101313446FEA43434C
:108B20006FEA5343638110BD9420002010B5124BAF
:108B3000E0B15A78022A04D040F22B111720FFF737
:108B400071FC03225A70026812F0070102D04FF440
:108B50009871F3E75C685A60224402609A60BDE84D
:108B600010403C2203F10C0016F050BB01225A7059
:108B7000C3E9010010BD00BF942000202DE9F041A1
:108B8000254E96F801E00EF0FD0CBCF1010F04D06B
:108B900040F245111720FFF745FC91F80680B8F127
:108BA000080F02D940F24711F4E7CF7997B3454651
:108BB000022D726838BF02257B1D5C0002EB430367
:108BC0006A1E13446D422B408D884544013DC8F117
:108BD00000022A404FF6FE75AA4202D94FF4A9714D
:108BE000D8E7BEF1030F12D106EB80001C1BC5684D
:108BF00015B140F25711CDE7C460A770228084F808
:108C000003C0087A09682071080CE080218107FB05
:108C100002337360BDE8F081942000202DE9F04715
:108C2000364C6378012B65D0032B04D040F26711DA
:108C30001720FFF7F7FBD4E901329A4202D04FF434
:108C4000B571F5E72546002305F80C3B1E460E22BC
:108C5000994655F82200013A58B190F8048081787D
:108C6000B8F1FF0F2FD180F804908E423CBFCEB2F6
:108C70000123511CEDD103B126700E2640F6FF6989
:108C800055F826709FBB013EFAD204236370002082
:108C9000BDE8F08755F82CE0BEF1000F06D09EF835
:108CA00004A0C24504BF9EF802E077440CF1FF3CEB
:108CB000BCF1000FEEDA3944FF2907D903B1267061
:108CC0004FF48371B4E794460027F1E70771CCE7CE
:108CD00007EB41033846A3F80A90FFF701FF08F1BC
:108CE0000108BB785FFA88F18B42F1D8CBE74FF0EF
:108CF0000008F6E7022360686370C9E7942000204B
:108D0000F8B54FF6FF730380184B03EB810305465C
:108D1000D868B8B186780379B3FBF6F206FB123354
:108D2000DBB219460A1D00EB4202B2F90270548808
:108D3000002F09DB0131B1FBF6F206FB1211C9B2BB
:108D40008B42EFD10020F8BDFF29FBD0C4F30E0306
:108D5000C4782B8024B94FF4D9711720FFF762FB38
:108D60005380BDE8F84017F0BDBB00BF9420002041
:108D70001D4B03EB810370B5DC68054644B3030467
:108D800004D54FF4E0711720FFF74CFB0146204655
:108D900017F08AFBFF28014604D02046BDE870404A
:108DA00017F0A0BBA078B5FBF0F300FB1353DBB2C8
:108DB00019460A1D04EB4206B6F90260002E09DBD3
:108DC0000131B1FBF0F200FB1211C9B28B42F0D1BC
:108DD000002070BDFF29FBD08B4204EB42021CBF78
:108DE0000023E3705580D8E794200020094B03EB63
:108DF000810310B5DC680146204617F055FBFF28BB
:108E0000014604D02046BDE8104017F06BBB00209F
:108E100010BD00BF94200020F8B5104B03EB810378
:108E20000746DC680146204617F03EFBFF28054652
:108E300011D0E688238953EA064606D0014620462B
:108E400017F050FB01463846B04720462946FFF749
:108E500047FE0020F8BD0320FCE700BF942000205F
:108E600038B50E4B827903EB82030446D86808B903
:108E7000022038BD8278E1799142F9D24B1CE3712E
:108E800000EB41035D89B3F90A30002BF3DBA580C9
:108E900017F028FB20600020EBE700BF94200020A3
:108EA00070B5044610F003000E4603D04921182087
:108EB000FFF7B8FA17F09CFA054624B1034831468B
:108EC000046017F095FA284670BD00BFDC20002032
:108ED0002DE9F04F1E4C85B092462268BDF83CB09B
:108EE00098468146BDF838300D461AB95B211820E6
:108EF000FFF798FA1A460A215046039317F023F910
:108F00005A4606460921404617F01DF93118074612
:108F1000206817F098FA039BC9F8000018B9286078
:108F200005B0BDE8F08F84192C60D9F800000093DB
:108F3000524631460A2317F0B8F82868CDF838B001
:108F400009234246394605B0BDE8F04F17F0ADB8E9
:108F5000DC20002070B50E46044617F0FDF80546EB
:108F6000304617F0F9F8044B2A1821461868BDE876
:108F7000704017F092BA00BFDC200020014B186847
:108F800017F054BADC200020F8B511441D4EC9B2C8
:108F900010F00305317003D04D210920FFF742FA8C
:108FA0001F2B19D89B009BB2033323F003039BB202
:108FB00008B17060338101EB81047668E2004FF004
:108FC000010C00EBC404EFB2B94212D8D01D03FB70
:108FD000010020F00700F8BDFF2B4FEA430204D93F
:108FE000FF339342DFDB93B2DEE77C2AFBDC7C239A
:108FF000DAE710B186F800C07460013528361C44E9
:10900000E1E700BFE020002038B5144A1478536827
:109010000021C8B2844203D8A8210920FFF702FA30
:109020001846013105782833002DF2D000218170D7
:1090300001241289447044688161C161920800F181
:109040002001051D21F8022B994245F8044B1444D8
:10905000F8D100234361037038BD00BFE020002039
:109060000A4B1B89B3F5FF7F4FEA930006D25A08DB
:109070009B1A9BB2984238BF18467047B3F5EE6F03
:1090800001D8FF22F4E740F27263F3E7E02000200A
:109090002DE9F8434B7880460C4602F0040602F0B6
:1090A000FB07D3B1DFB12E4BD4F804901D89B7BBB9
:1090B00001236370AD08A761E76104F120034A460C
:1090C000211D04F1280023F8025B984241F8042B8B
:1090D0002A44F8D10023636101E0002FE3D0FF238D
:1090E000A370002E18BF0226A3191B7D032B03D1EA
:1090F000022F1CBF0136F6B2A31901221A7506F120
:109100000C0204EB8606002324F812307268A37068
:10911000C8F80020A8F804304046BDE8F8830021D4
:1091200014226170A01816F071F8B5F5FF7F0FD208
:109130006B08ED1AADB209EB0502C4F80490258462
:10914000A2606384C4F80C90A5842261E384C6E71E
:10915000B5F5EE6F4FF0FF03EBD940F27265EAE729
:10916000E02000202DE9F74305460C46F7200521B5
:10917000904616F0E8FF064685B115F0030703D0C8
:109180008F211920FFF74EF9DFF83890C9F81050F9
:10919000A9F81400A5B2BBB29D4204D806FB04F0A6
:1091A00003B0BDE8F083B9F814C0D9F81000CDF8C9
:1091B000008007FB0C000523F722314616F075FFEF
:1091C0000137E8E7F420002007B5CDE900230B467E
:1091D00003490246081D17F0F7FA03B05DF804FBD7
:1091E0000C21002013B5064CCDE900230B460246A6
:1091F00004F1080104F10C0017F0E6FA02B010BD0A
:109200000C210020134B012200214FF0FF309A6007
:10921000C3F80012C3F80803C3F80015C3F8042507
:109220009A60C3F80803C3F80015C3F804250A4977
:109230000A4A03F580334FF40040C3F80825C1F80B
:109240008000BFF34F8FBFF36F8FC1F88001C3F869
:109250000825704700F0004000E100E00000F63F04
:109260008C46382300B50CF8033B054B8E4607CBE4
:10927000CEF80300CCF80410CCF808205DF804FB0D
:109280002C21002070B5234DE96AAC6A0B7803F0FD
:109290000303032B04F1A8041AD16B8E2A8E01203C
:1092A000034342F400626B8620756B6B2A869847F5
:1092B000E96A237F013B18BF012323774B7833B141
:1092C000D4E92232013342F10002C4E9223270BDF6
:1092D000002BEED04B78002BEBD02A8E42F40062AC
:1092E0002A86AA6B002AF2D0FB2B08D895F83C30CE
:1092F00063B16B6B0021BDE870402020184795F8E2
:109300003D3043F0100385F83D3070BD01230370FC
:10931000CFE700BF2021002010B5174C10F0D2FC81
:109320000FF08AFF636B208E00219847237E73B96C
:10933000A36A93F89E30022B1AD0236C94F83D1048
:1093400094F83E009847002384F8443010BD94E818
:10935000070004F10C0383E807000849022204F126
:10936000190019F07DFEA36A93F89E30022BE4D118
:1093700003480BF0F5FEE0E7202100206192020097
:1093800044210020034B93F8443003B97047FFF7A2
:10939000C3BF00BF2021002038B5234D95F82430ED
:1093A00004460BB101280ED0012913D8EB6C2046DE
:1093B000984778B195F83D3063B995F8240058B1D5
:1093C00064B1002038BD6B8E1B07EDD5AB6CDB782C
:1093D000022BE9D1012038BD012CF3D195F8503092
:1093E000DC06C3F300110BD50023AA6B7AB1A8B138
:1093F0006A8E920712D5AB6CDB78022BEAD1E0E7DC
:109400006B6D1B78C3F30013C3F10103EDE7B5F8EF
:109410005820002AEBD00029DCD0E8E7002BD9D176
:109420006A8E002ACDD0D5E72021002008B5094B4F
:1094300093F84420022A07D1DA7A42F00102DA7264
:10944000BDE80840FFF768BF4FF40F712720FEF713
:10945000E9FF00BF20210020F8B5254CA66A636D06
:10946000E36296F8CC30054606F1A80794F85A0056
:109470000BB10430C0B296F87D100DB9FF282ED084
:1094800010F082F997F824301BB3E06D11F008F862
:1094900094F82430E16DE06A003B18BF012384F8A2
:1094A0007830D7E92223C4E91C230FF069FE3DB9C7
:1094B00096F87D0010F00C0018BF282011F05AF823
:1094C00096F87C10002011F0BDF8022384F8443097
:1094D000F8BDE06A10F0E4FF0FF0AEFEE7E796F8A3
:1094E0007C209142D0D010F04FF997F82430CBE790
:1094F0002021002070B57F4CA56A82B095F8CC2061
:10950000002305F1A8068DF8053094F85A300AB109
:109510000433DBB210B9FF2B00F0B28095F87C1059
:10952000FF2010F031F9B37E032B00F2DE80DFE87C
:1095300003F0021D807094F8BA30ADF806306E4822
:10954000A5F86C3009F062FF002840F0A180D4F843
:10955000BC000DF105020DF1060116F01FFEA0641E
:1095600020B196F86130002B00F0A9806348A06418
:10957000F37EDB0003F00802037803F0F3031343E8
:10958000327F920002F00402134303F0EF0203F073
:109590000303032B027002D1C378022B12D0D4F83C
:1095A000BC0016F066FE48B9A06C027802F0030316
:1095B000032B07D009F050FF002879D1A06C027866
:1095C00042F01002027096F8233013B14378002B5A
:1095D00043D110F065FF0FF02FFEA66C0AF03EFF9E
:1095E00020B1337803F00303032B64D095F87D108A
:1095F000012011F027F8A36C414A18889978A4F843
:109600005000012384F8C030917084F8443002B0D7
:1096100070BD394809F0FAFE002861D0A06CC3780B
:109620001B2BA5D1012105F1100010F0E3F8A06C6F
:109630009EE7B5F86C30D4F8BC00ADF806300DF1FB
:1096400005020DF1060116F0A9FDA06400288FD1D6
:1096500040F2D5212720FEF7E5FEE06D10F020FF57
:1096600094F82410E06DD6E92023B1FA81F676094A
:10967000A16C84F87860C4E91C230FF081FDACE78D
:1096800095F87D3095F87C108B427FF449AF4AE71E
:10969000638EA16C626B43F08003802063869047E9
:1096A000A06C01217175C3781B2B7FF461AFBAE701
:1096B000A06C027886E7012011F09EFF96E79DF8E6
:1096C00005302BB1BDF8061019F085FCA06C4FE7F2
:1096D00003808370A06C012119F067FBA06CF1E797
:1096E00040F2DE212720FEF79DFE40F2EB212720ED
:1096F000FEF798FE2021002068210020A8210020EC
:10970000702100202DE9F041434C94F84420A56AD3
:10971000012A82B006460F4605F1A8055FFA82F8D5
:1097200074D12B7D6BB1638E002143F004036386FB
:109730002975636B0420984794F824300BB185F8A1
:109740001680A16C0A7802F00302032A36D04B7807
:10975000EBB10223AB7695F82430F3B1A36A93F80A
:109760007D10D5E92223C4E91C2394F8243094F811
:109770005A20003B18BF0123013984F878300729AB
:109780003FD8DFE801F03B133E113E3E3E38012357
:10979000AB7695F82430002BE0D106B907BB02B0B8
:1097A000BDE8F041FFF7B8BD4FF003080023009378
:1097B0001A49434601200FF06BFCEEE7AB7E63B91C
:1097C000638E43F0020363860220636B9847A16CAB
:1097D0000B7803F00303032BB9D10323AB76BAE76D
:1097E00031463046FFF7D8FD0028D8D102B0BDE899
:1097F000F041FFF731BE4FF00208D7E74FF0000805
:10980000D4E740F2B2310620FEF70CFE40F275417B
:109810002720FEF707FE00BF202100208021002026
:1098200070B50C4B0C4C0D4A1A6094F8443063B977
:1098300006460D4603F0FF02012104F1880022765E
:1098400019F0B3FA6665E56570BDDE212720FEF7E5
:10985000E9FD00BF9C0000202021002018A102008B
:10986000044A92F8443003F0FF000BB910767047B9
:109870000C20704720210020024B012283F83C205D
:10988000704700BF202100202DE9F043BA4C85B07D
:1098900002AD85E8030094F844100C98002940F0CC
:1098A000D481002A00F0D181002B00F0CE81002865
:1098B00000F0CB8101F0FF06206495E80300E3642B
:1098C00004F1240383E80300A56A626384F83C6022
:1098D00084F83D6084F8C16084F83E6084F8C0601C
:1098E000668626860FF0E6FF0FF0A6FC95F980004D
:1098F00010F004F905F1A807A86B10F0B5FD286A6F
:1099000010F002F997F8340010F008F994F82430B8
:10991000002B6AD0042015F02FFDEA6941F64B5365
:109920009A4294BF4D2096200FF0CCFEA36A93F884
:10993000F032002B40F01D8195F87D10012010F0D1
:10994000D3FA002864D08D4B186810F093FD6B6932
:10995000C4F8BC30AB69C4F8C43095F88B3023B977
:10996000D5F88410002940F0C380D7F89000D7F8CC
:109970009410D7F89820D7F89C30DFF804C2ACE8F0
:109980000F00D7F8A030C4F87930D7F8A430CCF85D
:109990000D30A36A94F8241093F8C620A2F1260093
:1099A000002938D1012803D993F8C700262838D1D7
:1099B00093F8322393F87C80002A40D0B8F1080F46
:1099C0003DD0B8F1040F00F02581082A00F0228173
:1099D000042A00F01F81B8F1010F30D0012A14BF12
:1099E0004FF002084FF0010829E0032015F0C4FCF5
:1099F000EA6941F64B539A4294BF4D2096200FF0EE
:109A000061FE95F87C10002010F06EFA00289AD1C3
:109A100005B0BDE8F08301287BD993F8C70026285C
:109A200077D0213A012A40F2CB80242800F0E6804A
:109A300093F87C80B8F1040F08BF4FF0080805F1D7
:109A400044094146484619F0C5FB414618F01CFE42
:109A5000B5F8503095F87D100246934228BF134662
:109A6000484684F8BA3019F07BFB95F87D1097F8DA
:109A70002490B5F85880082908BF042118F004FE86
:109A8000B9F1000F01D1043080B2404528BF4046F3
:109A90005FFA80F884F8C8800AF0E0FC20B1B8F1E1
:109AA0002B0F38BF4FF02B0894F8241084F85A80FD
:109AB000002957D197F82330002B3AD0012384F89E
:109AC0007830D7E92023C4E91C2395F87C30E86975
:109AD00041F64B52013B904294BF04200020072BDB
:109AE00000F29B80DFE803F01E9E991D999999A0D2
:109AF000B7F84E203B8B93427FF437AFB5F8882000
:109B00001344A7F84E3095F88A00012211F058FD51
:109B10002BE793F8CE2393F87C80002A7FF44EAF96
:109B20008DE7032100220B4600921549FB220FF01E
:109B3000AFFA0120FFF7DEFC124BD3F8503523F0CB
:109B40000803032B00F086800023C4E90033A360E0
:109B50002A88398B97F8343061802280237105B0D0
:109B6000BDE8F08397F8243073B90120FFF774FC47
:109B7000E2E70FF08DFEDFE6202100209C000020B0
:109B80008021002000100040D7E9220195F87D30A7
:109B90000122013BC4E91C0184F87820072B3CD842
:109BA000DFE803F005443B043B3B3B460326002132
:109BB000009133462A49424601200FF069FAD4E762
:109BC00024281BD000293FF433AF93F86E2193F87B
:109BD0007C8050071ED412F001032BD193077FF530
:109BE0002EAFB8F1080F3FF42AAFB8F1040F11D02F
:109BF000B8F1010F18BF4FF0020820E700293FF429
:109C000017AF93F8751093F86E2193F87C800A4093
:109C10005107E0D54FF0080811E740F2B2310620B5
:109C2000FEF700FC01217DE702217BE70126BEE76C
:109C30000226BCE7B8F1080F3FF401AFB8F1040FFA
:109C400014BF98464FF00808F9E640F24F1127205C
:109C5000FEF7E8FB40F2F9112720FEF7E3FB00BF17
:109C60008021002010B5194C94F84430F3B194F8D9
:109C7000243093B194F84430022B21D1A36AD3F855
:109C8000080310F045FCA16A91F88B3003F0FF0245
:109C900013B9D1F8843063B910BD94F84430012B66
:109CA000F1D040F20E212720FEF7BCFBFFF734FB7A
:109CB000E9E791F88A00BDE81040114611F080BC38
:109CC00040F212212720FEF7ADFB00BF202100202B
:109CD000FFF722BB014B1876704700BF2021002000
:109CE000014B93F8C000704720210020024B188ED2
:109CF000C0F38020704700BF20210020014B93F863
:109D0000C1007047202100202DE9F0411E4FBC6AA0
:109D1000820782B005460E4604F1A80411D4EB0771
:109D20000CD5D4E92232217F013342F1000201290E
:109D3000C4E922320CBF00230123237702B0BDE81F
:109D4000F081BB6BDBB1B7F85820F96A18460332D3
:109D500091F8018015F0E2F90DF1020201A9F86213
:109D6000D7F8C40016F03AFB019816F021FB012247
:109D700030604146D7F8C40016F0C6FACFE740F28B
:109D800066412720FEF74EFB202100202DE9F047F9
:109D9000B24C86B00023CDE904338DF80F3094F82F
:109DA0004430A56A022B06460F4605F1A8055FFA66
:109DB00083F840F0A281238E13F0400106D1636B3B
:109DC00040209847238E43F040032386002E5AD02C
:109DD00095F82430002B40F01881D4F82CA09AF884
:109DE000011089B2A4F85810002940F02581002301
:109DF000A3639AF80000238EE97EC0F3800243F447
:109E000080739142238600F0CC80A26A94F82410DB
:109E100002F1A80999F81A20EAB1022A00F0538148
:109E2000002389F81A3021B199F81620002A40F051
:109E30003F8199F81530002B40F0168199F81B30BE
:109E4000D4F82CA0012B0CBF0023012389F81B3070
:109E50009AF80000238E43F4806222862A7FC0F3A2
:109E6000C0039A424FF0000900F0A2800AF0F6FA0F
:109E7000C0B19AF8003003F00303032B12D1012084
:109E800011F0BAFB0EE095F82420002A40F0B980CA
:109E900043F40073238694F8C130013384F8C13051
:109EA0004FF0000995F823305BB394F82430A26A90
:109EB000B3FA83F3D06992F87C105B0984F87830A8
:109EC00041F64B53984294BF04200020D5E920234B
:109ED0000139C4E91C23072900F2E280DFE811F010
:109EE0008E000800E0008B00E000E000E0000A00C7
:109EF0004FF001080022009259494346FB220FF01F
:109F0000C7F847B994F8C1100120FFF745FA074692
:109F1000002800F0998010F003FC01279DF80F3015
:109F20007BBBB9F1000F08D094F82430002B59D135
:109F3000B4F809300133A4F809303EB3B4F8053061
:109F400000220133A4F8053084F8C12045480BF005
:109F5000E5F8049840B116F02BFAA16A0023437289
:109F60000722013019F06AF8059B33B1A16A00227B
:109F70001A720C22059819F061F86FB906B0BDE8A5
:109F8000F08705A90220FFF7BFFECAE7B4F8073043
:109F90000133A4F80730D9E7FFF7BEF906B0BDE8F2
:109FA000F0872A7FC0F3C0039A42B1467FF45EAFC8
:109FB0000AF054FA00284AD0D4F82CA09AF80030BD
:109FC00003F00303013B012B41D89AF8012094F8D8
:109FD000C8309A423BD994F83D3043F0100384F8DE
:109FE0003D3043E7B4F80530B4F807102A8B0B4333
:109FF0001343A2D09CE74FF003087BE74FF0000823
:10A0000078E70FF083F9238E42E70FF045F90FF060
:10A0100027F9D4F82CA09AF8011000287FF4E1AEBB
:10A02000002942D09AF800302A7FC3F3C0039A4235
:10A030005DD089B2A4F85810D4F8C40016F03AF9EB
:10A04000D4F82CA0A063D4E6FFF754FA66E70DF12C
:10A050000F00FFF717F9D4F82CA007E72021002004
:10A0600080210020442100204FF0000A89F815A02B
:10A0700009F0DCF900284AD0638E43F008036386B8
:10A080005146636B08209847D9F880300133C9F8EE
:10A090008030D9F8843043F10003C9F88430CDE62C
:10A0A00040F2B2310620FEF7BDF9A4F858109EE642
:10A0B00089F816301946638E43F01003638610202A
:10A0C000636B9847B5E6D4F8BC0004A916F089F88C
:10A0D000C0B1D9F8803094F824100133C9F8803029
:10A0E000D9F8843043F10003C9F8843098E601239D
:10A0F00084F83E30FFF710F940E74FF49D612720C8
:10A10000FEF790F94FF479712720FEF78BF940F2B2
:10A11000FB312720FEF786F92D9402008D9D020069
:10A120000597020085930200F0B583B00023044632
:10A1300001A8019310F0B8FF019B03F00303002B6B
:10A140000BBF182522250F2619260CBF00270A272A
:10A1500015F084F938B120461AF0B2F970B905F15A
:10A16000610003B0F0BD15F0D5F800280CBF3D46E6
:10A17000354620461AF0A4F90028F0D020461AF0FF
:10A1800085F918B105F15A0003B0F0BD20461AF068
:10A1900081F90028F6D105F15000E2E708B54FF447
:10A1A00052710620FEF73EF92DE9F047002800F035
:10A1B000DA800446082900F2CB80DFE801F091A99B
:10A1C0002424A5C91F9CC500014620461AF0EBF8BF
:10A1D000D4F83C3100F1F7059D4240F2BD80E81A09
:10A1E000322838BF3220032114F0C2F8C4F83C51A1
:10A1F000064620461AF091F9002E7AD02046BDE896
:10A20000F0471AF08EB9FFF78FFFB4F83231A4F897
:10A2100040010022062B84F8382184F8432100F203
:10A220008C800133A4F8323104F59C75284613F074
:10A2300059F9002800F09B8094F8583103F0FF0191
:10A24000002B72D1D4E954026FF000439A4208BF48
:10A25000B0F1FF3F12D02046D4E952671AF0A3F8BC
:10A26000D4F85031D4F854219B1B00F1F70062EB75
:10A2700007021B1A62F10002002A53DB94F8100156
:10A28000294613F045FA00287BD0D4F84851D4F879
:10A290002871D4F84C61D4F82C81AF4278EB0603D6
:10A2A00027D220461AF0BCF850EA010381468A46BC
:10A2B0001FD0E81B4A4666EB0801534614F070FEB7
:10A2C000D4E94A3209FB01F100FB0A11A9FB009015
:10A2D00013EB0903014441EB0201C4E94A3108E0F0
:10A2E0000CF008F8D4F83C01E73813F097FF002889
:10A2F00042D0BDE8F08790F8100113F0BFF80023BA
:10A3000084F83031BDE8F087BDE8F04710F01CBAA2
:10A310001AF0C4F800283FF457AF2046BDE8F047D4
:10A320001AF0FBB820460BF0EDFF94F8100113F083
:10A33000A5F8002384F83031A7E7D4F8143173B1BD
:10A34000012384F842316FE7F2213020FEF76AF8EA
:10A35000F6213020FEF766F8C4F83C51DDE7022311
:10A3600084F8423160E7D2213020FEF75BF840F2FA
:10A370009F613020FEF756F840F281213020FEF731
:10A3800051F840F2A3613020FEF74CF82DE9F04F70
:10A3900004468BB00020029394F87D300690174657
:10A3A0000E46059317F09CFD94F8F1220B2A00F25B
:10A3B0008583B34B33F8125094F8C7200392284496
:10A3C00087F0010285B204922FB3B4F880A3B4F8E9
:10A3D000C090A6EB0A0A0FFA8AFAA6EB0909BAF1AD
:10A3E000000F0FFA89F904F55678C0F2D581A54A15
:10A3F000DDF808B0127802F0FF07002A40F0DD8196
:10A4000094F83C33032B00F26A83DFE813F03F013A
:10A410000401A2003A0094F83C23032AD5D1039A00
:10A420000E2AD2D1B4F8CC23B242CED1B4F80E1356
:10A43000B4F882230A44C4F83823D4F84423C4F877
:10A440003023E269C4F8342320460DF0D7FAD4F85B
:10A45000D423E169914205D004F128001AF0E9FA09
:10A46000D4F8D423E261D4F8D023E263B4F8CE2345
:10A47000A4F84020D4F8D8236262022284F83C2356
:10A48000A3E7E569029B05FB0AF2002B40F031824D
:10A4900094F85333002B00F0DC827A4B5868D4F8E0
:10A4A0004433EB1AA3F5AD75D4F87833D71B854246
:10A4B00028BF05460697DF19D4F87C33C4F8085343
:10A4C00043F10003C4F86C33002384F85833742339
:10A4D000A4F86033C4F8687304F1440018F03EFE39
:10A4E000D4E9DA230544C4E9DE23C4F85C53A4F8B4
:10A4F00080630CF0F7FB20B1D4F85C331E33C4F852
:10A500005C33B4F8F812039A8E1B002336B29E42D5
:10A5100084F86233C4BF022384F862330E2A029A9D
:10A5200000F06182002A40F0618294F83C33002BF5
:10A5300040F07D8294F88403414613F0E9F8002846
:10A5400000F0BE82049B84F8503300200BB0BDE8BD
:10A55000F08FE36BD4F834032946184411F082F8E5
:10A560002946C4F84003E069474D11F07BF8E269E1
:10A5700094F87D9041F64B539A4298BF0230C4F84C
:10A580004403484610F06EFC00F55F4019F00C0FD4
:10A5900000F14100A5FB003014BF2821002101EB90
:10A5A00090118031204618F071FEB4F80E33002B64
:10A5B00000F07681D4F83433E26BD4F8405313447E
:10A5C0005B1B0693D4F83033D4F8382394F87DA07D
:10A5D00002FB0355B4F8403030351AF00C0F03EB92
:10A5E000450540F05481504610F03CFC264B00F5E8
:10A5F0002340A130A3FB00304FEA9019504610F0E1
:10A6000029FC4D441F4B069A284458600123E569F4
:10A6100084F83C3343E7D4F84403E269D4F8403388
:10A62000D4F83813B4F80E53121A0AFB02F2069249
:10A63000D4F8302394F87DA03033A94402FB0133D1
:10A64000C943B4F84050894400FB09301AF00C0F9C
:10A6500005EB400540F02181504610F003FC0A4B09
:10A6600000F52340A130A3FB00304FEA901950467B
:10A6700010F0F0FB4D44034B069A2844586089E0E3
:10A6800050DD0600EC210020D34D621094F87D10BF
:10A6900094F80603DFF828A318F020F88146E06B51
:10A6A0002946484410F0DEFF2946C4F84003E0691B
:10A6B00010F0D8FFE26941F64B539A4298BF02303E
:10A6C000C4F8440307A908A810F032F8079B0093C8
:10A6D000D4E9DE01DDE9082314F0CEF894F87D30EA
:10A6E00005930546184610F0BDFB059B00F55F403D
:10A6F00013F00C0F00F1410014BF28210021AAFB28
:10A70000003001EB90118031204618F0BFFDD4F8E5
:10A710008833E26B94F87D000693059210F0A2FB5B
:10A720004AF2A13B00EB0B03AAFB0331069B059AFF
:10A73000D4F84003203B13441B1A4B445B1BA3EB90
:10A740009113069394F87D30B4F8409000F13005F1
:10A7500013F00C0F4FEA450509F1220940F09A80E9
:10A760001846059310F07EFB8344AAFB0B3A059B29
:10A770004FEA9A1A184610F06DFB4D44914B069A19
:10A78000554428445860D4F88833D31AB3F5D87F99
:10A7900040F29B81E56982E6002284F85323894ACE
:10A7A000D4E9DC011278C4E9DE01CA464FF0010B9E
:10A7B00002F0FF07002A3FF423AE10F0FDFF07462A
:10A7C00000283FF41DAEB4F82423012A40F2F5809E
:10A7D00094F83C23022A00F0F08094F85223002AD7
:10A7E00040F0EB80E06941F64B57B84240F24381BC
:10A7F00094F8F1220B2A00F26181734B33F8125066
:10A8000094F83C3305F5C865012BADB240F03781B3
:10A8100094F8CA30032B40F04681D4F83403E76B38
:10A820000744294610F01EFF03463846D4F830731B
:10A83000C4F83033DB1BD4F83873294603FB07F721
:10A8400010F010FFD4F84033C4F84003C01A074496
:10A850002946E06910F006FFE36941F64B52934246
:10A86000B4F80E33D4F838234B446FEA0202A3EB5A
:10A870000A031344D4F8442398BF0230C4F84403B5
:10A88000801A00FB0377012384F85233B8E54FF0B8
:10A890006509B3E64FF0650A6CE74FF06509E6E637
:10A8A000029B002B3FF486AE94F87DB0D4F834239D
:10A8B000E36B584602EB030910F0D4FAD4F88C335A
:10A8C0008246A9F1200958469944D4F840B310F0C3
:10A8D000C1FA0AF5234AA9EB0B090AF1A10AA9EB6F
:10A8E0000009A5FB0A35A9EB95150695D4F8405348
:10A8F00068E6B4F80E33002B7FF4CAAD84F8533306
:10A90000D4F8441301FB1A2A94F8C620CDF818A0F5
:10A91000262A5BD094F8C720262A57D0BBF1000F17
:10A9200027D033BBD4F88CB3BBF1000F00F0D2803A
:10A9300094F87D0010F00C0F40F09B8010F092FA1C
:10A940001F4DD4F88CB300F52340A130A5FB003592
:10A95000AD0994F87D00103510F07CFAAAF1100AC8
:10A960000AEB0B02551B2D1AB4F80E33D4F844131E
:10A970000695059803EB090B01FB0BFB0BF1300B64
:10A9800010F00C0F4FEA4B0B61D110F06BFA0C4D2D
:10A9900000F52340A130A5FB00308509059810F093
:10A9A00059FA084B054405EB0B00E569586041F680
:10A9B0004B539D4250D9069A71E5002720E500BF10
:10A9C000D34D6210EC21002050DD0600B4F8CC23FA
:10A9D000B21A1204A2D4059894F8CF23002A18BF03
:10A9E000104605909AE7002A3FF4A4ADB4F824235A
:10A9F000D2B1B4F8260394F8281300FB01118A425F
:10AA000000F101007FF796AD002B3FF493AD0023DA
:10AA100084F86233A4F8260309F026FD00F007004D
:10AA2000013084F8280385E5A4F8262382E5E1694E
:10AA3000D4F844334046C91A17F0F5FD80B2002817
:10AA40003FF478AD149BC3B1188001207EE56525E5
:10AA5000A4E7B4F80E3353E7234A284606AB594619
:10AA600017F05AFE214B84F85303069A5868E5699B
:10AA700015E5752570E71746C2E4012066E529460D
:10AA800010F0F0FDE369BB42B4F80E73D4F8443320
:10AA900098BF02304F44A7EB0A07C4F84403C01A1A
:10AAA00000FB07F7EFE694F87D1094F80603E76BD8
:10AAB00017F014FE0744D4F83403B2E6FFF76EFB38
:10AAC00040F2A3513020FDF7ADFC40F2F2413020BE
:10AAD000FDF7A8FC40F244513020FDF7A3FC40F202
:10AAE00059513020FDF79EFCF0210020EC21002080
:10AAF0002DE9F04385B0002800F05B810446082969
:10AB000000F23D81DFE811F08900E9000900090049
:10AB100071003B0176007E0037011AF05EFAD4E93D
:10AB2000DC23801A61EB0301012871F10003C0F2FC
:10AB30004E816FF00102002382428B41C0F24281BC
:10AB4000E3690BB1B0FBF3F394F8C7200E2A00F0D1
:10AB50000B81B4F8C010B4F84E230B449BB2D11A49
:10AB6000090454BF531C01339BB2A4F84E3394F82C
:10AB70005133B4F84E1323B9B4F8FC328B4200F0D1
:10AB80000B81B4F8FC20B4F8C030B4F8FA001344D8
:10AB9000013BB4F882231B1A9EB2531C721A120492
:10ABA000A4F8823300F1B4800DF10E050023009566
:10ABB0001A462046FFF7EAFB002840F09380D4F8BD
:10ABC00084303BB3B4F8F620B4F84E339B1A1BB272
:10ABD000002B1FDDB4F888100B44013BB3FBF1F3ED
:10ABE00013FB0123A4F8F63014E005B0BDE8F043F0
:10ABF0000FF0AABD012010F0FFFC05B0BDE8F04346
:10AC0000FFF766B890F83C33042B40F0E580002352
:10AC100080F83C3305B0BDE8F08390F85033002253
:10AC2000C0F88C23002B00F08E80B0F84E23B0F8D3
:10AC3000C0309A4200F0B580D31AA0F8FE32A0F8D6
:10AC4000C020D4E9DA232046C4E9DC230CF0B4FDAB
:10AC500094F80333002BDDD094F87D20E569D4F817
:10AC60004433DFF87C8112F00C0F14BF4FF4F079FD
:10AC70004FF4DC799D4288BFED1A98F8083098BFF0
:10AC80000025002B7FD004F14400D4F8087318F09D
:10AC900065FA0744022013F01BFBED1B25EAE5755E
:10ACA000854228BF05460221284613F061FB00B902
:10ACB0002F444A463946204618F0D0FAE269D4F8C3
:10ACC0000833C8F80C00D01813F0A8FA0028A1D156
:10ACD00040F2AA313020FDF7A5FB05B0BDE8F043F6
:10ACE00019F08ABD012868D1B4F84E13B4F8F822DF
:10ACF0008B1A13F4004FBDF80E30194489B2A6EB3D
:10AD000001032CD11BB2002BA4F84E13BFF64EAF9B
:10AD100094F8CA303349002B0CBF3E23082384F833
:10AD2000E93004F1E00018F095F9204619F066FDCD
:10AD3000002384F83C3394F8840312F09FFB202313
:10AD400084F8843366E7B0F84C33B0F8C010B0F83C
:10AD50004C23A0F8C0205B1AA0F8FE3271E71B0458
:10AD600016D4A4F84E1321E7B4F84E13013189B27A
:10AD7000A4F84E1305E7C6213020FDF753FBCA2186
:10AD80003020FDF74FFB636C9D4228BF1D467AE7DC
:10AD9000B31A1BB21146B6E7013189B2A4F84E13BB
:10ADA000EFE6B0F8FC32A0F8C0309B1AA0F8FE32F3
:10ADB00047E79C213020FDF735FB4FF4CC61302074
:10ADC000FDF730FB40F221613020FDF72BFB4FF403
:10ADD000C4613020FDF726FBC0213020FDF722FBA7
:10ADE000EC210020594B03002DE9F04700260546D1
:10ADF00080F81861D0F814010127D5E9528982B092
:10AE000080F806238A4685F83061394685F8317125
:10AE100008F04CFFD5F81441C4E9DC8995F81031ED
:10AE200084F88433C4E9DE89C4F888A384F83C63D9
:10AE3000A4F8806333460096324631462046FFF739
:10AE4000A5FAC8B984F83C73C4F83803C4F83003D1
:10AE5000A4F84E03A4F84C0384F85103B4F8C030AE
:10AE6000A4F88203013BA4F8C0300EF0DBFF02B06F
:10AE7000BDE8F04712F030B940F221213020FDF753
:10AE8000D1FA00BFD0F81401704700BF2DE9F0439C
:10AE900085B000230322CDE9003301268DF806207A
:10AEA0006846FDF7DDFF044620BB009D95F8303174
:10AEB000002BF5D085F858610121284619F033FBA5
:10AEC00095F83031002BEBD095F8100112F02CFFE3
:10AED00095F8100113F076FB95F8100112F0CEFAF8
:10AEE00000283CD085F830416846FDF7B9FF04469C
:10AEF0000028DAD0DFF87C80012388F810300025A4
:10AF000002264FF6FF771AE0029BE3B193F8842301
:10AF1000202A18D01888B8421BD00221FDF766FFFE
:10AF2000814608B390F8840313F04CFB99F884032E
:10AF300089F83C4312F0A2FA202389F88433CDE942
:10AF400002558DF80E6002A8FDF78AFF044600281E
:10AF5000DAD0002088F8100005B0BDE8F08340F298
:10AF60000D213020FDF75EFA40F229113020FDF767
:10AF700059FA00BFEC210020054B0022012142F2CA
:10AF800010701A72588219701A74FFF77FBF00BFD1
:10AF9000EC21002090F83031002B40F0A3802DE907
:10AFA000F04104460F4601465648154603F0FF0897
:10AFB00012F038FA202806466DD04146502204F59A
:10AFC000887014F023F9012384F81061C4F8147117
:10AFD00084F8303137B109F05FFA00F00700013032
:10AFE00087F828032046FFF79FF800270223A4F8DC
:10AFF0004001A4F8423184F8387110F063FBB4F8D2
:10B0000040619D3606442046B6B219F047FA002842
:10B0100044D016F065FF00F5CD6189B2284610F0E6
:10B0200021FB2844C4F83C0119F0D7FF301841F146
:10B0300000010126C4F84801C4F84C1184F81861D5
:10B04000E784204619F040FA002843D031462046D4
:10B0500019F0A9F9A5F2F3452D1AC4F81C514FF0C7
:10B06000FF326FF00043C4E9542394F8100104F553
:10B070009C7112F04DFB00283ED0D4E952230025EC
:10B080002046C4E94A23A4F83251294619F04BFA64
:10B090002846BDE8F0810C20BDE8F081014620463D
:10B0A00019F081F9184FF730C4F83C01788A08B1DB
:10B0B000E08CC8B9064419F090FF361841F1000140
:10B0C000C4E95261002DCAD0AE1941F10001C4E9B2
:10B0D0005461CAE7304619F0CBFAF73D2D1AC4F88F
:10B0E0001C51BCE70C20704709F0D6F97B8AB0FBF5
:10B0F000F3F202FB1300DDE740F2EF113020FDF721
:10B1000091F900BFA9A10200EC21002090F8303194
:10B110000BB90020704710B50121044680F8581182
:10B1200019F001FA94F830310BB9002010BD94F8F1
:10B13000100112F0F9FD94F8100113F043FA94F89D
:10B14000100112F09BF920B1002384F83031002067
:10B1500010BD40F20D213020FDF764F9014B18724B
:10B16000704700BFEC21002090F8582182B910B53B
:10B1700002F0FF0490F8182112B90122104610BD08
:10B18000D0E947319942F9D90BF0BCF82246F5E7EE
:10B1900000221046704700BF10B504460EF0D6FAE4
:10B1A000074BDA68824208D3E16941F64B5291427B
:10B1B00003D9187C80F0010010BD002010BD00BF35
:10B1C000EC21002008B54FF4FF7118F072F8B0F5CB
:10B1D000296F28BF4FF4296080B208BD90F803336F
:10B1E000002B66D170B503F0FF0590F83C33032BBC
:10B1F00084B0044601D004B070BD19F0EEFED4E96D
:10B20000DC23801A61EB0301012871F10003F2DBFA
:10B210006FF00103834275EB01034DDBE369B4F882
:10B22000C020002B46D0B0FBF3F080B2531C184472
:10B2300080B2A4F84C03B4F84C23B4F8FC329B1A47
:10B240001BB2002BD7DD94F8840312F06DFD0028AB
:10B25000D1D0FF2384F85133B4F8FC30B4F8C05097
:10B26000B4F8FA201D44013DAD1AB4F84C33ADB228
:10B27000EB1A1A04BFD40DF10E06B4F84C13009665
:10B28000002389B201222046FFF780F80028B2D0BF
:10B29000012816D1B4F84C33BDF80E2012FA83F30E
:10B2A0009BB2A4F84C33B4F84C33EB1A1B04E4D52E
:10B2B000A1E770471846B9E740F2D7513020FDF7B3
:10B2C000B1F84FF4C2613020FDF7ACF82DE9F0473A
:10B2D000044682B0052900F2C180DFE801F03D1686
:10B2E00003131C23042384F83C330EF09BFD11F060
:10B2F000F3FEB4F8C020A4F84E230023A4F8823350
:10B3000084F8513302B0BDE8F087032380F83C3362
:10B3100002B0BDE8F0870EF013FAC4F88C0302B057
:10B32000BDE8F08790F87D5028460FF09BFD4E4910
:10B3300000F55F4015F00C0F00F14100A1FB00305B
:10B3400014BF2821002101EB90118031204602B06A
:10B35000BDE8F04717F09ABFD0F88C339BB9434B48
:10B360001B7C03F0FF02002BBCD1B4F8FC1200924E
:10B3700001232046FFF70AF80028B6D040F2DA6130
:10B380003020FDF74FF890F85233002BE7D090F8BB
:10B390003C33032BE3D190F87D9016F0A1FD94F897
:10B3A000F1320B2B58D8324AD4F88C5332F8133080
:10B3B000C61803F5C86348469FB20FF04BFD19F05D
:10B3C0000C0FA5EB0008B6B248463CD10FF04AFD81
:10B3D000DFF894A0D4F8085300F2E733AAFB032364
:10B3E0004846A8EB93180FF035FD2D1A48460FF08C
:10B3F00039FD00F52343A133AAFB03239B09EB1A74
:10B400005A08603B293206FB03F3B3FBF7F36033C2
:10B41000A2EB530141454FEA530302D8134443457D
:10B4200001D210F0B5FBE069314610F01BF9E2697A
:10B4300041F64B539A4298BF02300023C4F84403AC
:10B4400084F852338BE7D4F808530FF003FDA8F1CA
:10B450003C082D1A6523D2E7FEF7A0FE40F26E717C
:10B460003020FCF7DFFF00BFD34D6210EC2100203D
:10B4700050DD0600012A70B5064609D0022A14469E
:10B480000D461ED04AB14FF4F3613020FCF7CAFFDD
:10B490000EF05CF9C6F8880370BD0EF057F922462D
:10B4A00001462846FFF7A0FC0F4995F810013246E7
:10B4B00010F076F80028EFD140F281713020FCF7CF
:10B4C000B1FFD0F8881301222846FFF78DFC06490A
:10B4D00095F81001324610F063F80028DCD140F2F4
:10B4E00092713020FCF79EFFF1AA0200F8B50446E5
:10B4F00051B1012962D1002380F818310EF092FC7D
:10B50000BDE8F84011F0E8BDC58C002D4ED12046B5
:10B51000D4E94A7618F084FF401941F10001C019BE
:10B5200046EB010602230022C4E95206A4F8423188
:10B5300084F838212046FEF7F7FDD4E9525694F8F6
:10B540005831A4F84001C4E94A5603F0FF017BB921
:10B55000D4E954026FF000439A4208BFB0F1FF3FB4
:10B560000FD194F8100104F59C7112F0D1F850B38A
:10B570000023A4F832310EF055FCBDE8F84011F07C
:10B58000ABBD204618F00FFFD4F85031D4F8542149
:10B590005B1B00F1F70062EB06021B1A62F100026E
:10B5A000002ADEDA20460AF0ADFEE1E708F05CFF93
:10B5B000E58CB0FBF5F303FB1505A8E74FF4F56147
:10B5C0003020FCF72FFF40F2FA613020FCF72AFF11
:10B5D00090F83001704700BF014B5882704700BFA0
:10B5E000EC2100200B46062203F8032BB0F809C01B
:10B5F000C27AA1F803C09A70704700BF18230B707D
:10B60000704700BF08B54FF42B713220FCF70AFFDA
:10B61000F8B500284CD0437A46890F4604466BB3F0
:10B6200000213046FDF7E2FB0546002845D00088A2
:10B6300007F0ACFE28880021FDF7EEFB002841D181
:10B640003B46132203F8032B04F1290E04F10902EF
:10B65000156850689168D2F80CC0C3F80CC010325D
:10B6600072451D605860996003F11003F0D11278A3
:10B670001A700023BB71637A8BB1F8BDC36CD0F82C
:10B680000E20C3F80320428AA3F80720427BC36C34
:10B6900012F0FD0F14BF012200229A70D0E707F0CC
:10B6A000DBFC4B04E9D53046BDE8F84006F074B940
:10B6B00040F2EA213220FCF7B5FE40F2F6213220BA
:10B6C000FCF7B0FE40F2FA213220FCF7ABFE00BFDF
:10B6D000044B1B680022A3F8B22083F8B42083F83F
:10B6E000702070470022002008B508F0B3FB034B20
:10B6F00018700EF0E7FA032008BD00BF100000200C
:10B7000008B508F0A7FB024B02461A70012008BDDD
:10B71000100000202DE9F041054617461E46A1B154
:10B72000AB681BB12FB13846BDE8F0810120BDE800
:10B73000F081002EF7D01849AA7C0968BDE8F041D5
:10B7400091F84100423116F077BEDFF84C80D8F80E
:10B75000001091F8562091F89A0001F157039331A7
:10B7600016F06AFED8F8003093F88120082A03D03A
:10B7700093F88410914207D093F85230012BCFD028
:10B7800033B90028CCD1D2E793F85230012BC7D976
:10B790000020BDE8F08100BF0022002038B50D4D2B
:10B7A0002C6894F8853063B90023012184F8701067
:10B7B000A4F8B23084F8B4302046BDE8384005F033
:10B7C00067B90EF025FF0DF0D9FB002384F8853012
:10B7D0002C68E9E70022002010B50D4C236893F88F
:10B7E0005030032B0BD1606860B10EF059FE002081
:10B7F0000EF0C0FE2368042283F8702010BD03F011
:10B80000BBF8F1E740F2F2413220FCF70BFE00BF3B
:10B810000022002038B5204D2B6893F87020022AB2
:10B8200035D8027C83F88020C16859671A440446E1
:10B8300092F8B52083F8B1204268DA67037A022BC8
:10B8400002D1637CCBB938BD0EF034F80EF0E0FEC7
:10B850000DF094FB11480EF00DFE11480EF004FEA1
:10B8600010480EF051F92B6893F868305BB901204D
:10B8700013F082FD637C002BE5D02868BDE83840DA
:10B88000603016F0CFBD022013F076FDD9E740F608
:10B89000D5013220FCF7C6FD00220020B8010020AF
:10B8A00055555500D6BE898E70B5414C236893F826
:10B8B0007020032A064626D093F87020042A22D04E
:10B8C00093F85020032A4ED16568002D51D06EBBED
:10B8D00093F87020022A56D993F87020082A57D876
:10B8E00093F87030A26803F180435269033B52F829
:10B8F000233098470C2841D8A368DB68BDE8704026
:10B9000053F82030184793F85020032ADCD003F076
:10B9100033F805466DB3236893F85020013A022AA4
:10B92000D5D941F246313220FCF77CFD284617F08C
:10B9300005FA18B9284617F01CFAC0B1236893F825
:10B940007020022A29D993F87020082A2AD893F85F
:10B950007030A26803F180431269033B284652F815
:10B9600023309847C6E703F039F80546D2E7236845
:10B97000AEE74FF49A513220FCF754FD41F25B31AF
:10B980003220FCF74FFD41F226313220FCF74AFD10
:10B9900041F227313220FCF745FD41F2C621322029
:10B9A000FCF740FD41F2C7213220FCF73BFD00BF10
:10B9B0000022002038B5144C236893F85030032B34
:10B9C00018D16568D5B12368FF2093F8B1100DF048
:10B9D000DBFE28460EF064FD236893F8B10010F0FA
:10B9E0000C0018BF28200EF0C5FD2368072283F83D
:10B9F000702038BD02F0F2FF0546E3E740F2175130
:10BA00003220FCF70FFD00BF00220020F0B5504CA3
:10BA100023680022DF6C5A72FA690E463988598110
:10BA2000054641F27071A2F57A70884283B040F207
:10BA300082804849A1FB0212C2F38F221A84BA8C79
:10BA40005A84FA8C9A844FF47F42DA844FF6FF725C
:10BA50001A85002D65D00121304617F0ABF83278F9
:10BA6000D209236893F8861009B1002A37D193F8D8
:10BA7000820000210828596119833DD003F10E028C
:10BA800003F10D0107F07AFF00285CD023685A7B90
:10BA900042F002025A7303F11A07002D3BD103F161
:10BAA000930002683A608288BA8093F95410D86C87
:10BAB00008F0B4F920682849022217F0BFFA20687C
:10BAC0002649C36C1C88A0F8334093F8CE3080F828
:10BAD000353002222A3017F0C3FA03B0F0BD4279A4
:10BAE00002F0C002402AC2D102685A61828893F8EB
:10BAF00082001A830828C1D193F89A00D3F89310D2
:10BB00005873C3F80E10B3F8970058820021C3F899
:10BB10001A10D983C9E70021304617F04BF8236883
:10BB2000BFE76068694616F0F8FE63681A786846F1
:10BB3000C2F3801295E70A49A1FB0212920902F5AD
:10BB4000506292B27AE741F291313220FCF76AFCFE
:10BB5000002200205917B7D111B60200E5B5020046
:10BB6000D34D621038B50F4D2C6894F885307BB9F1
:10BB700000206968A4F8B20084F8B40084F870006A
:10BB8000FFF744FF28680221BDE8384004F0B0BF49
:10BB90000EF03EFD0DF0F2F9002384F885302C689C
:10BBA000E6E700BF0022002008B508F053F9034B78
:10BBB000187003F0F1F9012008BD00BF100000204B
:10BBC000034A1068022380F8703004F0F3BD00BF10
:10BBD0000022002008B540F243313220FCF722FC5D
:10BBE00030B504788DB004F00F0402A9224603F0AA
:10BBF000DBFB0EF067F808F02DF9214B042C1870D0
:10BC000002D003200DB030BD1E49039A0968147894
:10BC1000054691F893008442F3D1547891F894004A
:10BC20008442EED1947891F895008442E9D1D47899
:10BC300091F896008442E4D1147991F897008442F7
:10BC4000DFD1507991F898209042DAD19DF819000F
:10BC500091F89A209042D4D17F2D0ED07F221A7075
:10BC600002A891F8993091F8A82091F882100095D7
:10BC700003F0A8FA03200DB030BDFFF7ABFF00BF03
:10BC800010000020002200202DE9F047044684B077
:10BC900006290CD8DFE801F06822110B0B0B040019
:10BCA000B74D2A6892F88B30002B40F083800EF05D
:10BCB00009F8032004B0BDE8F0870EF003F8B04B9C
:10BCC0001A6892F88B302BB192F85030013B012B5F
:10BCD00040F2DE80032004B0BDE8F087A84F837CEB
:10BCE000396891F8865091F88BA0012B85F00105F9
:10BCF0007ED0002691F85030032B00F0BF8091F8E1
:10BD00008180B8F1080F40F0A88091F841804FF091
:10BD100000094046032B75D1636891F857201E78BF
:10BD2000964200F05081002691F88130082B04D013
:10BD300091F884209A4208BF0126B9F1000F40F023
:10BD4000A580002D40F0E080BAF1000FAFD03B6835
:10BD500093F85230012B03D0002BA8D1002EA6D08F
:10BD6000002DA4D00A20A5E7854D2A6892F88B30D3
:10BD7000002B9CD092F85030022B00F0CC80012B8D
:10BD800000F05881032B40F06C81436892F8571003
:10BD90001878884200F0938092F85230012BE1D05D
:10BDA00092F88430082B82D092F881209A427FF456
:10BDB0007EAFD7E792F85030022B00F0C680012BFF
:10BDC0007FF475AF6F4991F900307F2B00F0478108
:10BDD000029392F89930019392F8823000937F2574
:10BDE0000D70FF234232062103F022F9032061E7A0
:10BDF00083685E7906F0C006A6F14006B6FA86F6BC
:10BE0000760977E70DF05EFFBAF1000F3FF462AFFD
:10BE10003968A36891F84100A27C423116F00CFB0E
:10BE200018B9B9F1000F00F0AF80564D95F9003008
:10BE30007F2B00F014813A68029392F899100191D7
:10BE400092F88210009120467F244346423201211D
:10BE50002C7003F0EDF803202CE7404607F09CFC23
:10BE6000002818BF0546002E40F0D280396891F8AE
:10BE7000418091F85030B14640464BE791F8492057
:10BE8000002A3FF43CAF91F884803AE701255BE754
:10BE90003C4991F900307F2B00F0E180029392F849
:10BEA0009930019392F8823000937F2520460D70DF
:10BEB000FF234232022103F0BBF80320FAE6587850
:10BEC00092F8581088427FF467AF987892F859102A
:10BED00088427FF461AFD87892F85A1088427FF494
:10BEE0005BAF187992F85B1088427FF455AF5979AF
:10BEF00092F85C3099427FF44FAF617C92F85630F3
:10BF000099427FF449AF2DE7A368A27C423116F035
:10BF100093FA054618E71B4991F900307F2B00F092
:10BF20009E80029392F89930019392F882300093A8
:10BF30007F24FF2342320C70002103F079F82B6834
:10BF4000012283F8A8200920B4E60E4991F90030B7
:10BF50007F2B00F08480029392F89930019392F83D
:10BF6000823000937F24FF2342320C70062103F0BD
:10BF70005FF82B68002283F8A82009209AE600BF0A
:10BF800000220020100000203A6892F85130023B55
:10BF9000012B3FF69FAE002E3FF49CAE334991F942
:10BFA00000307F2B5BD0029392F89930019392F886
:10BFB000823000937F250D70FE23423220460121FE
:10BFC00003F036F886E65E7891F8582096427FF4C2
:10BFD000AAAE9E7891F8592096427FF4A4AEDE78FE
:10BFE00091F85A2096427FF49EAE1E7991F85B201C
:10BFF00096427FF498AE5A7991F85C309A427FF479
:10C0000092AE667C91F85630F31A5E425E418BE642
:10C01000A168404607F0A2FD3968814691F84100C9
:10C0200091F850308046B9F1000F3FF473AE40F004
:10C0300002086FE60D4991F900307F2B0FD0029373
:10C0400092F89930019392F8823000937F250D7019
:10C05000FF234232002102F0EBFF03202AE6FFF724
:10C06000B9FD40F6F5413220FCF7DCF91000002064
:10C0700030B5164B93F900407F2C85B024D07F2239
:10C080001A70134B1A6892F87030032B15D092F87F
:10C090007030062B0CBF0325012592F8B130CDE995
:10C0A000024592F88240019492F8994000944232FD
:10C0B00002F0B8FC18B905B030BD0025EDE705B0B9
:10C0C000BDE8304002F036BFFFF784FD10000020CD
:10C0D0000022002010B5104A136893F8701002294E
:10C0E0000FD993F87010082910D893F8703092681F
:10C0F00003F180439268033BBDE8104052F82330BF
:10C10000184741F23D413220FCF78CF941F23E41A3
:10C110003220FCF787F900BF00220020F8B5334C2D
:10C12000236893F8B42005465F2A93F8B2009CBFB9
:10C1300051092F4AC0F3050700F03F0094BF565C39
:10C1400000260DF0EBFC236893F9540083F89970F6
:10C150000DF0D4FCFDB123683246596F01200EF07A
:10C160000DF800283CD0236893F89230022B0CBFC6
:10C170004020FF2031460DF007FB256895F8503030
:10C18000032B10D195F8A8306768A3B138460EF09C
:10C1900087F90120F8BD3246732101200DF0EEFF32
:10C1A0000028E0D1F6E702F019FC256895F8A830E0
:10C1B0000746002BEAD1781D07F026FC236885F896
:10C1C000850093F88530002BE0D016F00C0F14BFDB
:10C1D000552450240CF0B4FE20460EF00DFAD5E79D
:10C1E00040F2EB713220FCF71DF900BF0022002065
:10C1F0008CDD0600F8B53A4E336893F8B4205F2A18
:10C200009EBF5109374A575C5A6F054688BF0027C1
:10C210002AB10120FFF782FF00285BD03368D86F76
:10C220000EF076F9346894F85030022B31D0032B9D
:10C230000AD0E5B140F20113A4F8A930002384F834
:10C24000B17084F88930F8BD94F89230012BF0D1A8
:10C2500017F00C0F2CD094F85530012B14BF394631
:10C26000042100200EF0EEF93468002DE2D194F89C
:10C270009230022B14D0012B1CD0002BDED103F006
:10C280003BF884F8A90002F035FB84F8AA00346872
:10C29000D4E794F89230022BDAD0002DCAD1EAE725
:10C2A000002384F8B170A4F8A95084F88930F8BD4F
:10C2B0003946D6E794F8B130A3F10203B3FA83F319
:10C2C0005B094FF0000263F3070263F30F22A4F847
:10C2D000A920B3E740F2B4413220FCF7A3F800BF35
:10C2E000002200208CDD060038B505460C4606F01D
:10C2F000B9FE420704D4A37803F0E003402B0DD02D
:10C3000006F0B0FE830704D4A37803F0E003202BEB
:10C3100004D0237803F03F03242B01D9002038BD3B
:10C320000DF0F0F994F9003094F802C06278002B17
:10C330000CF01F03ACBF1E214FF4967142EA032399
:10C3400001FB03F31A1AB2F5877FE7D39842E5D8C9
:10C35000054A23881068A0F8B23080F8B4C0294696
:10C36000BDE8384004F0BAB900220020F0B5294EEB
:10C37000326892F88B3087B05BB392F8A8300446ED
:10C3800033B90378002B0CBF0123022382F8A830B5
:10C3900092F87030062BD8B230D0072814BF01278E
:10C3A00002271D4890F900507F2D31D092F8B1300E
:10C3B000CDE9025792F88250019592F89950009574
:10C3C0007F2505704232204602F02CFB20B9022F57
:10C3D00016D1002007B0F0BD607810F0100512D023
:10C3E000A1690220FFF780FF059048B13368002261
:10C3F00083F892200DF066FC0598EBE70327D0E761
:10C4000002F0CAFDE5E702F095FD284607B0F0BD51
:10C41000FFF7E0FB002200201000002010B50446CA
:10C420008AB007F017FD2378174A03F00F03072B94
:10C43000107002D001200AB010BD6946204603F0FA
:10C440004DF89DF8003000220292002BF2D19DF8A9
:10C450000130DB07EED50D4C019923689DF81100E2
:10C4600093F89A20933315F0E7FF0028E2D0206874
:10C4700001218E3015F003FDFF216846FFF776FF9E
:10C480000028D7D00220D6E710000020002200208C
:10C490002DE9F04304468BB007F0DCFC2378474AD3
:10C4A00003F00F03082B107004D0012528460BB0B1
:10C4B000BDE8F0836946204602F0A8FF9DF80050D1
:10C4C000002DF2D19DF8013003F00303032BECD1D2
:10C4D0003B4F3E6896F84930002B36D096F8848062
:10C4E00096F88530002B33D196F89A2001999DF863
:10C4F000110006F1930315F09FFF0028D5D096F8A0
:10C5000086203E6896F841904236002A45D19DF833
:10C510001200029901282ED033464A4615F08CFFAE
:10C520000028C2D0386801218E3015F0A8FC3E6882
:10C5300096F88530002B39D121460120FFF766FAA5
:10C540003868022104F0D4FAB0E796F88180C7E792
:10C5500015F0B6FF08288146C6D086F8820096F806
:10C560009A2001999DF8110006F1930315F064FFDC
:10C57000C145C4D0C1E74B7903F0C003402BCBD1F8
:10C5800033464A4615F058FF0028CBD10299404661
:10C5900007F0E4FA0028C5D187E7404607F018FB0A
:10C5A00000281CBF06464FF00109B0E70EF030F836
:10C5B0000CF0E4FC002386F88530BDE71000002075
:10C5C000002200202DE9F047072984B00E460446DA
:10C5D00017464DD14068002800F08F80637C012B06
:10C5E00000F0BA80DFF80C82D8F8003093F88100B0
:10C5F000082860D002AA0DF1070107F0BFF9002852
:10C6000000F0F0809DF8070002A917F035FB054601
:10C61000D8F80090062E99F849A000F28F80BAF160
:10C62000000F18BF55464B4683F88B50724B1B6862
:10C6300033B139462046984789F88C00D8F80090E5
:10C64000636843B1627C89F89A201A68C9F893201C
:10C650009B88A9F8973099F88C300120002B00F0C6
:10C66000C680A3680BB1072E38D004B0BDE8F087B0
:10C670004568002D00F09080437C012BB2D16B798E
:10C6800003F0C003402BADD1DFF86881D8F800502B
:10C6900095F88530002B7CD015F012FFD8F80030CB
:10C6A00085F8810093F8810083F882000122082830
:10C6B00083F889209ED16168607C17F0DDFAD8F894
:10C6C0000020616805468132607C07F08DF8002803
:10C6D0009ED1D8F80090A9F88B00C2E799F8811094
:10C6E0000829C2D00028C0D0184607F07DF9D8F834
:10C6F0000030012283F88A20B7E7002A52D0DFF801
:10C70000F480D8F8009099F849A0054699F88B3044
:10C71000002B5ED06368002B81D102F0EDFD20B1CB
:10C72000D8F8002092F88B502DB9BAF1000F53D0F1
:10C73000D8F8002055464B46914675E7082E2ED86E
:10C74000002FE3D16368002B7FF469AF6378DB06C9
:10C75000E3D54B46012567E7437903F0C003402B3F
:10C760007FF440AFDFF88C80D8F8005095F8853022
:10C770007BB1002F90D195F8B11001298CD107F031
:10C7800015F985F88500D8F8005095F88530002B0C
:10C7900082D195F881002BE7DFF8588038E74B46C7
:10C7A000002541E7134C2368012583F88B5093F84B
:10C7B000AB30002B3FF459AF2368D3F8AC005030B6
:10C7C00018F002F900287FF450AF236883F88C50EA
:10C7D0004BE71D464B4627E707F000F8D8F8002046
:10C7E0000546A8E740F651313220FBF71BFE99F8C9
:10C7F0008B0036E700220020A00000202DE9F04F3A
:10C80000DFF8FCB0847CDBF8007097F88660012CC0
:10C8100083B0054689469246984686F0010637D091
:10C82000002497F88530224603B397F85030032B45
:10C8300035D06B681BB397F88170082F25D0384628
:10C84000019206F0A9FF019A002818BF0646EAB136
:10C85000DBF8003093F88A30002B46D015F03AFE12
:10C86000DBF800200021034682F88A108AF80030A5
:10C8700089F8004088F8006003B0BDE8F08F0192AD
:10C8800002F03AFD019A002835D17AB90023EDE78C
:10C8900083685B7903F0C003402BC1D1C1E797F8EF
:10C8A0004930002BC5D097F88470C6E7DBF800301C
:10C8B00093F88970002FE9D1A8680193394607F0F1
:10C8C00075F8019B83F88500DBF8003093F885301C
:10C8D000002BCBD0019315F0F3FD08280ED0DBF828
:10C8E0000020019B82F88100C0E7A968384607F064
:10C8F00035F90346BAE7DBF800709CE73B46B5E73D
:10C900000022002008B507F0A5FA024B02461A7073
:10C91000012008BD100000202DE9F0416A4C636839
:10C92000D4F80080002205461A8018460F460DF004
:10C93000B7FD032D31D0052D4BD0606808F1930170
:10C9400015F0F2FF98F89A10606816F001F8236865
:10C9500093F8862093F8417003F142065AB193F898
:10C960005020032A2ED093F8810007F031F90028D7
:10C970001CBF064601276068314615F0C7FF606896
:10C98000394615F0D8FF514BD3F80431002B40F055
:10C990009680052D0BD0BDE8F0816068037823F008
:10C9A0000F0343F0030303700C234370C6E72368AF
:10C9B0003168DA6CC2F80A10B188D181DB6C5F7221
:10C9C000BDE8F08193F84920002ACCD093F8840088
:10C9D000CBE7D4E90006317821F02F0141EA471175
:10C9E00041F00501222331707370C36C1B6AC6F8D5
:10C9F0000F30C26C936BF3741F0A1B0C3775737581
:10CA0000D369B2F8407041F64B518B42D16B3BD9A0
:10CA1000DFF8BCC0ACFB01E1890AACFB07C7BF0A69
:10CA2000F175C1F30721B77531762949A1FB0313CD
:10CA3000C3F38F2373761B0AB376938CF3761B0AAA
:10CA40003377D38C73771B0AB377D2F8CF30C6F81D
:10CA50001F3092F8D33086F82330C36C96F8242028
:10CA600093F8DA3022F01F0203F01F03134386F815
:10CA7000243006F01DFB96F8243003F01F0343EA30
:10CA8000401386F8243058E7DFF848C0ACFB01E1DA
:10CA90004909ACFB07C77F09F175C1F30721B775D9
:10CAA0003176A3F57A7741F270718F42BDD80A4989
:10CAB000A1FB03139B0903F550639BB2BAE740F255
:10CAC00037613220FBF7AEFC00220020001000404E
:10CAD0005917B7D11F85EB51D34D621010B507F030
:10CAE000B9F90B4A0B4B1468187094F885301BB9D0
:10CAF0000DF0E8F8032010BD0DF08AFD0CF03EFAB1
:10CB0000002384F885300DF0DDF8032010BD00BF50
:10CB1000002200201000002070B51F4C23680E205A
:10CB200093F8B1100CF030FE236893F85030032BCB
:10CB300029D165685DB328460DF0B2FC236893F8EF
:10CB4000B13013F00C030CBF184628200DF012FD75
:10CB50002668681D96F8B15006F056FF236886F8DF
:10CB6000850093F8852052B115F00C0F14BF5525A0
:10CB700050250CF0E5F928460DF03EFD236808220B
:10CB800083F8702070BD01F029FF0546D2E740F21E
:10CB900004513220FBF746FC0022002038B50D4D31
:10CBA0002C6894F8853063B90023012184F8701053
:10CBB000A4F8B23084F8B4302046BDE8384003F021
:10CBC00067BF0DF025FD0CF0D9F9002384F88530FE
:10CBD0002C68E9E70022002038B50F4D07F03AF93C
:10CBE0002C680E4A94F88530107063B90023012137
:10CBF00084F87010A4F8B23084F8B4302046BDE850
:10CC0000384003F045BF0DF003FD0CF0B7F90023E9
:10CC100084F885302C68E9E700220020100000200D
:10CC200038B5104D02F0B8F907F014F92C680E4A27
:10CC300094F88530107063B90023012184F87010D6
:10CC4000A4F8B23084F8B4302046BDE8384003F090
:10CC50001FBF0DF0DDFC0CF091F9002384F8853046
:10CC60002C68E9E7002200201000002038B507F00A
:10CC7000F1F8114D114B024628681A7000218E30D0
:10CC800015F0FDF82C6894F8853063B90023012174
:10CC900084F87010A4F8B23084F8B4302046BDE8AF
:10CCA000384003F0F5BE0DF0B3FC0CF067F900233B
:10CCB00084F885302C68E9E700220020100000206D
:10CCC00038B507F0C7F8114D114B024628681A70A5
:10CCD00000218E3015F0D3F82C6894F8853063B9B4
:10CCE0000023012184F87010A4F8B23084F8B43025
:10CCF0002046BDE8384003F0CBBE0DF089FC0CF0B7
:10CD00003DF9002384F885302C68E9E700220020F3
:10CD10001000002038B5234C236893F8B4205F2A14
:10CD20009EBF5109204A555C5A6F88BF002522B129
:10CD30000120FFF7F3F980B32368D86F0DF0E8FB0B
:10CD4000236893F85020022A1BD0032A0CD0062215
:10CD500040F20110002183F8B15083F87020A3F84D
:10CD6000A90083F8891038BD93F89220012AEED1EA
:10CD700015F00C0F0AD1294600200DF063FC236842
:10CD8000E5E793F89220022AE1D1F1E793F85530D4
:10CD9000012B14BF29460421EEE740F2B4413220B2
:10CDA000FBF740FB002200208CDD060070B5154D1E
:10CDB0000521286803F092FC50B12B68012093F8FC
:10CDC000B1100DF03FFC2B680B2283F8702070BD72
:10CDD0002E6896F8853063B90023012186F870101B
:10CDE000A6F8B23086F8B4303046BDE8704003F0A3
:10CDF0004FBE04460DF00CFC0CF0C0F886F88540E0
:10CE00002E68E9E70022002070B5164D00210320AE
:10CE1000FFF782FD2868032103F060FC40B1012187
:10CE200008460DF00FFC2B68092283F8702070BDB6
:10CE30002E6896F8853063B90023012186F87010BA
:10CE4000A6F8B23086F8B4303046BDE8704003F042
:10CE50001FBE04460DF0DCFB0CF090F886F8854010
:10CE60002E68E9E70022002070B5374D2B6893F853
:10CE7000B4205F2A9EBF5109344A565C5A6F88BF5E
:10CE800000262AB10120FFF749F9002857D02B6866
:10CE9000D86F0DF03DFB2C6894F85030022B2CD04D
:10CEA000032B0FD094F89230022B11D0012B13D00A
:10CEB000DBB30523002284F8B16084F8703084F875
:10CEC000892070BD94F89230012B1AD0022BEFD13B
:10CED0000023A4F8A930ECE794F8B130A3F10203E1
:10CEE000B3FA83F35B094FF0000263F3070263F3C5
:10CEF0000F22A4F8A9202C68DBE794F89230022BCB
:10CF0000D4D116F00C0F09D1314600200DF09AFB58
:10CF10002C6894F89230022BC8D1D9E794F8553098
:10CF2000012B14BF31460421EFE702F0E5F984F844
:10CF3000A90001F0DFFC84F8AA002C68B9E740F2F0
:10CF4000B4413220FBF76EFA002200208CDD06008F
:10CF500070B5264C236893F85030032B24D16668B3
:10CF6000002E3ED020680C2380F87030012103F0A1
:10CF7000BFFD00210520FFF7CFFC2068062103F04C
:10CF8000ADFB0546A0B12368012093F8B1100DF068
:10CF900059FB22683378D16CC3F34013012082F827
:10CFA0009B3081F8CE0070BD01F018FD0646D7E732
:10CFB000266896F8853063B90023012186F8701041
:10CFC000A6F8B23086F8B4303046BDE8704003F0C1
:10CFD0005FBD0DF01DFB0BF0D1FF86F88550266874
:10CFE000EAE740F283513220FBF71CFA00220020CE
:10CFF00070B5B8B9A9B11E4A136893F87010082922
:10D000002CD993F870100C292DD893F870309268B1
:10D0100003F180435268093BBDE8704052F8233069
:10D02000184770BD124D2C6894F885306BB904F127
:10D03000B2020023012184F87010A4F8B23093707A
:10D040002046BDE8704003F023BD0DF0E1FA0BF07F
:10D0500095FF002384F885302C68E8E741F20D4104
:10D060003220FBF7DFF941F20E413220FBF7DAF90B
:10D070000022002070B5294D2B6893F85030032B07
:10D0800082B026D16E68002E43D028680A2380F82B
:10D090007030002103F02CFD2A683378D26C92F8AE
:10D0A000CE4004EA531404F0010405202146FFF7A2
:10D0B00033FC2868042103F011FB70B12A6833782F
:10D0C000D16CC3F3401382F89B3081F8CE4002B09C
:10D0D00070BD01F051FC0646D5E72C6894F8853008
:10D0E0006BB900230121204684F87010A4F8B230F7
:10D0F00084F8B43002B0BDE8704003F0C9BC0190C0
:10D100000DF086FA0BF03AFF019884F885002C6840
:10D11000E7E740F25C513220FBF784F9002200205F
:10D120002DE9F04305468FB006F094FE2C788A4B2B
:10D13000024604F00F041A702846224604A902F0A1
:10D1400033F9072C57D10598002800F0A2809DF8EC
:10D150002130012B00F0CF80804D2B6893F88100A7
:10D16000082869D002AA0DF1070106F007FC002883
:10D1700000F0E9809DF8070002A916F07DFD064643
:10D180002F68062C97F8499000F29880B9F1000FAB
:10D1900018BF4E46B846724B87F88B601B6833B198
:10D1A000002104A8984788F88C00D5F80080059BDA
:10D1B0004BB19DF8212088F89A201A68C8F893206E
:10D1C0009B88A8F8973098F88C300120002B00F04D
:10D1D000BF80069B0BB1072C4DD0214604A8FEF75B
:10D1E00053FD2D6895F885300446002B38D1204634
:10D1F0000FB0BDE8F083059E002E7AD09DF8213057
:10D20000012BA9D1737903F0C003402BA4D1534D56
:10D210002E6896F88530002B00F0868015F050F9C6
:10D220002B6886F8810093F8810083F88200012240
:10D23000082883F8892095D105999DF8210016F0DA
:10D240001BFD2A680599064681329DF8210006F0EB
:10D25000CBFA002894D1D5F80080A8F88B00B8E765
:10D260000DF0D6F90BF08AFE0023204685F88530B4
:10D270000FB0BDE8F08398F881100829ADD00028E0
:10D28000ABD0184606F0B0FB2B68012283F88A2049
:10D29000A3E7324D2B68012683F88B6093F8AB30FF
:10D2A000002B9AD02B68D3F8AC00503017F08CFBD1
:10D2B000002892D12B6883F88C608EE7082C36D832
:10D2C000059B002B7FF462AF9DF81130DB0631D453
:10D2D00002F012F830B1D5F8008098F88B60002E7B
:10D2E0007FF459AFB9F1000F27D0D5F800804E4632
:10D2F00051E71A4D44E7437903F0C003402B7FF414
:10D300002BAF164D2E6896F885306BB196F8B1109C
:10D31000012983D106F04AFB86F885002E6896F82D
:10D320008530002B7FF47AAF96F8810018E7B84675
:10D33000002630E7B84601262DE706F04FFAD5F86B
:10D340000080064627E740F651313220FBF76AF8A5
:10D3500098F88B003DE700BF10000020002200205D
:10D36000A0000020F0B55B4C83B001F04BFB2368BC
:10D3700093F85030032B6FD16568002D00F0A48026
:10D38000206890F8803090F87020034493F8B560DE
:10D3900080F8B1601AB190F87030012B4AD190F842
:10D3A00083204D4B13441F7938460CF0B7FB23689C
:10D3B00093F8802083F89970134493F8B5707B1E1E
:10D3C000072B72D8DFE803F0045D710471717104FA
:10D3D00001F0CCFA39460CF0D7F928460DF060F888
:10D3E000394601200CF0A0FB012E39D1E81C26683B
:10D3F00006F00AFB236886F8850093F8852032B191
:10D4000040250BF09DFD28460DF0F6F8236893F8B3
:10D410005020023A012A13D9002240F608000321C5
:10D42000A3F88100C3F8892083F8A82083F870103E
:10D4300003B0F0BD002103F051F920B32068AEE73E
:10D4400093F880201A4492F8B5100129E4D1002005
:10D450000DF0F8F82368DFE701F08EFA05468CE757
:10D46000681D276806F0D0FA236887F8850093F8CE
:10D470008520002ACBD016F00C0F14BF552550255F
:10D48000BFE70D20A6E7256895F8853093B90023FE
:10D490000121284685F87010A5F8B23085F8B4301F
:10D4A00003B0BDE8F04003F0F3BA4FF4FA61322064
:10D4B000FAF7B8FF01900DF0ABF80BF05FFD0198A3
:10D4C00085F885002568E2E740F2EE313220FAF770
:10D4D000A9FF00BF002200208CDD060008B506F081
:10D4E000B9FC044B18700CF0EDFBBDE80840FFF7E9
:10D4F00039BF00BF1000002010B506F0ABFC0D4A8C
:10D500000D4B1468187094F885302BB90CF0DAFBC9
:10D51000BDE81040FFF726BF0DF07AF80BF02EFDA6
:10D52000002384F885300CF0CDFBBDE81040FFF7F8
:10D5300019BF00BF002200201000002038B50446AB
:10D54000FEF768F9237A032B77D03E4D002B49D1A3
:10D550002A683D4992F8833092F848000133A1FBD4
:10D56000034C0CF4FF7404EB5C041B1B40FA03FC3B
:10D570001CF0010FDCB216D10133A1FB034C2CF0DF
:10D58000010404EB5C041B1B40FA03FC1CF0010FBC
:10D59000DCB208D10133A1FB034121F0010404EB0B
:10D5A00051015B1ADCB282F8834092F954000CF00E
:10D5B000A5FA2C6894F8863083B1D4E928126FF06C
:10D5C00000439A4208BFB1F1FF3F07D017F005FDB5
:10D5D000D4E92823904271EB030305D2BDE838401B
:10D5E000FFF7C0BE2A68E0E7012006F083FA0028B2
:10D5F000F4D02D6806F0BCF9044617F0EEFC630188
:10D600001B1B4FEAD46262F10002520242EAD3527B
:10D610005B021B1942F1000C4FEA8C1E9A014EEA84
:10D62000936ED31A6EEB0C021B1942F100021B1809
:10D6300042EB0101C5E92831D0E74FF411613220F6
:10D64000FAF7F0FE00220020ABAAAAAA70B50446A1
:10D65000FEF7E0F8237A032B5DD0012B67D04BD87F
:10D660005D4D5E492A6892F8833092F84800013394
:10D67000A1FB034606F4FF7404EB56041B1B40FA9F
:10D6800003F6F607DCB215D40133A1FB034626F0FE
:10D69000010404EB56041B1B40FA03F6F007DCB24E
:10D6A00008D40133A1FB034121F0010404EB510133
:10D6B0005B1ADCB282F8834092F954000CF01EFA37
:10D6C0002C6894F88630002284F8A82083B1D4E92D
:10D6D00028126FF000439A4208BFB1F1FF3F07D014
:10D6E00017F07BFCD4E92823904271EB03033DD271
:10D6F000BDE87040FFF736BE023B012B0AD8364C1E
:10D70000236893F8A800A8B9FEF774FD23680522E2
:10D7100083F8702070BD304E3368586F002856D1A2
:10D72000FEF7FCFC054668B1237A012B97D12A4D00
:10D730002A68C1E70120FEF75DFD2368062283F811
:10D74000702070BD01F028FC346894F88530B3BBBC
:10D7500004F1B2020023012184F87010A4F8B23061
:10D7600093702046BDE8704003F092B9012006F0A6
:10D77000C1F90028BCD02D6806F0FAF8044617F06D
:10D780002CFC63011B1B4FEAD46262F100025202BF
:10D7900042EAD3525B021B1942F100064FEA861C93
:10D7A0009A014CEA936CD31A6CEB06021B1942F1F6
:10D7B00000021B1842EB0101C5E9283198E70CF083
:10D7C00027FF0BF0DBFB84F885503468C0E740F698
:10D7D00026113220FAF726FE00220020ABAAAAAAC0
:10D7E0002DE9F041A94E336893F8532086B05AB121
:10D7F00093F88B20054672B12C78012C12D0022CA4
:10D8000000F0B980002C46D00CF05CFA03242046CE
:10D8100006B0BDE8F08193F88C30002BF4D02C7862
:10D82000012CECD10CF04EFA326892F8B130022B98
:10D830006B7800F0D38003F01803182BE6D192F830
:10D840005030032B00F0D080914B93F900107F29CA
:10D8500000F01A817F221A70326892F8B13002917A
:10D860000021039192F88210019192F89910009191
:10D870004232FF21284601F0D5F80028C6D0A96918
:10D880000120FEF731FD0028C0D03368012283F863
:10D8900092200224BBE70CF015FA336893F850305D
:10D8A000032BB3D06B7813F0100F14BF08220122A2
:10D8B000C3F3001732EA0303A8D1AB688DF8154013
:10D8C0008DF816408DF81740002B00F0A5800DF163
:10D8D00017030DF116010DF115022846FEF78EFF14
:10D8E00031689DF8153091F84180002B40F0BF80E1
:10D8F000AB68AA7C4231404614F09EFD88B933687B
:10D9000093F85130023B012B80D89DF81630002B44
:10D910003FF47CAF9DF81530002B7FF477AF4FF0CC
:10D92000FE08002F7BD05A4890F900407F2C00F071
:10D93000AB803268002792F8B130CDE9024792F807
:10D940008240019492F8994000947F2404704146EB
:10D950004232284601F066F800283FF457AFA96923
:10D960000120FEF7C1FC00283FF450AF33680224C9
:10D9700083F892704BE70CF0A5F9326892F85030BA
:10D98000032B3FF443AF6B7803F01803182B7FF49D
:10D990003DAF3F4991F900007F2875D0002792F8EC
:10D9A000B130CDE9020792F88200019092F8990017
:10D9B00000907F2008704232FF21284601F032F8A3
:10D9C00000283FF423AFA9690120FEF78DFC002851
:10D9D0003FF41CAF336883F8924018E703F0190353
:10D9E000192B3FF42CAF11E769680023B1FA81F1DC
:10D9F0001A4649092846FDF78DFE00283FF406AF78
:10DA0000AB699B7813F0E00334D1336893F8873027
:10DA1000002B7FF419AFF9E64FF0FF0881E71C4BAC
:10DA200093F900707F2F2FD032687F21197092F800
:10DA30007030032B05D092F87030062B0CBF0324F6
:10DA4000012492F8B130CDE9027492F88240019439
:10DA500092F89940009441462846423200F0E2FF95
:10DA600000283FF4D3AE01F065FA0324CFE648F076
:10DA7000020856E7402B7FF4E7AE336893F888300E
:10DA8000002B7FF4E1AEC1E6FEF7A4F800220020EF
:10DA90001000002030B505468BB006F0DBF92C787D
:10DAA000504B024604F00F04284669461A7001F0F4
:10DAB00015FD072C3FD04C4D002221466846FEF74D
:10DAC00081FD2B6893F8B130013B072B74D8DFE858
:10DAD00003F01006730473737304072C26D00CF044
:10DAE000F1F803242D6895F885308BB920460BB0EA
:10DAF00030BD062C02D0F2D8022CF0D82146684660
:10DB0000FEF7C2F82D6895F885300446002BEDD05D
:10DB10000CF07EFD0BF032FA0023204685F88530AC
:10DB20000BB030BD9DF80030012BD8D16846FFF70F
:10DB300057FE0446D6E79DF80030022B14D02A4D3C
:10DB40002A68012B92F8B1203BD0BBB912F00C0F20
:10DB500014D09DF80120D10610D522F003020193C4
:10DB60008DF80120029309E09DF801301E4D00223E
:10DB700023F0030301928DF8013002920022072165
:10DB80006846FEF71FFD2B6893F8B130013B072B69
:10DB900012D801A252F823F02DDB020025DB02008F
:10DBA000B9DB02002DDB0200B9DB0200B9DB0200A9
:10DBB000B9DB02002DDB020041F2BC113220FAF782
:10DBC00031FC9DF8011000236FF34101022A8DF80A
:10DBD00001100293D2D0CAB263F3000201938DF810
:10DBE0000120CBE710000020002200202DE9F041A9
:10DBF000B84D90B00C4606A901F070FC2B6893F864
:10DC0000A90038B19DF819206FF300028DF8192092
:10DC10000022079293F8AA0038B19DF819206FF3FB
:10DC200041028DF81920002208929DF8180093F8FF
:10DC3000923098420BD001F0AFF92C68012694F88D
:10DC40008530002B50D1304610B0BDE8F081214620
:10DC500006A801F067FB78B99DF819301B07EAD5D3
:10DC60000B9B58781A7800F00F0142EA0121000955
:10DC700001F07CFB0028DED02246072106A8FEF733
:10DC8000A1FC2C6894F88B3013B994F88C301BB33A
:10DC9000089B00228DF815208DF816208DF817208E
:10DCA00083B30DF115020DF117030DF1160106A84E
:10DCB000FEF7A4FD2C689DF8152094F84170F2B988
:10DCC0009DF818609DF816809DF81730012E21D020
:10DCD000022E75D0002E55D001F05EF901262C6879
:10DCE00094F88530002BAED00CF092FC0BF046F986
:10DCF0000023304684F8853010B0BDE8F08147F04D
:10DD00000207DDE79DF81860012E98461A464FF08D
:10DD1000FF07DDD19DF8190094F8A91000F0090C57
:10DD2000BCF1090F04D0002989D010F0080F86D06B
:10DD300094F850C0BCF1030F00F0908010F0020185
:10DD400000F0CE80002A40F09980089B9DF82A20A0
:10DD500094F8410004F1420114F06EFB002840F0F9
:10DD60008D802C6894F85130023B012B3FF667AF51
:10DD7000B8F1000F3FF463AFFE2106A8FEF778F973
:10DD80002C685CE794F85030032B3FF457AF9DF8B4
:10DD900019309B0748D4FF2794F88C3033B14E4B91
:10DDA0001B681BB10D9808B10F999847394606A812
:10DDB000FEF7DCFA2C6800283FF440AF02263EE76D
:10DDC00094F8501003293FF439AF9DF8190000F082
:10DDD0000906092E7FF432AF022900F0A78010F067
:10DDE000020100F00C81002A40F0DD80089B9DF8C4
:10DDF0002A2094F8410004F1420114F01DFB002890
:10DE000040F0D1802C6894F85130023B012B3FF652
:10DE100015AFB8F1000F3FF411AFFE2106A8FEF7D1
:10DE200027F901262C680AE7002AB5D194F84100A9
:10DE3000089B9DF82A2004F1420114F0FDFA2C6899
:10DE40000028A9D194F85130023B012B3FF6F6AEE1
:10DE5000B8F1000F3FF4F2AEFE279DE706A8FDF7EC
:10DE600059FC00283FF43BAF28688E3014F029F8A5
:10DE70002C6800283FF4E3AE0C26E0E6174B93F93C
:10DE800000407F2C00F0E5802A687F21197092F80D
:10DE90007030032B00F0B08092F87030062B0CBF6E
:10DEA0004FF0030C4FF0010C92F8B130CDE9024C69
:10DEB00092F88240019492F899400094394606A85D
:10DEC000423200F0AFFD00283FF409AF01F032F814
:10DED0002C68B4E6002200208401002010000020FD
:10DEE0005E4B93F900207F2A00F0B38094F8700015
:10DEF0007F2703281F7005D094F87030062B0CBFC5
:10DF00000321012194F8B130CDE9022194F8822057
:10DF1000019294F89920009206A804F14202FF2190
:10DF200000F080FD00283FF4DAAECFE710F00201E8
:10DF300000F08A8072B9002B3FF465AF089B9DF812
:10DF40002A2094F8410004F1420114F075FA0028E7
:10DF50003FF458AF414B93F900407F2C79D000211A
:10DF60007F2203201A70FEF7D7FC2A68012692F858
:10DF7000B130CDE9024692F88240019492F899407E
:10DF80000094394606A8423200F04CFD00283FF4C8
:10DF9000A6AE28688E3013F094FF2C6800283FF45A
:10DFA0004EAE0B264BE62D4B93F900407F2C50D004
:10DFB0002A687F21197092F87030032B4BD092F8A9
:10DFC0007030062B0CBF0326012692F8B130CDE944
:10DFD000024692F88240019492F8994000943946A2
:10DFE00006A8423200F01EFD00283FF426AE00F0E5
:10DFF000A1FF01262C6822E64FF0000C54E7174BD6
:10E0000093F900207F2A24D094F870007F260328FB
:10E010001E7005D094F87030062B0CBF032101212F
:10E0200094F8B130CDE9022194F88220019294F85D
:10E030009920009206A804F14202FF2100F0F2FCB0
:10E0400000283FF4FAADD2E7044B93F900407F2C4F
:10E0500086D1FDF7BFFD0026B7E700BF1000002006
:10E0600010B5044605F0F6FE2378084A03F00F03C6
:10E07000072B107005D120460321BDE81040FFF7A3
:10E08000B5BD00F089FF012010BD00BF10000020C9
:10E0900010B5044605F0DEFE2378084A03F00F03AE
:10E0A000072B107005D120460121BDE81040FFF775
:10E0B0009DBD00F071FF012010BD00BF10000020C9
:10E0C00090F83E00003818BF01207047007A0038F1
:10E0D00018BF0120704700BFC36C10B553B10222B6
:10E0E00042721B8843810446054914F0A7FF0023B0
:10E0F000E36410BD40F221313220FAF793F900BFFA
:10E1000011B60200014B024A9A60704700220020BB
:10E11000A0010020014B024A9A60704700220020B3
:10E1200088010020036823B1054A916813600B68D9
:10E13000184710B540F654113220FAF773F900BFB2
:10E140000022002038B50E4D00F026FF2C6894F810
:10E15000853063B90023012184F87010A4F8B2302F
:10E1600084F8B4302046BDE8384002F091BC0CF091
:10E170004FFA0AF003FF002384F885302C68E9E7A2
:10E180000022002080F84810704700BF11F0010302
:10E190001DBF012380F8B5300222012211F0020FC9
:10E1A00005D003444FF0020C83F8B5C013460A07AC
:10E1B00003D51844082380F8B5300020704700BF0D
:10E1C00080F85310704700BF10B5044690F8400027
:10E1D000A0F1020CBCF1010F07D910B1023818BF31
:10E1E0000120BDE8104005F075B90029F6D112F004
:10E1F000FD0F14BF01200020194614F057F908281C
:10E2000001D0012010BD94F840000028E6D1E8E7D5
:10E2100090F8403013F0FD0F14BF0120002005F0EE
:10E2200059B900BF80F84010704700BF38B590F86A
:10E230004030044613F0FD0F00F1420114BF0120ED
:10E24000002084F8410005F02DF994F84030023B9D
:10E25000DBB2012B94BF0123002384F8863000D960
:10E2600038BD05F085FB054616F0B7FE6B015B1B5C
:10E270004FEAD56262F10002520242EAD3525B02D7
:10E280005B1942F1000C4FEA8C1E9A014EEA936E24
:10E29000D31A6EEB0C025B1942F100021B1842EB21
:10E2A0000101C4E92831002005F024FC0028D7D161
:10E2B00040F6CB113220FAF7B5F800BF10B504468E
:10E2C000081E0CBF0121002184F849104FF00801FD
:10E2D00084F8520084F8841009D112F0FD0F194619
:10E2E00014BF0120002014F0E1F884F8840010BD70
:10E2F00008B59AB180F856101368C0F85730C36C4F
:10E30000918890F84120A0F85B105A72D0F8422012
:10E31000C3F80A20B0F84620DA8108BD40F6E911BA
:10E320003220FAF77FF800BF80F88710002070478E
:10E3300080F888100020704790F85030032B0ED0E2
:10E34000013B012B01D90020704790F8510000F0EB
:10E35000FD00A0F10100B0FA80F04009704790F88C
:10E360005200A0F10100B0FA80F04009704700BFF0
:10E3700010B5044611B190F885306BB994F850305F
:10E38000032B01D000F008FE0020A4F8B20084F8AE
:10E39000B40084F8700010BD0CF03AF90AF0EEFDFC
:10E3A000002384F88530E9E708B58E3013F092FD3C
:10E3B000002008BD02490222363014F03FBE00BFE3
:10E3C000FDB5020010B5012104460020FAF70EFD4C
:10E3D000002836D0227812F001032AD1012112F050
:10E3E000020F08D000EB030C0B46A17880F8501008
:10E3F00002218CF8B510520706D50344E17880F865
:10E400005010082283F8B520237980F840306379D2
:10E4100080F8513013F0FD0F0CBF0123002380F86A
:10E420004930A37980F84830E37980F853300020F0
:10E4300010BD617880F85010012380F8B5300221BA
:10E44000CDE740F641213220F9F7ECFF2DE9F0410C
:10E45000012182B006460020FAF7C8FC01210446DB
:10E460000846FAF7C3FC0546204601F047FF02E0E4
:10E4700094F870301BB194F87030012BF8D1002D56
:10E4800047D0284601F03AFF02E095F870301BB102
:10E4900095F87030012BF8D100F058FA00210F46A2
:10E4A0003F2240F20718204610F0B0FE04F1600051
:10E4B00084F8507084F8837084F85460A4F848801D
:10E4C00013F0A0FF3F223946284610F09FFE85F842
:10E4D000507085F8837085F85460A5F8488005F180
:10E4E000600013F08FFF002384F8AB3040F201117D
:10E4F00040F20272C4F8AC306846CDE90033ADF8A2
:10E500000010ADF80520FFF75DFFC0B902B0BDE80F
:10E51000F08100F01BFA3F222946204610F076FEDB
:10E5200040F2071384F8505084F8835084F8546004
:10E53000A4F8483004F1600013F064FFD3E740F61C
:10E540006B013220F9F76EFFF8B51D4E03460F46FA
:10E55000002001217360FAF70BFC38B34FF49C7272
:10E560000021044610F052FE01210846FAF700FC93
:10E57000054688B14FF49C72002110F047FEB36845
:10E58000CBB13846FFF762FF204601F0DDFE28469A
:10E59000BDE8F84001F0D8BEB36863B13846FFF774
:10E5A00055FF2046BDE8F84001F0CEBE40F67201AE
:10E5B0003220F9F737FF40F67C013220F9F732FFBD
:10E5C0000022002008B590F87030022B15D10239D6
:10E5D00001290DD84AB90B4B1B680022A3F8B220C1
:10E5E00083F8B42083F8702008BD00F0D5FCF2E772
:10E5F00040F67F213220F9F715FF40F671213220D5
:10E60000F9F710FF0022002008B500231A4619462A
:10E61000603004F08BFE00280CBF0C20002008BDE9
:10E6200008B501210020FAF7E1FB28B190F8AB0012
:10E63000003818BF012008BD40F6F9213220F9F753
:10E64000F1FE00BF2DE9F04705468CB00C460020D6
:10E650000121FAF7CBFB002800F030810646B830E4
:10E6600001F0AAFE28B93046FFF72AFD002800F085
:10E67000FE8005F1250702A9384600F02FFFE87C4F
:10E68000D5F80920D5F80D30D5F81110D5F815605A
:10E69000C4F80320C4F80730D5F81920D5F81D3088
:10E6A000C4F80B1010F01009D5F82110C4F80F6051
:10E6B00004F10308C4F81B10C4F81320C4F8173081
:10E6C00058D0430740F1E9800023E372042323700C
:10E6D00004F0A0FC0746002800F09C802378042B5F
:10E6E00040F0F58094F80D9019F0100F00F0EB80D9
:10E6F0007D4ED4F80300D8F80410D8F80820D8F8D4
:10E700000C3094F80BA006F1080CACE80F00D8F818
:10E710001000D8F81410D8F81820ACE8070004F15D
:10E720001F01524606F1240010F0F8FC19F0040114
:10E7300048D0F37EFE2B45D12373338CA4F81130DF
:10E74000737CE374337AE37001232371737A63710A
:10E75000D6F80A30C4F80630F389F06963811123D2
:10E76000C4F80D002370002F55D14FF48273ADF81B
:10E77000043063E095F82430242BA5D89DF80830A8
:10E78000022BA1D0584EE522737904F11F013846BF
:10E7900014F05AFA7279E0720346134438467371E2
:10E7A00014F04AFA7379834290D0637B012262F3BA
:10E7B000461363730423237004F02CFC0028D4D088
:10E7C0004F468BE7494B327A9B8863810AF10A03F3
:10E7D00013FB02F3E2700233727A6370627104EB2E
:10E7E0000A03D6F80A20707CC4F80620032284F8B5
:10E7F0000CA02270587319F008002DD00423237147
:10E80000BAF11F0F67D83A49524604F10D0010F0D3
:10E8100085FCA8E7344E3068A5F1080111F0EAFE46
:10E82000EFF3108272B633790133DBB233718AB100
:10E8300000224FF401737271ADF804309DF804208A
:10E840009DF80530002062F3070063F30F200CB041
:10E85000BDE8F08762B6EBE709F00303032B29D08C
:10E8600029BB022B28D0002B39D12271C8E71E4EBC
:10E87000A5F10801306811F0BDFEEFF3108272B609
:10E8800033790133DBB2337102B962B600224FF43F
:10E8900000737271ADF80430D0E79DF818600599E7
:10E8A000324604F11F0010F039FCE6720EE7012336
:10E8B0002371A5E72071A3E72371A1E740F2C911F5
:10E8C0003320F9F7AFFD56213320F9F7ABFD552181
:10E8D0003320F9F7A7FDA6213320F9F7A3FDA321E3
:10E8E0003320F9F79FFD00BF0C22002016220020E4
:10E8F0003022002010B5094C606C28B190F824003B
:10E90000FF3818BF012010BD206811F063FE60645D
:10E910000028F3D14E213320F9F784FD0C2200208A
:10E92000253270B592B205460C461E4611F029FEFE
:10E9300045B1054A0023156082F8484082F84960D5
:10E940001471536470BD00BF0C22002038B5064C12
:10E9500000252068E564A4F8505011F035FE94F8C5
:10E9600048306564237138BD0C220020014B93F8B8
:10E97000490070470C22002010B5174C606C08B19C
:10E980002D3010BD206811F025FE6064F0B1002329
:10E99000C0F81930C17EC0F81130FF224FF0010CD1
:10E9A0007F24C0F81D30C0F82130C0F829306CF346
:10E9B000461180F82B40C0F81530C0F82530C277DA
:10E9C000827480F82420C1762D3010BD40F285116C
:10E9D0003320F9F727FD00BF0C22002010B5084CAA
:10E9E000606C08B12D3010BD206811F0F3FD60643B
:10E9F0000028F7D14FF4CB713320F9F713FD00BF96
:10EA00000C22002010B5064C616C21B1206811F079
:10EA1000F1FD002363640023E364A4F8503010BDCB
:10EA20000C2200202DE9F04F85B089469DF8446006
:10EA300001929DF838109DF83CB09DF9402090F867
:10EA400000A0B34F0546984696BB7C6C002C00F0A6
:10EA5000A9810020C4F81900C4F81100C4F81D00F1
:10EA6000C4F82100C4F82900C4F81500C4F8250032
:10EA7000E07EA276012262F346106274FF22E27702
:10EA8000A27484F824207F2284F82B2008F1FF321E
:10EA900004F10803E076072A00F2C981DFE812F0EA
:10EAA00029012901C701AE01C701C701C701AE0194
:10EAB0003B79012B00F09E81BAF1020F0AD0007C55
:10EAC000B7F85030034440F27260834200F3928101
:10EAD000A7F850307C6C002C00F01F82A276012237
:10EAE000627408F1FF3204F10803072A00F29F81E3
:10EAF000DFE812F0080008009D017E019D019D01E4
:10EB00009D017E014246A27784F82C106A69607FDD
:10EB1000002A40F03481012E40F0F7802978002946
:10EB200000F05081A1F1010CE27EBCFA8CFC4FEAAE
:10EB30005C1C6CF30002E27692075CBFA1F1020C50
:10EB4000BCFA8CFCE27E54BF4FEA5C1C4FF0010C17
:10EB50006CF34102E27612F0020294F81BC01CBF73
:10EB6000B1FA81F2520962F3C30C84F81BC0D5F8E4
:10EB700008C0BCF1000F00F0D980022E10D0002E8A
:10EB800000F0CA80012E0BD1002900F06F8101290D
:10EB900000F09581022900F0C580BAF1000F03D181
:10EBA000AA69002A40F0CA80E27E6FF34612E2763C
:10EBB00036B918F00C0F03D06A78D00600F1CC807B
:10EBC0002A6A1AB192F9002084F82B206A68002A78
:10EBD0006FD0627F002E00F0C380012E00F0108104
:10EBE000022E52D0BCF1000F40F0F380F86C38B127
:10EBF000019300250572474914F02CFA019BFD642E
:10EC0000E27E02F06002202A00F0CA800022227414
:10EC100040490193184614F01DFA019B7A6C002AB2
:10EC200000F068810832934240F069813B7938688E
:10EC3000013BDBB200227A643B7111F0CBFC7864BB
:10EC4000002800F06181D4F81120D4F81530D4F8F0
:10EC50001910D4F81D50C0F81D50C0F81120C0F88C
:10EC60001530C0F81910D4F82120D4F82530D4F884
:10EC70002910C0F82910C0F82120C0F82530012043
:10EC800005B0BDE8F08F022A13D1BBF1080F04F1E3
:10EC9000130200F0FA80584604F11201029304F0C6
:10ECA0006DFE029B002800F03481A27C42F002023B
:10ECB000A274AA68D2B1022E627F97D0002E40F0D3
:10ECC0008880BAF1000FDAD1032A00F0D980A9F1C7
:10ECD0000202012A04F1250140F2A280AA6810680C
:10ECE000C4F8250092888A8084F82490002EC6D02B
:10ECF0007CE7404684F82C1060776A692AB129883D
:10ED000041F2FF0C1CEA010F3ED129780AE700BF4F
:10ED10000C22002045E6020000297FF441AF0328C1
:10ED200000F0BC80E27E42F00402E276012E7FF425
:10ED300037AFBAF1000F7FF437AF31E791785078F1
:10ED400001F01F0250EA0222E27E0CBF02210121E3
:10ED500061F34612E2762BE76A68002A78D0627F78
:10ED6000BAF1020F57D0BAF1010F8CD0BAF1000FEF
:10ED700051D1032A89D16A78D1069AD485E7032E26
:10ED800002D1E17E0907C0D45178C1F30311E177C4
:10ED90005178127801F00F0142EA01222284BAE68A
:10EDA000FB643BE73868CDE9021211F013FCDDE9A2
:10EDB00002120446786400287FF44BAE4E213320C3
:10EDC000F9F730FBEA69002A3FF4ACAE528862845E
:10EDD000A8E6012E7FF40AAFBAF1000F3ED1786C9D
:10EDE00000287DD090F82420FF2A3FF470AFFDE684
:10EDF000032288E6002005B0BDE8F08F032079E704
:10EE0000BAF1000F18D1786C002860D0827CFF2AFC
:10EE10003FF43BAF4DE7BCF1000F7FF452AF2EE75C
:10EE200001980268C4F8252082888A805CE740F255
:10EE300081210620F9F7F6FABAF1010F33D0BAF1C1
:10EE4000020F3FF422AFBCF1000F3FF4CFAEC0E79A
:10EE5000BCF1000F3FF413AF627F32E7BAF1010F4C
:10EE600029D0BAF1020F7FF4C1AE30E794F8242024
:10EE7000FF2A3FF457AFBAF1000F7FF495AE8FE64B
:10EE80006A78D2063FF5FBAE21E7697CA174696818
:10EE90000868C4F81300898891800AE76A78D20666
:10EEA0003FF57EAE3EE7022A7FF4EFAEBCF1000FE5
:10EEB0003FF49CAE8DE7022A7FF409AF96E6022864
:10EEC0007FF430AFBAF1000F7FF46EAE68E63868B9
:10EED000029311F07FFB029B7864002896D16DE7C6
:10EEE0003868029311F076FB029B786400287FF467
:10EEF00079AF63E74FF4D7713320F9F793FA40F213
:10EF0000AF113320F9F78EFA40F239213320F9F7A7
:10EF100089FADB213320F9F785FA3868CDE9021246
:10EF200011F058FBDDE902120446786400287FF4F2
:10EF3000D5AD43E710B5164C606CD0B1837F93B963
:10EF40002279012A0ED022796364013AD2B2227169
:10EF50002279C2B103740F49083014F07BF8002302
:10EF6000A4F8503010BD23796BB10023A4F85030C1
:10EF700010BD206811F02EFB60640028DED14E2108
:10EF80003320F9F74FFA40F2E5213320F9F74AFA36
:10EF90000C22002045E6020038B5234C606C0028A6
:10EFA00035D0837F13B3E06C08B3C37C022262F3D5
:10EFB0004613C374002505721C4914F04BF8606CAD
:10EFC000E564D0B1827F92B92379012B0ED02379E9
:10EFD0006264013BDBB223712379FBB102741349F4
:10EFE000083014F037F80023A4F8503038BD2379E6
:10EFF000A3B10023A4F8503038BD206811F0EAFA1C
:10F0000060640028DED14E213320F9F70BFA206826
:10F0100011F0E0FA60640028C3D1F4E740F2E52182
:10F020003320F9F7FFF900BF0C22002045E602006B
:10F030002DE9F04F614D91462A7983B0012A984617
:10F040009DF834A09DF830309DF938B020D06C6C1C
:10F0500007460E46002C00F087804FF0000C01227E
:10F06000C4F811C0C4F815C0C4F819C0C4F81DC054
:10F07000C4F821C0C4F825C0C4F829C06274062EA3
:10F0800000F28880DFE806F00741558686865A0040
:10F0900003B0BDE8F08FE27E22F0130242F01302CB
:10F0A000E276082B04F1130239D0184604F112015C
:10F0B00004F064FC00287CD0A37C686C43F002035D
:10F0C000A374E27E84F81AB00123A4F81D3052071D
:10F0D0004FF0FF03E37738D484F824307F2384F89B
:10F0E0002B3084F82CA000285ED0A04257D12B7979
:10F0F000013B0022DBB26A642B7102743049083094
:10F1000003B0BDE8F04F13F0A5BFE27E22F0150278
:10F1100042F01502082BE27604F11302C5D17B7C84
:10F12000A3747B681968C4F813109B8893802046E9
:10F13000C7E7E27E42F01002E276B2E7E27E22F01A
:10F14000120242F01202E276ABE7A8F10203012BB1
:10F1500004F1250216D9BB681968C4F825109B88EC
:10F16000938084F82480B9E72868019311F032FA7B
:10F17000019B6864044600287FF46FAF4E21332062
:10F18000F9F750F9D9F80030C4F82530B9F804304F
:10F190009380E6E740F239313320F9F743F940F242
:10F1A000AF113320F9F73EF94FF4D7713320F9F757
:10F1B00039F9DB213320F9F735F900BF0C220020A3
:10F1C00045E602002DE9F84F494E9DF928A09946E1
:10F1D0003379012B71D0746C80460F461546002C94
:10F1E0006DD000224FF0010B082FC4F81120C4F895
:10F1F0001520C4F81920C4F81D20C4F82120C4F833
:10F200002520C4F8292084F811B004F1130233D06A
:10F21000384604F1120104F0B1FB002864D045F037
:10F220001A0505F01B02E57E84F81AA0FF23E37798
:10F2300084F8243025F01B05A37CA4F81DB01543E9
:10F24000726C84F82C907F2143F0020384F82B1019
:10F25000E576A374002A42D094423BD13379013B36
:10F260000022DBB2726433712274224904F1080077
:10F27000BDE8F84F13F0EEBE98F81130A374D8F83B
:10F2800004100868C4F8130089889180FF23E3778D
:10F2900084F824307F2384F82B30E37E84F81AA08E
:10F2A00045F01A0505F01B0523F01B031D43A4F8C8
:10F2B0001DB084F82C90E576D0E7BDE8F88F306873
:10F2C00011F088F90446706400288AD14E21332059
:10F2D000F9F7A8F840F2AF113320F9F7A3F84FF48B
:10F2E000D7713320F9F79EF8DB213320F9F79AF82C
:10F2F0000C22002045E6020010B5094C606C20B1DC
:10F30000807CFF3818BF012010BD206811F062F921
:10F3100060640028F4D14E213320F9F783F800BF50
:10F320000C22002070B5104E736C05460C467BB164
:10F330003CB92B8841F2FF021A420CBF0120002089
:10F3400070BD032C0ABFD87E0020C0F3C00070BD82
:10F35000306811F03FF9034670640028E8D14E216F
:10F360003320F9F75FF800BF0C22002070B50D4E76
:10F37000736C04460D4653B1DA7FA24201D00020DF
:10F3800070BD188C401BB0FA80F0400970BD306829
:10F3900011F020F9034670640028EDD14E2133208E
:10F3A000F9F740F80C22002070B50C4605461646C9
:10F3B00013F0CAFA6074284613F0D1FAA074062E2E
:10F3C00013D8DFE806F00419041204120400002325
:10F3D000EA1CC4E90123012161706B78063BDBB2B2
:10F3E00023743BB10935E56070BD0023C4E90133E6
:10F3F00063702374E36070BD002303216A182374D3
:10F400000935C4E901256170E36070BD70B5C3784A
:10F410000C4613F03F015BD0054613F095FA60747B
:10F42000284613F09CFAA0742B796370E87883095E
:10F4300023702B7913F0010641D14FF0050C4FF0EA
:10F440000B0E624613F002011CBF05EB0C01724665
:10F45000A160590744BF0132D2B213F008016660BF
:10F4600002D0961CA918F2B2616113F0100102D00B
:10F47000D61CA918F2B2A16113F0200103D002F149
:10F480001206A918F2B213F04003E16102D0AB18E2
:10F490000132D2B200F03F00011D891A11F0FF01C4
:10F4A000236214BFAB180B4663626B78013B1B1AD7
:10F4B000DBB2237453B10A441544E56070BD4FF0CC
:10F4C0000B0C6E1D4FF0110E6246BBE7E36070BD82
:10F4D00020462822BDE870400FF098BE70B506782F
:10F4E00006F00F06072E25D00C46054613F02CFA21
:10F4F0006074284613F033FAA074062E13D8DFE8A0
:10F5000006F0041D0412041204000023EA1CC4E9DE
:10F510000123012161706B78063BDBB223743BB1A0
:10F520000935E56070BD0023C4E9013363702374BD
:10F53000E36070BDBDE87040FFF768BF00230321A2
:10F540006A1823740935C4E901256170E36070BD50
:10F5500090F85030012B1FD008290FD004293AD041
:10F56000022931D011F00C0F40F2DC434FF0280299
:10F5700008D14FF4026010441844704741F64C73B0
:10F580004FF4A872082903F1500310D140324FF410
:10F59000824010441844704708291FD0042917D00E
:10F5A000022940F6480008BF4FF4856070470429DF
:10F5B00005D12E324FF4825010441844704702296E
:10F5C000D7D14FF48260D6E718224FF44373F8E79F
:10F5D00041F2BE10704740F6E823D1E744F2902094
:10F5E000704700BF08B540F227312120F8F71AFF15
:10F5F000F8B5044615F0F1FCD4F82C2105460E466A
:10F60000002A56D04FF0000C94F832016146634650
:10F6100004EB83030CF1010CD3F8DC205FFA8CF3CC
:10F62000FE3283421144F3D9D4F8D870B94214BFE2
:10F630000127022738460EF04BFE312837D9431CEC
:10F640005DD0D4E93A3219188A4298BFD01AD4F85A
:10F65000B830D4F8BC205B1B62EB0606012B76F1B8
:10F66000000255DB00229842B2415ADA41F2883654
:10F67000864228BF064615F0B0FCC5F17405054466
:10F68000B54214D8394630460EF072FE78B9D4E946
:10F690003B20D4F8E830334430449342C4F8E83097
:10F6A000C4F8F00044D0BDE8F8400EF0B7BD00202B
:10F6B000F8BDD4F8D8C094F832010727ACFB07E7AF
:10F6C0001146134604EB83030132D3F8DC30FE33DA
:10F6D0001944D3B28342F5D98C451BD0D4F8D0203D
:10F6E000D4F8C030D4F8D4109B1AD4F8C42062EBFC
:10F6F0000102734572EB070311D301279AE7D4E99E
:10F700003A30C61A41F288339E4228BF1E46B2E7FD
:10F710000026B0E75EEA070301D003278AE7022745
:10F7200088E741F28830834228BF03461E46A2E79D
:10F73000D4E94023C4E93423B5E700BF2DE9F04FF5
:10F740008FB004461D46BDF8606004928B4615F0EC
:10F7500044FCD4F8DC80CDE9050194F8321108F1BD
:10F76000FE039C4651B1012204EB82000132D0F825
:10F77000DC00D2B2FE308A428444F5D9D4F8D87085
:10F78000ADB3674500F02781049BA3BBD4E9406774
:10F79000D4F8D800059A3318A2EB0605B5FBF0F5AE
:10F7A00000FB05F547F10007ED18A5EB020347F153
:10F7B0000007B3F5857F00F2CE81D4F8C8309B1BDB
:10F7C000B3FBF0F300FB0366049B03939A4604EB40
:10F7D0000A03AE1B4519B6FBF0F693F8B50047F1E6
:10F7E0000007082840F08D804FF4D26935E1049A73
:10F7F000002A00F09A8000230393059B13F5FA6515
:10F80000069B43F1000701F08DFF01F01BFFD4F8C8
:10F810002C3181469BB3D3F8F802002101F01EFF82
:10F820008145824600F02E82D4F82C01514600F525
:10F830003C7001F0D7FED4F82C110023C4F820311D
:10F84000002900F0BF83BAF1000F00F01682079183
:10F8500001F074FF0799002800F0AF83DAF8082060
:10F86000DAF800309B18DAF80420C1F8F03242F1DF
:10F870000002BAF92430A1F81433C1F8F422494641
:10F8800004F5807001F0AEFEB9F1000F19D0D9F87F
:10F890000030D9F80800D9F80410C018B9F924309C
:10F8A000A4F82431CDE90057D4F8D89041F10001F3
:10F8B0004A4601F0F1FE484500F26883451947F1D8
:10F8C000000701F035FFD4F8D830EB1AC4F8003146
:10F8D00067F10003C4F80431002E00F0AE8042F25C
:10F8E000107329463A46E6FB0312C4E92E124FF084
:10F8F000000A012604EB0A0393F8B50008283FF438
:10F9000073AF042800F07181022800F0A381431E28
:10F91000072B00F23882DFE813F03A013602360294
:10F9200099003602360236029900D4E94002059E5B
:10F93000351AB5FBF7F507FB05F515EB000906F2DF
:10F940000B15A5EB090542F10002AF4294BFEF1B76
:10F950002F46002900F0B682BB429DBFFE3FA7EBB9
:10F96000080701230023012915D0D4F8E00000F195
:10F97000FE06BE4203D8FE3F01333F1ADBB2022926
:10F9800009D0D4F8E41001F1FE00874203D3FE3F12
:10F9900001337F1ADBB204EB83019A46D1F8DC8095
:10F9A00004EB0A0191F8B500082800F082810428D0
:10F9B00000F0E481022800F0A782411E072900F22E
:10F9C000E281DFE811F08202E001E001E501E001FF
:10F9D000E001E001E50194F8283123B1B4F92431C4
:10F9E000002B7FF4D1AE049B002B40F0DE82D4E9E3
:10F9F0002E126FF000439A4208BFB1F1FF3F00F0B2
:10FA0000518194F83131234493F8B500082800F06F
:10FA10007882042800F07C82022800F05982431E7C
:10FA2000072B00F2B081DFE813F05E02AE01AE01F9
:10FA3000BD01AE01AE01AE01BD014FF0FF326FF06E
:10FA40000043B246C4E92E23012653E74FF0A00934
:10FA5000022800F00181282399440BF003FAD4F81E
:10FA6000B820C44B511B00F52340D4F8BC2000F152
:10FA7000A100A3FB003062EB070209F1C5090129CF
:10FA800009EB901372F10000C0F2898000208845D4
:10FA900070EB020200DB884604EB8A0A039ADAF86C
:10FAA000DC00404528BF4046C4F8EC0012B9002EE7
:10FAB00040F0A080D4F82C21049929B1D4E94089E0
:10FAC000C4E93057C4E934890021C4E93257C4F885
:10FAD000E8308BF80B10ABF80810002A62D094F8CD
:10FAE00032C10E460A4604EB82020131D2F8DC2014
:10FAF000FE321644CAB26245F5D9D4F8D8209642EF
:10FB000014BF012202228BF80A20039ACBF804309A
:10FB1000002A3FD001228BF80020D4F8B8200599A4
:10FB2000D4F8BC40521A069964EB0104012A74F11E
:10FB300000015DDB90490025914275EB040400DA79
:10FB40000A46D21ACBF8102083428CBF0020012035
:10FB50000FB0BDE8F08F94F8B500049B8DF820300D
:10FB6000082800F06581042800F0F581022800F0E3
:10FB7000F581431E072B00F20681DFE813F0BB017D
:10FB800004010401AD01040104010401AD014FF4BD
:10FB9000A8795DE7CBE904578BF80020D4E74FF054
:10FBA000000879E7D4F8D8E094F832C14FF007089C
:10FBB0001146AEFB0889164604EB82020131D2F8E9
:10FBC000DC20FE321644CAB26245F5D9B64547D0AC
:10FBD000D4F8D020D4F8D410AA1A67EB010142451A
:10FBE00071EB09023AD301228DE740F2BE2934E7D6
:10FBF0000022A6E7710089B2B4F92401079313F03B
:10FC000062FBB4F82411D4F82C21079B091A09B21D
:10FC1000A4F8241162B1A2F81413D2F8F012091852
:10FC2000C2F8F012D2F8F41241EBE071C2F8F4120B
:10FC3000D4F80011C6172D1846EB07070818D4F89A
:10FC40000411C4F8000146EB0101D4F8EC00C4F83B
:10FC5000041131E74FF048091823FDE6022252E76C
:10FC6000D4F8C020D4F8C410AA1A67EB01014245A9
:10FC700071EB0902F2D2032245E700220023C1E919
:10FC8000BC23FCE5D4F82C11D4F80831D1F8F822C3
:10FC9000934238BF1346C4F8083101F53C73C4F8E9
:10FCA0002031D0E5049E0123DDE90557B2460393D8
:10FCB00020E64FF4D266039307920BF0D3F82D4958
:10FCC000079A00F52340A130A1FB003007F1C501E0
:10FCD0000E4406EB90104045039B28D804EB8A03A2
:10FCE000D3F8DC30A3EB0708B8F1000FC0F2608155
:10FCF00015EB0905D4F80011D4F8D86042F10007DB
:10FD0000D4F8C020531AB3FBF6F306FB03F35B18D9
:10FD1000C4F80031A5EB0303B3FBF6F6D4F80431C5
:10FD200043F10003C4F8043100230393E2E594F89F
:10FD3000321199420ED90133DEB2D4F8D8309D4247
:10FD400080F0298104EB8603B246D3F8DC8008F109
:10FD5000FE05C9E7D4F8D8309D4263D3B5EB430F15
:10FD60004FEA430180F01C8104EB8A030D46D3F86F
:10FD7000DC80B9E7D34D62100040420F4FF4A0760B
:10FD800006F5BF7697E740F211110520F8F74AFB18
:10FD900004284FF0A006F3D0022800F0B6802821F6
:10FDA0000E4488E704284FF0A00540F09E8005F53A
:10FDB000BF750BF057F8864A00F52343A133A2FB29
:10FDC0000323C535059A05EB931540F20B13D318A1
:10FDD0000C93069B099543F100030D934FF0000A25
:10FDE0004FF4003308A88DF820A00A930DF07AFB99
:10FDF000002800F0C6800C9AD4F8B8300D999B1AF0
:10FE0000D4F8BC2062EB01025B1B62F10003002B03
:10FE10004FF00103DDE9055703935646BFF66AAD7F
:10FE2000D04667E51D4604EB8A03D3F8DC805BE728
:10FE30004FF4D2650BF016F8D4F8D810D4F8C830C7
:10FE4000D4F82C6100F5234205F1C500D4F8005127
:10FE50005B1BB3FBF1F301FB03F35B195C4D0C93EC
:10FE600002F1A102A5FB025200EB9212D4F80401A8
:10FE7000099240F1000000220D90ADF828208DF885
:10FE80002B20002E47D094F832511046134604EB35
:10FE900083030132D3F8DC30FE331844D3B29D42E1
:10FEA000F5D281420CBF022001208DF82A0008A85B
:10FEB00012F0B9FB4FF0000ADDE90C570646CDF809
:10FEC0000CA017E50B468A466AE54FF4A87663E76F
:10FED000482518231D446CE704284FF0A0050BD1DA
:10FEE00005F5BF75A6E74FF4A8750228F1D02823C1
:10FEF0001D445EE74FF4A875022830D028231D4426
:10FF000098E74FF4D26554E7482618210E44D2E60C
:10FF10004FF4A0754BE7072594F832C1A1FB055EAD
:10FF20003746324604EB82020136D2F8DC20FE323C
:10FF30001744F2B26245F5D9B94215D0D4F8D020B1
:10FF40009B1AD4F8D42060EB0202AB4272EB0E0392
:10FF500008D30120A9E74FF4A075C1E7482518236D
:10FF60001D4467E70220A0E7D4F8C0209A1AD4F80D
:10FF7000C43060EB0303AA4273EB0E03F2D20320FA
:10FF800093E740F2BB412120F8F74CFA40F28F3161
:10FF90002120F8F747FA40F24D412120F8F742FAC4
:10FFA00040F26A412120F8F73DFA0123039324E44B
:10FFB00040F273412120F8F735FA40F227712120F1
:10FFC000F8F730FA40F221712120F8F72BFA00BF40
:10FFD000D34D6210F0B5013989B00446072900F20B
:10FFE0001081DFE811F05C003600360073000E016E
:10FFF00078000B0009012046FEF7DCF994F828315F
:020000023000CC
:10000000002B00F0128194F83031002B3ED1D4F84F
:100010002C0120B1D4F82031002B00F0018104F52F
:10002000807001F0BBFA2046FEF7EEFA002384F858
:100030003031C4F82C3184F8283194F8B0000DF038
:100040001DFA002800F0F680202384F8B03009B0B3
:10005000F0BD90F8B43090F8B32003F01F0352EADB
:10006000032340F0C48000220092012302A920460D
:10007000FFF764FB0028BED094F8B00002A90DF091
:1000800047FB002800F0D88009B0F0BDD4F820313B
:10009000002BC4D004F5807001F01EFBC3E70121E2
:1000A00080F82A1190F8293103F0FF05002B43D086
:1000B000FEF75EF994F82A31002BE5D009F0B2FE84
:1000C0000DF00AF8002384F82A31DDE709B0BDE815
:1000D000F0400AF039BB90F8293143BB90F8B430B6
:1000E00090F8B32003F01F0352EA032379D090F86D
:1000F000B13013F00C0F1AD090F8F830BBB90121D1
:1001000080F8F81044F236500EF032F978B9D4F88D
:10011000E830D4F8F00044F2365210441344C4F8E6
:10012000E830C4F8F0000EF079F80028ACD109B03E
:10013000BDE8F040FEF706B890F8B0000DF0BCF94D
:10014000D4F8003194F83261D4F8D8700294C4E93C
:1001500030010595A0EB030CB6B1BCFBF7F207FB31
:100160000233C01A2A462B4604EB8303D3F8DC3053
:1001700003F1FE01884203D3FE380135C01AEDB207
:100180000132D3B29E42EFD294F8B43094F8B32047
:1001900084F8315103F01F0352EA03238DF81850FD
:1001A00034D0D4F8F420039203238DF810300027C4
:1001B00002A88DF81970FDF7B5FF94F82A31002BCD
:1001C0003FF462AFD4F8E800B538C4F8F0000EF0A0
:1001D00025F800287FF458AF4FF4DC712120F8F7A0
:1001E00021F9FFF705FA00287FF44EAF9FE70122BF
:1001F0000321FEF7E7F936E740F2ED112120F8F789
:1002000011F940F2F1112120F8F70CF9BC4538BF83
:100210000123BC458DF8103034BF00270127C7E704
:1002200000F53C7001F0BAF9F9E640F265112120C1
:10023000F8F7F8F8FFF7D6F940F25D712120F8F7EA
:10024000F1F800BF014B1870704700BF110000208B
:1002500070B590F828311BB903F0FF05284670BD32
:100260000446FF2380F8293190F8B0000DF05CFDC2
:1002700094F8B0000EF0A6F900212046FEF778F8B9
:100280000546A0BB94F830313BB1D4F8203153B1CE
:1002900004F5807001F020FA09E0D4F82C0110B1C7
:1002A000D4F82031F3B104F5807001F077F900261D
:1002B00084F8296194F830312046B34218BF0C25E8
:1002C000FEF7A2F984F83061C4F82C6184F8286143
:1002D00094F8B0000DF0D2F870B1202384F8B0305B
:1002E000284670BD00F53C7001F058F9DBE74FF48B
:1002F00017712120F8F796F8FFF774F910B5044646
:1003000090F82831C3B90023A4F8243194F8283197
:1003100003F0FF009BB942F2107340F2712142F2E8
:10032000126284F83201C4F8D830C4F81031A4F84D
:100330001411C4F8DC2010BDFFF78AFFE3E74FF487
:1003400030712120F8F76EF81A4B002210B51A60B0
:100350001A6841F6690320219A4280F8B0101FD82C
:10036000044690F82831C3B90023A4F8243194F846
:10037000283103F0FF00C3B942F2107340F271213B
:1003800042F2126284F83201C4F8D830C4F8103155
:10039000A4F81411C4F8DC2010BDFFF759FFE3E7FF
:1003A00040F649012120F8F73DF84FF43071212043
:1003B000F8F738F86022002090F87000003818BF75
:1003C0000120704770B588B090F82831002B41D1DA
:1003D000C0F82C1191F81833044603F0FF06002BE7
:1003E0003CD1FF2380F8283180F8296190F8320150
:1003F00084F8306184F83161A4F8246131463546CF
:10040000334604EB83030131D3F8DC20CBB2FE3258
:1004100083421544F5D91948C4F8085121460DF016
:1004200001F8202884F8B00010D0002300930122A6
:1004300002A92046FFF782F9D0B194F8B00002A9D2
:100440000DF066F978B1304608B070BD0726304629
:1004500008B070BD0C26304608B070BD4FF427714F
:100460002120F7F7DFFF40F2B2212120F7F7DAFF72
:1004700040F2B1212120F7F7D5FF00BFD5FF0200E0
:1004800030B585B090F82821002A68D191F800C0D5
:1004900002F0FF03CDE9013303931CF0010343D1C4
:1004A0001CF0020F4FF001024FF002059E461C4661
:1004B00046D004AB03EB8E0E0C694EF80C4C1CF0CE
:1004C000040FCC682B463FD1013AD2B240F27121E1
:1004D00080F8322113F00102C0F8D840C0F8104172
:1004E000A0F8141103D00199FE39C0F8DC10990767
:1004F0000BD504A901EB820100EB820451F80C1C1E
:100500000132FE39C4F8DC10D2B21B0709D504ABA6
:1005100003EB820300EB820053F80C3CFE3BC0F877
:10052000DC30002005B030BDD1E901421CF0020FE3
:1005300001924FF003054FF002024FF0010EB8D1C7
:100540001CF0040F1A46BFD0D1E9054504A901EB00
:10055000820143F00803DBB241F80C5CB6E74FF4CC
:1005600030712120F7F75EFFF0B589B0002A3CD149
:10057000044690F8283103F0FF06002B3DD10F46CA
:1005800080F82961FF2380F8283190F8320184F83F
:100590003161A4F82461B4463546334604EB830345
:1005A0000CF1010CD3F8DC205FFA8CF3FE328342AD
:1005B0001544F3D91848C4F8085121460CF032FF0D
:1005C000202884F8B00014D000970023012202A94B
:1005D0002046FFF7B3F8C8B194F8B00002A90DF0B7
:1005E00097F870B1304609B0F0BD1126304609B019
:1005F000F0BD0726304609B0F0BD0C26304609B0E4
:10060000F0BD40F209312120F7F70CFF4FF44271A1
:100610002120F7F707FF00BFD5FF0200D0F82C31EB
:1006200070B5002B4DD0044690F8283103F0FF053B
:100630000BB9284670BDFF2380F8293190F8B0002F
:100640000DF072FB94F8B0000DF0BCFF00212046C5
:10065000FDF78EFE0546C8BB94F830313BB1D4F8A7
:10066000203153B104F5807001F036F809E0D4F878
:100670002C0110B1D4F82031F3B104F5807000F0F2
:100680008DFF002684F8296194F830312046B3426A
:1006900018BF0C25FDF7B8FF84F83061C4F82C6151
:1006A00084F8286194F8B0000CF0E8FE98B120239B
:1006B00084F8B030284670BD00F53C7000F06EFF45
:1006C000DBE74FF446712120F7F7ACFE4FF41771CA
:1006D0002120F7F7A7FEFEF785FF00BF70B590F861
:1006E000293113B10026304670BD04460D4614F082
:1006F00074FC94F8B130062D57D8DFE805F02704D4
:100700000407360404000126304670BD13F00C0FB8
:1007100014BF4FF461754FF45775D4F8C020D4F866
:10072000E830801AC53B0544AB428CBF0126002649
:10073000D9D82046FEF75CFF0028D4D0D4F8E86072
:10074000C53EB5422CBF00260126CCE7082B26D09B
:10075000042B27D0022B17D05A1E072A0FD8DFE808
:1007600002F0180E0E070E0E0E074FF4FC75D4E7BC
:10077000042B4FF0A0050ED105F21625CDE740F26F
:1007800011110520F7F74EFE482518231D44983512
:10079000C3E74FF4A875022BF7D02823F6E74FF4F0
:1007A000E565BAE74FF4A075E6E740F26E31212027
:1007B000F7F738FE2DE9F04F90F8B4305F2B8BB08F
:1007C00005464CD8AE495A0911F80290B9F1080F04
:1007D00000F02A8195F9B22095F8B340002A03F081
:1007E0001F0395F8B22044EA0323ACBF1E264FF442
:1007F000967603FB06F6D30914BF4FF496771E27AF
:1008000008F080FFA6EB000808F0A6FF95F8B230CC
:1008100013F0400F14BF32244FF4FA74064411F061
:100820005FFB031908EB070000FB03F3954C03F58E
:10083000742303F23F23A4FB0323B8F5D17F4FEACF
:10084000934473D395F8293103F0FF0A53B195F817
:100850002A31002B40F0DE800BB0BDE8F08F4FF066
:100860000009B7E748460AF0F5FA854BDFF818B2F9
:1008700003EB8903D3F8048008F52343A133ABFBD2
:10088000032307EB9317AB3707EB440707444846AE
:100890000AF0E0FA039048460AF0E4FA4946814635
:1008A0002846FEF755FEA8EB0908ABFB0838039B6A
:1008B000D5F8C4208DF810A000F1C50BBB44ABEBFC
:1008C000030BD5F8C0308DF81BA0843B42F1FF32FA
:1008D0009B1942F100021C1B62F100036B4AADF848
:1008E00018A01078ABEB981BFE28CDE90843CDF893
:1008F00014B003D095F85020032A03D00AF08CFEE0
:10090000DDE908438DF81A00C5E9324395F8B000D7
:10091000C5F8E8B0C5F8F47004A90CF0F9FE002899
:1009200095D140F2D6612120F7F77CFD48460AF0C8
:1009300091FA534BDFF850A103EB8903D3F80480FD
:1009400008F2E733AAFB032307EB9317203737445A
:100950002744074448460AF07DFA834648460AF091
:1009600081FA494681462846FEF7F2FDA8EB0908C0
:10097000AAFB083800F1C50ABA44D5F8E890AAEBFA
:100980000B0AAAEB981AD14560D2404B93F800802D
:10099000B8F1FE0F03D095F85030032B02D00AF0C7
:1009A0003BFE804640460DF093FCAAEB090ABAF1E3
:1009B000320F38BF4FF0320A824528BF8246414687
:1009C00050460DF0D5FCA8B3012202212846FDF7C0
:1009D000F9FD95F82A31002B3FF439AF95F829211C
:1009E00002F0FF03002A7FF432AF00931A4604A9F5
:1009F0002846FEF7A3FE00283DD095F8B00004A9D4
:100A00000CF086FE00287FF422AF40F244712120D2
:100A1000F7F708FD09F006FA0CF05EFB002385F8F5
:100A20002A310BB0BDE8F08F002280F8F8204FF09B
:100A30000409CFE6D5F8E8005044C5F8E800B53819
:100A4000C5F8F0000DF0EAFB0028BDD0103E95F887
:100A50003111049502220023341B04A80794059742
:100A60008DF820108DF818208DF82130FDF75AFBF5
:100A70000BB0BDE8F08F2846FDF79CFCE7E600BF11
:100A800094DD060083DE1B43D34D6210110000206D
:100A900010B590F82A3188B0044623B190F8292186
:100AA00002F0FF036AB194F82A310BB908B010BD07
:100AB00009F0B8F90CF010FB002384F82A3108B0D3
:100AC00010BD00931A4602A9FEF738FE58B194F8FB
:100AD000B00002A90CF01CFE0028E4D140F24471E1
:100AE0002120F7F79FFC2046FDF764FCDBE700BF01
:100AF0002DE9F047012982B00C46064620D8D0E9FE
:100B0000309808F023FE96F8B1708246394604F01A
:100B1000010011F0E3FD054638460AF0A3F9012C67
:100B20004FF000033ED1082F00F0BF80042F00F0EB
:100B30008680022F14BF4FF4FC724FF4A67233E08C
:100B4000022940F0C380D0F82C210024012380F832
:100B5000303182F8184390F8B130214663F3070131
:100B600063F30F21A2F87C10FF2182F87E10D0F8E9
:100B70002C0113F00C0F00F1440014BF0121214699
:100B800003F0C6FBD6F82C01002800F09A8000F094
:100B90006FFB96F82A31C6F82C41002B7CD102B0AD
:100BA000BDE8F0874FF4FC7215EB0A0543F1000431
:100BB0004E4B03EB470315EB09051B8DD6F82C7143
:100BC00003F2E73303444A48A0FB03134FEA9313AD
:100BD00048EB0404ED1A64F10004AD1844F100047C
:100BE000D7F81C8000F028FD06F5807383423AD0C8
:100BF000D7E9BC014246CDE9005400F04DFD8045E7
:100C00006ED33C4BD6F82C111B68CE69834219D9A0
:100C1000CE633318024641F64B5086428CBF41F6F4
:100C20006A004FF4FA708242A1F8400053D25B1977
:100C300044F10004C1E9BC3402B0BDE8F08740F2E1
:100C40008642B1E741F64B539E4231D92A4AA2FB74
:100C50000032920A40F2E24303FB1202821ACA6394
:100C60000346821AD7E797F881000028C9D0D6E951
:100C7000409A00F063FD38B9B7F91433A7F81403AC
:100C800013EB09094AEBE37ACDE9005442464846A2
:100C9000514600F001FDB4E709F0C4F80CF01CFA6D
:100CA00086F82A4102B0BDE8F08740F6E8327BE7DB
:100CB000124AA2FB00325209642303FB1202821A79
:100CC000CDE740F2D9712120F7F7ACFB40F62D01BA
:100CD0002120F7F7A7FB40F2BD712120F7F7A2FB17
:100CE00040F2A2312120F7F79DFB00BF94DD060002
:100CF000D34D6210602200205917B7D11F85EB51E8
:100D00002DE9F043DFF88080012383B088F80030BC
:100D100000254FF6FF7720261DE0009BEBB193F8EE
:100D20001823D2B11888B8421DD02146F8F75EF8D2
:100D30008146F0B190F819030DF044FC99F81903BD
:100D400089F818430CF09AFBC0B189F8196309F5CA
:100D50003C7000F023FCCDE900556846F8F780F8B8
:100D600004460028D9D0002388F8003003B0BDE83D
:100D7000F0834FF4F9713520F7F754FB40F2E1119D
:100D80003520F7F74FFB00BF642200202DE9F04724
:100D900082B006460C4615461F460EF05FFB002843
:100DA00000F09E804FF096094FF08C08002301A8B8
:100DB00001930AF079F9019B13F0030F18BFC8469D
:100DC00094F8C690002F40F0988094F81833032BC5
:100DD00000F20181DFE803F043027602D4F81CA0A0
:100DE000554600F0ABFC002860D000200346D4F844
:100DF000F022AD18D4F8F42242F100022D1843EB92
:100E00000203C4E9BC53C6E904530025A6F80880D0
:100E1000357094F8C63003F0FD020C2A59D0262B09
:100E200057D0204613F08DFD002800F0C88094F8BC
:100E30001833012BDAB216BF0223B272B372002349
:100E4000F37204F1440012F089F9706027B1A9F13E
:100E50000E09B9F1010F55D802B0BDE8F087002D99
:100E600000F0AF8094F87C205D4B94F87DA033F8BF
:100E70001250012384F81833504609F0F3FF05F2AD
:100E80009D7558491AF00C0F0544A1FB053514BF98
:100E90002821002101EB951182312046002512F016
:100EA000F5F9AA4600F04AFC00289ED1B4F91403D3
:100EB000022112F008FAB4F814331B1AA4F8143300
:100EC000C31794E7D4F820A3032384F818335546B6
:100ED00087E7204613F035FD01250023B372AEE706
:100EE0000EF018FA00280BBF4FF07E094FF08D0965
:100EF0004FF074084FF0830858E70121204607F0AF
:100F000091FF62E75146304611F08DFB87B22046D3
:100F100013F017FD8046B5B9874214D3B572D4F8E3
:100F2000F0320AFB00F29B18D4F8F422336142F14C
:100F300000027261BAF1000F48D05146304611F0FC
:100F400072FB404487B23946204607F06BFF00F041
:100F5000F5FBE0B1D6E90430D4F88420C4E9BC3014
:100F6000002A3FF479AFB4F8F620B4F8C0309B1AE9
:100F70001BB2002B7FF770AFB4F888100B44013B15
:100F8000B3FBF1F313FB0123A4F8F63064E77F0011
:100F9000B7F5803FB4BFB9B24FF6FF71B4F914038F
:100FA00012F091F9B4F814233369121AA4F8142337
:100FB0007269C31842EBE07033617061CCE705469B
:100FC0008BE740F23B213520F7F72CFA40F2B521B0
:100FD0003520F7F727FA40F273213520F7F722FA88
:100FE000D0DD0600D34D62102DE9F04786B0002811
:100FF00000F0BF800446082900F29880DFE801F085
:101000002C8C050516961B2391000146012368468A
:101010000022FFF7BBFE94F8190369460CF078FB39
:10102000002800F0AB8006B0BDE8F08706B0BDE850
:10103000F04709F089BB01200AF0DEFA06B0BDE8EE
:10104000F047F8F745BE90F81833042BEBD04FF477
:10105000AA713520F7F7E6F990F81833002B00F065
:10106000928007F01FFE0028DDD00EF0F7F900286F
:1010700061D040F2811540F2771700236846009353
:101080000AF012F8009BDFF8088113F0030F94F8C0
:101090007D3018BF2F4613F00C0F98F8013018BFA1
:1010A0002837002B54D0E56904F1440012F056F8BB
:1010B00081460EF0D3F9002850D04FF0FE0AF426F6
:1010C00000236846009309F0EFFF009B13F0030F25
:1010D00018BF564602200DF0FBF84E44AD1B25EA22
:1010E000E575854228BF0546022128460DF040F9E6
:1010F00000B92E443A463146204612F0AFF8034676
:10110000E069C8F804300DF089F800288BD14FF45D
:1011100090713520F7F786F906B0BDE8F04713F077
:10112000D4BB40F259113520F7F77CF940F25D113C
:101130003520F7F777F90EF0EDF8002840F2691541
:1011400040F25F171CBF4FF4BC754FF4B77794E7BC
:10115000656CE3699D4228BF1D46A5E70EF0DAF8ED
:1011600000280BBF4FF0E60A4FF0F50ADC26EB260D
:10117000A6E74FF493713520F7F754F940F2E321D5
:101180003520F7F74FF94FF497713520F7F74AF903
:1011900064220020024B0022C3E90022FFF7B0BD09
:1011A0006422002008B5FFF7ABFD002008BD00BF9A
:1011B000014B5870704700BF64220020C0F8F8123D
:1011C000704700BF70B582B004460EF047F9C8B151
:1011D0004FF4E5754FF4E07601A80023019309F080
:1011E00063FF019B13F0030F0CBF314629462046D5
:1011F00012F05FF8B0F5296F28BF4FF4296080B274
:1012000002B070BD0EF086F8002840F2C11540F221
:10121000B71604BF4FF4D9754FF4D476DCE700BF9E
:1012200038B5A0B190F81833044603F0FF05C3B9F0
:1012300090F81933202B0FD121460C480CF0F2F80E
:10124000202884F8190314BF28460D2038BD4FF418
:10125000E2713520F7F7E6F84FF4E3713520F7F740
:10126000E1F840F2C5113520F7F7DCF8E90F03008B
:10127000F0B587B0002800F0B28090F8183304462B
:10128000002B40F0B68090F81933202B00F0AC8092
:101290000EF0E4F8002800F0948096258C260023B8
:1012A0006846009309F000FF009B13F0030F94F8C9
:1012B000183318BF2E46032B00F2A080DFE803F09E
:1012C00045027402E56900F039FA002860D0002078
:1012D0000246D4F8F032D4F8F412ADF80860EB18F6
:1012E00041F100011B1842EB0102C4E9BC32CDE917
:1012F000043294F8C63003F0FD0200210C2A8DF868
:10130000001057D0262B55D0204613F01AFB00288A
:1013100053D094F81833012BDAB216BF02238DF89C
:101320000A208DF80A30002304F144008DF80B30B8
:1013300011F014FF6946034694F8190301930CF069
:10134000E7F9002846D007B0F0BD94F87C202E4B7A
:1013500094F87D7033F81250012384F8183338461E
:1013600009F080FD05F29D75284917F00C0F054422
:10137000A1FB053514BF2821002101EB9511823115
:10138000204611F083FF002500F0D8F900289ED1F7
:10139000B4F91403022111F096FFB4F814331B1AA8
:1013A000A4F81433C21794E70323D4F8205384F825
:1013B000183388E7204613F0C4FA00238DF80A306A
:1013C000B1E70DF0A7FF00280BBF7E258D25742601
:1013D000832664E740F2D9113520F7F723F840F26D
:1013E000D3113520F7F71EF840F2D5113520F7F765
:1013F00019F84FF4EA713520F7F714F840F2732129
:101400003520F7F70FF800BFD0DD0600D34D62108E
:1014100008B508F09BF9044B5A6882422ABF187835
:10142000002080F0010008BD6422002070B5044651
:1014300086B0042900F28580DFE801F0670D031211
:101440004900042384F8183308F0ECFC06B0BDE82A
:1014500070400BF041BE032380F8183306B070BD16
:10146000C269D0F84033C0F820239A4204D0283013
:1014700013F0DFFAD4F84033D4F83C2394F87C001E
:1014800094F87D603149E263B4F83823A4F8402031
:10149000D4F84423E36131F810506262304609F019
:1014A000E1FC05F29D752A4916F00C0F0544A1FBDD
:1014B000053514BF2821002101EB9511823120460A
:1014C00011F0E4FE022384F8183306B070BD90F8E2
:1014D0007D6090F87C201D4B304633F8125009F0A7
:1014E000C1FC05F29D751A4916F00C0F0544A1FBCD
:1014F000053514BF2821002101EB951182312046CA
:1015000006B0BDE8704011F0C1BE124B1A7802F06F
:10151000FF03002A95D1014601226846FFF736FCF9
:1015200094F8190369460CF0F3F828B1B4F8C03008
:101530000133A4F8C03087E740F2E3213520F6F705
:1015400071FF40F23E313520F6F76CFFD0DD06002A
:10155000D34D621064220020024B0022C3E9002216
:10156000704700BF6C220020034B186808B10C20A4
:1015700070475860704700BF6C220020C3690BB1F0
:10158000012070478369002BFAD1034B1B68181A9E
:10159000B0FA80F0400970476C220020C369ABB1FB
:1015A00010B4D0E90214DA68D0F818C0C3F818C033
:1015B000214411448269D96032B1D36100220023F1
:1015C000C0E9062310BC7047DA60F7E78269044976
:1015D0000A6002B1D36100220023C0E906237047EC
:1015E0006C22002008B5C161A1B18B69886183615B
:1015F00073B1D861C1690023C36041B1CB6823B125
:101600008268934211D39B1AC3600023CB6008BD4C
:10161000C360F3E7074A136883611BB1D861C169EE
:101620001060E8E71060C36008BD2D213720F6F791
:10163000F9FE00BF6C220020014B1868704700BF04
:101640006C220020044B1B6823B118469B69002BB9
:10165000FBD17047184670476C2200200D4B1B6869
:10166000B3B100B584464FF0FF3E002000E01346C2
:10167000DA68944503D8964584BF184696469A6919
:10168000002AF4D111B9002808BF18465DF804FB00
:10169000184670476C22002030B585B0DDE908346B
:1016A000C01A61EB0404002C15460BDB214603AA8B
:1016B000009202AB2A460DF067FC002C039805DB74
:1016C00005B030BD404264EB4401F0E70028F7D09C
:1016D000281A05B030BD00BF036A2DE93048DBB1E0
:1016E00082689C68A24217D3D0E90615D0E906BCEF
:1016F000C3E906BC4DB1AB61996951B1C068CB611A
:101700000244121BDA60BDE83088054D2B600029C9
:10171000F4D1D960BDE83088CD213720F6F782FEBC
:101720006C220020014B01221A7170476C220020AC
:10173000014B00221A7170476C220020014B18796E
:10174000704700BF6C22002038B52C4B1B688646C2
:1017500008466BB34FF0000C64461D690CB1A542FE
:1017600004D22C46002D43D0B3F814C09B69002B43
:10177000F3D1ECB1A0421CD3B0FBF4FC0EF1FF3E60
:101780000EEB0401B1FBF4F18C4511D304FB0CF317
:10179000B3FBF4F504FB153525B9B3FBF2F502FBF9
:1017A00015350DB30CF1FF3C8C45A3EB0403EFD2D0
:1017B00038BD431E2344B4FBFEFEB3FBF0F3734578
:1017C000F6D8B4FBF3F503FB154149B9B5FBF2F1CB
:1017D00002FB115121B9B5FBFCF10CFB115129B1F0
:1017E00001337345EDD938BD184638BD284638BD9C
:1017F0004FF496713720F6F715FE00BF6C220020DB
:1018000008B523211A20F6F70DFE00BF38B50546AE
:101810000C4691F8FB3113B191F805328BB9002DCC
:1018200050D02B7873B194F8F0318BB304F1B00041
:1018300013F032F900230022C4E968230023C4F81E
:10184000A83138BD94F8F2316BB9B4F8AC0102217B
:10185000F7F7CCFA38B104F2152100F5AE700EF0AE
:1018600070FE00283ED0B4F8B0010921F7F7D4FA91
:10187000002844D16B6F002BE3D1B4F8AE010821EE
:10188000F7F7CAFA0028DCD060211A20F6F7CAFD63
:1018900094F8F23103F0FF017BB9B4F8AC01F7F72B
:1018A000A5FA50B104F2152100F5AE700EF049FE14
:1018B00018B92B211A20F6F7B5FD4FF6FF73A4F8DF
:1018C000AC31B3E794F8F23173B9B4F8AC0102214A
:1018D000F7F78CFA40B104F2152100F5AE700EF066
:1018E00030FE08B9FFF78CFFB4F8B0010921F7F713
:1018F00093FA0028A5D04E211A20F6F793FD532124
:101900001A20F6F78FFD00BF90F8F23123B9B0F836
:10191000AC010221F7F76ABA0020704738B550B31E
:1019200090F8C7302A2B04461FD14AB92B2380F8E0
:10193000C73094F90831002BA8BF002017DB38BD51
:101940001F230D4680F8522180F85331322380F84E
:10195000C7300029EDD0B1F8AE010821F7F746FAFB
:1019600068B12946FFF752FFE3E70C2038BDDA21C2
:101970001A20F6F757FDB3211A20F6F753FDD521AB
:101980001A20F6F74FFD00BFFFF7C8BF014B1868DC
:10199000704700BFC801002038B50D210546F7F794
:1019A000E7F9A0B1044641F2302200210DF02EFCEF
:1019B00041F201420123A4F8A42084F8F230FFF799
:1019C000E5FFC4F81841C4F82001258038BD3A214C
:1019D0005320F6F727FD00BF10B504460EF01CFF9C
:1019E00008B9002010BDE0430EF016FF0028F8D023
:1019F000E31683EAA4635A1E1A42F2D0E3B25A1ED7
:101A000013405A1E1342ECD0A0B211F0B0FC0B28C8
:101A1000E7D8204611F0A7FC1828E2D8A3B2B3EB10
:101A2000144F04D184EA142313F0FF1FD9D0044BC0
:101A300063405A1E1A4214BF01200020D2E700BFA3
:101A4000D6BE898EF0B5070CA7F5AA42144B543ABE
:101A5000012A03EA90231FD927F4004042F6AA2264
:101A6000801A18BF01200022162116461F2487EA7B
:101A7000060562EA0505013510D0DD03ADB245EA81
:101A80005606E503ADB2013945EA52024FEA530367
:101A90004FEA5404EBD1F0BD0020E4E70020FAE760
:101AA000E0FF3F00F8B51E468B1F9BB240F67A451B
:101AB000AB4207461046BDF818203AD8841FA4B29E
:101AC000AC428CBF002401242546A7BB1C4B1B79CC
:101AD0006BB15CB96FF450654B19062B06D86FF4E7
:101AE0005063C418062C8CBF002401242546F5B190
:101AF000814223D8B6F5FA7F20D2A2F10A039BB225
:101B000040F676418B4219D80EF090FF013642F232
:101B10001073B6B25A434643B2EB460F0ED9BDF826
:101B20001C50BDF8200085428CBF002501252846A9
:101B3000F8BD0024C8E797F88130C9E70025F6E72B
:101B400040230020304BF0B5B0F87070B0F86E60F4
:101B50005D880C4611461A88974228BF1746964260
:101B600028BF16461B2E85B02ED0B5F5A47F2DD0EC
:101B700040F648039D4201AA28BF1D460EF07FFF94
:101B8000BDF80A309F4228BF1F46BDF80C30E780E1
:101B9000AB4228BF2B462381BDF806309E4228BFAA
:101BA0001E46BDF8083066809D4228BF1D46A580B0
:101BB000FF232370E3881B3B9BB2E02B08D94FF433
:101BC000B7613920F6F72EFC1B2FCED105B0F0BD42
:101BD00063881B3B9BB2E02B02D940F2BA51F0E77D
:101BE0002389A3F5A4739BB240F64812934202D90D
:101BF00040F2BC51E5E7A388A3F5A4739BB29342DE
:101C0000E4D940F2BE51DCE740230020012821D86E
:101C1000022B0DD1114BA2F57A7098421CD8A1F578
:101C20007A70984218D88A428CBF122000207047E0
:101C30000B48824210D8012B07D140F252739A42CE
:101C40000AD9084BA1F6C410EBE7042BF9D140F6F2
:101C5000C313F4E71220704730207047A7F97002D1
:101C60008FFD7002CBF3700210B503210020F7F74F
:101C7000BDF8044670B90321F7F77AF8044620B995
:101C800040F21B313920F6F7CDFB034B93F92810B6
:101C900012F03FFB204610BD40230020F7B5114B4A
:101CA0009C7EDD7E9F8B064614B901F0DBF904466D
:101CB000A5B901F0D7F9054614B9092003B0F0BD64
:101CC0000028FAD0304601A98DF804408DF805505F
:101CD000ADF8067010F0FEFC0020EFE7002CF1D10B
:101CE000EBE700BFA42700202DE9F04399466A4B9B
:101CF0006A4D87B00446186802901B798DF80C3045
:101D00000F4620460021164602F036F8644BC4F810
:101D100028332046AB68278040F8443FFFF752FA4B
:101D2000804601F099F9A4F84E80DFF878812B7C89
:101D300084F84C3010F0200FD8F800301DBFAA886E
:101D40006988A4F86E101B2208BFA4F86E20A4F8BE
:101D5000702063B1002304A88DF81030059412F0B0
:101D60004BFED8F8003094F98010384698474E4F13
:101D70003B79003B18BF012384F8813007F1080349
:101D80000FCB04F18C0C04F128088CE80F004046BE
:101D900012F04FFED7F81E00D7F82210FB8C4246F7
:101DA00003C213806B7801932B780093AB886A8809
:101DB00004F1180104F11400F7F78AF8636923B9F4
:101DC00041F25D013920F6F72DFBA36913B941F209
:101DD0005E01F7E70EF0E6FD2062B9F1000F04D0D6
:101DE00002F05AFB20F07F40A06396F84A2006EBF1
:101DF0004202508D0EF01AFE41F64B5398420146B6
:101E000047D9908C0EF012FE40F2E242FFF79CFCA4
:101E100040F2E2430146E161C4F80013A4F8043340
:101E200096F84A20E96806EB42062046338EA384E2
:101E3000F38EE384FFF7C2F902A904F1CE0010F09B
:101E4000B2FCFF2384F82C333B6B23B1012204F551
:101E5000B171204698472046FFF720FF054602F063
:101E60001BFB0C23B0FBF3F202FB1303DBB25A1D86
:101E7000D2B2082A98BF0D3320468CBF84F8DA20EE
:101E800084F8DA30012101F077FF284607B0BDE879
:101E9000F0834FF47A73BEE78C420700A42700203A
:101EA00069230020CC0100204023002008B510F059
:101EB000C2FA01F07DFC01F0E3F811F0BDF801F089
:101EC000EBFF03F0A9F902F00FF8012001F09CF8F4
:101ED0000D4A0E490E48116000231B215383918047
:101EE000D383138413760B4A8261838080F8293070
:101EF00001F1A4710122837501600277BDE80840F9
:101F00001E3012F09CBD00BFA427002003021B005E
:101F100040230020F9000007044B41F64C521B21DE
:101F2000C3E9022219745A61FFF7C0BFA427002039
:101F30007FB5364DAB68044640F8443FF9F742F9A7
:101F4000064601F089F8A4F84E60314E2B7C84F8E7
:101F50004C3010F0200F33681DBFAA886988A4F8A0
:101F60006E101B2208BFA4F86E20A4F870205BB18D
:101F7000012302A88DF80830039412F03DFD336868
:101F800094F9801020889847224B1A79002A14BFB0
:101F90000122002203F1080384F881200FCB04F111
:101FA0008C0686E80F0041F64C5318BF4FF47A7345
:101FB000E3612046FFF772FE064648B12088022101
:101FC000F6F72AFFF0B140F27E513920F6F72AFAEF
:101FD00004F1280012F02DFD6B7801932B7800930B
:101FE0006A88AB8804F1180104F11400F6F770FF59
:101FF000636913B940F28F51E7E7A3691BB94FF446
:10200000B261E2E70926304604B070BDA427002083
:10201000CC010020402300202DE9F34105460E4667
:1020200012F0BCF9002800F0AE80284612F036FA13
:1020300030B1B6F80130013B7F2B01D9122404E006
:10204000284612F02FFA20B90C24204602B0BDE831
:10205000F0812846F9F7BCFA0028F5D1284612F09D
:1020600042F980460028EFD1284603F0F1FE00280F
:10207000E4D0B6F80170F17842F2107328465F435D
:1020800012F0F8F904213078F6F7B0FE0621044684
:102090003078F6F7ABFE002C77D038B141F2F4710E
:1020A0003920F6F7BFF990F8BD800446404E3368FA
:1020B000002B6CD04034204612F092FC002866D0F1
:1020C000204612F081FC002861D1B8F1000F08D041
:1020D000384B20461B689847002858D041F6080125
:1020E000DEE735493368496942462046984700286B
:1020F0004DD041F60D01D3E7284612F0CFF940B993
:1021000002210DF10600F6F7FBFD064658B90D2435
:102110009BE7284612F0D4F90028F1D1274B1B7910
:10212000002BEDD18AE7002101F0C0FDBDF806309B
:1021300033802846314612F0E4F9284612F0C0F9FF
:10214000A0B9284612F0C6F901463046FFF7F0FE66
:10215000044600287FF479AF3A4631462846F8F71E
:1021600019FF044620B141F6390199E70121ECE756
:10217000124B1B6B002B3FF468AF024606F5B171A2
:102180003046984761E742245FE700288BD1284614
:1021900012F07CF901460028AED13A462846F8F7FD
:1021A000F9FE044600283FF450AF41F6160177E7E8
:1021B000D4010020D0010020A427002040230020CB
:1021C000014B93F92800704740230020034B5A88A5
:1021D00002801B7883700020704700BFA427002076
:1021E0007FB583781A2B064609D8042B05D901221E
:1021F00002FA03F3324A134205D1122519E0292BC2
:1022000001D03B2BF9D13088B0F5706FF5D269461B
:1022100010F070F980B968460EF0F4FB037803F013
:10222000FF05B3B9B3784370FF230370684610F01D
:10223000DCFE284604B070BD30880921F6F7D6FDD3
:10224000044600283AD0B0F8AC0102A910F052F9C7
:1022500008B10C25EDE7B4F8AE010821F6F7C6FD8C
:10226000024620B940F6D6013920F6F7DBF80378AC
:102270001BB994F8C831032BEBD102A80EF0C2FBB6
:1022800090F84A100029E4D194F8F01101F0FF050C
:102290000029DED1B4F8B011A0F84C1094F8B411B4
:1022A00080F84E10127D80F84F20B27880F85020D0
:1022B00084F8F021FF2280F84A20BAE70225B8E727
:1022C000200038040188A1F11B039BB2E02B0CD83D
:1022D0004288A2F5A4739BB244F24810834204D80A
:1022E000034B002019805A8070471220704700BFAE
:1022F00040230020034B1A885B8802804380002023
:10230000704700BF4023002038B5047842788578B4
:1023100004F0010352EA030104F0020401D1112088
:1023200038BDBCB9002DFAD0002B08BF144601E01F
:102330000024254620460EF0CCFC0028EFD028468D
:102340000EF0C7FC0028EAD0054B00209C76DD7615
:102350009883E5E7002BEBD114461D46EAE700BF62
:10236000A427002013B50088694610F0C3F818B1FF
:102370000224204602B010BD68460EF0B3FD0028CE
:10238000F6D068460EF03EFB827C03460AB13A2442
:10239000EFE768460EF030FB90F86C2002F0FF0487
:1023A000002AF4D190F86320920705D101229A7493
:1023B000684610F01AFEDCE702490222643010F091
:1023C0004FFED6E7C53B040070B50378032B8AB0F7
:1023D000044603D9122528460AB070BD4378032B62
:1023E000F8D8437E85780BB9012DF3D115F0F80F9D
:1023F000F0D1AB074DD5022DECD15D4B5B79002BB5
:10240000E8D000F02FFE35EA000340F0AF80A67858
:1024100016F0010506D02269A168E0780123FFF7D4
:10242000F5FB0546B00707D52269A168E0780223CD
:10243000FFF7ECFB2843C5B2710707D52269A168F5
:10244000E0780423FFF7E2FB2843C5B2002DC2D198
:10245000052E0FD12679E168626904233046FFF723
:10246000D5FB05460028B6D1E378B342B2D1A368C4
:102470009942AFD1237E013B062BABD8012100202E
:10248000F6F7B4FC054638B940F669513920F5F73E
:10249000C9FF6E079ED0B4E7B830FDF78DFF002866
:1024A00062D162788DF8092022788DF80820227E8A
:1024B0008DF80A20627EA3788DF80C30003A18BFA0
:1024C00001228DF80B20DA078DF804302DD513F09A
:1024D00004032169A06803D04208914228BF114635
:1024E000E278012A1ABFB2FA82F252090222CDE939
:1024F00004018DF805205BB12379012B1ABFB3FAD3
:1025000083F35B0902238DF80730E368CDE90831D6
:10251000284603A9FDF7B4FF054600287FF45BAF0A
:1025200001A8FBF74FFF054655E7022B0CD1E278D7
:10253000012A1CBFB2FA82F35B098DF80630A3684A
:10254000069323690793E3E75B07E1D5E378012B63
:102550001ABFB3FA83F35B0902238DF80730A3682F
:10256000089323690993D3E70C2534E7112532E753
:102570004023002000B589B043798DF80430837979
:102580008DF8053001238DF8063003788DF807307B
:10259000B0F8013040F271214B430393B0F80320AF
:1025A0004A430C490592C97E8DF81C1000218DF814
:1025B0001D100949A2F6C4128A4209D8A3F6C41311
:1025C0008B4205D801A8FFF7FFFE09B05DF804FBB8
:1025D0003020FAE7402300203C369C002DE9F04FE4
:1025E000437A9A0791B0044605D5594A127912B92F
:1025F00043F001034372657A6B0704D11225284624
:1026000011B0BDE8F08F15F0F80FF7D100F02AFDFA
:1026100035EA000340F09E8194F8483053B9012D0B
:10262000ECD1A3694B4AA3F25373934200F2948115
:10263000012602E015F00106F3D1AF0745BF731C78
:10264000B2464FF0FF0ADEB26D070AD5B31D424A0B
:1026500054F82330A3F6C413934200F27D8101366F
:10266000F6B204F1220504F10C074FF000095FFAFD
:1026700089F8464526D82378012BBFD813B9A3780B
:10268000012BBBD86378032BB8D894F84930013BB1
:10269000062BB3D801210846F6F7A8FB074618B960
:1026A0000121F6F7A3FB074607F1B800FDF784FE0A
:1026B000002840F047813846FBF708FD00284FD03E
:1026C0003A259CE7C24531D0FA683B689A4295D8D2
:1026D000288C69882A89EB89B5F814B00290688B38
:1026E0000591CDE900B00020CDE90623FFF7DAF926
:1026F000002800F03181B8F1000F12D02888059928
:1027000088427FF47BAFE988069A91427FF476AFE6
:10271000AA89079B9A427FF471AF6B8A5B457FF46D
:102720006DAF09F1010902350437A0E7012EF8D198
:10273000FA680A48A2F57A73834200F20D813B6879
:10274000A3F57A71814200F207819A42E9D955E7EF
:10275000402300203CF67002CBF37002A7F9700210
:102760003846FBF7ADFC0028AAD17C4B9B7E53B9C1
:10277000CDE9093306238DF82A3009A8F6F770FB56
:10278000002800F0D98000210DF12200F6F7B8FAF8
:102790000646002800F0DC80BDF822100123224606
:1027A000FFF7A2FA0546002840F0B7803046FEF752
:1027B00037FD0546002840F0B0806178384604F1C6
:1027C0000308FBF72FFDA278217843463846FBF734
:1027D000FBFC002800F0B8803846FBF727FDA27804
:1027E000217843463846FBF769FD657A022D07D00C
:1027F00000F038FC284000F005000EF00BF905460B
:1028000029463846FBF7C2FC0546002840F0858083
:10281000032387F85030FE64A0780EF0E3F84246B8
:1028200001463846FBF764FD23783BB9A178424660
:1028300030460EF0BFF9002840F08880012138466C
:10284000FBF772FD0546002867D101213846FBF7EA
:102850006FFD0546002860D1627A8DF8240012F0E1
:10286000010306D0E1680A91A1690B9101218DF85D
:10287000241090070FD5022A0BD104EB8301C868FE
:1028800089690D919DF824100C9041F002018DF89A
:1028900024100133DBB251070BD504EB8301C86868
:1028A00089690F919DF824100E9041F004018DF874
:1028B000241002F00502052A0FD104EB8303E2681D
:1028C000DB680B995208914294BF0B910B925B0805
:1028D0000F9A9A4294BF0F920F9309A93846FDF7B9
:1028E000CFFD94F84810003918BF0121054638463D
:1028F000FBF766FC94F849103846FBF743FC65B9D2
:102900003846FBF751FD054638B931463846FDF7E4
:1029100059FD054600283FF472AE308800F036FDC0
:1029200030880021F6F778FA00283FF468AE41F2CB
:10293000F1213920F5F776FD099B93F8A530802B1E
:102940003FF41BAF0C255AE61225E6E70B25E4E71A
:102950000D2554E6112552E6302550E6402300208F
:1029600010B54379032B94B056D823F002038DF8A9
:102970000630D0F80630CDF807304389ADF80B307B
:1029800002798DF8042001238DF80D30027B038835
:102990008DF8052040F271225343049341884A4345
:1029A0000792847B417B41EA0421ADF82810047C26
:1029B000C17B41EA0421ADF82E10847C417C41EAC0
:1029C0000421ADF83410047DC17C41EA0421ADF846
:1029D0003A10417D847D41EA0421ADF84010C17D6B
:1029E000007E41EA0021ADF8461000218DF84C1020
:1029F0000B488DF84E100B49C07E8DF84D00A2F6A5
:102A0000C4128A420AD8A3F6C4138B4206D801A87E
:102A1000FFF7E4FD14B010BD1220FBE73020F9E70A
:102A2000402300203C369C002DE9FF410778EF2F22
:102A300004460D4601D912259CE0B0F80130ADF8EE
:102A40000C309DF80C30D8066CD4990603F00302C4
:102A500065D5002AEFD11A0703D503F06703012BD0
:102A6000E9D163781E0711D42179E278E07942EA4E
:102A70000122617942EA0142A17941EA0021207AEA
:102A800041EA00418A42D6D81F2AD4D9627A013A53
:102A9000062AD0D8A27A032ACDD813F0040102D195
:102AA000023A012A03D8E27A012AC4D811B9A27CD9
:102AB000032AC0D813F01001227D43D0012ABAD1D5
:102AC000237E012BB7D800294CD06378D80703D5D3
:102AD00000F024FA00284CD06378227D03F018011E
:102AE000082959D1022A44D11B0709D4E279A379D4
:102AF00043EA0223227A43EA0243B3F5804F38D8EF
:102B00001FFA87F803214046F6F770F906460028B9
:102B100048D0F8F75DFD002850D00C252AE0032AA4
:102B200099D188E713F0600F85D103F00F0203F00D
:102B30000703052B95D0931E012B92D9002A7FF411
:102B40007AAF8EE7022A04D103F06F03092B7FF4DA
:102B500072AFA37D013B022B3FF66DAFE37D0F2BE0
:102B6000AED968E700F07EFA81070AD4237D022BF4
:102B700004D11125284604B0BDE8F081A37D022BC5
:102B8000F7D000F06FFA42079FD4237D032BF0D0DB
:102B9000A37D032B99D1ECE7022AA5D0A27E002ABF
:102BA000A2D0E6E703214046F6F7E2F80646002801
:102BB00040D0214B93F9281011F0ABFB002138468F
:102BC00011F0EEFE18BB304611F05DFC2146287076
:102BD000E074304603F094F9637E0546002BC9D0BB
:102BE0000028C7D1F16C02466846F6F751FAF06C3E
:102BF0002A4601210DF03AFDF16C68460422F6F7F1
:102C000047FAF06C2A4629460DF030FDB2E7403015
:102C100011F0E6FE0028D6D0637813F0330F7FF46E
:102C20000AAF3046A77D11F055FC0DF0ECFF87424E
:102C3000C9D072E707259DE74023002030B502790F
:102C4000042A8BB0034658D84488B4F5804F54D832
:102C50002B4810440021027AC578ADF8041042F0E8
:102C6000100242EA4502457B807C8DF80C1042EA56
:102C7000850242EAC00202F01F028DF80420BDF86E
:102C80000420ADF80D201A888DF80F208DF8124021
:102C9000120A240A8DF811108DF814108DF81020E6
:102CA0008DF813405A7B8DF815205A798DF816202F
:102CB0009A79D3F807008DF81720B3F80B209B7B87
:102CC0008DF81E307F238DF81F30012306908DF87C
:102CD0002110ADF81C208DF820308DF8223003A88B
:102CE0008DF823108DF824108DF825108DF82610FE
:102CF00001A9FFF799FE0BB030BD1220FBE700BF22
:102D00006ADE060013B50378044653B1002301A818
:102D1000019308F0C9F9019B9B0702D00C2002B077
:102D200010BD024B22781A710020F8E740230020E2
:102D30000278034672B1427862B142881A2A09D9F0
:102D400082881A2A06D9044A006810609B889380FA
:102D50000020704712207047A4270020024B026811
:102D60009A600020704700BFA4270020024B026831
:102D7000DA600020704700BFA42700200378A3F189
:102D80000A02112A9DBF024A0020137412207047C4
:102D9000A42700200378FF2B15D14378FF2B12D1F5
:102DA0008378FF2B0FD1C378FF2B0CD1037923F04D
:102DB000E0021F2A07D113F0E00F04D0034A5B0999
:102DC000D376002070471220704700BF40230020B8
:102DD0000378012B9FBF044A03F0010300201377FF
:102DE00088BF1220704700BF40230020014B187697
:102DF0000020704740230020014B58760020704788
:102E00004023002008B5052000F00AF911F095FDD7
:102E1000014B024A1A6308BD40230020451B0300F2
:102E200008B5052000F0FCF804F022FE014B024A30
:102E30001A6308BD40230020451B030008B5FEF7B8
:102E40008BFBFEF7A7F9FFF7BBF9BDE80840014689
:102E50000148FBF779BB00BF7423002008B502F0DE
:102E6000D9FFF8F789F8BDE80840014802F0BCBF77
:102E70007423002008B50FF0DCFA064800F58471D1
:102E8000F6F7CEFC02200DF035FBBDE8084000202F
:102E90000DF030BB7423002008B5074B012283F8E6
:102EA0000A2202F0BFFF03F015FFFFF7E3FFBDE8C2
:102EB000084001F05BB900BF7423002010B5064C38
:102EC000064904F503700EF049FF04F50470044947
:102ED000BDE810400EF042BF74230020D80100204E
:102EE000E001002010B5094C094904F503700EF00B
:102EF00035FF04F5047007490EF030FF04F5057046
:102F00000549BDE810400EF029BF00BF7423002022
:102F1000180200202002002010020020014B93F82C
:102F20000A0270477423002010B5094C094904F5C2
:102F300003700EF013FF04F5047007490EF00EFF46
:102F400004F505700549BDE810400EF007BF00BF4D
:102F5000742300200002002008020020F801002055
:102F600010B5094C094904F503700EF0F7FE04F59D
:102F7000047007490EF0F2FE04F505700549BDE83E
:102F800010400EF0EBBE00BF74230020E8010020CB
:102F9000F0010020F801002038B5094C0D4601F081
:102FA000D5F8D4F80C02C4F804510EF0CFFEFEF7A9
:102FB000B3FF01F089FA012384F8183238BD00BF4D
:102FC00074230020014B93F81802704774230020EB
:102FD00010B50C4CD4F810020EF0B8FED4F8140260
:102FE0000EF0B4FEFEF762FF202000F027F82F203D
:102FF00000F024F8262000F021F8002384F818328D
:1030000010BD00BF74230020014B83F819027047E4
:1030100074230020014B93F8190270477423002099
:10302000C2080549012300F0070003FA00F08B5C99
:1030300018438854704700BF18000020C208054993
:1030400000F0070001238340885C20EA03008854D5
:10305000704700BF18000020014BD3E90001704702
:1030600018000020054B1868C0F3C022C0F30020F0
:10307000400040EA820040F0010070471800002044
:1030800008B508F019FB084A002332F823108142E2
:1030900005D302EB83039B78044A137008BD013308
:1030A0000C2BF2D10023F7E7C0DE06008E250020AE
:1030B000024B187800F00700704700BF8E250020F3
:1030C00010B544682388A4F80E3284F80D1294F8E1
:1030D0007C000DF0A9FD84F8100294F87D000DF03D
:1030E000A3FD064984F81102022204F501700FF0D5
:1030F000B7FF002384F86C3110BD00BFE51E04004B
:10310000406806490388A0F80032B0F87430A0F88F
:10311000023200F2F7100FF09DBF00BF1D1F040028
:103120002DE9F743456895F8C73095F8C680242BFC
:1031300004460F462CD1C73538460FF035FF00281E
:103140004DD038460FF024FF814638460FF024FF5B
:1031500001460EF038FF666848B396F87C30984216
:1031600025D096F86C21012A0CBF96F86E2196F8AE
:103170007820114233D0B8F1220F18D096F875207C
:10318000114214D153B940F26D110620F5F74AF9F6
:10319000B8F1220F40F0C480C635CDE7042B01D032
:1031A000042832D1984294BF00200120B8B9484683
:1031B0000EF009FF00284BD096F87D30834247D0AF
:1031C00096F86C31012B0CBF96F86F3196F8793078
:1031D00019EA030F14BF01230023002B38D16368C1
:1031E00093F86C21012A19D11E212046FFF768FFB0
:1031F000B8F1220F20D1FA786368182A83F8512198
:1032000010D040F26D217E20C0E7082BCAD00828DC
:10321000C8D098422CBF00200120C7E7002283F8C5
:103220006C21E5E70A2283F8C62093F80431002BCD
:103230003CD140F27521E6E7002320462B7010F0C8
:10324000AFF83946204603B0BDE8F04310F0E6B8C9
:10325000304601AA39460EF001FF666880BB96F839
:103260006C31012B29D1B6F8C03096F87C10B6F835
:10327000700106F573720EF058FF0646C0B901469C
:103280002046FFF71DFF2E70636803F1C7029542C9
:1032900002D1002283F8C720636803F1C702954278
:1032A0004FF0000539D1204610F07AF8002038E0C0
:1032B0006368282283F8C620E6E786F86C01E3E716
:1032C00038460FF06FFEA6F8CC036068B0F8CC3338
:1032D000B0F8C020013B9B1A9BB247F6FD729342A7
:1032E00007D9282380F8E9300F49E0300FF0B2FE0B
:1032F000D2E790F8C7300E2B02D00B3B012B01D840
:103300002A23EFE79DF8043080F8CE339DF805308E
:1033100080F8CF3326232B70BEE783F80451C5E72E
:10332000022003B0BDE8F083594B030030B50568B7
:103330000446084651B115B12179994215D1FF21B2
:103340006171237122600023637130BD002DFCD0B8
:10335000FF236371237921600122054902FA03F3F7
:10336000C1F8083560711046EFE70020EDE700BFB7
:1033700000F00140044B002283F832204FF6FF7228
:103380009A86DA861A87704790250020054B9A8E18
:10339000824201BF002283F832204FF6FF729A86E4
:1033A000704700BF90250020014BD886704700BFB2
:1033B00090250020094A0346908E4FF6FF718842FF
:1033C00006D192F83210012905D01A600120704709
:1033D0000020186070470020704700BF9025002033
:1033E000064B93F83220012A1FBF0120DA8E83F8A2
:1033F00032009A8608BF0020704700BF9025002049
:10340000014B1887704700BF90250020064B0246ED
:10341000198F988E884205D193F8320018B1136045
:10342000012070470020704790250020094B998E9D
:103430001A8F914201D0002070474FF6FF729A8692
:1034400093F83220002AF6D0002283F8322001209F
:10345000704700BF90250020054B998E1A8F91422E
:1034600003BF93F83200B0FA80F0400901207047A2
:103470009025002050B90A4A1346012003F8010B99
:103480000868C2F801008A889A807047012805D12F
:10349000034B0A689A608A88D8719A81704700BF86
:1034A000CA25002048B90A4B187880B1D3F801200A
:1034B000B3F805300A608B807047012806D1044BB1
:1034C000D87920B19A680A609B89F4E70020704798
:1034D000CA25002020B9054B187800F0010070477C
:1034E00001280ABF014B0020D879F6E7CA25002041
:1034F000F7B500228B888DF80600ADF80430086817
:103500000C4B8DF80720019D1C78014603F5AC7328
:10351000D0B2844201D8082009E0D3E90076AE4257
:1035200008BF8F4203F1080302F10102F0D103B09A
:10353000F0BD00BFD825002030B5094B01465C78AE
:10354000002203F58173D0B2844201D8082005E03F
:1035500013F8015B8D4202F10102F4D130BD00BFCE
:10356000D8250020F8B52E4C6278013AD2B2231843
:10357000824293F80251627032D0130101019E1C05
:103580008F1C2644274406F1100C56F804EB47F82C
:1035900004EB6645F9D1823382312344214403F19F
:1035A000100653F8047B41F8047BB342F9D1A61806
:1035B000211896F8023181F802314FF485770623FD
:1035C00013FB027213FB0070A318A258225004EBE5
:1035D000000C9B88ACF8043096F83A3181F83A3107
:1035E0002846FFF7A9FF082818D12378013BDBB252
:1035F0009D42237012D02B3304EBC30393E80300E6
:1036000005F12B0204EBC20282E803002078FFF7E9
:1036100093FF08281CBF241884F80251F8BD00BF8E
:10362000D8250020F0B5254D95F8984189B022465F
:1036300005F2991168460BF071FD214668460EF0BF
:1036400019FF0446B8B300EB4001C9B202A8F5F770
:103650003DF9601E95F8A161C0B2012495F898214A
:1036600005E0731CB3FBF2F102FB1133DEB206F18D
:1036700020030DEB030111F8203C002BF1D100EBEE
:10368000400220326A4406EB46032B4412F8187CB1
:1036900083F8A27112F8177C12F8162C83F8A37124
:1036A00083F8A42101F8204C0138AB19C0B2FF28DF
:1036B00083F89941D2D109B0F0BD00BFD8250020D0
:1036C00070B5064688B00C46002A4FD02A4A92F8B8
:1036D000A131D01890F8991121B94FF480712820A8
:1036E000F4F7A0FE03EB43011144013391F8A2511A
:1036F000E57091F8A35191F8A41161710021257131
:1037000080F8991192F89811B3FBF1F001FB103396
:1037100082F8A13192F8C23123B9184902F5DD705F
:103720000FF09BFC657905F03F0545F0400565719C
:103730000D22002168460BF069FDE3788DF80F300B
:1037400023798DF80E3004AA0423694630468DF89B
:103750000D500BF021FA9DF81F3023709DF81E309C
:1037600063709DF81D30A37008B070BD0321601810
:10377000F5F7ACF8D6E700BFD825002025360300C2
:10378000044B5A78824286BF1B1893F84A010020E6
:10379000704700BFD8250020044B5A78824286BF6C
:1037A0001B1893F842010020704700BFD825002065
:1037B000064B00224FF461711A8083F8C32183F80D
:1037C000C421A3F8C61183F8C2217047D825002070
:1037D000014B83F8C4017047D8250020014B93F8B2
:1037E000C4017047D825002010B51446FFF780FEAD
:1037F000082803D1012000F0010010BDFFF79CFE56
:10380000064B5A788242F5D904B12070184490F8DA
:103810003A31012BEED090F84A01ECE7D825002090
:103820002DE9F0478246894617469846FFF760FE25
:1038300008280546064603D0FFF77EFE082863D118
:10384000334C6378072B61D8082D18D12678731C68
:10385000072E237003D96B212820F4F7E3FD06F12E
:103860002B03DAB2D9F8000044F8320004EBC201AD
:1038700004EBC303B9F804208A8083F806A06578B6
:103880006B1C290163704B1C07F11002234412F8D2
:10389000010D03F8010FBA42F9D1813108F110038B
:1038A000214413F8012D01F8012F9845F9D1102179
:1038B00040460EF04DFE2544102185F84201384661
:1038C0000EF046FE85F80261667885F84A0100230D
:1038D00085F83A3131460F480EF0CCFD31460546A9
:1038E0000D480EF0C7FD012D03D8002818BF013583
:1038F000EDB284F898510025284684F8A151FFF7CD
:1039000091FE2846BDE8F0871220FBE70720F9E783
:10391000D82500201A2700202227002010B5064BAA
:103920005878013840B2002800DA10BDC4B22046F1
:10393000FFF718FE601EF5E7D8250020014B83F83D
:10394000C3017047D8250020014B93F8C30170478D
:10395000D8250020431E9BB24AF2B71293429DBF66
:10396000024BA3F8C601012000207047D825002093
:10397000014BB3F8C6017047D825002030B50A4B7B
:103980005C7884420ED9184490F802012B3003EB86
:10399000C004A5790D7053F830001060A38893809F
:1039A000012030BD0020FCE7D825002070B5064678
:1039B0000D4606F02DFE05F0E1FA0A4B93F8C341DF
:1039C0005CB1597859B1981C82333246002D08BF3A
:1039D000184605F09DFA05F0FBFA204670BD0C462E
:1039E000FBE700BFD825002008B5064B03EB011309
:1039F0000246012103F1820005F08AFABDE8084081
:103A000005F0E6BAD82500200246074810B590F820
:103A1000C34124B1417821B1023005F079FA204642
:103A200010BD0C46FBE700BFD82500202DE9F74F5D
:103A30002F4C9A46637883428046894656D923188C
:103A400093F8425185F00105F9B193F84A31E3B991
:103A500045F002070135BAF1000F18D1FA070AD56F
:103A6000062101FB084104EB0810524601F585715F
:103A70008230FFF725FEBB0734D504EB0810524611
:103A800049460230FFF71CFE2CE02F46E3E794F88E
:103A9000A1614FF0010B002DE0D0A319019393F821
:103AA000991199B90092DAB100F0DEFC06EB4601FB
:103AB0002144019B81F8A2014FEA102C009A81F861
:103AC000A3C1000C81F8A40183F899B194F898314E
:103AD0000136B6FBF3F103FB1166F6B2013DDAE7FE
:103AE00047F00407384603B0BDE8F08F0027F9E738
:103AF000D8250020F8B5184C064648B3617804F57F
:103B0000A1700EF0B7FC94F898510746294604F2CC
:103B100099100EF0AFFC2D1AEDB2AF421AD8002565
:103B200006270FE0E21892F8422152B907FB034141
:103B300004EB0313324601F5857103F18200FFF7B0
:103B4000BFFD01356278EBB29A42EBD80120F8BD97
:103B50000546E5E70020FAE7D8250020F0B51B4E22
:103B60007378834289B007460D462CD9331893F8F1
:103B7000424144BB0D22214668460BF047FBEB78DF
:103B80008DF80F302B798DF80E3006EB07106B791E
:103B90008DF80D3004AA0423694682300AF0FCFF38
:103BA0002A789DF81F309A420AD16A789DF81E3013
:103BB0009A4205D1AC789DF81D00231A5C425C4105
:103BC000204609B0F0BD0020FBE700BFD82500204B
:103BD000074B5A78824209D91A1892F842212AB919
:103BE000062202FB003000F5857070470020704708
:103BF000D8250020064B5A78824281BF1B1893F8C3
:103C00003A01B0FA80F0400998BF0020704700BF29
:103C1000D8250020F8B50E46074606213046154641
:103C20000EF096FC044640B10A482946427800F559
:103C30009D700BF0EBFA2046F8BD314638460EF089
:103C400035FC08281FBF034BC018012480F83A51E7
:103C5000F1E700BFD825002030B50024A0F852407D
:103C6000B0F8564042F210754C43B4FBF2F4A0F8A1
:103C70005640541E05FB0343B3FBF2F3A0F8543047
:103C8000094BB3FBF2F30133A0F85A30B0F84C30D3
:103C900005FB0344436CB4FBF2F459438464B1FB69
:103CA000F2F2426430BD00BF005A620270B50446B1
:103CB0000D4659BB4FF480620BF0A8FA012384F83B
:103CC000CE30492384F81B31042384F81C316FF073
:103CD0003B0384F81D316F2384F81E316FF03F03DE
:103CE00084F81F312B2384F81A31FE2384F85631CF
:103CF0007F2384F8C5301E4BC4F8B030202384F8ED
:103D0000205184F8215184F8843370BD012922D1D7
:103D10000023C269A0F80E3380F80333154B134417
:103D2000B3FBF2F3C0F8F03040F6B833A0F8F4304B
:103D30001146C38CA830FFF78FFF11F034FA30B171
:103D4000206AFDF77FFE10B984F8F052DDE700230A
:103D500084F8F032D9E70229D7D1B0F8DA33D0F8B5
:103D6000D423C169BDE87040A830FFF775BF00BF1C
:103D700000E0FCFF7FC3C90170B504460D4659BB86
:103D80004FF462720BF042FA012384F8CE304923DB
:103D900084F81B31042384F81C316FF03B0384F852
:103DA0001D316F2384F81E316FF03F0384F81F31FB
:103DB0002B2384F81A31FE2384F856317F2384F8AC
:103DC000C530144BC4F8B030202384F8205184F857
:103DD000215184F8193370BD012912D1C2690E4BEB
:103DE0001344B3FBF2F3C0F8F03040F6B833A0F858
:103DF000F430C38C114604F1A800BDE87040FFF711
:103E00002BBF0229E7D1B0F84633D0F84023C1696F
:103E1000F1E700BF00E0FCFF7FC3C901034B80F85E
:103E200080101B680BB100881847704728020020DB
:103E3000074B93F900301844142804DC10F17F0F6D
:103E400003DB40B27047142070476FF07E0070476C
:103E5000A027002007B57F230DF107008DF807305C
:103E600006F0E4FB9DF9073068B10A4A50784042F9
:103E700043FA80F0142808DC10F17F0F07DB40B212
:103E800003B05DF804FB1846FAE71420F8E76FF07A
:103E90007E00F5E7A0270020024B00221A705A701E
:103EA000704700BFA0270020054B1B7833B9054B96
:103EB0001A681B7902600371012070470020704767
:103EC000A227002020000020054BFF221A70054A7F
:103ED000016811600179117100221A70704700BFEA
:103EE000A22700202000002007B5064B186800908C
:103EF0001B798DF804306846FFF7E6FF03B05DF8E4
:103F000004FB00BF8C4207000346407848B1DB78D1
:103F10003A2B05D8034AD35C1B1A584258417047C4
:103F200001207047F0DE06003A2908B5C17003D8B9
:103F3000064B5B5C437008BDFF2904D04FF48961D8
:103F40002A20F4F76FFA0123F4E700BFF0DE060041
:103F50002DE9F04385B0894602A9144698460EF033
:103F6000C9FA0546002840D1039E34B9012486F8D9
:103F7000CD40204605B0BDE8F0837769214638463C
:103F80000CF0BBF8014690B31B4B5B88A34230D3C7
:103F900001AA38460CF006FA019B1D809D7096F828
:103FA000CD300198002B0CBF494602210EF0FDFEDA
:103FB00001982246414603300BF0B0F821463846BE
:103FC0000CF0D0F8044618B97B212B20F4F72AFA1C
:103FD0009DF808302BB102A80FF007F8039BA3F857
:103FE000FA52002386F8CD30C3E70124C1E7044626
:103FF000BFE72C46BDE700BFA4270020024B987FF7
:10400000C04300F001007047A4270020034B987FB5
:1040100080F00200C0F34000704700BFA4270020DA
:1040200010B5094C1422002120460BF0EFF81222A3
:10403000002104F114000BF0E9F801232373231D80
:10404000C4E9003310BD00BFC82700207FB5054676
:104050000C4619B9F1211020F4F7E4F903888B809C
:1040600000234B72866930460CF08EF9014608B980
:10407000FA21F0E701AA30460CF094F9E08008B983
:10408000FF21E8E7FB2802D940F20111E3E701989C
:104090000EF093FE012801D0022805D1207220687D
:1040A00028B94FF48C71D6E740F21111D3E701998A
:1040B000E28803310BF032F830460CF07BF910B98E
:1040C00040F21D11C7E7002130460CF0AFF810B9DF
:1040D0004FF49171BFE70B4BDA7F82B11A8C2888BD
:1040E000013A02A91A840EF005FA10B140F22B1120
:1040F000B1E7039AB2F8DE300133A2F8DE3004B043
:1041000070BD00BFA427002010B520B940F21B21CC
:104110001020F4F787F941600272EFF3108472B651
:10412000094B1A1D0260596819B1097A012908BFA3
:104130001A601A681060186004B962B6BDE81040D1
:1041400093F826000AF054BEC8270020024B83F8DB
:104150002600FFF765BF00BFC8270020014B024AB9
:104160001A6070472C0200204D400300014B024AA8
:104170001A6070472C0200204D4003002DE9F341E6
:10418000584D594F06466B681B7A0C2B07D1FB7FA5
:104190002BB13B8C1BB9002002B0BDE8F0812B692C
:1041A000BBB11B7AABB12C69002CF4D094F8088019
:1041B0005FFA88F805232372A8F102030A2B00F2A4
:1041C0008280DFE803F017233880505F5050505052
:1041D00073006C68237A012BDDD0EFF3108372B685
:1041E0006A6812686A6003B962B6237A002BD6D077
:1041F0002C61DBE7636823B940F2A1111020F4F7CA
:1042000011F931462046984704201CE0636813B931
:104210004FF4D571F2E73146204698470346C3F381
:104220000723012BADF80400C0B24FD0022B0AD1F6
:1042300000232B614CE0636813B94FF4DA71DDE7BA
:10424000204698470020EFF3108372B6227A052AA1
:10425000D1B201D000293FD1002222722A61002B65
:1042600036D162B634E0214B1B68002BEAD060687F
:10427000424631469847B8F10A0FC5D100232B6159
:10428000042089E763680BB9C621B7E70D223270B5
:104290001988A6F80310012200245869B2707271BF
:1042A000B47121460BF0C2FF2C61E9E7606810B9D8
:1042B00040F2DF11A2E70E4B31461B6898470023FE
:1042C0002B61022068E74FF4F47197E70323237210
:1042D00000283FF458AF5FE7002B7FF454AF62B67D
:1042E00051E700BFC8270020A4270020300200208B
:1042F0002C0200200448037F23B904490222143011
:104300000EF09CBE704700BFC82700202F3004006D
:104310001B234FF01B128384038482618382C2605B
:10432000038541B94FF4A473094AC3844384C2612D
:10433000C382026170474FF42963C38443844FF4FE
:10434000A47203F12963C361C2820361704700BF95
:10435000480148010346F0B5B3F86820B3F86A6035
:1043600093F87D40B3F852C0B3F856500846B3F8FE
:104370005C108A4228BF0A46B3F86010A3F85220A6
:10438000B14204F00C0428BF3146002CB3F8584069
:1043900007BFB3F85A700E464FF429674FF42966E9
:1043A000944238BF1446B94238BF39469445A3F801
:1043B0005660A3F85840A3F85A1033D1AD1B18BF6C
:1043C0000125B3F86410B3F85E40B3F850C0B3F8F9
:1043D00054708C4228BF0C4693F87C1011F00C0FDF
:1043E00022D1B3F86210B3F866E0714528BF714678
:1043F000A445A3F85040A3F8541002D18F4200D135
:10440000ADB11B88A0F80930A0F80B40A0F80D1042
:10441000A0F80F20A0F811600549BDE8F040022285
:104420000EF01EBE0125CCE74FF42961E0E7F0BD98
:10443000733004000B8BA2F80B304B8BA2F80D30BD
:104440008B8BA2F80F30CB8BA2F809000249A2F89F
:10445000113010460EF0FEBDC1300400014B18783B
:10446000704700BFEF270020094AD2E9000343400C
:1044700083EAB01181EA43214FEAF3435360054BCD
:10448000116058434FEAF06000EB8000704700BFB6
:10449000F0270020BB79379E094AD2E90203434046
:1044A00083EAB01181EA43214FEAF343D360054B1D
:1044B000916058434FEAF06000EB8000704700BF06
:1044C000F0270020BB79379E38B50A4C04F1080567
:1044D00008212846F4F7FAF9D4E902231343F7D068
:1044E000FFF7DAFF2060FFF7D7FF23686060034320
:1044F000F6D038BDF0270020174B184A9A60184AAA
:10450000DA62184A1A61184A5A61184A9A61184AB6
:104510001A63184A5A62184ADA64184A9A64184A9E
:104520009A63184B184A9A60184A1A62184A5A60D5
:10453000184A1A60184A9A62184ADA62184ADA6007
:10454000184A9A61184A1A63184A9A64184ADA642F
:10455000184A5A62704700BF34020020AB3404008E
:104560002F380400F9370400BD3704006D4D0300F7
:1045700015500300F94E0300033B04002B3B0400DD
:10458000714E030020030020D73404007B3A04005E
:10459000F534040047350400F3390400933904006E
:1045A000233A0400D5390400E53B0400953B0400A0
:1045B000793B0400A13A0400174B184A9A60184A44
:1045C0005A60184A1A60184A9A62184ADA62184AF7
:1045D000DA60184A9A61184A1A63184A1A62184A25
:1045E000DA64184A9A64184A5A62184B184A9A6050
:1045F000184A5A62184ADA62184A1A61184A5A6105
:10460000184A9A61184A1A63184A9A64184ADA646E
:10461000184A9A63704700BF0C040020AB340400B2
:104620000D4C0300794C03004B380400373904006B
:10463000A73804004D39040015500300714E0300E3
:10464000033B04002B3B0400F94E0300F804002058
:10465000D7340400A13A04006F390400D54D03009B
:10466000B73904000D4E0300E53B0400953B040000
:10467000793B04007B3A0400054B064A1A65064A5A
:104680005A65064B064A1A65064A5A65704700BFC6
:104690003402002025360400953504002003002054
:1046A0006F350400DB360400044B054A5A65054BA0
:1046B000054A1A65054A5A65704700BF0C04002078
:1046C00095350400F80400206F3504000B37040012
:1046D000054B064A9A65064ADA65064B064A9A650C
:1046E000064A1A66704700BF340200209921040070
:1046F0001723040020030020A11F040079230400D5
:10470000054B064A9A65064A1A66064B064A9A659A
:10471000064ADA65704700BF0C0400206F220400CF
:1047200021310300F8040020A11F0400E523040048
:10473000392A73B505460C463DD8392A3ED8DFE8FC
:1047400012F0420083008D009900B100970097009D
:10475000C000C200C80097009700CD00D800C2007A
:104760003D003D00DC0097009700F800F800FF00D6
:10477000060112013D003D0031014E0157015D016E
:1047800063016E017001720174017F018701B40140
:10479000B6013D003D008F013D003D00AC019A0196
:1047A000A401A601A801AE01B201B0013D0097002D
:1047B0003D003D00AA01FF2A00F07B8140F2D63186
:1047C0005120F3F72FFE4168D1F84033B1F8382378
:1047D00041F64B50834294BF642040F2E240B2FB6A
:1047E000F0F241F64B50D2B283422271D1F83C2311
:1047F00094BF642040F2E240B2FBF0F292B26271E8
:10480000120AA3F57A70A27141F2707290429DBFB4
:104810004FF47A72B3FBF2F303F5506340F2E242D5
:1048200088BFB3FBF2F39BB2E3711B0A2372B1F8AA
:10483000443363721B0AA372B1F84613204602B0D8
:10484000BDE870400EF0DDBA4368D3F82813204667
:10485000013102B0BDE870400EF007BB027843683A
:10486000012A02D193F8583101E093F861312371A4
:1048700002B070BD4568204605F55B710EF004FB83
:1048800005F55D7120460EF009FB05F553712046D4
:104890000EF00AFB05F5A471204602B0BDE8704099
:1048A0000EF010BB4168204601F546710EF012FB78
:1048B0006968204601F5487102B0BDE870400EF00D
:1048C0000DBB4368CEE7084602B0BDE8704000F07B
:1048D00073BB02B0BDE8704000F080BB0D230B71CC
:1048E00059234B7100238B71FB23CB7111230B7266
:1048F000BEE7436893F85231B9E7037846687BB95D
:1049000096F8583163B196F8551120460EF05BFBCE
:1049100096F85411204602B0BDE870400EF057BB27
:1049200096F853112046A8360EF04DFB96F8AA10C3
:10493000F0E70146204602B0BDE870400EF09DBD94
:10494000436893F86E21227193F86F3109E0436850
:1049500093F86C21012AF4D093F878200A7193F827
:104960007930637184E7456895F833030DF0F0FB07
:10497000014620460EF00EFB95F8320310F00C0FA6
:1049800007D095F87C3013F00C0F02D0984218BF76
:1049900000200DF0DDFB0146204602B0BDE870406E
:1049A0000EF0F4BA45680023204601218DF804304A
:1049B0000EF007FA2A7C6B7C032A08BF002203F062
:1049C0001F0343EA82139DF8042002F020021343E0
:1049D00001A920468DF804300EF0FCF948E7416843
:1049E000204601F2791102B0BDE870400EF0A9BA7C
:1049F000084602B0BDE8704010F00BB8084602B09F
:104A0000BDE8704010F00DB82F4B1B68002B3FF431
:104A10002FAF2946204602B0BDE8704018472B4B07
:104A2000F3E72B4BF1E72B4BEFE72B4B1B68002BEE
:104A30003FF41EAF0246232002B0BDE87040184785
:104A4000254B1B68002B3FF413AF02462420F3E7ED
:104A5000214B1B68002B3FF40BAF02462520EBE7F0
:104A60004168204601F29B1201F2791102B0BDE8C3
:104A700070400EF072BA194B1B68002B3FF4F8AE71
:104A8000204602B0BDE870401847154BF4E7154BBF
:104A9000BBE7154BB9E7154BB7E7154BB5E7154B1A
:104AA000B3E7154BB1E7154BAFE7154BADE7154B2A
:104AB000ABE7436893F8C723D3F8C813204602B086
:104AC000BDE870400EF089B9E8050020EC05002033
:104AD000E4050020F0050020180600201C06002038
:104AE00020060020F4050020F8050020080600201C
:104AF0000C06002000060020FC0500200406002013
:104B000014060020100600203A289ABF024B53F8E2
:104B100020000020704700BF340200203A289ABFCE
:104B2000024B53F820000020704700BF0C04002007
:104B30003A289ABF024B53F820000020704700BF6C
:104B4000200300203A289ABF024B53F8200000208F
:104B5000704700BFF804002030F8023CF7B5044667
:104B60000E467BB100238DF804308DF805309DF89A
:104B70000430002063F307009DF8053063F30F2035
:104B800003B0F0BD1E4B30F8E05C1B680BB1383849
:104B900098471C4B1B680BB128469847FEF75CFAF8
:104BA0004B0408D50D212846F4F736F918B17921C0
:104BB0006320F3F737FC0A2300273370B770A6F899
:104BC0000350637A54F8C80C73710BF04BFB08B9AF
:104BD0008321EDE72846FEF7D9FB39462846F4F74E
:104BE0001BF902212846F4F717F918B9064B1B6880
:104BF00003B1984704238DF804300023B5E700BFC4
:104C0000240600202C0600202806002070B504464B
:104C100040680D4690F8C72001230021A8300DF010
:104C2000A3FC20B3284666680EF029F9A6F8CC0349
:104C30006068B0F8CC33B0F8C020013B9B1A9BB23F
:104C400047F6FD72934208D9282380F8E9300949D4
:104C5000E0300EF0FFF9002070BD00F2CE312846A2
:104C60000EF008F963680B2283F8C720F3E70120F0
:104C7000F2E700BF594B030070B5054640680C468B
:104C800090F8C72001230021A8300DF06DFC00280A
:104C900067D06B68204693F881100EF0B9F828B9F8
:104CA00021462846BDE870400EF0B8BB6868B4F8ED
:104CB0000D30B0F8C020A0F8CC33D24313449BB2DF
:104CC00047F6FD72934208D9282380F8E930264937
:104CD000E0300EF0BFF9002070BD20460EF08BF8DA
:104CE0006FF45063C3189BB2062B6E6896BF4FF4E7
:104CF0007A7340F2E243A0F550605843C6F8D403FB
:104D0000237941F64B52904285BFC3EB431203EB2C
:104D1000820303EB830303EB830395BF03EB83035E
:104D20005B009B009BB241F64B52A6F8CE339042FB
:104D3000B4F8053094BF642240F2E2425343C6F80F
:104D4000D03320460EF05AF8A6F8D80320466E68F5
:104D50000EF05BF86B68A6F8DA030E2283F8C72022
:104D6000B9E70120B8E700BF594B030038B54368E5
:104D700093F8C6201C2A044625D193F80A111D88F1
:104D8000002283F8092183F8042183F8762303F5B0
:104D9000347071B10D4983F80A2183F8D922A3F840
:104DA000DA5202220EF04AF96368002083F8C60046
:104DB00038BD012283F8D91283F8DC220449A3F814
:104DC000DA520222EEE70220F2E700BF5937040070
:104DD0004137040008B5406890F8C730162B04D05E
:104DE0004FF492711F20F3F71DFB012380F8093166
:104DF000172380F8C730BDE808400349022200F5B8
:104E000077700EF01BB900BF6D37040038B54368EA
:104E100093F8C7201D2A044604D040F271111F20C8
:104E2000F3F700FB93F80A111D88002283F809218B
:104E300003F5347071B10C4983F80A2183F8D92243
:104E4000A3F8DA5202220EF0F9F86368002283F820
:104E5000C72038BD012283F8D91283F8DC22034928
:104E6000A3F8DA520222EEE7593704004137040072
:104E700070B5446805780E4604F1A8005DBB94F84F
:104E8000C7202B4629460DF06FFB40B37168B3680D
:104E9000184A23F41E530A40C4F81A2123F01003C1
:104EA000C2F3076242F008021B041B0C84F81D21A8
:104EB0000022C4F81E31A4F806219DB194F80831EF
:104EC000013384F80831D4F8B83043F00103C4F852
:104ED000B830154604E0D4F8B830DB07D6D5012544
:104EE000284670BD012384F80831042384F8C730B4
:104EF000F6E700BF2F4904F7F8B54468077894F83F
:104F0000C62006460D463B46072104F1A8000DF0D9
:104F10002BFBA0B3AB6869681B4A23F41E5323F034
:104F200010030A401B041B0CC4F81A21C2F30762C9
:104F3000C4F81E3142F00802002384F81D2184F8D1
:104F4000043184F8C63017B9736883F8737194F824
:104F50001A3203F0FF06A3B92388A4F81C3284F8A0
:104F60001B626B68C4F81E32AB680849C4F8223271
:104F7000022204F212200EF061F83046F8BD01263C
:104F8000FBE70026F9E700BF2F4904F7593A040070
:104F9000406890F81A325BB90388A0F81C321A23D3
:104FA00080F81B320349022200F212200EF046B8AC
:104FB000704700BF593A040010B50446FEF74CF89C
:104FC00021F41E51044B21F0100109040340090C87
:104FD0006360A16010BD00BF2F4904F737B50C46D0
:104FE0004568FEF739F80A4B95F81A2121F41E514D
:104FF00021F01001034009040093090C13408DF8BF
:10500000003001916B4603CB6060A16003B030BDFE
:105010002F4904F7F8B54468057894F8C62004F1E0
:10502000A8070E462B46082138460DF09DFA90B38E
:1050300094F80B3198071DD430460DF055FF84F8D5
:105040001501B6F80530A4F81631B6F80730A4F803
:10505000183194F80B3143F0020284F80B21DA077F
:1050600002D494F872312BB12549022204F58670DE
:105070000DF0F6FF94F80B31DB0724D46DBB94F8E8
:10508000C7202B46294638460DF06EFAA0B94F21AD
:105090004020F3F7C7F955B994F8C7202B462946A5
:1050A00038460DF061FA0028C2D10120F8BDD4F8CD
:1050B000B8309907BCD5F8E7012384F8C73084F8E5
:1050C0000831A4F8065194F8C6300020012B04BF23
:1050D00084F8C60084F80401E8E7D4F8B83013F087
:1050E000020201D05621D3E743F00203C4F8B830DE
:1050F00094F80831A4F80621013384F80831E2E776
:10510000C53B0400044B9B685843C3F580534B4395
:1051100003EB2030704700BF0028002070B54568C1
:10512000044604F0E9FA85F8B700FEF793FE7F28FD
:10513000014685F8C5000ED0D5F8B000FFF7E2FFB4
:10514000054BC5F8B0001B7B2BB1044B20461B68F8
:10515000BDE87040184770BD0028002034060020CC
:10516000014B1B68184700BF30060020F0B5204EE9
:10517000054630780024147080B1431E7768DBB296
:10518000181B01280BDC07EBC40057F8346040689B
:10519000884208BFAE4212D114700120F0BD181928
:1051A000461007EBC60E57F836C0DEF80460AC4573
:1051B000C0F347008E412CBF03460446E0E7B542EA
:1051C00071EB000002D214700020E7E707EBC30088
:1051D00057F833404068884208BFAC4201D1137091
:1051E000DBE7A542814128BF01331370ECE700BF24
:1051F0001028002010F0070208B503D063214820D2
:10520000F3F710F918B1034B197258601A70C800FF
:1052100008BD00BF10280020014B00221A70704703
:1052200010280020014B187A704700BF102800207A
:105230002DE9D3430EF014FD0DF1070207460E468B
:10524000FFF794FF98B9114C2278237A93420ED03D
:10525000616813466FF0604E9DF80700984209D3CD
:1052600001EBC003C3E9007601322270012002B0D5
:10527000BDE8D08303EB0E0001EBC000D0E900894C
:10528000013BC0E90289DBB2E6E700BF102800203D
:1052900037B50EF0E5FC0DF10702FFF767FF044696
:1052A000A0B10C4A9DF8070013785568013BDBB2AA
:1052B00013701A1AD2B2411CD200834238BF0022A6
:1052C00005EBC10105EBC00009F0E2FE204603B08A
:1052D00030BD00BF102800201A4B33F8113030B514
:1052E000082900F1FF3403F2E7334FF47A724FEAF2
:1052F000C414B3FBF2F317D0042919D002290CBF50
:1053000018252825002208292A4415D0042916D05A
:10531000022915BF082504251921122105FB0122A8
:10532000234400FB023030BD4FF4A8754022EAE769
:105330004FF4A8752E22E6E740251421EEE710254C
:10534000FBE700BF2CDF060010B5244B1A68D2F82B
:105350000F300362537D117D1B0443EA0123D17C8E
:105360000B438363B2F819106FF45063CB18062B0C
:1053700096BF4FF47A7340F2E243A1F5506159436E
:10538000C161937D41F64B54A14285BFC3EB4314E9
:1053900003EB840303EB830303EB830395BF03EB6E
:1053A00083035B009B009BB2A0F8403041F64B5456
:1053B000B2F81730A14294BF642140F2E2414B435E
:1053C000C363B2F81B308384B2F81D30C38492F8F3
:1053D000243003F01F0380F8DA3010BD1C280020B1
:1053E00038B5074D044600F1690128680DF08EFAC2
:1053F00094F868102868BDE838400DF09CBA00BFEA
:105400001C28002038B5084D044600F16901062328
:10541000286800220DF0AFFB94F868102868BDE8FA
:1054200038400DF088BA00BF1C28002070B5044633
:105430000D46CE30194616460DF0B5F90E4B1B68D9
:1054400093F8243084F87C505B0984F8F13284F8B6
:105450007D50FF2384F87E3015F00C0F04F14400DA
:1054600014BF01210021FEF753FF31462046BDE85D
:105470007040FEF7D3BC00BF1C280020F8B50446DE
:105480000E466588C07F15F00401134618BF04F16D
:1054900077013246FEF7CAFAC20705460BD501234B
:1054A00084F86830E07FFEF793FB0368C4F8693046
:1054B0008388A4F86D30AB070CD5094E01273068FE
:1054C00084F8767004F177010DF02EFA30683946D1
:1054D0000DF03EFA85F00400C0F38000F8BD00BF77
:1054E0001C28002010B50446084694F8D83073BB39
:1054F000237884F8D930082904F1DB0217D004F1AD
:10550000DA01FEF73BFA20B940F6BF712D20F2F721
:1055100089FF94F8DA3043F0020384F8DA3004F1BA
:10552000D0000B49BDE8104002220DF087BD094BA9
:105530001868034613F8031BC1F3801184F8DA10CE
:10554000D0F80310C4F8DB109B889380E7E710BD08
:10555000A33C04001C28002070B504460E461546E6
:10556000FDF758FDA0B9237884F8C030637CA4F817
:10557000C16084F8BF500BB194F8483084F8C33050
:1055800004F1B6000349BDE8704002220DF056BD9B
:1055900070BD00BF6F42040038B5B0F848301A4DF6
:1055A0000133A0F84830AB7C04462BB105F030F84D
:1055B00003F0E4FC0023AB7400232B7194F88930D2
:1055C0002BB101212046BDE83840F5F78FBF637C41
:1055D000BBB1B4F848209A4213D301212046F5F715
:1055E00085FF6388DB0748BF236A204644BF1988CC
:1055F0004322BDE838405CBF43224FF6FF71FFF7FE
:10560000ABBF0021DEE700BF1C28002038B50F4DDE
:105610002B79012B044602D02B79022B05D1AB7CD0
:105620001BB104F0F5FF03F0A9FC09F0E7FE95F8C3
:10563000283023B92046FFF7AFFF002038BD2046B1
:10564000F5F792FD0028F9D1F4E700BF1C280020EF
:1056500018B1084BD86AFFF79FBF51B1054A1379BB
:10566000116BD06A096903F18043033B51F8233081
:10567000184770471C2800202DE9F043032985B006
:10568000054690467ED090F8883003F0FF02002B4C
:105690007DD1052904D16B88DE0760D5002A5ED153
:1056A0000127DFF8F09099F81260B6B10CF008FF0E
:1056B000082888F8000014D002AA0DF10701FEF7AF
:1056C0005DF920B940F642712D20F2F7ABFE9DF84E
:1056D000070002A90EF0D0FA064698F80030082B11
:1056E00008D1D9F8001011F8030BC0F380100EF0A8
:1056F000C3FA0646D9F8001095F86F2011F8030B8D
:1057000005F17003C0F380100CF096FED9F800107C
:10571000044611F8030BC0F380100CF0C7FE81465D
:10572000FEF768FA014640B1B9F1080F1BD04846B0
:10573000FEF726F880F00101C9B298F800000828A9
:1057400015D094B9EB7F1C1A604260416B885A07F0
:1057500006D421B996B96B7D93B1BB4210D000201D
:1057600005B0BDE8F0830021E7E70120EEE714B1C2
:1057700081F00104E4B204F00100E7E73046EFE70E
:105780000120EDE743889B07E9D5022789E7052932
:10579000E5D180E71C2800202DE9F341454C237911
:1057A000012B07D02379022B04D040F6E2412D20B3
:1057B000F2F738FEE26A176A0FB197F88170A8B95C
:1057C0000125A37C1BB104F023FF03F0D7FB002DC0
:1057D0006CD0E06AF5F7C8FC002861D004F072FADA
:1057E000236B9B6802B0BDE8F0411847216811F8AF
:1057F000096B02F16903F00992F868200CF01CFEB5
:105800000028DDD006F00F06052E20682DD190F877
:10581000243003F01F03102B27D9D4F82C8098F8DC
:10582000135015B308230DF10702314640468DF899
:105830000730FFF721FF0028C3D098F8E930002B8C
:10584000BFD1226808F1EA01D31C233253F8040BBC
:1058500041F8040B9342F9D11B880B8002221649B0
:1058600008F1E1000DF0EAFBABE739460DF098F8DE
:105870000028A5D02379E06A012B05D02379022BDB
:1058800002D040F6BB4192E72379226B03F18043BB
:105890005269013B314652F823309847054690E75C
:1058A000E06A02B0BDE8F041FFF776BE02B0BDE8A5
:1058B000F08100BF1C280020BB3C0400F0B585B07F
:1058C00008230DF10702052104468DF80730FFF784
:1058D000D3FE064618B90026304605B0F0BD394F54
:1058E000396897F8202011F8030B07F12103C0F362
:1058F00080100CF0A1FD05460028ECD13A68216A21
:10590000104691F8CE3010F803CB03EA5C1303F095
:10591000010381F8CE30D2F80330C1F80330838818
:10592000A1F807301346D4F820C013F81F1BC1F3A9
:1059300080118CF80210D2F81F001B79029060468B
:105940008DF80C30FFF700FD94F91420206A02ABAB
:105950000121FFF76BFD216A84F895500B88A4F8AC
:105960009630FF2384F8B3304FF6FF73A4F8B430B9
:105970009DF8072020460EF013FC1349022204F183
:105980008C000DF05BFB236A10491A88A4F8CD2027
:1059900093F8CE3084F8CF30022204F1C4000DF029
:1059A0004DFB236A2A4619882046FFF7D5FD084B90
:1059B0003D711B68002B8FD0206A2A4621469847EC
:1059C0008AE700BF1C280020394104008D3C0400F8
:1059D00040060020032973B5044604D0052927D0CA
:1059E000012002B070BD08230DF107028DF80730C9
:1059F000FFF742FE0028F3D0237C23B19DF8071067
:105A00002046FFF76FFD0F4D2B68062204265A70C3
:105A10001E702046FFF7E4FC94F85C20A16D286816
:105A20000CF0AFFF28682E7104F03AFD0020D8E793
:105A3000054B1B6823B1984780F00100C0B2D0E746
:105A40001846CEE71C2800203C0600202DE9F04136
:105A500004460E4619B300F1300528460EF0E1FD6C
:105A6000A0B963881A072ED528460EF0F1FD074627
:105A700028460EF0D6FD381AC0B20EF0F9FD544A91
:105A800093680344284693600EF0A7FD28460EF065
:105A9000A9FD04F043F82179252003F075FE4C4D53
:105AA00094F8762028680023037043706388103BC5
:105AB0000D2B57D8DFE803F052564E0C5639565688
:105AC0005656565656392046BDE8F041FFF764BD9C
:105AD00006234370202303702046FFF781FC638870
:105AE00023F008039BB2152B05D094F85420216DA8
:105AF00028680CF037FF286804F0D2FC03232B71D0
:105B000036B16388102B32D12179002004F00CF8D3
:105B10006388103B0D2B56D8DFE803F058554F4FE4
:105B2000554F555555555555554F0C234370212309
:105B3000037042B104F177010CF0F6FE01212868F0
:105B40000CF006FFC8E704F170010CF0EDFE94F8CC
:105B50006F10F4E7062303704370BDE70223037060
:105B60000623F9E740F255612D20F2F75BFC04F1C2
:105B700030084046EF680EF06BFD064640460EF0DA
:105B800050FD013E301A61882822C0B200F01AFC94
:105B900063881B07074406D5AB681F440EF065FDFC
:105BA0003844C4F8200122793946002004F0E6FA8E
:105BB0000028ADD140F65751D6E721790120BDE844
:105BC000F04104F03FBD40F66B51CDE7BDE8F081F8
:105BD0001C28002038B54388102B044604D1BDE8AA
:105BE00038400121FFF732BF0B4DAB7C23B103F0EE
:105BF000A7F9402004F000FD286804F051FC6088FB
:105C000010F0040002D1217904F01CFD002004F002
:105C1000B1FC01232B7138BD1C280020024B01214F
:105C2000D86AFFF713BF00BF1C28002010B50A4C2C
:105C3000237983B1E06AFFF7E9FC60B1E06A438849
:105C40001B0704D5BDE810400121FFF7FFBEBDE8EA
:105C500010400EF037BB10BD1C2800202DE9FF417D
:105C600008230DF10702052104468DF80730FFF7E0
:105C700003FD00286CD0384D206AFFF765FB2B68C8
:105C8000D3F81F0093F823208DF80C200290226A8D
:105C9000D3F80310C2F80310B3F80710A2F80710E6
:105CA0001B78206AC3F3801383702C4B1B6813B1DD
:105CB000012221469847276A286897F802800E2318
:105CC00008264370067000210CF07BFF00224FF085
:105CD000030128680CF07CFF2046FFF793FB28683F
:105CE00041460CF035FE062301222868F91C0CF011
:105CF00042FF6179FF2003F047FD286804F0D0FBE4
:105D000094F914206179206A0DEB0603FFF78EFBEE
:105D1000216A9DF80720002384F895300B88A4F8A9
:105D20009630FF2384F8B3304FF6FF73A4F8B430F5
:105D300020460EF035FA236A1A88A4F8CD2093F88D
:105D4000CE3084F8CF302E71012004B0BDE8F08150
:105D50002046FFF721FCF7E71C2800204006002022
:105D600010B5154CA37C1BB104F052FC03F006F9EE
:105D7000E06AF5F7F9F920B1E06A438803F0180307
:105D800023B9E06ABDE81040FFF706BC2379012B78
:105D900007D02379022B04D040F6E7312D20F2F70B
:105DA00041FB2379226B03F18043D268013BBDE8BC
:105DB000104052F8233018471C28002010B509481D
:105DC000037903F0FF0453B924222146043009F07B
:105DD0001DFA04F01DFC03F0D1F8204610BD0C2480
:105DE000FBE700BF1C28002010B5094C00232371DD
:105DF0002060FFF7E3FF20B140F225312D20F2F7BC
:105E000011FB236B13B94FF44A71F7E710BD00BFC4
:105E10001C280020014B024A1A6370471C280020EE
:105E20006C630300044B054A1A60054B054A1A606F
:105E3000054B064A1A6070473C060020BD58030017
:105E40004006002075B40200380600205D5C0300A7
:105E5000F8B5867DB31EDBB2012B04468CBF00274C
:105E6000012796B3023E18BF0126012B2DD800F161
:105E7000700190F86F000CF019FB054663889B06D3
:105E800005D4082D2CD02846FDF786FC40BBE577CD
:105E9000A77784F86860FDF76BFD05460FF09DF865
:105EA000164BA5FB03351B1845EB01050022C4E981
:105EB000183584F8762011462046FFF7DFFA70B9CE
:105EC00040F2C2412D20F2F7ADFA0825D6E704F1E1
:105ED00069013046FDF7E6FA0028D8D10020F8BD68
:105EE000002EF4D0637F002BF8D0D4F81730C4F81C
:105EF0006930B4F81B30A4F86D30C8E740420F0099
:105F00002DE9F04F07460C4605460FCF9BB00EAE6D
:105F10000FC60FCF0FC697E80F0086E80F0006A840
:105F20006E7995F812900EF03DFBA37A02932378D8
:105F30000393237D6178013BDBB2022B01F07F08E4
:105F400000F28180684A1344C9069F7C06D4A37D71
:105F5000013BDBB2022B76D813449E7CB9F1010FD2
:105F600005D1082F08BF0427082E08BF0426617A30
:105F700006A80EF01EFB237DA27E022B08BF617DCA
:105F800002F1010206BF0131C9B20121D2B206A855
:105F90000EF011FB18F0080F6CD106A80EF058FB9C
:105FA0006378DA06824653D4F3F75AF839468146C5
:105FB0005046FFF791F9CDF80080014601233246A3
:105FC00048460DF089FE2279E37843EA022362799C
:105FD00040F2712143EA024300F2D6204B43B0FB6A
:105FE000F1F04843984238D84FF0000B94F818A0CD
:105FF0000593A37C04930AF1FF33D3F1000AE86C04
:106000004AEB030A0AF0C0FB8146E86C0AF0CCFBBD
:10601000484538BF484680B2059B0DF1180960B36A
:1060200008A9CDE90A3BCDF82090ADF824808DF881
:1060300030708DF831600EF050F8059BE8B94520BE
:106040001BB0BDE8F08F40F293210620F2F7EAF989
:106050002822414600F096F9B5E7E379A27942EAB1
:106060000322237A42EA034201FB02F3984298BFDB
:106070000346B9E700239B46B8E7CDE9103B049BF4
:106080008DF84D30039A029B8DF83C708DF83D6081
:106090008DF848A08DF84E308DF83820ADF83A8054
:1060A0000EAF0FCF2E460FC60FCF0FC697E80F00CB
:1060B00086E80F0099E803002863A986E37A13F0C5
:1060C000FD0F14BF0123002385F86F30E3682B67B1
:1060D000238AA5F87430E27D95F8463062F3071301
:1060E00085F846300020ABE72CDF06002DE9F041B3
:1060F000784E337986B0044603F0FF0513B9037870
:10610000FF2B04D140F6DE112D20F2F78BF9724BF4
:106110000293724B0393724B0493336B75715B68FC
:1061200080F8895002A805933582B560B57104F0F6
:10613000A1F903F0BFFB04F06BFA02F01FFF6948FE
:1061400003F0E2FC684804F08FF904F130072846B8
:1061500009F012F938460EF040FA38460EF042FACD
:1061600003F0DCFC2179252003F00EFB94F91400E8
:1061700003F0C4FC2846217903F0B6FE0546F06022
:1061800030B92046FFF708FA284606B0BDE8F0818E
:10619000012104F180000CF03CF904F15001E06CA5
:1061A0000AF081FA04F158010746E06C0AF0A2FAFD
:1061B00080461FB194F82430002B63D1B8F1000F52
:1061C00062D094F82550A37F13B963885B070AD582
:1061D000D4E918126FF000439A4208BFB1F1FF3FB3
:1061E00054D1002D5AD1002F08BF474694F88B3068
:1061F00003B9AFB1638813F0100511D1606CC0F31F
:106200000B200EF069F994F8463084F8450023F02D
:106210000F03C0F30320184384F8460084F88B5022
:1062200030680330FDF7F0FB6588B07415F00105A8
:106230004ED00023CDE90033276A02238DF80630C3
:10624000FF2386F8203007F10A086846F2F708FEB7
:10625000002899D1009CA742F7D07A7A607A434609
:1062600004F10A010CF0E8F80028EED0A37886F8D3
:106270002030D4F80330C6F821301C4BB4F8072086
:106280009A8081E701259EE745469CE70EF0A5FE32
:10629000D4E91823904271EB0303A2D3012205EA4B
:1062A00002012046FFF7EAF868B1FDF761FB0546F9
:1062B0000EF093FE0E4BA5FB03351B1845EB0105B5
:1062C000C4E918358FE7002D8DD040F61F211BE75C
:1062D000012559E71C280020615D03009957030040
:1062E00051560300D6BE898E555555003D280020D5
:1062F00040420F00024BD8621B6B1B68184700BF5F
:106300001C28002043881A0710B5044612D5036ADA
:1063100011493C2280F895201B88A0F89630FF2375
:1063200080F8B3304FF6FF73A0F8B43002228C30FF
:106330000CF084FE6388DB0743BF236A3C22198884
:106340003C2258BF4FF6FF712046FFF705F90123A5
:1063500084F8893010BD00BF39410400D5590300CD
:10636000D55B0300C1420400BB420400EB440400BF
:106370002D5C03001D5C0300686303006063030081
:106380005C6303000138022808B503D9CA212F2015
:10639000F2F748F813290A4B05D811290CD810290F
:1063A00007D0D821F3E71529FBD103EB4003D888A8
:1063B00001E033F8100008BD03EB40039889FAE7C9
:1063C00042DF060008B5431EDBB2012B05D91D29AB
:1063D0001ED0EE212F20F2F725F810390D291BD8F9
:1063E000DFE801F0071A11111A0C1A1A1A1A1A1AF0
:1063F0001A160B4A02EB4303588A08BD084A02EBFF
:106400004303D88AF9E7064A02EB4303588BF4E7C3
:1064100040F25A335843F0E74FF48171DAE700BF96
:1064200042DF060008B5084B586890F8CC304BB9ED
:1064300090F8C72001230621A8300CF095F800F051
:10644000010008BD0120FAE750280020F8B52D4BC7
:106450001A89402842EA00021A8105D158680421AD
:10646000BDE8F840F4F732BF00F00302032A04D17C
:1064700040F60E213120F1F7D5FF10F0020418BFCD
:10648000D960C50705D5CA781961062A0DD00B2A2F
:1064900018D02CB1DA68D278052A1FD00B2A2AD05E
:1064A000820644BF08221A75F8BD5A6892F8C710D0
:1064B0001929EED1002600270121C2E94A6782F896
:1064C000CB10E6E75A6892F8C710132901BF0021E4
:1064D00082F8CB10012182F80A11DAE75A6892F8A3
:1064E000C7101729DCD100240025C2E94C45012141
:1064F00082F8CC10D4E75A6892F8C7101229CFD18D
:106500000021F5E75028002013B5044601A8FCF748
:1065100051FF20B940F2ED713120F1F783FF3222B3
:106520000021019808F072FE019803210CF03DFC57
:106530000198037823F0100303702146FDF7F4FC63
:10654000019906482246FEF7F3F8FCF749FF10B917
:1065500040F2F771E0E702B010BD00BF5028002004
:1065600070B5274C636893F8CE6393F8CF53002E31
:106570003FD193F87C10002D3DD193F87D2083F816
:106580007C1083F87D20FF2283F87E201D4B1B6842
:106590000BB160689847636893F86C31012B02D0A7
:1065A00056EA050303D016480021FCF789FD606810
:1065B00044300CF0D3FD0546606800F2D111FDF7C0
:1065C000C9FE60680521F4F781FE606844300CF074
:1065D000C5FD8542044610D205F01EF80146601B39
:1065E000322838BF322007F0C3FEB0FA80F04009ED
:1065F00070BD3146BFE72A46C1E70120F8E700BF7A
:106600005028002060060020002908BF1F213028E4
:1066100010B5134619D80D282ED9A0F10E02222A42
:106620002AD8DFE802F014292929142914291A1478
:1066300029292929293F2929452929383838502944
:1066400029292929292914295800362814D1BDE8D7
:1066500010401A4600210EF00FB8234C606890F8E5
:10666000C630222B0AD12046FCF72AFD636800229F
:1066700083F8C62083F80421002010BD2F2BFBD106
:1066800090F8C72001230B21A8300BF06DFF0028E4
:10669000ECD12A21E7E7154B1B68002BECD0BDE8B5
:1066A00010401847124B1B68002BE5D01D20F6E761
:1066B000104B1B68002BDFD00B4840680A46202196
:1066C000BDE8104018470C4B1B68002BD4D0BDE828
:1066D000104005481847094A1468002CCCD00A46D7
:1066E000184630212346EBE7502800205C060020A6
:1066F0006C06002048060020780600205406002082
:10670000184B09795B68024693F8C600222819D015
:106710002F2817D0292817D0042817D0102817D0D1
:106720001E2817D093F8C730242B15D0302815D049
:10673000352815D0362803D0372814BFFE20302046
:10674000FFF762BF1620FBE72320F9E70E20F7E7EB
:106750001220F5E71420F3E71720F1E72620EFE7F2
:106760002E20EDE75028002008B50C4B5B6893F80D
:106770005621FE2A04D040F2FC713120F1F752FE7E
:1067800083F8560111B9A3F8061108BD0022A3F839
:106790000021012283F80421F7E700BF50280020E0
:1067A000104B1A7DCAB970B95B68D96941F64B5272
:1067B000914215D9B3F86C10B3F8502091420FD81C
:1067C0001846F4F7E9BC1A89120708D55B6893F8F4
:1067D000C800083818BF012070470020704701200A
:1067E000704700BF502800204368D3F8B83013F03A
:1067F000300F2DE9F74304460D4656D108460CF0FC
:106800008DFB30B92946204603B0BDE8F0430CF0BB
:1068100005BE284666680CF07DFB074628460CF04E
:1068200075FB804628460CF077FB814628460CF025
:106830006FFB443600904B464246394630460CF0DA
:10684000C2FC1B4B1A89920711D5DA68D278142A38
:106850000DD16268D2F8B83043F01003C2F8B830F6
:1068600020460CF093FD002003B0BDE8F083626881
:1068700092F8C6101E29ECD092F86321002AE8D1C4
:10688000626892F86221002AE3D16168D1F8B820E9
:1068900042F02002C1F8B8205A68114602F5F2729F
:1068A00031F8440BFDF7C6FDDAE70120DCE700BF55
:1068B00050280020F7B5944C0546002840F0DC80B5
:1068C00023891F0745D5636893F85621222A13D0E0
:1068D0002A2A01D01C2A05D1002283F874218A4873
:1068E0000CF04BFD636893F85621FE2A11D14FF44A
:1068F000A8613120F1F796FD83F8AA01834B1B684C
:10690000002BECD0606800F5D57100F5AE709847AB
:10691000E5E7FE2283F8562193F8C7201B2A08D109
:10692000002683F8096178480CF03AFD636883F823
:10693000C760606890F8C630212B2ED0342B3BD036
:10694000636893F8C820082A02BF0222627583F8A0
:1069500056212389DE0763D56068276990F8C72030
:10696000FE7801230521A8300BF0FEFD60B1B31EB7
:10697000DBB2092B00F2C480012202FA03F340F2D9
:106980003332134200F0BC803846FDF7BDFAE0B95F
:1069900039465D480CF042FD96E090F8C72001238F
:1069A0000B21A8300BF0E0FD636818B12F2283F8AB
:1069B000C620C5E72222FAE7012380F8C533002369
:1069C00080F8C63080F80431BAE7FE78012E01D98C
:1069D000162E0FD1636893F8C6000CF0F6FC48B190
:1069E000636893F8C620212A04D0222A40D12F229E
:1069F00083F8C620112E6BD05CD8072E6AD00D2EDE
:106A00006AD03046FEF78AF80346002859D1FF2E97
:106A1000BED1A369002BBBD06368012283F8C623D3
:106A20002389580706D5626892F8C820072A04BF50
:106A30000122627599070FD5E368DE780D2E4DD0DF
:106A4000112E4DD0072E4DD03046FEF77BF8034671
:106A5000002849D02C4898472389DA060CD563686A
:106A600093F8C7200B2A07D10C2283F8C72003E034
:106A7000162E0CBF20250225237D1B0717D5606825
:106A8000012390F8C7200521A8300BF06DFD0646C4
:106A9000002837D1019001A90320F3F735F9019BB4
:106AA0002BB11E720C22616801980CF0C7FA2846BF
:106AB00003B0F0BD142EA4D1154B1B68002B3FF47E
:106AC00067AF2169104898470028A9D00546D3E749
:106AD000104BF6E7104BF4E7104BF2E7104BB9E719
:106AE000104BB7E7104BB5E7FF2E06D16268342193
:106AF00082F8C61082F8C403AEE740F23451F8E6DB
:106B00000825B9E70825D2E7502800204C060020C8
:106B100068060020914704008D6B030001670300A5
:106B200043470400614704002D6B030010B5164B6A
:106B3000DB681979436893F8C6200A2A09D193F8CB
:106B400051218A4205D1002283F8C62083F804210E
:106B500010BDD3F8B82012F0080407D022F00802C4
:106B6000BDE81040C3F8B8200CF01ABCFF2905D1CD
:106B7000342283F8C62083F8C443E9E740F2CE41CB
:106B80003120F1F74FFC00BF5028002038B50B79B9
:106B90004568262B95F8C62004463BD8112B08D80B
:106BA0000E2B3ED1224618460121BDE838400DF09B
:106BB00063BDA3F11200142833D801A555F820F0C5
:106BC000A56B0300236C0300A56B0300236C03007B
:106BD0003B6C0300A56B0300236C0300236C0300D4
:106BE000236C0300236C0300236C0300896C0300F7
:106BF000236C0300236C0300236C0300236C03004D
:106C0000236C0300776C0300236C0300236C0300E8
:106C1000916C0300362BC5D005D82E2BC2D0302B5B
:106C20003DD0002038BDFF2BFBD1214B9B69002BB1
:106C3000F7D0012385F8C633F3E7222A01D02F2AA3
:106C4000EFD120460CF099FB636893F8C720232A04
:106C5000E7D093F81B2122F0010283F81B21626820
:106C600092F81B3123F0080382F81B311A212046C9
:106C7000FCF726FAD5E7292AD3D10E4B1B68002B47
:106C8000CFD020469847CCE7332ACAD10A4BF5E744
:106C90000A4B1B68002BC4D020469847C1E7372A0F
:106CA000BFD1074A1268002ABBD019469047B8E7FF
:106CB0005028002064060020700600207406002082
:106CC00058060020024B0020C3E90600704700BFB1
:106CD00050280020024B0022C3E90622FDF76CBCBD
:106CE00050280020024B9869003818BF01207047D7
:106CF000502800202DE9F043964C22896368D20584
:106D000056BFB3F8FA200022013287B046BFA3F87D
:106D1000FA2083F80C23A3F8FA2007460E46FFF763
:106D200081FB60B1238960681B0540F1C78090F842
:106D3000CC30002B00F0C2800023C0F8EC30238957
:106D400003F4407343B1606890F8CA30002B00F040
:106D5000D380032B00F0D6806168238991F8CA2084
:106D6000012A04D15D0544BF022281F8CA20002F08
:106D700040F00A8458065DBFB1F82423013292B274
:106D80003A46A1F8242303F00A020A2A0DD1E26848
:106D9000D278022A09D123F0080330462381FFF775
:106DA00089FD08230643F6B223813046FFF782FDB2
:106DB000A3690643F6B2002B5FD01422002101A87C
:106DC00008F024FA636893F87D0004F04BF86368D8
:106DD000054693F87D0004F03DF862681388ADF82D
:106DE0000430B2F8C030ADF80830D3694FF47A718E
:106DF00005F5FA75B5FBF1F50544ADF80A5041F219
:106E00007070A3F57A75854299BFB3FBF1F303F572
:106E1000506340F2E241B3FBF1F39BB2ADF80630B0
:106E200092F8C63333B12069C31C04930BF0BBFF47
:106E30008DF8140062689DF80C3092F8C52362F357
:106E400000038DF80C3001A8A36998476368049982
:106E5000002283F8C62383F8C52371B193F8C423B5
:106E60005AB993F8C620342A07D09DF8142022B1CD
:106E70000878FF284BD11B2A50D9606890F856310A
:106E8000FE2B79D1002E77D1012390F8C820194626
:106E9000A8300BF069FB00286ED1636893F860316D
:106EA000002B43D0636893F86121A3F8FE6083F858
:106EB000582101210220FFF757FC5DE0D0F8EC30AB
:106EC000D0F8F02001339342C0F8EC3004D8618C44
:106ED000D51A05318D4202D8012180F8F81093426D
:106EE000FFF42DAF0023C0F8EC301B49022200F55F
:106EF000E4700CF0B5F822E7012180F8CA10F4F72D
:106F0000E5F929E7022380F8CA300121F7E70728CD
:106F1000B3D1022AB1D14878FF28AED1012083F83D
:106F2000C403C3F8C81383F8C723A6E76068012326
:106F300090F8C7200421A8300BF016FB0546002866
:106F400040F023816268D2F8B830D90706D53146BF
:106F50000920B0E750280020F53A0400980740F1D6
:106F6000A88031460C20FFF7FFFB626892F80B31D6
:106F700043F0010382F80B316568B5F8003395F8EA
:106F800004830133A5F80033B8F1000F00F0D48278
:106F9000F2F7ACFE10B10023A5F8003360680123BE
:106FA00090F8C7200021A8300BF0DEFA28B96368FA
:106FB00093F8C7300C2B40F0D7826068012390F81B
:106FC000C6200021A8300BF0CFFA002800F0CC82B8
:106FD0006068012390F8C8200021A8300BF0C4FAA3
:106FE000002800F0C182636893F8CA20022A40F0AA
:106FF000BB8293F80C23002A40F0B682586909F04E
:1070000031F9002800F0B082606890F85631FE2B0C
:1070100040F0AA82B0F8FA32012B40F2A582B0F813
:10702000FC20B0F8FA10951EA942B8BF02F1FF3259
:107030004FF0010380F80233B0F80053B8BF531A81
:10704000618CB8BF9BB28D423BBF4A1C521B0122D0
:1070500092B2934228BF1346012B04BF002280F84E
:10706000022390F88B207AB96168D1F884205AB154
:10707000B1F8F620B1F8C010521A91B212B2002A3B
:1070800002DD9342A8BF0B466068B0F8C02090F8BC
:10709000CA1013449BB20129A0F8FC3240F272825C
:1070A0000239012940F2668240F661013120F1F790
:1070B000B9F9590702D531461320FCE6180706D561
:1070C00092F8503182F8583131460720F3E619061C
:1070D00002D500211B20EEE613F030013FD092F8DC
:1070E0006331002B40F04D83636893F86231F3B154
:1070F000606890F8C730262B00F5B17100F2CE32EF
:107100002BD090F8C630A3F1260CDCF1000343EB42
:107110000C030CF02CF86268D2F8B83023F020038E
:1071200043F01003C2F8B830002382F8623160687F
:10713000D0F8B830DB0640F1248300F2D111FDF71E
:1071400009F96368B3F86620A3F85821B3F86A20F8
:10715000A3F85A2100211520ADE60123D9E713F049
:10716000400201D02420A6E613F4807102D011461B
:107170001E20A0E613F4007201D02F209BE65905D3
:1071800040F1FF821146312095E6636893F8C720ED
:10719000123A0B2A48D8DFE802F006474747090CA5
:1071A00047474747473200210B2084E6002104204F
:1071B00081E693F8C003012808D100210520FFF7DC
:1071C000D3FA6368002283F8C023D5E602287FF44F
:1071D000D3AE93F80A5106221DB183F8582100213D
:1071E000EDE7A64803210CF0EAF8636893F81A313A
:1071F00013F0040F294614BF11200D20DFE70021F2
:10720000062058E60021112055E692F86C31022B39
:1072100002D1002117204EE692F86C31012B03D1E8
:1072200092F86D31002BF4D06068012390F8C620ED
:107230000021A8300BF098F990B16068012390F814
:10724000C7200421A8300BF08FF948B9636893F880
:10725000F8302BB1012112202DE600212D202AE645
:10726000606890F8C6200A2A05D190F8513180F85C
:107270005831012129E7002D7FF47EAE01232946F4
:10728000A8300BF071F9002800F0AE80636893F825
:1072900073213AB101210E20FFF766FA636883F883
:1072A000735169E693F872218AB193F80B21920722
:1072B0000DD101210C20FFF757FA636893F80B21D9
:1072C00083F8725142F0010283F80B2154E693F8DF
:1072D000623153B3636893F8633133BB606890F8ED
:1072E000C730262B00F5B17100F2CE321BD090F8DA
:1072F000C630A3F1260CDCF1000343EB0C030BF0CA
:1073000036FF6368002283F8622101211420FFF711
:107310002BFA6368B3F86620A3F85821B3F86A2003
:10732000A3F85A2128E60123E9E7626892F86C1174
:107330000129CBB27AD192F86D21002A76D160680A
:107340000B2190F8C720A8300BF00EF900286DD162
:10735000656895F87C80404609F077FC814695F891
:107360007D0009F072FCB9F1020F95F86E311FD063
:10737000B9F1030F1ED0B9F1010F04D1012B14BFD5
:1073800000230123C3B995F8C7200123032105F188
:10739000A8000BF0E9F838BB6068012390F8C7201B
:1073A0000221A8300BF0E0F8F0B90121162082E5A7
:1073B000022BE4E7042BE2E7022895F86F3127D08F
:1073C00003282CD00128DED1012BDCD14146B5F8B1
:1073D000C030B5F8700105F573720AF0A6FE0146DB
:1073E000F8B92648FBF76CFE6068012390F8C620C8
:1073F0000021A8300BF0B8F800283FF4BDAD636859
:1074000093F8C433002B3FF4B7AD0121FF2052E5C0
:10741000022B14BF00230123002BB4D0D6E7042B8A
:10742000F7E76368282283F8C620A5E5636893F828
:10743000A9317BB1636893F86D315BB96068012352
:1074400090F8C7200B21A8300BF08EF810B901215D
:10745000232030E5636893F8A63143B1012125204C
:10746000FFF782F96368002283F8A62184E5636848
:1074700093F8AA3123B1012122201CE550280020D5
:10748000636893F874315BB3636893F878010DF027
:10749000C9F9616878B19F4B91F878211B689E48C3
:1074A00001F279119847636880B102289CD10022CB
:1074B00083F8742198E7994B97481D6891F87831C3
:1074C00001F29B1201F27911A847ECE793F87801D9
:1074D0000DF0A8F9012108B11C20ECE42A20EAE40F
:1074E000636893F8B23113B101211D20E3E46368AE
:1074F00093F8B33113B101212E20DCE4636893F8D3
:10750000B43113B101213620D5E4636893F8B53165
:1075100013B101213020CEE4636893F8B63113B182
:1075200001213220C7E4636893F8B831002B3FF49F
:107530005BAF01212620BEE4F2F7D2FB08B1A5F82B
:107540000083F2F7DBFB00283FF428AD95F80C33FD
:107550000133DBB2022B85F80C3382BF0023A5F880
:10756000003385F80C3319E56368002283F80223A1
:10757000012389E590F8C850B0F8FA10082D65D1BC
:1075800002295CD8A0F8F8322289636855065BBFEF
:10759000B3F80E23B3F8FE1200225218A3F80E23FC
:1075A00093F86031002B00F089806368B3F8FE2007
:1075B000B3F8FE120A44A3F8FE20636893F80401AE
:1075C00030B1B3F80021B3F8FE120A44A3F8002149
:1075D00093F908110029C1BFB3F80621B3F8FE5290
:1075E0005219A3F8062193F8E92052B9002F40F070
:1075F000C280627D022A6DD193F85821062A18BFF5
:107600001622636893F8E83033B96068444980F81B
:10761000E920E0300BF01EFD60680DF0EFF8414B03
:107620001B681BB1404A6068116898476368002274
:1076300083F8032307B0BDE8F043FBF7F7BEB0F8CB
:10764000FC301A440132A0F8F8229DE7B0F8FC5053
:107650004B1CAB420FDA6D1AADB2022D0BD0033DBD
:10766000ADB290F8F83043B9FEF7DCFEB0B96DB1B9
:10767000013DADB20BE00025F3E790F8C6200123F1
:107680000921A8300AF070FF0028EDD100256368B9
:10769000B3F8FC221544A3F8F85275E76268D2E902
:1076A0003B23911C8B4207D39B1A022B04D0033B34
:1076B0009D4288BF9DB2DAE70023F9E760680123A5
:1076C00090F8C8201946A8300AF04EFF00287FF431
:1076D0006CAF72E7012A08D193F8C920002A90D133
:1076E00060680021F3F7F2FD99E756B1F00640D447
:1076F000310740D4B20640D4B30740D140F68D11D3
:10770000D4E498B1B3F80001B3F8022190420DD34C
:10771000222276E77C0600205028002084060020E4
:10772000594B03004406002028000020002905DDF5
:10773000B3F80611B3F802219142E9D2B3F8FE1072
:10774000B3F8FC2091420BD2636893F8CA10B3F8E7
:10775000FA2051B1B3F8FC309342C1D8082250E767
:1077600093F86031002BD3D1EEE7052AB8D93E2239
:1077700047E71E2245E73D2243E7232241E72A222D
:107780003FE7626892F8C730322B3FF43BAD09D82F
:10779000232B3FF43AAD2B2B7FF446AD0021202064
:1077A000FFF789BB3A2B3FF458AD3C2B7FF43CAD3F
:1077B00000213320FFF77FBBF7B5764C01272770F8
:1077C0000023606080F8037300882381237563754C
:1077D000FBF7EAFD63681888FBF712FE6368B3F8ED
:1077E000FA22264612B393F85621FE2A1ED193F8A8
:1077F0006031DBB160683B4690F8C8203946A8305C
:107800000AF0B2FE054688B9636893F86121A3F8CF
:10781000FE0083F8582102203946FEF7A5FF636871
:10782000022083F80253FEF76FFE04E0636893F8CA
:107830005601FE28F7D1636893F80523002A4FD03C
:10784000002362686384B2F8FE32B2F80013013B91
:1078500011FA83F1A2F80013B2F8FA109FB211FAEC
:1078600083F3A2F8FA30FEF7DDFD28B16268D2F8A2
:10787000EC303B44C2F8EC306068B0F8FA32012BCF
:107880009CBF0133A0F8FA3200250FB180F80C53E9
:1078900090F8C73080F80253A3F10B02012A2BD8CD
:1078A000B0F8C030B0F8CC239B1A19043ED400F2D3
:1078B000CE31CE300AF077FF636883F8C750FF22DD
:1078C00083F822216168B1F8FE2201F1A8000AF0D4
:1078D000B0FF002840D040F615113120F0F7A2FD8E
:1078E00093F82E322BB96268B2F84230928C9A42E9
:1078F000A7D363689B8CA4E7262B17D1B0F8CC23C1
:10790000B0F8C0309B1A1A0410D480F8C750FEF7A4
:1079100027FE6368014630B983F86C0103B0BDE807
:10792000F040FFF7E7B983F86C51CBE790F8C63029
:10793000262B01D0282BC5D1B0F8C030B0F8CC230D
:107940009B1A1B04BED4002380F8C630FEF708FE45
:1079500001460028B6D1E1E70F4B009396E80300FB
:107960000E4B0F4AF1F790FFE16919B194F820002E
:1079700002F024FE6068012390F8C7200521A8309A
:107980000AF0F2FD20B103B0BDE8F040F1F774BF9A
:1079900003B0F0BD50280020F56C0300A167030080
:1079A0004D64030038B50446084694F8C03313B15B
:1079B0000C25284638BD94F8C730172BF8D194F819
:1079C000E43303F0FF05002BF2D199B10A4B59685B
:1079D000D1F82033C4F84C3101F59C72052301F530
:1079E000447107F0D9F8012384F8C03320460CF025
:1079F00012FFDEE70223F7E750280020D0F8D43347
:107A0000C269934210B5044604D1D0F8D813426A33
:107A1000914220D02288A4F83022A3F57A7141F255
:107A2000707291429DBF4FF47A72B3FBF2F303F58B
:107A3000506340F2E24288BFB3FBF2F39BB2A4F87A
:107A40003232D4F8D8330949C4F83432022204F26D
:107A500026200BF005FB02212046FCF727F9002326
:107A600084F8C730032384F8CA3010BD1D350400E4
:107A700008B5FCF719FE024B024A1A6008BD00BFA8
:107A800068060020E9670300154B5B6893F8040162
:107A900028B1B3F80011B3F8022191421ED293F934
:107AA00008212AB1B3F80611B3F80221914214D289
:107AB000B3F8FC20B3F8FE1091420ED2B3F8FA00EE
:107AC00093F8CA3023B9052894BF002001207047DD
:107AD00082428CBF0020012070470120704700BF08
:107AE00074280020184B5B681B2883F8560116D8B1
:107AF000164AC240D10725D4112806D193F858213F
:107B000052B10022A3F80021704707281AD0092893
:107B100018D0152803D10022A3F806217047A0F140
:107B20001E02D2B2192A08D902280BD90022A3F8C2
:107B30000021012283F8042104E0054921FA02F220
:107B4000D207F3D5704700BF742800200010080941
:107B500041004A0270B5204D6B6893F8321309B9A1
:107B600093F87C1093F833230AB993F87D2083F8B7
:107B70007C1083F87D20FF2283F87E20174B1B6842
:107B80000BB16868984700211348FBF799FA6868B9
:107B900044300BF0E3FA0646686800F2D111FCF7B6
:107BA000D9FB68680421F9F741FC686844300BF0A0
:107BB000D5FA864204460CD203F02EFD0146A01BE6
:107BC000322838BF322006F0D3FBB0FA80F04009EB
:107BD00070BD0120FCE700BF74280020AC06002027
:107BE000104B0246187AC8B9012A0DD15B68D969D1
:107BF00041F64B52914214D9B3F86C20B3F850308F
:107C00009A420ED8F9F704BC5A89520708D55B6826
:107C100093F8C800073818BF01207047002070474C
:107C20000120704774280020C278012A07D10D4A2C
:107C30005268B2F82E234272120A827270473AB921
:107C4000084A5268B2F836234273120A82737047A8
:107C5000182A05D1034B5B68B3F830130BF09EB9BB
:107C6000704700BF7428002038B590F8C6300E3B2E
:107C7000012B044639D8B0F8C030B0F836230133B0
:107C80009BB29A4231D10388A0F83032D0F8403309
:107C900041F27072A3F57A7191429DBF4FF47A72EE
:107CA000B3FBF2F303F5506340F2E24288BFB3FB4B
:107CB000F2F39BB2A0F832320025D0F84433C0F87A
:107CC000343280F82F520949022200F226200BF0AC
:107CD000C7F984F8345302212046FCF74DF80321FC
:107CE0002046F9F7A3FB84F8C65038BD1D350400C3
:107CF000384A034608465189194370B5518103F04B
:107D00000301032904D140F63A113620F0F78AFB2B
:107D100013F0020118BFD060DC0748BF106121B129
:107D2000C178062922D00B292DD0990644BF0821FD
:107D300011721B064DD55268C478D569B2F8C030AF
:107D4000968C41F64B518D4294BF4AF6C87106217C
:107D5000334498BFB1FBF5F1012C0B449BB219D110
:107D6000A2F82E33BDE87040FFF75EBF516891F86E
:107D7000C6401A2CD9D100240025C1E94C45012464
:107D800081F8CC40D1E7516891F8C640142CCCD191
:107D90000024F5E714B9A2F83633E3E7182CE1D153
:107DA000B2F8321399B192F8324314F00C0F0BD0A1
:107DB00092F87C1011F00C0F06D08C4204D092F88F
:107DC0003313002908BF0023A2F83033CAE70B465B
:107DD000FAE770BD7428002038B553681628144699
:107DE0000D4693F8C6204BD0324B08D8122816D037
:107DF000142821D040F20D413620F0F713FB2E2835
:107E00002ED03628F6D158680F210023A8300AF06A
:107E1000ABFB18B36368002283F8B4212CE05868E8
:107E200009210023A8300AF09FFBB8B120460021A9
:107E3000BDE838400BF065BE58680A210023A83021
:107E40000AF092FB50B120460BF097FA35B1626808
:107E500092F81A3123F0200382F81A31002038BD3D
:107E600058680E210023A8300AF07EFB0028F5D0C8
:107E70006368002283F8B32120460BF07EFAEDE719
:107E8000212AEBD120460BF078FA6DB1626892F8A6
:107E90001B3123F0010382F81B31626892F81B3119
:107EA00023F0080382F81B311A212046FBF708F95A
:107EB000D4E700BF74280020002908BF1F2125280F
:107EC00070B5134634D8112803D8032860D0002495
:107ED00056E0A0F11202132AF9D801A454F822F0B6
:107EE000857F0300CF7E0300857F0300CF7E0300E4
:107EF000857F0300CF7E0300CF7E0300CF7E03008B
:107F0000CF7E0300CF7E0300CF7E0300FD7F030002
:107F1000CF7E030009800300CF7E0300CF7E0300E5
:107F2000CF7E0300ED7F0300ED7F0300ED7F0300B4
:107F3000392821D82D28CAD9A0F12E020B2AC6D85B
:107F400001A454F822F000BF857F0300CF7E030018
:107F500021800300CF7E0300CF7E0300CF7E03008D
:107F6000CF7E0300CF7E0300857F0300CF7E03001A
:107F7000CF7E030021800300FE2814BF00240224CA
:107F8000204670BDBDE870401A460021FFF724BFAF
:107F9000284D6B6893F8C620182A01D0152A47D1BE
:107FA00093F80A21002A43D183F8092183F8042198
:107FB00093F8D83203F0FF0423B140F27231362037
:107FC000F0F730FA68680388A0F8DA3280F8D9123E
:107FD00080F8DC4280F876431749022200F53470BD
:107FE0000BF02CF86B6883F8C640C9E7134B1C688C
:107FF000002CC5D02346BDE870401847104B1C68C4
:10800000002CBDD01D20F5E70E4B1C68002CB7D00E
:10801000084B58680A461F212346BDE870401847A0
:10802000094A1468002CABD00A4601461846F3E70B
:108030000224A5E77428002041370400A806002088
:10804000A00600209006002098060020134B097916
:108050005B68024693F8C600A0F111030C2B11D9FE
:10806000292811D01E2811D0052811D0212811D07F
:10807000352811D0362803D0372814BFFE203020F1
:10808000FFF71ABF0320FBE72320F9E71420F7E7E7
:108090001220F5E71620F3E72E20F1E774280020E0
:1080A00010B50C794268232C92F8C63030D8112CC8
:1080B00001D8002010BDA4F112011129F9D80FF246
:1080C000080C5CF821F000BF55810300B380030069
:1080D00055810300B380030055810300B380030082
:1080E000B3800300B3800300B3800300B3800300B8
:1080F000B380030073810300B38003007B8103001E
:10810000B3800300B3800300B380030063810300E6
:10811000A4F12E02D1B20B29CBD80B2AC9D801A1C8
:1081200051F822F055810300B38003008B810300D6
:10813000B3800300B3800300B3800300B380030067
:10814000B380030055810300B3800300B3800300B4
:108150009D810300024601212046BDE81040FFF743
:108160003BBE292BA5D1114B1B68002BA1D09847F2
:108170009FE7332B9DD10E4BF6E72D2B99D10D4B5D
:108180001B68002B95D01046F1E7372B91D10A4B95
:108190001B68002B8DD0302198478AE7382B88D177
:1081A000054B1B68002B84D03921F5E7B006002071
:1081B000A4060020940600209C0600202DE9F34729
:1081C0009D4C638907466068DB0556BFB0F8FA30FE
:1081D00000230133A0F8FA300E460CF050FB48B1F2
:1081E000638960681D0525D590F8CC3013B3002352
:1081F000C0F8EC30638903F4407343B1606890F8D1
:10820000CA3023B9012180F8CA10F9F70FF9002FFD
:1082100040F0C581002E40F0C281628951072ED501
:10822000636893F8C610032921D140F2D14136206A
:10823000F0F7F8F8D0F8EC30D0F8F02001339342A2
:10824000C0F8EC3004D8818CD51A05318D4202D8A3
:10825000012180F8F8109342CCD30023C0F8EC3011
:108260007649022200F5E4700AF0FAFEC2E793F8BC
:10827000C810072902BF0121217583F8C860920741
:108280000FD5E368D878072808D0112821D0FCF74B
:108290004FFC034618B940F22551C8E7684B6648C1
:1082A000984763891B0740F19F80606890F85631BA
:1082B0002A2B06D81B2B0ED8012B3BD0032B4DD0DD
:1082C00073B3636893F85621FE2A76D140F2315198
:1082D000ADE75C4BE3E71C3B0E2BF2D801A252F852
:1082E00023F000BF75830300C3820300C382030031
:1082F000C3820300C3820300838303008F830300D0
:10830000C3820300C3820300C3820300C38203004D
:10831000AF830300C3820300C3820300758303009D
:10832000B0F8C020B0F83613521A1504C9D480F83A
:108330003433C6E7B0F8C030B0F82E239B1A1904C6
:10834000BFD4D0F82823137813B94FF411716EE716
:10835000013B1370002380F8C630B2E790F8C630B6
:10836000152BAED003F0FD03182BAAD0002380F804
:108370007633A6E7002380F87431626882F804310E
:108380009FE7314B1B68002B9BD0984799E7002350
:1083900080F8AA312D4B1B682BB1606800F5D571B0
:1083A00000F5AE70984724480AF0E7FF89E7284BAC
:1083B0001B68002B85D02048E7E7FE2283F8562172
:1083C00093F8C6200E2A2AD0262A2AD00C2A02D1B7
:1083D0000D2283F8C62093F8C820082A01BF022284
:1083E0002275002283F8C8206389DA0742D56068C5
:1083F000256990F8C620EE7800230521A8300AF000
:10840000B3F880B1B31E0F2B6FD8DFE803F00C6E0A
:108410000C0C0C6E6E6E6E0C6E0C6E6E6E0C0F2273
:10842000D7E72722D5E72846FBF76EFD90B9294606
:1084300001480BF007F81CE074280020F53A04000E
:1084400045480400614804008C06002050060020C6
:10845000B4060020E8780D2841D0112841D0072823
:1084600041D0FCF751FB03460028E0D09B48294649
:1084700098470646237A1B0716D56068002390F8B4
:10848000C6200521A8300AF06FF8054678BB009099
:1084900069460320F1F738FC009B2BB11D720C22BA
:1084A000616800980AF0CAFD6068FFF7DDFB60684C
:1084B00090F85631FE2B72D190F8C820002301218C
:1084C000A8300AF051F8002869D1636893F8602158
:1084D00002F0FF036AB10220FFF704FB5FE0804B6C
:1084E000C4E7804BC2E7804BC0E70826C2E70826F6
:1084F000DAE76068194690F8C620A8300AF034F828
:1085000028B1636893F8F8300BB11220E4E7606893
:1085100090F8C620252A74D025D8142A30D01ED829
:10852000032A35D0132A2DD000230421A8300AF0C5
:108530001BF8A0BB636893F8C720062A00F2888066
:10854000002A00F08980013A052A00F28580DFE8E0
:1085500012F0AC00BB00A3002D0183002F011A2AEA
:10856000E2D10620B8E7322A54D005D82E2A4FD0BF
:10857000312AD9D12720AFE73D2AD5D13420ABE726
:108580000B20A9E7D0F84833C0F848310320A3E70F
:1085900090F8513180F85831072380F856316568DA
:1085A00095F8602102F0FF03002A00F0F882B5F888
:1085B000FE300133A5F8FE3095F8041121B1B5F86D
:1085C00000310133A5F8003195F9082122B1B5F841
:1085D00006310133A5F80631002F40F04B83237D8F
:1085E000022B00F04383012B40F0E482636893F890
:1085F000C930002B40F0F38260680021F8F716FFC5
:1086000040E3182380F856310023A0F80031C6E774
:10861000212061E7012380F858311120FFF762FA29
:108620006368002283F8C620B9E71D2A14D8DFE862
:1086300002F05D5D1313971313131313C113131378
:1086400013131313CEB3C613C813CA13131313CCC7
:108650001F3AD1B21D29E8D9606890F85631FE2B37
:108660009DD1002390F8C6201946A83009F07CFF60
:10867000002800F0E580636893F83433002B00F0A5
:10868000AA80636893F8C7000AF09FFE002840F0B4
:10869000A280FFF727FAD3E093F8502183F85821FE
:1086A000072283F85621002214E00C2283F8562179
:1086B00093F80B21002142F00102A3F8061183F880
:1086C0000B2183F8C710C7E7132283F85621002235
:1086D000A3F8062183F8C720BEE700BF7428002056
:1086E0004D8003009D480400A180030093F863318E
:1086F000002BB1D1636893F86231C3B1606890F820
:10870000C730262B00F5B17100F2323226D090F836
:10871000C630263B012B8CBF002301230AF027FD26
:108720006368202283F8C720002283F862216068F2
:1087300090F8C730202B8FD100F2D111FBF70AFE41
:108740006368B3F86620A3F85821B3F86A20A3F849
:108750005A211520FFF7C6F96368B8E70123DDE762
:1087600093F86C21012A0ED193F86D315BB96368DF
:108770005A6FD3F86E11A64809F0F3FC636818220B
:1087800083F8562168E7636893F86C21022A7FF426
:1087900063AFD3E91D21EEE7002583F8585111207E
:1087A000FFF7A0F9636883F8C75055E7092278E717
:1087B0001B2276E72420FFF795F9636873E71E20F4
:1087C000F9E72F20F7E73120F5E73420F3E72720FA
:1087D000FFF788F940E7636893F8762382B193F84E
:1087E000CB203AB193F8CC3013B940F202611EE5C8
:1087F0000A204EE7D3F84823C3F84821032048E76E
:1088000093F873210AB1082043E7D3F87823002AAC
:1088100067D012F8513C012B02D040F21A6106E5F4
:1088200012F8283C13B140F21B6100E5606890F833
:108830001D319D0601D51F202BE7764B1B689847FD
:10884000606890F85631FE2B7FF4A9AE002390F8B3
:10885000C6201946A83009F087FE00283FF49FAED5
:10886000636893F82C33002B3FF499AE636893F858
:10887000C7000AF0AAFD00287FF491AE6368B3F840
:10888000C0300A2B7FF68BAE6846FBF70DFB002845
:108890003FF485AE6568052205F1CF01684606F014
:1088A000D7FB002800F07881D5F82833194611F855
:1088B000012B002A00F069810522684606F0C8FBFA
:1088C00000287FF46CAE6368D3F828231378013353
:1088D00013700120FFF706F96368002283F82C2348
:1088E0005DE693F8722172B193F80B2112F0030147
:1088F000A6D10C2042F0010283F8560183F80B2127
:1089000083F872119CE793F8623133B3636893F88C
:10891000633113BB606890F8C730262B00F5B17146
:1089200000F2323217D090F8C630263B012B8CBFB4
:10893000002301230AF01BFC6368002283F86221F4
:108940006368B3F86620A3F85821B3F86A20A3F847
:108950005A2114209DE60123ECE76368DFF8B0801C
:1089600093F86C21012A57D193F86D31002B53D124
:10897000636893F8C7000AF028FD00284CD16568A9
:1089800095F87C90484608F082F9824695F87D007B
:1089900008F07DF9BAF1020F95F86E310CD0BAF1FA
:1089A000030F0BD0BAF1010F04D1012B14BF002328
:1089B00001232BB916206CE6022BF7E7042BF5E711
:1089C000022895F86F3114D0032819D00128F1D16D
:1089D000012BEFD14946B5F8C030B5F8700105F567
:1089E0004C7209F0A2FB014660B90948FAF768FB2E
:1089F00026E7022B14BF00230123002BEAD1D9E77D
:108A0000042BF7E7D8F80430282283F8C62017E7AC
:108A10007428002094060020636893F874315BB3D7
:108A2000636893F878010BF0FDFE616880B1984BA4
:108A300091F878211B68974801F27911984763688B
:108A400088B102287FF4FCAE002283F87421F7E697
:108A5000914B90481D6891F8783101F29B1201F218
:108A60007911A847EBE793F878010BF0DBFE08B12A
:108A70001C200EE62A200CE6636893F8A9317BB12E
:108A8000636893F86D2102F0FF034AB960680B2117
:108A900090F8C720A83009F067FD08B92320F8E551
:108AA000636893F8A6313BB12520FFF71BF8636894
:108AB000002283F8A621CAE7636893F8B2310BB1AC
:108AC0001D20E6E5636893F8AA315BB3636809216A
:108AD000B3F8AC01F0F78AF918B9636883F8AA0112
:108AE000B5E790F8F03103F0FF021BB9636883F833
:108AF000AA21ACE790F8C831032B0FD8DFE803F0C8
:108B00000808020CD8F8043093F8B03180F8F1313D
:108B1000D8F804300022EAE72220BAE540F2EF510B
:108B2000FFF785BB636893F8B3310BB12E20B0E536
:108B3000636893F8B4310BB13620AAE5636893F803
:108B4000B5310BB13020A4E5636893F87C330BB1E9
:108B500039209EE5636893F8B6310BB1322098E571
:108B6000636893F8B831002B3FF46AAE636893F8FA
:108B70003433002B7FF464AE484B1B68002B3FF46A
:108B80005FAE44489847272083E50098C3F801006A
:108B90009DF804300B7196E685F82C03A0E695F855
:108BA000C820012105F1A80009F0DEFC00287FF4AF
:108BB000FEAC01E55EB1F0065AD431075AD4B207D3
:108BC0005AD1B3065AD440F6CC11FFF730BB19B3D3
:108BD000B5F80011B5F8023199421DD92223304968
:108BE00085F8E93005F1E0000AF034FA0023A5F831
:108BF000C63085F8CA3060680221F8F717FC636850
:108C000093F85621012A3DD1D3F828231378BBBB12
:108C100040F6FE11FFF70BBB2AB1B5F80621B5F8F7
:108C200002319A42DAD8B5F8FE20B5F8FC309A4203
:108C30000FD2B5F8FE20B5F802319A42CED295F89F
:108C4000CA20B5F8FA3052B9052B7FF6D5AC3E23D1
:108C5000C5E7636893F86031002BBFD1E9E7B5F849
:108C6000FC209A423FF6C8AC0823B8E71623B6E7C3
:108C70001E23B4E73D23B2E72A23B0E72323AEE760
:108C8000013B137002B0BDE8F047FAF7CFBB00BF5D
:108C9000800600207428002088060020B8060020E6
:108CA000594B0300F0B55B4D00232B7085B0044693
:108CB000686000886B812B722B75FAF775FB6B6807
:108CC0001888FAF79DFBB4F81A236968013292B24A
:108CD00001F1A80009F0ADFD2E4620B14FF4BA71A4
:108CE0003620EFF79FFB94F8C730A4F81A03262B21
:108CF00013D1B4F8C030B4F830239B1A19040CD443
:108D000084F8C700FEF726FFB8B900210846FFF730
:108D100055FA0024204605B0F0BD94F8C630263B35
:108D2000022B0AD8B4F83023B4F8C0309B1A1A04C6
:108D300003D4002384F8C630E4E794F8C6300C3B33
:108D4000012B20D8B4F8C030B4F82E239B1A1B0492
:108D500019D4D4F8281304F1CE00013109F023FD11
:108D600094F8C6300D2B0BD1D4F82823137813B9FF
:108D70004FF4CE71B4E7013B1370002384F8C63082
:108D8000FF2384F82231FEF77FFE044608B1012458
:108D9000C0E76B6893F85671FE2F25D003A8FAF749
:108DA00009FB10B940F2EC719AE732222146039890
:108DB00006F02CFA0398032109F0F7FF03980378D3
:108DC00023F0100303703946FBF7AEF803991148FE
:108DD0003A46FBF7ADFCFAF703FB10B94FF4FF611D
:108DE0007EE70398FEF720FF0B4B009396E8030005
:108DF0000A4B0B4AF0F748FD6868002390F8C6203C
:108E00000521A83009F0B0FB04460028BFD0F0F7D8
:108E100033FD7FE774280020BD810300E17B030060
:108E2000F17C03002DE9F041DFF8C08004460D46D7
:108E3000002600F5E4770DB9BDE8F081B4F81A33E7
:108E40000133A4F81A33B4F8FA300133A4F8FA3035
:108E500020460BF014FDC8B1D4F8EC30D4F8F02063
:108E600001339342C4F8EC3004D8A18CD01A0531F8
:108E7000884202D8012184F8F810934206D3C4F83E
:108E8000EC600222414638460AF0EAF894F80431D0
:108E900023B1B4F800310133A4F8003194F908315A
:108EA00023B1B4F806310133A4F8063194F86021F7
:108EB00002F0FF037AB1B4F8FE300133A4F8FE30BB
:108EC0002046FEF7D1FEB4F8C030013D0133A4F8CE
:108ED000C030ADB2AFE794F8C820012104F1A8007A
:108EE00009F042FB0028E6D1EAE700BFF53A0400AA
:108EF000014B1874704700BFD8280020034B002195
:108F00004FF480521970A3F80120704754290020B3
:108F100070B50646022014460D4600F01BFA064BBB
:108F200001221A70054B033CC3F81045C3F80865CD
:108F3000C3F8045570BD00BF5429002000F0004064
:108F400008B5022000F006FA09480A4B0A494FF01A
:108F5000010C80F800C000224FF40000C3F800218B
:108F6000C3F80421C3F80821C1F8040508BD00BFF7
:108F70005429002000F0004000F00140114B1A7805
:108F80006AB1114A11494FF40000C2F80805D1F83E
:108F900000213AB91021002099705A7018700020F1
:108FA00000F0D8B9D1F80421002AF3D0D1F8082173
:108FB00012B110210022EEE7D1F800140122C9B24B
:108FC000E9E700BF5429002000F0014000F0004014
:108FD00008B5022000F0BEF9064B07480022012127
:108FE0000170C3F80021C3F80421C3F808211960F7
:108FF00008BD00BF00F000405429002008B5114B07
:109000001A78587892B1104AC823D2F8001141B1A9
:10901000D2F8040120B1D2F80801B0FA80F040097A
:1090200008BD013B13F0FF03EFD101E0022803D19B
:10903000FA213B20EFF7F6F9A0F10100B0FA80F039
:10904000400908BD5429002000F000400A4B1A785E
:109050007AB10A4BD3F800214AB1D3F8042132B1D6
:10906000D3F808211AB9D3F80004C0B27047102011
:1090700070479878704700BF5429002000F00040E6
:10908000024B00221A809A70704700BF58290020B6
:109090002DE9F843044601201D460E469DF8209018
:1090A0002F4F904600F056F904F0030040EA0540C7
:1090B00040F08070C7F80405C7F80865294E35717F
:1090C0000CF02CF838B9D7F8182522F0FF0242EA44
:1090D0000802C7F81825244B244AC3F8082514F0C1
:1090E000FB0F05D1224AC3F89825FC3AC3F89C250A
:1090F000B9F1020F2FD81F4B13F80950B9F1000F27
:1091000020D1174B012CC3F8205506D00123022C87
:109110007370F4700BD9BDE8F88303F580331649FA
:10912000164AC3F89815C3F89C257470F4700C4B5C
:10913000012200213270C3F80011C3F800121A6036
:10914000BDE8F8830CF008F80028DAD14FF4F97183
:109150003C20EFF767F940F2E7113C20EFF762F9A6
:1091600000F000405829002000F0014000000202F9
:1091700000F10040CCE00600501100400CF000402F
:10918000284B5A7870B5002A42D0274AC2F80C15ED
:10919000C2F81005DC7801259D70ECB1042C13D0C9
:1091A000197881B31B79023B0021012BC2F804110D
:1091B00005D81E480323C0F85011C2F81C351C4BBB
:1091C0001C4AC3F8042570BD00211D70C2F80411AB
:1091D000C2F80052156070BD1B78F3B1144BC2F891
:1091E00004414FF40034C3F80445D2F8006116B1CD
:1091F0005560C3F808450B7803704B78043343700F
:109200008B78837070BD4FF489713C20EFF70AF9B9
:1092100040F217213C20EFF705F9E6213C20EFF75B
:1092200001F900BF5829002000F000400010004064
:1092300000F0014000000202064B1A782AB10649EC
:109240000648C1F8080500221A700022A3F8012080
:10925000704700BF5829002000F0014000000202C2
:1092600008B50B4B1B784BB10A4BD3F8042152B114
:10927000D3F80004003818BF012008BD40F27D215A
:109280003C20EFF7CFF840F27E213C20EFF7CAF800
:109290005829002000F00040F8B5184B1B783BB36C
:1092A000174CD4F8043113BB164B0222C4F8042324
:1092B0001F691A6942F010021A61D4F8043107F0EC
:1092C000100753B9104E4FF40045C6F880510BF00B
:1092D00088FFD4F80431002BF7D027B9094A136965
:1092E00023F010031361064B0222C3F80823F8BDD4
:1092F00040F28E213C20EFF795F800BF582900205E
:1093000000F0004000ED00E000E100E0014B012230
:109310009A60704700F0004008B50B4B4FF40042D4
:10932000C3F88020BFF34F8FBFF36F8F074B00222E
:10933000C3F80025C3F80025FFF77EFF044B4FF468
:109340000002C3F8082508BD00E100E000F000407D
:1093500000F0014038B5144C0023C4F80035C4F8BF
:1093600000350546FFF768FF104B4FF40002012D52
:10937000C3F8082503D0022D08D085B938BD0223D3
:10938000C4F800350A4BC4F81435F7E70321C4F8D4
:1093900000150749C4F81415C3F80425EEE7822127
:1093A0003D20EFF73FF800BF00F0004000F0014023
:1093B0005D290020074B9B78012B08D0022B05D19B
:1093C000830702D4044B01221A6170477047420799
:1093D000F8D57047682A00200010004008B5144BEB
:1093E00093F84530D9070ED59A070DD5114BD3F810
:1093F000002242F00102C3F80022D3F8503503F0F6
:10940000F603022B0FD008BD5B07FCD50A4B0B4AB5
:10941000C3F8AC250BF0E3FD0028F4D040F2036163
:109420003E20EEF7FFFF40F2FC513E20EEF7FAFF40
:10943000682A00200010004000F0014008100040A1
:1094400030B52D4A431E83B0044682F82400072B12
:1094500048D8DFE803F0423D473847474704274BE9
:109460000520C3F81005264B244D5B5C92F925209E
:10947000C5F8083501F07F03C5F85435204601AB27
:1094800001F098FD9DF9040001F0F4FC9DF8050041
:1094900001F02EFE58BB0BF086FE90B14FF08052CB
:1094A000D5F88835D2F820231449022C0CBFC2F31A
:1094B0000662C2F3062223F4FE4343EA0223C1F804
:1094C000883503B030BD0D4B0620C3F81005CAE740
:1094D0000A4B0420C3F81005C5E7084B0320C3F866
:1094E0001005C0E740F6B9513E20EEF79BFF40F271
:1094F000CD513E20EEF796FF682A00200010004074
:10950000D0E0060070B54E4E431E82B0044686F889
:109510002400072B00F28F80DFE803F0574D8D52B7
:109520008D8D8D04474B0522C3F81025464A454BC7
:10953000525CC3F8082501F07F02C3F85425737804
:10954000012B63D03F4DD5F80032FF2243F48873DE
:1095500086F84820C5F800320BF0F5FD18B314F07A
:109560000C0244D00122C5F80423D5F83C3786F814
:10957000472023F0004323F0FF0343F0004343F070
:109580007D03C5F83C37D5F87C3786F8462023F0B4
:10959000004323F0700343F0004343F06003C5F839
:1095A0007C37EA632A64204601F0E8FC0BF0FBFDFF
:1095B00080B102B070BD234B0422C3F81025B5E77B
:1095C000204B0622C3F81025B0E71E4B0322C3F838
:1095D0001025ABE70BF0F6FD0028EAD1194AD2F8C6
:1095E000683543F4C023C2F8683502B070BDD5F8C1
:1095F0003C3786F8472023F00043C5F83C37D5F8C0
:109600007C3723F00043C5F87C37CCE796F925205A
:10961000F07801AB01F0CEFC9DF9040001F02AFCCA
:109620009DF8050001F064FD00288BD040F2CD517B
:109630003E20EEF7F7FE40F6B9513E20EEF7F2FE7F
:10964000682A002000100040D0E006001B4B10B537
:1096500060220021184605F0D9FD45F6FF72A0F8FA
:1096600048200BF040FD10B90BF046FD60B11448E6
:109670002422FF2105F0CAFD4FF080430022C3F8E9
:10968000082EC3F8102E10BD0BF03FFD0028EED1C0
:109690000BF059FD78B90BF04DFD044658B9084858
:1096A0003822FF2105F0B2FD4FF08043C3F8084E89
:1096B000C3F8104E10BD02484022DAE7682A0020A5
:1096C000000E0040962808B507D8064B95288CBF99
:1096D000002201221A70188508BD40F20B213E209D
:1096E000EEF7A0FE682A0020024B185C00F5166019
:1096F000704700BFD0E00600014B93F83800704778
:10970000682A002030B40B4B0B4A93F838101D6BBD
:10971000586B02EB8102401BD36C146F916A074AAD
:1097200003F2E7331B1B0844A2FB032300EB931057
:1097300030BC7047682A0020D0E00600D34D62108C
:10974000014B186B704700BF682A0020014B586B13
:10975000704700BF682A0020084B094A93F8381068
:10976000186B02EB81020749D36C926A03F2DB5358
:10977000801AA1FB0323A0EB93107047682A0020F6
:10978000D0E00600D34D621008B5154B013983F8BF
:10979000440007291AD8DFE801F017151904191930
:1097A0001904104A104B40F0007040F44030C3F8E8
:1097B0001425C3F81805D3F8503503F0F703032B2D
:1097C00009D008BD094AEDE7094AEBE740F20B3141
:1097D0003E20EEF727FE40F223313E20EEF722FE38
:1097E000682A002008019063001000400801100161
:1097F00008011000224BD3F8002222F0020242F4AA
:10980000801210B5C3F800221E4C1F4AC4F8A025D0
:1098100002F5DE421C32C4F8A4254FF48022C4F8BD
:1098200004250278032A26D1012919D0D3F814453A
:109830001649427824F47024C3F81445086A02F0EB
:109840003F0242F40C3240F0030042F420720862FE
:10985000C3F80009C3F81029012381F85C3010BD5A
:10986000D3F81415427821F4702040F40020074901
:10987000C3F81405E2E74FF45E713E20EEF7D2FD27
:109880000010004000F001402C110040682A002028
:1098900008B50BF088FC50B1054AD2F8743723F0B4
:1098A000807323F0010343F08073C2F8743708BD5E
:1098B00000100040474B022270B5C3F88020BFF370
:1098C0004F8FBFF36F8F444C00220123C4F8FC2F4D
:1098D000C4F8FC3F0BF076FC28B1D4F83C3743F4D5
:1098E0008063C4F83C370BF019FC60B13A4AD2F8F7
:1098F0003C3723F0004323F0FF0343F0004343F0E1
:109900009603C2F83C370BF04EFC40B1324AD2F815
:10991000403723F47F4343F4B053C2F840372E4C12
:109920002E4BC4F8783701F0F3FB38B14FF0805379
:10993000D3F83033591C18BFC4F84C374FF01023FC
:109940001B6E5A1C0AD02449D1F88C251B0403F441
:109950007F0322F47F021343C1F88C351E4D204A49
:10996000204C40F20311C5F83415107C012340F25D
:109970005B6284F82430C5F83825C5F830350323F8
:10998000C5F81035022640F20123C5F85036C5F857
:10999000006201F0C3FB144B4FF04062C3F8042592
:1099A000002323702387636384F845309622228541
:1099B000D5F80029226284F85C30064A236EC2F88A
:1099C00080611021C5F80413166013B1BDE8704022
:1099D000184770BD00E100E0001000402C00008935
:1099E00034000020682A002000F0014038B50368E8
:1099F0003D493E4A1C0E1B02C1F82445C1F81C35E6
:109A00004368C1F83C35037A82F8263090F809C0E3
:109A1000837A82F844300CF1FF3107295ED8DFE801
:109A200001F036565D045D5D5D04314D2E4C43F012
:109A3000007343F44033C4F81455C4F81835D4F80F
:109A4000503503F0F703032B31D082F824C00729E7
:109A50003FD8DFE801F034143E0C3E3E3E04224B7A
:109A60000521C3F81015C37A82F8253038BD1E4B86
:109A70000621C3F81015C37A82F8253038BD1A4B79
:109A80000421C3F81015C37A82F8253038BD164971
:109A9000184CC1F8144543F0007343F44033C1F847
:109AA0001835D1F8503503F0F703032B04D140F2F9
:109AB00023313E20EEF7B6FC012382F824300A4B16
:109AC0000321C3F81015C37A82F8253038BD0A4D3A
:109AD000ACE740F6B9513E20EEF7A4FC40F20B3162
:109AE0003E20EEF79FFC00BF00100040682A0020D7
:109AF000080190630801100008011001014B83F870
:109B000025007047682A0020034B020E0002C3F8AC
:109B10002425C3F81C05704700100040014B83F852
:109B200026007047682A00202DE9F0415F4D95F826
:109B30004530DB0786B040F1AA8000280CBF042224
:109B40000222002304460E468DF804208DF80630CC
:109B500001F062FD01284FF0FF3088BF00208DF832
:109B6000050001A805F0BEFB002840F08B8095F8A9
:109B700045304F4F43F0020385F84530D7F80032A7
:109B80004FF0010843EA080385F85D80C7F800320A
:109B9000002C3BD0012C58D02B8D464A952BD2F867
:109BA0004C257ED8B4FA84F401A8022364098DF808
:109BB00004308DF8054005F00BFC0DF1030005F0B5
:109BC0009DFB002868D1AA789DF80330012A18D09F
:109BD000022A11D183F00203C3F3400385F85E30FB
:109BE0003BB13549324B4FF460100122C1F80805F2
:109BF0001A6106B0BDE8F08185F85E0006B0BDE8E8
:109C0000F08183F00403C3F38003E7E795F826109F
:109C10003046FFF715FC274B2A8D85F80280952AE0
:109C2000C3F84C80C7F80080D3F84C35BAD9234824
:109C300023492833C36001F043FA01300128B1D928
:109C400040F224713E20EEF7EDFB95F826103046E9
:109C5000FFF758FC0223AB702A8D164B952ADC6463
:109C60007C60D3F84C359DD9144815492933C3601D
:109C700001F02CFA0130012894D940F22E713E20D7
:109C8000EEF7D0FB40F6E7213E20EEF7CBFB40F2AB
:109C900057713E20EEF7C6FB40F618313E20EEF736
:109CA000C1FB40F232713E20EEF7BCFB682A002077
:109CB000001000400080004000F00140340000200F
:109CC00064E1060070B582B005F098FB05F0B8FBC2
:109CD000504A514BD2F8046310240221C2F80843C1
:109CE000C2F800124FF46021C3F80815D2F85035BD
:109CF0004A4C0021DBB2054606F0100684F84510F8
:109D0000002B51D1238D952B04D9A378012B76D02C
:109D1000022B6AD03F4B0022C3F810212271D3F8E6
:109D20003C1784F8472021F00041C3F83C17D3F8D2
:109D30007C1721F00041C3F87C1794F85C10228056
:109D4000A270E9B184F85C20D3F8002222F48012DA
:109D500042F00202C3F800222F4A4FF48021C2F8D9
:109D60000815D3F8142522F47022C3F81425226AAA
:109D700022F00302C3F800292262294AC3F81029FD
:109D80001EB1244B1022C3F8042315B1214B01222C
:109D90001A6194F85E302BB11E4A01210023116133
:109DA00084F85E3002B070BDFF238DF807300123C8
:109DB000C2F8101113619DF807304BB90CE09DF803
:109DC0000730013BDBB28DF807309DF807301BB13F
:109DD000D2F81031002BF2D09DF80730002B91D132
:109DE00040F691013E20EEF71DFB01F07BF90130BA
:109DF00001288FD940F6A8013E20EEF713FB01F0B1
:109E00006BF90130012885D940F6A2013E20EEF71A
:109E100009FB00BF0010004000F00140682A00204C
:109E2000803202002C4BD0B500222C4CC3F84825C0
:109E3000C3F84425C3F84025C3F84C25FFF742FF7B
:109E4000238D952B34D894F85D302BB105F050FA62
:109E500000283CD184F85D00002005F055FA88BB4D
:109E6000E26B1F491C4B42F04462C1F808251D4AB1
:109E7000C3F84805002600270221E063C3F8440523
:109E80002076C3F84005C4E90C67C3F84C05C3F855
:109E90004801C3F84401C3F84001C3F84C01C2F8BB
:109EA0008010BFF34F8FBFF36F8FC2F88011D0BD0A
:109EB00001F000F901300128C5D940F241513E209E
:109EC000EEF7B0FA40F25A513E20EEF7ABFA40F20C
:109ED00057513E20EEF7A6FA00800040682A002085
:109EE00000F0014000E100E02DE9F0439B4C94F8C4
:109EF000453043F0020387B00F4684F845300646EC
:109F0000002840F0868004230DEB03098DF804300F
:109F10008DF8060001F080FB01284FF0FF3088BF6C
:109F200000208DF80500484605F0DCF9002840F0D7
:109F3000D780012594F8261084F85D503846FFF745
:109F40007FFA2378A570AB4206D18549D1F800226B
:109F500042F00802C1F80022824A834802EB47021D
:109F60004FF48011B2F8AC50E26B05F5FA7542F48B
:109F70008012E263A0FB05257C4AAD09C2F80415F6
:109F8000002B66D194F8453043F0020384F8453045
:109F9000FFF724FA0BF023F88046002868D103F07D
:109FA0005BF8002E724B039008BF012200F5A870E9
:109FB00018BF00228DF8048002938DF8052053F815
:109FC000203004935BD1674E674A06EB470748464B
:109FD000B7F8AC3003F51673A2FB03239B09059376
:109FE00005F0F6F9238D952B7FD80DF1030005F0D0
:109FF00085F9002840F0A780A2789DF80330012A57
:10A0000069D0022A53D084F85E00284607B0BDE824
:10A01000F08300234FF002088DF806308DF804809D
:10A0200001F0FAFA01280DF104094FF0FF3088BF62
:10A0300000208DF80500484605F054F90546002833
:10A040004ED101239E4284F85D305ED02378002BF0
:10A0500098D0012B9CD194F8453043F0040384F848
:10A060004530FFF7BBF90AF0BAFF8046002896D0CA
:10A07000FFF728FE0025284607B0BDE8F083282317
:10A080004846059305F0A4F9238D952BADD9012EF3
:10A090005ED1384838492923C36001F017F80130F0
:10A0A0000128A2D940F22E713E20EEF7BBF983F0D1
:10A0B0000203C3F3400384F85E30002BA5D02B4984
:10A0C000274B4FF46010C1F80805012228461A6199
:10A0D00007B0BDE8F08383F00403C3F38003EAE72D
:10A0E00040F6E7213E20EEF79DF92248282306F1AD
:10A0F0009401C36000F0E4FF013001287FF675AFE2
:10A1000040F224713E20EEF78DF994F8261038467F
:10A11000FFF7F8F9237884F80280012B06D1104963
:10A12000D1F8002242F00402C1F80022E26B42F4AE
:10A130000012E2630D4A4FF40011C2F804152925FC
:10A14000002B86D11EE740F618313E20EEF76AF963
:10A1500040F232713E20EEF765F900BF682A002018
:10A1600000100040D0E00600D34D621000F0014026
:10A17000008000403400002064E106002DE9F04337
:10A180000D4687B017460646002839D104230DEB4B
:10A1900003088DF804308DF8060001F03DFA01281F
:10A1A0004FF0FF3088BF00208DF80500404605F0D5
:10A1B00099F8002840F00B81A14C4FF0010994F868
:10A1C000261084F85D903846FFF73AF9227884F833
:10A1D00002904A4500F0E0809A4B9B4903EB47030D
:10A1E000B3F8AC3003F5FA73A1FB0313A5EB931599
:10A1F000002A40F0F180954B954AC3F8AC2531E038
:10A2000000234FF002098DF804908DF8063001F01C
:10A2100003FA01280DF104084FF0FF3088BF002039
:10A220008DF80500404605F05DF8002840F0CF802D
:10A230000123834C9E4284F85D3040F0F78094F80F
:10A2400026103846FFF75EF9237884F80290012B38
:10A2500000F0A280293D002B40F0BE807B4B7D4A60
:10A26000C3F8AC257C4B794AC3F840557B49C2F80A
:10A27000A815A3F5E0431021C3F80413E36B43F4DE
:10A280000023E3634FF40023C2F8043594F845300B
:10A2900043F0020384F84530FFF7A0F86E4B01222B
:10A2A000DA64D3F84C25AA4262D20293002E4FF012
:10A2B00000038DF80430039308BF012304958DF843
:10A2C000053026D15F4E604A06EB47074046B7F897
:10A2D000AC3003F51673A2FB03239B09059305F02D
:10A2E00077F8238D952B00F28C800DF1030005F09B
:10A2F00005F8002840F09580A2789DF80330012AE7
:10A3000031D0022A1ED084F85E00012007B0BDE8DB
:10A31000F08328234046059305F05AF8238D952BAA
:10A32000E3D9012E40F087804D484E492935C5605C
:10A3300000F0CCFE01300128D7D940F22E713E202A
:10A34000EEF770F883F00203C3F3400384F85E3045
:10A35000002BDAD03D493E4B4FF460100122C1F88A
:10A3600008051A61D1E783F00403C3F38003EDE726
:10A37000364A0025C3F84055C2F8AC55E36B4FF49C
:10A38000002123F40023E363C2F80815FFF79AFCC9
:10A39000284607B0BDE8F0832F4B2C4AC3F8405540
:10A3A0002E49C2F8A815A3F5E0431021C3F8041301
:10A3B000E36B43F40023E3634FF40023C2F8043556
:10A3C00094F8453043F0040384F8453064E740F6E0
:10A3D000E7213E20EEF726F81F4B1C4AC3F84055F4
:10A3E0001E49C2F8A815A3F5E0431021C3F80413D1
:10A3F000E36B43F40023E3634FF40023C2F8043516
:10A400004AE71748283506F19401C56000F058FE68
:10A41000013001287FF669AF40F224713E20EEF74B
:10A4200001F840F618313E20EDF7FCFF4FF40161D2
:10A430003E20EDF7F7FF40F232713E20EDF7F2FFDC
:10A44000682A0020D0E00600D34D621000F00140E1
:10A450000010004004100040008000404081004097
:10A460003400002064E10600014BC3F83C0570474E
:10A470000010004010B50446074804F045FF28B915
:10A4800094E80F00054C84E80F0010BD40F6111150
:10A490003E20EDF7C7FF00BFB5930300CC2A002094
:10A4A00008B5174B174993F84520C1F8040542F049
:10A4B000010C1864900783F845C00CD5D1F8003220
:10A4C00043F00103C1F80032D1F8503503F0F60330
:10A4D000022B0FD008BD5307FCD50B4B0B4AC3F81A
:10A4E000AC250AF07CFD0028F4D040F203613E2048
:10A4F000EDF798FF40F2FC513E20EDF793FF00BFCF
:10A50000682A00200010004000F0014008100040C0
:10A5100038B5144B5A6B82421ED2134901244C6445
:10A52000D1F844251C7605328242D86105D30F4B01
:10A53000D3F8042102B91C6138BDDA6B0C4C00253C
:10A54000C1F8445142F48002C1F844054FF480013F
:10A55000DA63C4F8041538BD40F622113E20EDF749
:10A5600061FF00BF682A002000800040001000400A
:10A5700000F0014010B50F4C94F839C094F8381031
:10A580000222BCF1010F03462276208D94F824208C
:10A590000BD000F0D3FCE061636B074A0021034459
:10A5A000C2F84411C2F8443510BD00F0A9FCE061C6
:10A5B000F2E700BF682A002000800040C30003F1DA
:10A5C000804303F5F83310B4084A094CC3F810254A
:10A5D000012202FA00F0E26BC3F81415054B0243A6
:10A5E000E26310BCC3F80405704700BF04110040CB
:10A5F000682A002000F00140044BC3F86005D3F83E
:10A60000002242F04002C3F80022704700100040D0
:10A61000054BD3F80022002122F04002C3F80022AB
:10A62000C3F86015704700BF00100040044BD3F81A
:10A630004835024603F07F035B42012013707047E8
:10A640000010004070B5324E338DF170952B8CBFE9
:10A650000022012286B03270044608BB01227270CB
:10A66000B278022A30D096F8242001AD29492A4830
:10A6700001EB4201B1F8C02002F2E732A0FB021266
:10A6800003EB9212B4FA84F40123640928468DF88E
:10A6900004308DF80540029204F09AFE06B070BDB9
:10A6A0000222727001ADB17896F824200229DDD122
:10A6B0001849194801EB82010A6F02F2E732A0FB48
:10A6C0000212A3EB9212DDE701AD96F925202B468D
:10A6D000084696F8261000F06DFC9DF9040000F085
:10A6E000C9FB9DF8050000F003FD58B90B4AFF2394
:10A6F00086F84830D2F8003243F48873C2F800324A
:10A70000338DD0E740F2CD513E20EDF78BFE00BFF8
:10A71000682A0020D0E00600D34D621000100040EF
:10A72000024B0022C3F84025704700BF0080004064
:10A7300030B4044BD3E914459B6DC0E9004530BCEF
:10A740000B607047682A00202DE9F043B14BB24CF2
:10A750000125DD6487B0D3F84C6594F8447003F0AC
:10A76000B5FD94F8463020650022A6656265002B91
:10A7700070D0AA4BD3F80401D3F8101100295FD18F
:10A78000002840F03981D3F80021002A00F07382BC
:10A79000FF22C3F800015D610492049A2AB908E01F
:10A7A000049A013A0492049A1AB1D3F81C21002A9F
:10A7B000F6D0049B002B00F04283984B94F849108C
:10A7C000D3F8482502F07F029142C0F0A982934B52
:10A7D00001210020C3F81C0184F84820C3F80813A5
:10A7E000196499638B4B8D4901228020C1F80403C1
:10A7F0001A64D3F84025D3F8445502F56A5218324A
:10A80000954240F22582D3F84025E06B02F51C52B8
:10A81000103240F40020E06301F5F031C3F8402528
:10A820007F48804A0025C3F840514FF40023C1F807
:10A83000A805C1F8AC25C1F8043507B0BDE8F08320
:10A8400084F846208021784AC3F808134FF4002387
:10A85000C2F80835238D952BA37840F28E80012B0A
:10A8600000F08480022B00F038826F4AE16BC2F85E
:10A87000081500226949E26384F84520D1F80022D6
:10A88000257E22F48E7222F00102C1F8002265B109
:10A89000604AD2F84411003918BF0121012B00F0A1
:10A8A0008480022B00F0668100255C4BD3F81031C8
:10A8B000002B40F05B81594BD3F804110022891A18
:10A8C00018BF01218DF8141005A8C3F80021C3F8A2
:10A8D0000C21C3F81021C3F80421C3F81421C3F8D4
:10A8E0001821C3F80821C3F86C2104F09BFD10B1B6
:10A8F00045F01005EDB2474B0022C3F8442105F0A6
:10A900001802102A59D0434B94F83910D3F848252F
:10A91000D3F844350229C4E90C325ED0A378022B67
:10A920005BD094F82410637894F802C084F838104F
:10A9300084F839C0002B00F0858115F0110F40F02C
:10A94000C881207994F80080B3F1010918BF4FF055
:10A950000109012800F02881022867D0002800F0B2
:10A96000F38040F6BF213E20EDF75CFD00F0B4FB24
:10A970000130012800F24A82A3782B4AE16BC2F829
:10A9800008152648217E0022E26384F84520D0F88D
:10A99000002222F48E7222F00102C0F80022002967
:10A9A0007FF476AF012B7FF47CAF1C4BD3F80C51B6
:10A9B000002D3FF47AAF08257DE7A278012AA2D1C5
:10A9C00094F83910D3F84825D3F8443545F02005DC
:10A9D0000229C4E90C32EDB2A3D194F82410042961
:10A9E00001D008299FD10D4BD3F8143413F0060F72
:10A9F0000CBF0821042196E70B4A8020C3F8080306
:10AA00004FF40023C2F8083584F8461007B0BDE8BB
:10AA1000F08300BF00800040682A00200010004042
:10AA2000408100401410004000F00140B048FEF7A3
:10AA3000DDFF61690023B8F1010F2380A37023714A
:10AA400004D13B368E4208D884F80080E27848462C
:10AA5000FFF794FB002840F09481A64A0126166176
:10AA600094F85C30FBB1A34BA349D3F8002222F445
:10AA7000801242F00202C3F800224FF48022C1F893
:10AA80000825D3F8142522F47022C3F81425226A6D
:10AA900022F00302C3F800292262984AC3F8102961
:10AAA000002384F85C30EB0700F1C980A80700F1AF
:10AAB000A48015F0280F06D085F02001E36EC1F3C5
:10AAC00040113046984715F0100501D0236F984784
:10AAD000A378022B18D1237EB3B1022B00F04A8158
:10AAE000012B40F0A781E369626B934240F29D81A4
:10AAF000834AC2F84435E36B7F4A43F480034FF442
:10AB00008001E363C2F8041504F004FC00287FF41C
:10AB10007DAF002D3FF47AAF0390039B0133039385
:10AB2000039B013364D0734AD2F8503503F0F70326
:10AB3000042B57D0734B00200221C2F81001C3F838
:10AB4000801107B0BDE8F083208DBCF1000F00F04C
:10AB50006781012B019240F0DB80BCF1010F00F016
:10AB60004B8100F08FF9019A811863E745F01005D9
:10AB7000EDB2A0E65F4AD2F80C01D2F8002400281A
:10AB800006BF00230425062512F0010F18BF1D463D
:10AB900031B105F00B0345F0010243F00103D5B2DA
:10ABA000002B7FF488AE80E65148FEF71FFF94F833
:10ABB0003930002B00F02F81012B94F8382000F061
:10ABC0000081514B03EB8203226BD96C9B6AD21A32
:10ABD0004E4B01F2DB51A3FB0131A2EB91126169F3
:10ABE000114427E7039B01330393039B01339BD15C
:10ABF00040F6BA413E20EDF715FC0AF0D4FA0028E1
:10AC00005BD10AF0DFFA002857D13A4BD3F8503421
:10AC1000D90152D51A0705D013F0F00F02D013F462
:10AC2000706F4AD1334AD2F85414C3F30442012A54
:10AC300043D1012941D0C3F34253022B3DD8636E67
:10AC4000984740E72380A370237123761E4607E7C9
:10AC5000294C00224FF40025C3F84025C3F84021B9
:10AC6000C1F80803C4F80855C3F84021C1F8080327
:10AC7000C4F80855CAE6D3F8481594F84700C3F855
:10AC80001C2101F07F0184F84810002858D194F865
:10AC90004920D3F874358A4275D89AB20F2A02D95E
:10ACA000B3F5003F6FD3134B01221A649A63114B23
:10ACB000D3F81C310593059B94E5236C5B78BB426C
:10ACC00053D945F00405EDB20020A36E31469847F4
:10ACD000F9E6FEF7F7FF0026C2E600F003FA431C90
:10ACE000012B7FF649AE40F6A8013E20EDF79AFB16
:10ACF000702A00200010004000F001408032020065
:10AD00000080004000E100E0D0E00600D34D62107A
:10AD1000BCF1010F75D000F0E3F8019A811889E6C3
:10AD2000D3F83C1721F00041C3F83C17D3F87C1747
:10AD3000002021F0004184F84700C3F87C1746E565
:10AD400094F849008842B2D2D3F83C1784F84720DF
:10AD500021F00041C3F83C17D3F87C2722F00042D1
:10AD6000C3F87C271D649D63A1E785F00400C0F350
:10AD70008000AAE7636BE169334A0B44C2F84435AB
:10AD8000B9E600266CE6314AD2F83C3723F000439E
:10AD900023F0FF0343F00043012143F07D0384F8D7
:10ADA0004710C2F83C37D2F87C3723F0004323F039
:10ADB000700343F0004343F06003C2F87C37116432
:10ADC00075E7531E072B0ED8DFE803F012140D04AD
:10ADD0000D0D0D040E211E4B03EB82039A6A236BAB
:10ADE0009B1A5A18FBE640F2AA213E20EDF71AFB07
:10ADF0000321F0E70221EEE700F062F8019A8118E2
:10AE000018E600F04DF8019A811813E640F6A20109
:10AE10003E20EDF707FB40F24E713E20EDF702FBBE
:10AE200040F651013E20EDF7FDFA40F69C413E20F0
:10AE3000EDF7F8FA40F69B413E20EDF7F3FA40F6C5
:10AE4000BF313E20EDF7EEFA0080004000100040D8
:10AE5000D0E00600024B03EB8003986A704700BF06
:10AE6000D0E00600024B03EB8003186F704700BF71
:10AE7000D0E00600024BC0B2C3F80C05704700BF1B
:10AE80000010004010B504460846FFF7EBFF034BE7
:10AE9000A3FB0030A4EB901010BD00BFD34D621097
:10AEA000054B064A33F8113003F2E733A2FB0323C4
:10AEB000023800EB93107047C8E10600D34D6210D2
:10AEC000054B064A33F8113003F57A73A2FB0323CE
:10AED00000EB9310704700BFC8E10600D34D62102D
:10AEE00010B504460846FFF7BDFF044A00F2E733F9
:10AEF000023CA2FB0330A4EB901010BDD34D6210B6
:10AF000038B50C4D35F8111005EB82056C692144FC
:10AF100001F6B7314FF47A7404FB001406481D465D
:10AF2000A0FB04341046FFF795FF0535A4092C4417
:10AF3000204438BDC8E10600D34D621070B5064606
:10AF400008461546FFF78EFF0A4B03EB85034FF4C7
:10AF50007A715C69084B04F6B734024601FB06447B
:10AF6000A41A2846A3FB0434FFF774FFA409053094
:10AF7000204470BDC8E10600D34D621010B50446F0
:10AF80000AF0E1F850B10A4AD2F84037082C23F011
:10AF9000004304D0042C02D0C2F8403710BD23F483
:10AFA0007F4343F0004343F44443C2F8403710BDAD
:10AFB000001000402DE9F04F294C83B0064698461A
:10AFC0000D46174600F0CCF82378B342814602D1F3
:10AFD0006378AB422AD0731E072B38D8DFE803F022
:10AFE000243537333737370402200DF107033A464B
:10AFF000294600F0BBF8824670BB28469DF907B091
:10B00000FEF772FB534602464146584600F076F87A
:10B01000B8F8003026706570A380A071A77084F81E
:10B02000039003B0BDE8F08F0020DEE794F9023012
:10B03000BB42D0D1E3788342CDD1A38894F90600F6
:10B04000A8F80030EDE70320CFE70120CDE740F27C
:10B05000F2310620EDF7E6F93D217520EDF7E2F932
:10B060004C000020014B186099807047E42A0020B2
:10B0700070B5084E04460025E36A53B1E16AF068F2
:10B080000B68E3620D704D708D70CD7005F0B2FAF3
:10B09000F2E770BD102B0020024BD86019745A8261
:10B0A000704700BF102B0020014B1B681B6818471E
:10B0B000BC060020014B1B685B681847BC060020DB
:10B0C000014B1B68DB681847BC060020014B1B685E
:10B0D0001B691847BC060020014B1B685B691847B9
:10B0E000BC060020014B1B689B691847BC0600206A
:10B0F000014B1B689B6A1847BC06002010B4034C28
:10B100002468A468A44610BC604700BFBC060020A9
:10B11000014B1878704700BF8C31002000220F4986
:10B1200038B50446134644FA02F0C007D5B248BF0A
:10B13000581C02F1010244BFCD54C3B2042AF2D11B
:10B14000064DC3F10402042BD2B24FF0FF0188BFB9
:10B150000022E81804F05AF82C7138BD983100200C
:10B16000014B187D704700BF482B0020042810B504
:10B1700011D883B104280CBF10242824A1420AD27C
:10B18000064C54F8200018B141568A42A8BF0A461E
:10B190001A70002010BD6FF01500FBE7482B00204F
:10B1A00030B50346114890F91C209A4219DD90F9F8
:10B1B00024209A4217DA9A1A846AA05C0C4A15561F
:10B1C0009D420DD00E32002918BF01309442C0B20A
:10B1D00006D129B1013BDBB2012B01D80130C0B24D
:10B1E00030BD0D20FCE70020FAE700BF482B00200F
:10B1F00040E2060008B5054B93F91C30984203DA8B
:10B20000FFF7CEFF024B1B56184608BD482B002007
:10B2100040E2060010B51C4C94F82C3073B90123A1
:10B2200084F82C3009F071FF48B1184BA362D82381
:10B23000236284F824300823A361237710BD09F02A
:10B2400079FF0028F1D109F07EFF0028EDD109F047
:10B2500041FF38B10E4BA362D823236284F8243017
:10B260000423E9E709F03FFF0028F3D109F044FF88
:10B270000028EFD109F052FF0028EBD140F2BB11BA
:10B28000742003F0D5FB00BF482B00207BE20600B2
:10B290004EE20600034610B3007888B91A79012AF5
:10B2A0001ED85A79012A1BD89A680E49643A8A42F4
:10B2B00016D8D8680C4B98422CBF0020012070474C
:10B2C00001280CD11A79012A09D85A79012A06D8FD
:10B2D000DA680449643A8A4201D89868EAE70020AB
:10B2E000704700BF3C8601000040420F10B5054C7E
:10B2F000236813B1984700232360BDE8104001F094
:10B30000EBBE00BF782B00202DE9F84388460746A6
:10B3100080B300F037F84FF0000905465FFA89F670
:10B32000AE420AD2304600F033F890F8264009F1D8
:10B330000109002CF2D1FF2E03D16FF00B00BDE804
:10B34000F883304600F024F80546848480F82640CF
:10B3500080F8286001460A4802F064F8202885F841
:10B3600027000AD001232F6285F82630204688F86E
:10B370000060E4E76FF01500E1E76FF02200DEE720
:10B380006D4C0400014B1879704700BF7C2B0020E6
:10B39000054B1A79824283BF1B6800EB400003EB28
:10B3A00000100020704700BF7C2B002010B510F06B
:10B3B00003040A460BD107490A71086030B102EB59
:10B3C00042021201214603F021FF204610BD6FF01A
:10B3D0000D00FBE77C2B002043F60952C0F3080365
:10B3E00002FB03F3400A03F5807302FB00F000EB5D
:10B3F0005320704743F6095CC0F3080210B50CFBFC
:10B4000002F2C0F34E24030E43EA01230CFB04F0C6
:10B41000090E02F580724FEA411C00EB52205A01DE
:10B42000B2EB030E4CEAD36C6CEB01044FEA841CC4
:10B430004FEA8E12B2EB0E024CEA9E6C6CEB040CDF
:10B440004FEACC0C4CEA527CD200D31841EB0C01F1
:10B45000DA03C903801841EA534141F1000110BDEC
:10B46000430B48F2376C0CFB03F34FEA134C00B567
:10B47000104B43F6095E0EFB1C0000FB03F35B0D53
:10B480000EFB03FE03EB4C230EF5745C0CF1080C71
:10B49000B0EB5C2F08D80EF5807EA0EB5E20C0B22A
:10B4A0000B6010705DF804FB013300200B6010701E
:10B4B0005DF804FB6F0C0100F8B5274DA94246D892
:10B4C000264E274F450F45EAC105A6FB0514C0F3DC
:10B4D0004F31A40B01EB054107FB1411A6FB0151F1
:10B4E000890B41EA04411F4C04FB110448F2376CFC
:10B4F000600B0CFB00F04FEA104C43F6095E1A4853
:10B500000EFB1C4505FB00F0400D0EFB00FE00EBA2
:10B510004C200EF5745C0CF1080CB5EB5C2F12D8C6
:10B520000EF5807EA5EB5E2E5FFA8EFE069D85F8F9
:10B5300000E00D0628184FEA112141F100011860C2
:10B5400059601460F8BD01304FF0000EEEE796210F
:10B550009B2003F06DFA00BFFF7F841E83DE1B4338
:10B56000000024F40080841E6F0C0100420B48F29E
:10B57000376303FB02F2120C43F6095C074B0CFB2A
:10B58000120101FB0333013B5B0D0CFB03FC50027A
:10B59000B1EB5C2F88BF0130184470476F0C01007D
:10B5A0001F2810B59FBF054B440103EB40101951F4
:10B5B00096BF42600020012010BD00BF882B0020F4
:10B5C00070B5012504460E4685407AB1002000F092
:10B5D00065FDE30003F1804303F5F833C3F810057C
:10B5E000C3F81465034BC3F8045570BD014BC3F891
:10B5F0000855FAE700F0014008B5064B93F800241F
:10B60000202A03D13F21022003F012FA83F83004EC
:10B6100008BD00BF882B002008B5064B93F8002416
:10B62000202A03D14521022003F002FA93F82804CE
:10B6300008BD00BF882B002010B5094A92F80034DD
:10B64000202B03D15021022003F0F2F9590102EB23
:10B650004313BDE81040525858680421104700BFFA
:10B66000882B002008B501B3F0B14FF0FF331A4624
:10B67000E0FB01320E498A4203D971216D2003F0AB
:10B68000D7F9180D40EA0230C3F30F134FF22441EB
:10B69000B0FBF1F203EB0040064B03FB1200B0FBE2
:10B6A000F1F040EA0240013008BD0846FCE700BF67
:10B6B0003F420F00000024F4014B9888704700BF00
:10B6C000C42F0020014B5888704700BFC42F0020B2
:10B6D00010B5EFF3108472B6064A93790133DBB2EA
:10B6E00093719379012B01D109F095FC04B962B6ED
:10B6F00010BD00BFC42F002070B50C4C267866B971
:10B700000125A0602570FFF7E3FF00F075FA30B95E
:10B710004FF080432573C3F80453002070BDA36825
:10B72000002BFAD09847A660F7E700BFC42F00208F
:10B7300038B5FFF7CDFF00F05FFA094C4FF08045B8
:10B7400040B109F055FC01232B61042363730023EE
:10B75000A37338BD032363730123C5F80433F6E7ED
:10B76000C42F002010B5EFF3108472B60A4B9A79FB
:10B7700022B94FF496716D2003F05AF99A79013A83
:10B78000D2B29A719A791AB9DB7B0BB900F022FA1E
:10B7900004B962B610BD00BFC42F002008B5054B28
:10B7A0001A7822B100221A731A70FFF7DBFF00200B
:10B7B00008BD00BFC42F0020024B587B003818BFC3
:10B7C00001207047C42F002073B51B4D2B7F63B938
:10B7D000286A00F0030009F038FC30B1EFF3108361
:10B7E00072B66A7B1AB103B962B602B070BD0122AB
:10B7F0006A7303B962B64FF080430822C3F8082386
:10B800004FF42073ADF80630BDF80640A4B2631EB5
:10B810009BB2ADF80630002CF6D14FF080460748B9
:10B82000C6F80C4109F038FC85F82540FFF780FF89
:10B830000823C6F80433D8E7C42F0020E82F0020DF
:10B840002DE9F041384C94F82630002B69D04FF0A8
:10B850008043D3F80071D3F8046157B10122C3F8D3
:10B860000823237B2BB1A368002525730BB19847D0
:10B87000A5604EB14FF080430022C3F8042102229C
:10B88000C3F80823FFF7A0FF4FF080462748D6F8FB
:10B890000C8194F82550EDB209F002FC20B140F281
:10B8A000C5116D2003F0C4F847B1637B032B05D1AC
:10B8B0000423637309F09CFB01233361B8F1000F8B
:10B8C00016D04FF080430022C3F80C21637B042B79
:10B8D00002D040F2D711E4E709F059FCC0B14FF0B3
:10B8E00080430022C3F8342C02236373FFF73AFF2E
:10B8F0004DB1002384F82530637B022B01D1FFF783
:10B9000017FFFFF72FFFBDE8F041084809F0D7BB4C
:10B9100009F004FC0028E2D109F015FC0028DED172
:10B92000E2E7BDE8F08100BFC42F0020E82F00202F
:10B9300010B5044C206A00F0030009F086FB0028D3
:10B94000F8D010BDC42F0020F8B5054650B10278DC
:10B95000042A07D8437842B9013B1F2B02D88378C9
:10B96000212B07D96FF0150076E0002BFAD18378F0
:10B97000002BF7D1814B0127C3F88070BFF34F8FA5
:10B98000BFF36F8F4FF08046C3F880717C4C4FF04F
:10B99000FF33C6F808330023C6F80031C6F8043177
:10B9A000C6F80C31A371AB88A38009F039FB08B14C
:10B9B0002770A771D6F80C24D6F80C34D20303D51F
:10B9C000DF0701D500F012F940F2F55363802B78C0
:10B9D000A9782377002222622174A273042B4ED807
:10B9E000DFE803F005033B494B000123236209F024
:10B9F0001EFB00284ED009F021FB236A03F003034D
:10BA0000984247D1AB79002B3ED1FFF791FF237CC1
:10BA10006BB12B785BB900F0EFF8054603F07EF9C7
:10BA20006FF00043002D00F0A580C4E905034FF03E
:10BA30008043D3F80C24D3F80C34D20303D5DB07AE
:10BA400001D500F0D3F84D4A01230020607384F83B
:10BA50002630C2F880311360F8BDFFF739FE4FF091
:10BA60008043D3F80C14D3F80C24CE03F9D5D007B7
:10BA7000F7D50223BAE7434BB8E7434BB6E740F2AA
:10BA800016316D2002F0D4FF4FF080430222C3F83C
:10BA90000423BCE74FF080430122DA600022C3F8A0
:10BAA0000421226AC3F8182509F014FB10B34FF0E3
:10BAB00080534FF08042D3F84432C3F34233C2F88C
:10BAC0003C3509F007FB10B34FF080430122C3F867
:10BAD0004C254FF0804301229A600222C3F80423D0
:10BAE000AA79002A93D1D3F8042391071CD440F2F9
:10BAF000CD21C6E709F0F7FA0028D8D109F0FCFA01
:10BB00000028D4D109F00AFB0028D0D1D9E709F0E8
:10BB1000EAFA0028D8D109F0EFFA0028D4D109F0C8
:10BB2000FDFA0028D0D1D4E7184A1669116941F00E
:10BB300010011161D3F8043106F010060BB909F0B9
:10BB400052FB4FF08047D7F8043183B1FFF7F0FE86
:10BB500026B90E4A136923F0100313614FF0804396
:10BB60000222C3F808230022C3F804214FE709F09A
:10BB700038FBE8E7C4E9053059E700BF00E100E021
:10BB8000C42F0020010002000100030000ED00E0CE
:10BB900010B50D4C04F1240009F082FA48B9637B1A
:10BBA000022B01D1FFF7C4FDBDE81040074809F0A2
:10BBB00086BA074A012384F82530BDE81040C2F850
:10BBC0000031FFF785BD00BFC42F0020E82F002003
:10BBD00000E100E04FF08042012353600023C2F8EF
:10BBE0000031014A13707047EB2F0020014B0122F6
:10BBF0001A707047EB2F00204FF08043D3F80031CC
:10BC000023B9034B187800F0010070470120FAE7D0
:10BC1000EB2F0020094B4FF0FF32C3F8082300221E
:10BC2000C3F84025C3F84021C3F84425C3F8442194
:10BC3000C3F84825C3F84821704700BF0080004082
:10BC4000084B094A1B78012B16BF4FF440314FF4C3
:10BC500000310023C2F84813C2F808130BB9C2F828
:10BC600040317047F02F002000B0004070B5EFF376
:10BC7000108472B6094A0A4B0025D2F80415D2F88E
:10BC800004612EB1596801315960C2F80451F4E7DA
:10BC90005B6804B962B6C0E9001370BD00B0004033
:10BCA000F02F0020094BD3F80435C01A20F07F4351
:10BCB00023F001033BB120F07F40B0F5000F8CBFB3
:10BCC0000220002070470120704700BF00B00040F4
:10BCD000104B4FF40062C3F88020BFF34F8FBFF3C7
:10BCE0006F8FC3F880210C4B01225A609A60D3F801
:10BCF0000425002AFBD10949C3F808134FF4403149
:10BD0000C3F84813C3F84021C3F84421C3F8042101
:10BD1000704700BF00E100E000B0004002000300F7
:10BD200008B5144BD3F8042522F00302C3F8042508
:10BD3000D3F8082542F00302C3F80825102292FA2E
:10BD4000A2F2B2FA82F2092A04DD0B4840F29131E4
:10BD500002F064FEC3F810250122DA60074A9268F7
:10BD6000C3F80022064B4FF48072C3F880211A609A
:10BD700008BD00BF0080004092420700F02F002065
:10BD800000E100E008B50A4B4FF48072C3F8802050
:10BD9000BFF34F8FBFF36F8F0649C3F88021012097
:10BDA0004860FFF737FF044B086100221A7308BD93
:10BDB00000E100E000800040F02F002010B5234C8F
:10BDC0000023FF224FF0FF314FF0FF30C4E90401A0
:10BDD000237062736360FFF7D5FFFFF779FF1C4B99
:10BDE0004FF400621A60A1691A4A31B90123136045
:10BDF000184B0222C3F8042310BD174B1748C3F891
:10BE0000A805C3F8AC15C3F85C294FF40022C3F8A9
:10BE10000425134A0521C2F8401501211160D2F80A
:10BE200040110029FBD04FF40021C3F8081501216F
:10BE30005160D1600021C2F84011C2F84015C3F82A
:10BE4000A815C3F8AC15C3F8AC15D1E7F02F002046
:10BE500000E100E000B0004000F0014040810040FF
:10BE600000800040014BD3E904017047F02F00200F
:10BE7000014BD3F80405704700B0004013B5684685
:10BE8000FFF7F4FEDDE90004FFF7A6FA024B0021FC
:10BE9000E4FB030102B010BD0080841EB1F1FF3F3E
:10BEA00008BFB0F1FF3F2DE9F041424C05460E4678
:10BEB0003AD1414DD5F800318BB3404E404BC6F8D6
:10BEC0000835FFF7BDFE4FF000080123A36084F89A
:10BED0000D80FFF757FFFFF723FF3A4BC5F80081AE
:10BEE000394FC6F8A8354FF40023C6F8AC75C6F82C
:10BEF000043509F0BAF8D5F800312BB10123C5F8A3
:10BF000000817B60FB60F4E7013041F10001022316
:10BF1000C4E904012370FF236370BDE8F08109F0D8
:10BF2000A4F8C51C41F10006D4E90473B34208BF6C
:10BF3000AF42F2D0214B224AC3F80825FFF780FE1A
:10BF40001D4A4FF4803125F07F480023C2F80813C2
:10BF50004046C2F84813C2F84031FFF7A3FE20B1B3
:10BF600040F226316C2002F063FDC2F84085C2F831
:10BF700044132378012B06D127F07F473846FFF77B
:10BF800091FE0128FAD0002301276373A760FFF711
:10BF9000F9FEFFF7C5FE094B27704FF00042C3F8CA
:10BFA000042504236370044BC4E90456C3F84873A2
:10BFB000B3E700BFF02F002000B0004000F00140C8
:10BFC0000000088000B1004000800040032870B5E8
:10BFD0002D4B06D9011FC9B201292FD940F2763164
:10BFE0000BE0D3E90441B1F1FF3F08BFB4F1FF3FDB
:10BFF00006D11B7B23B940F255316C2002F018FDAD
:10C000002249234D00F110040123800003FA04F4B7
:10C01000C5F808430B5000F1804101F50041D1F80B
:10C020004005101A022805DDC1F84025C5F8044373
:10C03000012002E00020C1F8400570BD1C782CB141
:10C040005B78834202D140F27231D6E7114B124E37
:10C0500022F07F458A0013444FF480348C40002244
:10C06000C6F808432846C6F848431A60FFF71AFE88
:10C0700040B901F5A87146F82150C6F80443C6F846
:10C080004443D5E71046D8E7F02F00204080004019
:10C090000080004040B1004000B0004008B520B131
:10C0A0004FF461716C2002F0C3FC014808BD00BF71
:10C0B00040810040032837B508D9041FE4B2012CA1
:10C0C00019D940F2CA316C2002F0B2FC234900F1C8
:10C0D000100201239340C1F8083300F5A873002231
:10C0E00041F823201E4B81005A5053F82030009312
:10C0F000009B03B030BD1B4D2B7893B16A78824210
:10C100000FD1194A1949C2F80815012B01D1FFF7BF
:10C1100039FE00232B704FF0FF324FF0FF33C5E99B
:10C120000423134A4FF48033A340C2F80833C2F803
:10C13000483304F5A87352F82300FFF7B3FD012834
:10C1400018BF0C4B22B24FEA84041CBF00211951C6
:10C15000084B53F822300193019BCAE7008000404E
:10C1600040810040F02F002000F0014000000880D6
:10C1700000B0004040B1004010B50A4B0446012217
:10C1800010B1C3F8442310BDC3F84823FFF7FAFDEC
:10C19000054B4FF0FF304FF0FF31C3E904011C7035
:10C1A000F1E700BF00B00040F02F00201F4A08B5A3
:10C1B000D2F80433D90311D5D2F8403173B100233A
:10C1C000C2F84031D2F84005FFF76CFD30B14FF4B2
:10C1D0008033C2F80833042001F0ACFE134AD2F8D1
:10C1E00004339B0311D5D2F8443173B10023C2F854
:10C1F0004431D2F84405FFF755FD30B14FF4003318
:10C20000C2F80833052001F095FE084BD3F804214D
:10C2100032B10022C3F80421054A53680133536048
:10C22000044B4FF40062C3F8802108BD00B0004009
:10C23000F02F002000E100E038B5364C637BFF2B87
:10C2400064D0237883B10122022B227319D1324B9F
:10C250004FF40022C3F80825002323704FF0FF326B
:10C260004FF0FF33C4E904232C4BD3F8042310030D
:10C270000DD5D3F84C2152B140F20F416C2002F0A1
:10C28000D7FB022360782370FFF714FFECE7D3F8A5
:10C29000042351030DD5D3F8483153B10220FFF7E1
:10C2A00009FF1F4B4FF48072C3F88021022001F078
:10C2B00041FE1A4BD3F8042392030DD5D3F8443131
:10C2C00053B10120FFF7F6FE154B4FF48072C3F80F
:10C2D0008021012001F02EFE104DD5F80433DB0340
:10C2E00016D5D5F840319BB10020FFF7E3FE0C4B8B
:10C2F0004FF48072C3F880210020FF236373A06095
:10C30000C5F80002BDE8384001F014BE0620F9E788
:10C3100038BD00BFF02F002000F001400080004039
:10C3200000E100E02DE9F04F97B01C46CDE9021284
:10C33000DFF8FCA28046FFF795FD4FF08042012315
:10C34000C2F80835DAF800200F461360B949082210
:10C3500002EB441253185558B3F80E90CDF81090D4
:10C36000D3E901B201EB441C06921C7B5A7BDB68CB
:10C3700000920CF1080C07930646BCE80F000DF183
:10C38000380EAEE80F009CE803008EE8030025F0AD
:10C390007F40FFF721F84B4601331C44A64B9842DF
:10C3A000044400F237829C4200F3E480002CC0F287
:10C3B000C180FFF721FC009B012B024608D0DAE97F
:10C3C0000613B3F1FF3F08BFB1F1FF3F00F0B780A4
:10C3D0000192FFF777F940F256339842019A00F044
:10C3E000D78040F2F553984200F0CF80B0F5C67F79
:10C3F00000F0C58000230193002103200591B7F1CF
:10C40000FF3F08BFB6F1FF3F1FD0AE4277EB0B03F3
:10C41000C0F08280B6EB050C67EB0B03BCF5000F98
:10C4200073F1000380F00082A5EB060CBCF1000F55
:10C4300033460ADD0598002800F0AD809AF8200008
:10C4400000280CBF0846002000E0434615F1FF39E4
:10C45000A9EB030C4BF1FF3184454B4657DB002A17
:10C4600041D00993029B0891B9EB080861EB0302E4
:10C470000292FFF727F940F2563C6045DDE90813C8
:10C48000029A00F0DD8040F2F55C604500F0BE806D
:10C49000B0F5C67F14BF09201620804572F1000256
:10C4A00080F0BA80039A012A00F0CC80059A002A15
:10C4B00073D1B7F1FF3F08BFB6F1FF3F6DD0B6EBC8
:10C4C000090C67EB0102BCF1050F72F1000080F26C
:10C4D0008481BCF1010F72F1000318DA394633464A
:10C4E000059FB14668E0DAE90620B0F1FF3F08BFDA
:10C4F000B2F1FF3FB5D0DDF804C0AA1A6BEB000023
:10C50000624570F10002ACD2009A012AA9D000263F
:10C51000304617B0BDE8F08FB5EB060C6BEB0703A8
:10C52000BCF5000F73F1000380D340F2317170202D
:10C5300002F07EFA04F1F45404F5902439E700285F
:10C540007FF446AF0190FFF7BDF840F256339842B2
:10C55000019A00F04B8140F2F553984200F01D81A2
:10C56000B0F5C67F00F01F81012303201146019220
:10C57000059344E704F1614404F5F70419E7002149
:10C580000D2303200193059139E73223019333E70B
:10C590001C23019330E7084658E74846059302916B
:10C5A000FFF77CFC0299059B0027B1F1FF3F08BF14
:10C5B000B9F1FF3F00F0338123F07F402A1A22F0C7
:10C5C0007F42013AB2F5000FA1D2069B5B191B1AFC
:10C5D00023F07F43B3F5000F99D80291FEF7FCFEDC
:10C5E000164B0299A4EB000898453BD3041B9C42D0
:10C5F000C0F0DF80104B984530D89C4240F2288133
:10C60000C4F1614404F5F704A0462CE03B208045CA
:10C6100072F10002FFF446AF0593009B02915F1E8A
:10C62000484618BF0127FFF739FC059B0299BCE774
:10C6300010300020882B0020FF7F841E0040420F16
:10C6400025202AE7B7F1FF3F08BFB6F1FF3F00F012
:10C65000F58039463346B1460027ADE708F1F45876
:10C6600008F5902844467D4B93F8283023B9049B65
:10C670001E33A34280F2A580039B012B04D001202E
:10C680000291FFF717FD0299049B4BB1A8EB03023F
:10C69000012000230291FFF799FC0299002854D051
:10C6A0000023424618460291FFF790FC0299064685
:10C6B00000284AD0009BDAF81820012BDAF81C3049
:10C6C00000F08480002F44D1B3F1FF3F08BFB2F1E6
:10C6D000FF3F00F098800120FFF74EFD9AF82030D0
:10C6E000002B40F08980049A1932A24280F2A18086
:10C6F0000024A8EB020223460220FFF767FC30B1BA
:10C70000DAF800301C604FF08043C3F80845069B00
:10C710001093079B119300238DF850300A934FF02C
:10C72000FF324FF0FF33CDE90E5BCDE90C230AADAC
:10C730000FCD4A4C0FC40FCD0FC495E80F0084E80D
:10C740000F00304617B0BDE8F08F0120FFF7B2FCB4
:10C75000DDE6B3F1FF3F08BFB2F1FF3F0BD0009120
:10C76000FFF700F84FF0FF324FF0FF33CAE906231E
:10C770000099002FB2D0019BB9EB030261F10003D5
:10C780000520FFF723FC00285DD09AF82030002B0D
:10C79000A9D101238AF82030A5E7322101233520D1
:10C7A000019105932BE60D210123102001910593A2
:10C7B00025E62A4B93F828306442A046002B7FF4EC
:10C7C0005BAF4FF4F261702002F032F9B3F1FF3F3A
:10C7D00008BFB2F1FF3FCCD0C1E7484608930291B1
:10C7E000059FFFF75BFB0299089BDEE61C210123F6
:10C7F0001F200191059302E60520FFF75BFC002353
:10C800008AF820306FE7FEF763FF08F02EFCCAE9D4
:10C81000060160E740F22141702002F009F940F280
:10C820007C71702002F004F940F23571702002F042
:10C83000FFF840F2BA71702002F0FAF840F2A361FA
:10C84000702002F0F5F840F22621702002F0F0F896
:10C8500040F65801702002F0EBF800BF902F002046
:10C860002DE9F04F8F4F97F8214004EB44033B44F0
:10C8700083B05E7A202E48D08B4BE5B26400002B4B
:10C8800000F08980894BDFF82892002B5FD006EBFF
:10C89000451207EB420A4FEA45189AF82830013B47
:10C8A000DBB2052B34D8834A12F803B0BBF1090F71
:10C8B0002ED0AFF30080EFF3108372B62C443C44CB
:10C8C0009AF829206272A27AB24204BF2022A27290
:10C8D00013B9AFF3008062B6B044730107EB4808A8
:10C8E00009EB4616012259F80330706888F82820B1
:10C8F0005946984797F8214004EB44033B44E5B27E
:10C900005E7A202E4FEA4404C1D103B0BDE8F08F17
:10C9100040F26E61702002F08BF862B6B044730191
:10C9200007EB480809EB4616012259F803307068F6
:10C9300088F828205946984797F8214004EB44038B
:10C940003B44E5B25E7A202E4FEA4404DDD006EB8C
:10C95000451207EB420A4FEA45189AF82830013B86
:10C96000DBB2052BD4D8534A12F803B0BBF1090F40
:10C97000CED0AFF30080EFF3108372B62C443C446A
:10C980009AF829206272A27A964204BF2022A272EB
:10C99000002BC3D1C1E7454BDFF818B1DFF810A178
:10C9A0004FF02009002B51D006EB451207EB420255
:10C9B0004FEA451892F82830013BDBB2052BA7D887
:10C9C0001BF803100929A3D0EFF3108372B62C448F
:10C9D0003C4492F829206272A27A964208BF84F8F9
:10C9E0000A90002B54D0B04407EB480873010AEBBF
:10C9F000461601225AF80330706888F828209847B4
:10CA000097F8214004EB44033B44E5B25E7A202EC4
:10CA10004FEA4404C8D178E762B6B044730107EB2B
:10CA200048080AEB461601225AF80330706888F865
:10CA30002820984797F8214004EB44033B44E5B293
:10CA40005E7A202E4FEA44043FF45FAF06EB4512B6
:10CA500007EB42024FEA451892F82830013BDBB25F
:10CA6000052B3FF655AF1BF8031009293FF450AFD3
:10CA7000EFF3108372B62C443C4492F82920627282
:10CA8000A27A964208BF84F80A90002BC5D1C3E76A
:10CA90000191AFF3008062B6B044019907EB4808FA
:10CAA000A4E700BF103000200000000000000000DC
:10CAB000882B0020ACE206002DE9F04F85B00D4632
:10CAC00014461F469DF838B0FEF750FD2E68696881
:10CAD000031947F10002B342019372EB0103029282
:10CAE000C0F0CA80DFF8A891DFF8A8810BEB4B03F8
:10CAF0004B440393DA46039B1C7A202C3BD040F234
:10CB0000F5578C460FE06B7B012B02D0537D012B38
:10CB100056D004EB4A1409EB440494F82940202C25
:10CB200029D0D5E9006C08EB44124FEA441B916808
:10CB30001369D0685B1840F100009E427CEB000353
:10CB4000E1D240F2563740F2F55608EB0B0C29685B
:10CB5000AB68DCF808006A685B1842F10002984292
:10CB6000DCF80C3093411AD39CF81530012B02D01D
:10CB70006B7B012B03D0012005B0BDE8F08F411A7B
:10CB80000091FEF79FFDB84200993FD0B04228D0F7
:10CB9000B0F5C67F14BF01230E239942EBDA08EBF0
:10CBA0000B032A7C197E91421FD904EB4A1409EB2E
:10CBB000440494F82940202CDDD04FEA441BC4E7FC
:10CBC000761AFEF77FFD40F25633984220D0B842E5
:10CBD00009D0B0F5C67F14BF01230E239E42B0DBFF
:10CBE00097E73323D9E73323F8E7D3E902611C69D8
:10CBF0005B7DA61941F10001012B0BD0019BB342D3
:10CC0000029B8B4138D3C5E9006174E71D23C4E75B
:10CC10001D23E3E76B7B012BF0D00091FEF752FD63
:10CC200040F25633984200992CD040F2F553984286
:10CC300026D0B0F5C67F14BF01230E239C42DDDA57
:10CC4000FEF740FD40F2563398421FD040F2F553B4
:10CC5000984219D0B0F5C67F14BF01260E26C344F2
:10CC6000DBF80830DBF80C10F618019B41F10001ED
:10CC7000B342029B8B41C6D2002005B0BDE8F08FC5
:10CC80003323DBE71D23D9E73326E8E71D26E6E754
:10CC900010300020882B00202DE9F047154692F82F
:10CCA000008092F80BC0AF7A12891C4686B0002330
:10CCB000E3602361C4E9003327749DF8389084F859
:10CCC0000DC00646A3606361E28184F811800F46BF
:10CCD000B8F1000F42D1FEF78DFBD5E904C24C4BF1
:10CCE000C31841F1000E9C4572EB0E030AD3013EBE
:10CCF00047F1FF37C4E900674FF47A73A36006B0C9
:10CD0000BDE8F087263041F10001844572EB010354
:10CD1000EDD3288901300021844572EB01036AD3E9
:10CD2000BCEB000062EB010104F10C03009303AAC9
:10CD300004ABFEF7C1FB039B6A68288947331344A1
:10CD40001844FEF713FCDDE90432C01A20F07F40DE
:10CD5000C4E90032A06006B0BDE8F0872D4804A900
:10CD6000801A04F10C02FEF77BFB2B4B1B78202B67
:10CD700024D02A490B69D1E90521053342F1000A83
:10CD800013EB01084AF1000A6B68227BE089473304
:10CD900010441844C4E9008AFEF7E8FB3246A0605C
:10CDA0003B462869CDF800902146FFF785FE002814
:10CDB000A5D1C4E9006706B0BDE8F087637B16F132
:10CDC000090847F1000A012BDED0FEF715FF002805
:10CDD000DAD1FEF777FC40F2563398420ED040F29B
:10CDE000F55398420FD0B0F5C67FCDD116F1160895
:10CDF00047F1000AC8E74046414695E716F1250885
:10CE000047F1000AC0E716F13B0847F1000ABBE70B
:10CE10000040420FFF7F841E882F0020902F0020AB
:10CE20002DE9F047374DDFF8E08000EB40032B445D
:10CE300006461C7A4700FFF71BF84FF0200C4FEA1C
:10CE4000461E08EB44110EEB0403D1F808A00A6952
:10CE5000AAEB000929F07F49B9F5000F05EB430360
:10CE60000DD812EB0A02121A22F07F42B2F5000F1F
:10CE700005D8BCF1200F0BD12046BDE8F08793F810
:10CE80002930202BA4461C46DBD1BCF1200FF3D067
:10CE9000BB192B440CEB461205EB420293F80880B9
:10CEA00092F829201A72710144464FF0040E0B19B2
:10CEB00005EB430322469445204683F828E093F887
:10CEC0002940F4D1BB192B440A4493F80AE0BEF17F
:10CED000200F5FFA8EFC18BF8C443E4418BF05EB50
:10CEE0004C0C05EB4202354408BF83F809804FF033
:10CEF000200318BF8CF82980A87282F829302046B8
:10CF0000BDE8F08710300020882B00202DE9F0418B
:10CF10004E4D01EB41032B440C461E7A202E8046D9
:10CF20004FEA410741D14A4B0BB1AFF3008008F003
:10CF30009CF895F82230202B0AD0464BD3E904E226
:10CF400010F1020C41F10003E64572EB030331D30B
:10CF5000202E0AD042463346FFF7E4F900283FD09E
:10CF600085F822600220BDE8F081D5E90623B3F1FF
:10CF7000FF3F08BFB2F1FF3F1FD195F8203043BB00
:10CF80000420FFF797F808F080F80020FFF7F4F886
:10CF900029684FF08042202085F8220000230B6092
:10CFA0000120C2F80835BDE8F0810846FFF738FFD8
:10CFB0008642B8D00020BDE8F081FEF7D3FB4FF0E9
:10CFC000FF334FF0FF32C5E9062395F82030002BE0
:10CFD000D6D00520FFF76EF8002385F82030CFE784
:10CFE0003B192B4406EB441205EB420293F808E090
:10CFF00092F829201A72610173460420CA189C46CF
:10D0000005EB4202664592F8293082F82800F5D1F6
:10D010003B192B443C44987A2028C2B218BF5218BE
:10D02000614418BF05EB420205EB4101254408BFEE
:10D0300083F809E04FF0200318BF82F829E085F853
:10D040000AC081F829300020BDE8F08110300020AE
:10D0500000000000902F002008F015B8F8B5194A1C
:10D06000194D002342F2200020214FF0FF364FF0EF
:10D07000FF37A972288185F82130136082F82830A3
:10D08000C2E90267AB73C5E906671C4685F8221042
:10D0900085F8203005F1280202F814300134202CE4
:10D0A000FAD101260948EE7301F076FE084B18709C
:10D0B000084B1C7001F0E0FE2860FEF77FFE85F84B
:10D0C0002360F8BD902F00201030002061C80300BD
:10D0D000C02F0020882F00202DE9F04F85B007F0E9
:10D0E000C4FFC04E0746884607F0CFFFD6E90223AB
:10D0F000B3F1FF3F08BFB2F1FF3F05D04FF0FF3261
:10D100004FF0FF33C6E9022396F82830ABB94FF44D
:10D110000C71B069FEF7A6FA33697269B16902331E
:10D1200042F100025B1842F100021B1842F10002BA
:10D130009F4278EB020380F06181AB4C4FF0FF30EF
:10D140004FF0FF31FEF7AAFEE37B002B40F0458154
:10D15000A64991F800B00122BBF1200FE27300F064
:10D16000378120220A7084F82220A373336094F858
:10D17000213003EB430AA2445FFA83F99AF808507E
:10D180005B009542009307D0994B03EB45102A466C
:10D19000407E012800F0C580009BDFF858A203EB19
:10D1A0000908202DA0444FEA491708D04846FFF748
:10D1B00037FE854203D098F80850202DF6D1BAF1F9
:10D1C000000F01D0AFF3008007F04FFF94F822303A
:10D1D000202B09D0D6E9042310F1020E41F1000CF6
:10D1E000724573EB0C03E6D3202D38D02B46012279
:10D1F000FFF798F8002859D084F8225007EB0B036A
:10D2000004EB430393F82820022A1DD1009A4A44D4
:10D210002244062183F82810917ACBB220291CBF22
:10D22000DB1904EB43035F4418BF83F829B0009B6C
:10D2300008BF82F809B04B44234404EB470783F846
:10D240000AB0202387F82930FF232374009B4B4426
:10D250001C44637A202B5DD105B0BDE8F08FD4E982
:10D260000623B3F1FF3F08BFB2F1FF3F07D0FEF73F
:10D2700079FA4FF0FF324FF0FF33C4E9062394F8F8
:10D280002030002B3FD10420FEF714FF07F0FDFEF5
:10D290000020FEF771FF21684FF08042002320201C
:10D2A00084F822000B60C2F80835A7E77B1904EB6D
:10D2B000430398F8080093F8293088F808300246AC
:10D2C00004211346BA1804EB42029D4282F828104A
:10D2D00092F82920F5D198F80A1088F80A30CAB2D5
:10D2E00020291CBFD21904EB42023B4404EB430348
:10D2F00018BF82F829004FF0200208BF88F8090003
:10D3000083F8292057E70520FEF7D4FE002384F890
:10D310002030B8E7384B187805B0BDE8F04F01F081
:10D3200067BD0978202914D0316970694F1DB16932
:10D3300040F10000791840F10000019003EB421326
:10D34000D3E9020288420198824128BFC3E9021052
:10D3500022E701FB0531487D17F1090148F1000C76
:10D360000128CDF804C0E9D0CDE90251FEF744FC14
:10D37000DDE902211E4B10B19AF80850DEE7CDE935
:10D380000221FEF79FF940F25635A842029A184B47
:10D390000CD040F2F555A84214D0B0F5C67F0399E1
:10D3A0000AD0009848442044057AC7E717F12501C0
:10D3B00048F100000190F4E717F1160148F1000070
:10D3C0000190EEE717F13B0148F100000190E8E71A
:10D3D0004FF43171702001F02BFB40F2C12170201D
:10D3E00001F026FB902F002010300020882F002015
:10D3F000882B002000000000C02F0020074B084AA7
:10D400001B78580102EB43130821125858689047C3
:10D4100040F2B621702001F00BFB00BF882F0020E6
:10D42000882B002070B5134C0D460646FEF780FA97
:10D4300094F8213004F1280CD9B20CEB831C0023A2
:10D4400002E00133202B12D01CF81320D8B2002A9E
:10D45000F7D103EB4111084A04EB4104590102EBF7
:10D4600043135650012284F828205D6070BD184691
:10D4700070BD00BF10300020882B00201F280AD864
:10D480000C4991F8213000EB431301EB430393F86F
:10D490002820012A01D00020704791F8213000EBAC
:10D4A000431301EB43034FF0000C104683F828C0F0
:10D4B000704700BF1030002010B5094C04EB401439
:10D4C000D4E90201FDF796FF227DE38A9B1803F160
:10D4D00001034FF000025241181842EB010110BD48
:10D4E000882B00200378002B40F0EF802DE9F04FCF
:10D4F000804A5368C3F308038BB08246002B40F088
:10D50000CF80DFF8F4917D4FDFF8F4B109F108081E
:10D5100027B1002140F24940AFF3008099F8214043
:10D52000E4B24FF0000389F8103027B1002140F237
:10D530004E40AFF30080734B661C03EB841E06F075
:10D54000010503EB851CBEE80F00ACE80F00BEE848
:10D550000F00ACE80F00BEE80F00ACE80F009EE83B
:10D560000F0024B28CE80F002E4627B1002140F2B4
:10D57000DE30AFF3008004EB440405EB450508EB17
:10D58000040338F804209B7828F805204544AB7044
:10D5900057B1002140F2E230AFF3008027B1002103
:10D5A00040F25340AFF3008007F05FFD009604ABFC
:10D5B000524604460D46FFF76FFB27B1002140F2AB
:10D5C0005A40AFF30080504B1B78202B44D0DBF83F
:10D5D0001030DBF81420DBF81810053342F100029C
:10D5E0005B1842F10002DDE90401984271EB020C84
:10D5F000009628D3454822462B4604A9FFF75CFA3B
:10D60000C0B1DDE90401FDF7F5FEBDF81E309DF85F
:10D610001C401B1903F101034FF0000252411B187B
:10D6200042EB0102CAE9043227B1002140F26D4009
:10D63000AFF3008099F81030002B7FF469AF012020
:10D640000BB0BDE8F08FCDE9043204A922462B4689
:10D650002E48FFF731FAD4E79DF81D1014F10903A5
:10D6600045F100020129BED0CDE90232FEF7C4FA2D
:10D67000DDE902320028B6D1FEF724F840F2563137
:10D68000884232D040F2F551884229D0B0F5C67FA9
:10D69000DDE90232A7D114F1160345F10002A2E739
:10D6A000103B59B2002912DB01F1604101F56141E3
:10D6B00091F8000340090028C2D0DFF83C900F4FDA
:10D6C000DFF83CB009F1080822E70020704703F0BA
:10D6D0000F03043B1344187E40090028EDD1AFE747
:10D6E00014F13B0345F100027DE714F1250345F1F8
:10D6F000000278E700ED00E010300020000000009C
:10D70000902F002038300020882F00200040420F4A
:10D710002DE9F04FB14A536891B0C3F30803039069
:10D720000791002B40F03D8208230693079B1B784E
:10D73000012B00F2E882DFF8A8B2BBF1000F04D0A1
:10D74000002140F24350AFF300800023DFF894A2A1
:10D75000DFF8948204930124BBF1000F04D0002170
:10D760004FF4AA60AFF3008024B9A04B0BB1AFF324
:10D77000008062B69AF821305FFA83F9CDF81490F0
:10D780004FF000038AF81030069B002B40F0AB806E
:10D79000BBF1000F04D0002140F26450AFF30080D1
:10D7A00007F063FC059B0093079A0AAB0446FFF75A
:10D7B00073FABBF1000F04D0002140F26C50AFF3BC
:10D7C0000080039B03EB49130AEB43034FEA49161E
:10D7D00093F82830013B012B00F2CB80DDE90A32BF
:10D7E00024F07F441D1B25F07F4121F00101002919
:10D7F00040F0D680039A09EB49035344B218997A52
:10D800000AEB4202042082F8280020294FEA49024C
:10D810000992CAB200F015823244039B0AEB42021D
:10D8200082F829301A464FEA49034B4453441644C0
:10D830000AEB46069A72202386F8293000230493C7
:10D840000125BBF1000F04D0002140F27150AFF36D
:10D850000080674B0BB1AFF30080EFF310863446C6
:10D8600072B69AF81030002B7FF476AF039B0AAFA4
:10D8700008EB43140FCF08340FC497E8030084E883
:10D880000300A5B1069B002B00F0B281049B23B1DD
:10D89000584B1B78202B00F0FC819AF82130DB4399
:10D8A00003F001038AF82130FF238AF8103026B9EB
:10D8B0004E4B0BB1AFF3008062B6BBF1000F04D04A
:10D8C00000214FF4B560AFF30080002D53D1BBF1C0
:10D8D000000F04D0002140F2B450AFF3008028467E
:10D8E00011B0BDE8F08F059A434B551C05F00105BA
:10D8F00003EB821E03EB851C17B2BEE80F00ACE8F9
:10D900000F00BEE80F00ACE80F00BEE80F00ACE867
:10D910000F009EE80F00A9468CE80F002EB2BBF165
:10D92000000F04D0002140F2DE30AFF30080334B13
:10D9300007EB470706EB4606DA19D95B927899534D
:10D9400033449A70BBF1000F0CD0002140F2E2305A
:10D95000AFF30080BBF1000F04D0002140F25A5019
:10D96000AFF300809AF81030002B7FF4F5AE0595E8
:10D970000EE7002565E79AF8213003EB4303534493
:10D980005B7A202BA3D0BBF1000F04D0002140F222
:10D99000AF50AFF300801A4B187801F029FA96E7E0
:10D9A00025F07F45B5F5000F3FF624AF0C99C91857
:10D9B0000C1B24F07F44B4F5000F3FF61BAF09EBBE
:10D9C000490151440C7A4FEA4901202C099100F099
:10D9D00045812021944604911A4627E000ED00E09D
:10D9E0000000000010300020882B00200000000004
:10D9F00000000000882F0020383000201830002060
:10DA0000C02F00209DF83510012903D0417D012948
:10DA100000F0B18033190AEB430393F82930202B2F
:10DA200000F02B81DDE90A2C04941C4608EB44101D
:10DA3000650187680169C368C91943F1000E8A420C
:10DA40007CEB0E03DED213466246049F0C9908EB72
:10DA50000500C918D0F808C042F100028C45C16821
:10DA600071EB020275D3427D012A03D09DF8352067
:10DA7000012A59D0049B9F4200F0EA80202F00F039
:10DA80004781049B202B06EB07030AEB430393F823
:10DA9000292000F02F81049BF3180AEB430393F82D
:10DAA000294083F8292022460520B3180AEB4303B6
:10DAB00011468F4293F8292083F82800F5D1099B5D
:10DAC0004B445344987A202808BF5C72099B4B440E
:10DAD000C1B253441CBF89190AEB41019F72039BD9
:10DAE00018BF81F82940F318F1190AEB43030AEB38
:10DAF0004101202081F8290083F82920049B8342DA
:10DB000000F0B2801C4634440AEB4404039B84F8C2
:10DB1000293000230493039B1E440AEB460603238B
:10DB200086F8283001258CE6ACEB03030893FDF75B
:10DB3000C9FD40F256339842089B55D040F2F55249
:10DB400090424DD0B0F5C67F14BF01220E229A42FA
:10DB500090DD45449DF838302A7E9A424FD93319DA
:10DB60000AEB4303274693F82940202C6CD0DDE9CB
:10DB70000A3265016AE7D71BFDF7A4FD40F2563370
:10DB8000984233D040F2F55398422BD0B0F5C67F7F
:10DB900014BF01220E22BA427FF73CAFDDE90A3200
:10DBA00053E7103B59B2002943DB01F1604101F515
:10DBB000614191F800335B090693002B7FF4B6AD09
:10DBC000584B1B78202B00F0A880079B1B780693EE
:10DBD000002B3FF4B0AD40F23C51702000F028FF24
:10DBE0003322B4E73322D6E71D22B0E71D22D2E765
:10DBF000FF238AF81030002E7FF45FAE58E6099BB1
:10DC0000039A4B445344B218997A0AEB4202042017
:10DC1000202982F82800CAB208D03244039B0AEBBC
:10DC2000420282F829301A46099BFEE5039A5A728D
:10DC3000FAE703F00F03043B13441B7E5B090693D2
:10DC4000BBE7039A5A72EEE5049B9F427FF419AF3B
:10DC5000202B11D1099B4B4453441C7A039BF3188E
:10DC60000AEB430383F82940099B039A4B4453442E
:10DC70001A72012304934EE71C4633190AEB43033F
:10DC800093F82920039BF3180AEB430383F8292018
:10DC900039E705990220FFF739F900287FF4FDAD37
:10DCA0009AF82130039F03EB4301514407EB4312E1
:10DCB0008C7A0AEB42020420202C82F82800DDB284
:10DCC0004FEA4312E0B24FEA430319D011180AEBAE
:10DCD000410181F8297039462B4453440A440AEB28
:10DCE000420299722023049D82F82930002E7FF48D
:10DCF000E4ADDDE5099B4B4453441C7A1A72D2E62D
:10DD00004F723946E8E74FF4A861702000F090FEAA
:10DD10004FF4E871702000F08BFE40F23951702012
:10DD200000F086FE882F00202DE9F84F7B4CDFF8AD
:10DD3000F08105464FF0010B04F1080AB8F1000F1D
:10DD400004D0002140F2C650AFF30080BBF1000FB9
:10DD500004D1744B0BB1AFF3008062B64FF00003F7
:10DD60002374B8F1000F04D0002140F2CB50AFF380
:10DD7000008094F821606C4BB146013606F0010733
:10DD800003EB891E03EB871CBEE80F00ACE80F0015
:10DD9000BEE80F00ACE80F00BEE80F00ACE80F00D3
:10DDA0009EE80F003E468CE80F00B8F1000F04D04B
:10DDB000002140F2DE30AFF3008009EB490907EBA8
:10DDC00047070AEB09033AF809209B782AF807204D
:10DDD0005744BB70B8F1000F04D0002140F2E2308C
:10DDE000AFF30080237C03F0FF01002B40F086801E
:10DDF000B8F1000F03D040F2D550AFF3008005EB2F
:10DE0000461304EB4303770193F82820032A73D1C8
:10DE100006EB4602224492F808904D4578D0B9F1BD
:10DE2000200F69D04B4601E0202B65D0FA1804EB97
:10DE30004202194692F829309D42F5D1202D5BD03F
:10DE40007B19394404EB430304EB410193F8293077
:10DE500081F82930B8F1000F0CD0002140F24B308E
:10DE6000AFF30080B8F1000F04D0002140F2DA5087
:10DE7000AFF300802F4404EB4707012387F82830D5
:10DE8000B8F1000F04D0002140F2E350AFF300805E
:10DE9000264B0BB1AFF30080EFF3108B72B6237CEF
:10DEA000002B7FF44BAF4D4503D1214B1B78202B2A
:10DEB0001CD094F82130DB4303F0010384F82130B7
:10DEC000FF2323740124BBF1000F04D1154B0BB1C8
:10DED000AFF3008062B6B8F1000F04D0002140F229
:10DEE0000560AFF300802046BDE8F88F3146022080
:10DEF000FFF70CF80028DCD10024E4E7B8F1000FAC
:10DF00003FF424AF002140F2D150AFF3008015E779
:10DF1000202DF1D093F8293013729BE710300020A8
:10DF20000000000000000000383000200000000069
:10DF3000882F002070B506280DD8DFE800F01C52AD
:10DF4000040C0C740D00B14A4FF08041126801239B
:10DF5000C1F80835136070BDAD4D2B78202B00F053
:10DF60009180AC4C5A0104EB4313A2585868BDE8A9
:10DF7000704005211047A54CD4E90623B3F1FF3FBB
:10DF800008BFB2F1FF3F00F0D080A34E0120FEF7A2
:10DF9000F3F8737F012B04D0FDF72EFE002800F06C
:10DFA00030819B4D2B78202B00F09B80FF23A373A7
:10DFB000D6E90223B3F1FF3F08BFB2F1FF3F05D01E
:10DFC0000520FEF703F8002800F016812B78914A0F
:10DFD000590102EB4313BDE87040525858680121C3
:10DFE00010478B4D2B78202B00F0A6808A4E737F34
:10DFF000012B04D0FDF700FE002800F0F380834CD5
:10E00000D4E90623B3F1FF3F08BFB2F1FF3F61D06F
:10E010002B78804A590102EB4313BDE870405258F7
:10E02000586800211047794C94F820307BB1D4E92E
:10E030000623B3F1FF3F08BFB2F1FF3F00F0A2801B
:10E040000120FEF799F8002384F8203070BD704D50
:10E050002A78202A00F09D806F4E4FF0FF324FF05B
:10E06000FF33C6E90223A37B002B00F0B6802B7898
:10E07000684A590102EB4313BDE870405258586892
:10E0800006211047614890F8213003EB4301014419
:10E09000DAB20B7A202B00F0AA8003EB421200EBDD
:10E0A000420292F829400C72FF210174022182F889
:10E0B0002810584C58492B700022C27381F8282030
:10E0C00004EB4312127E002A7FF44CAF01F04EF9AC
:10E0D0002B7847E7FDF7FCFA06F0C7FFC4E9060115
:10E0E00096E794F82130DAB203EB43032344197A1C
:10E0F00020297CD001EB421204EB420292F8290065
:10E100001872FF232374434B297003EB4111002342
:10E11000097EE37386F82830022382F8283000292C
:10E120007FF444AF01F022F940E7FDF7D1FA06F0A1
:10E130009CFFC4E9060128E7344A92F8213003EB3A
:10E1400043001044DBB2017A202950D001EB431385
:10E1500002EB430393F829400472FF20107402205D
:10E1600083F828002B4B297003EB41112A4E097EBE
:10E170000023D37386F8283000297FF438AF01F0EC
:10E18000F5F834E7FDF7A4FA06F06FFFC4E90601DD
:10E1900056E794F82120D1B202EB42022244107AD1
:10E1A000202824D000EB411104EB410191F82960B3
:10E1B0001672FF222274174A287002EB4010164E86
:10E1C000027EE37386F82830022381F82830002A83
:10E1D0007FF443AF01F0CAF83FE740F2436170209B
:10E1E00000F026FC40F25161702000F021FC40F26A
:10E1F0004721702000F01CFC40F22F61702000F0DD
:10E2000017FC40F22961702000F012FC1030002051
:10E21000882F0020882B0020902F002070B5274BDE
:10E220001A78202A86B044D0254CD4E90213B3F1E1
:10E23000FF3F08BFB1F1FF3F36D1224D05EB42153C
:10E240000646D5E90201FDF7D5F8EA8A2B7DD318F9
:10E2500003F101034FF0000252419B1942F1000209
:10E2600018180DF10B0342EB0101009303AA04AB54
:10E27000FDF722F99DF80B20DDE904310F2A94BF48
:10E28000002201229B1841F10001C4E902310E4B2A
:10E290009B7B13B9012006B070BDD4E90223052091
:10E2A000FDF794FE06B070BD40F62F01702000F01F
:10E2B000BFFB40F62E01702000F0BAFB882F002033
:10E2C000902F0020882B002010300020FDF7D0BDBB
:10E2D00038B5234B93F800E0BEF1200F3AD0214D22
:10E2E00095F8213095F821C003EB43032B445FFAE6
:10E2F0008CFC1B7A202B1FD01B4C4FEA4C1C06E0D9
:10E30000634405EB430393F82930202B14D004EB2E
:10E310004312117E8142F3D804EB4E14D4E9021368
:10E3200020694018D2E9021243F10003814272EBE6
:10E33000030304D2002038BD4FF0FF3038BD0B4B33
:10E34000081A1C68FDF748F804F132038342F1D83B
:10E35000001B38BD40F66801702000F069FB00BF6B
:10E36000882F002010300020882B0020902F0020C4
:10E370002DE9F04F8D4B1E7887B0202E019000F0D4
:10E3800010818B4F8B4D97F8213003EB43033B44B7
:10E39000804628681C7A2B6903930DF11302AB6940
:10E3A00002938946404405A9FDF75AF8824BA8F12B
:10E3B00032029A4261D8DFF80482059B696908EB52
:10E3C0004616B2689B1832699B182A699B1A23F07B
:10E3D0007F40B0F5000F50D897F821A0AB61202CFA
:10E3E00085F820905FFA8AFA18BF4FF0200B00F0F2
:10E3F000CB8008EB441C9B18DCF8080041F10001BD
:10E400009842DCF80C308B414FEA44164ED39CF80E
:10E410001530012B02D06B7F012B32D00520FDF788
:10E4200049FE97F821104FF0FF324FF0FF33BBF158
:10E43000200FC5E90223C9B240F0A48001EB4101DD
:10E44000394420240B7A594A97F82110127802EBAC
:10E45000411207EB420282F829302B68019A1344DB
:10E460002B60FF233B74202C40D0554B187800F0D4
:10E47000BFFC002007B0BDE8F08F012007B0BDE869
:10E48000F08FA0EB0209FDF71DF940F256339842D8
:10E4900020D040F2F55398421AD0B0F5C67F14BF91
:10E4A00001230E234B45B9DD95F820904644337E79
:10E4B0004B4511D904EB4A1307EB430393F829307A
:10E4C000202B17D0A346D5E904211C46AB6990E761
:10E4D0003323E7E71D23E5E7DDE902312A695B180D
:10E4E0009B1A0220AB6107B0BDE8F08F002007B097
:10E4F000BDE8F08F0520FDF7DDFD4FF0FF324FF056
:10E50000FF3397F82110C5E90223C9B201EB41039B
:10E510003B4404EB411207EB420293F808A092F847
:10E5200029201A724FEA410C480153464FF0050862
:10E5300000EB030E07EB4E0E1A4694421E468EF871
:10E5400028809EF82930F3D10CEB010EBE446144C3
:10E550009EF80A90B9F1200F5FFA89F818BF80443D
:10E560003944024418BF07EB480807EB42028E7299
:10E570004FF0200114BF88F829A08EF809A082F876
:10E58000291060E75C46C1E70520FDF793FD97F889
:10E5900021104FF0FF324FF0FF33C5E90223C9B21B
:10E5A0004CE74FF40961702000F042FA882F0020F8
:10E5B00010300020902F0020CE3F420F882B0020EB
:10E5C000C02F00202DE9F04FA64C94F8213000EB2D
:10E5D000431304EB430383B093F82830002B00F07F
:10E5E0003C8194F82170DFF880820546FFB2B8F1D3
:10E5F000000F04D0002140F6CF00AFF300807E0171
:10E6000005EB471704EB4707B8F1000F40F0E8802F
:10E61000771904EB470797F82830012B09D0043B02
:10E62000022B40F2D08006F0DCFD97F82830012B59
:10E63000F5D1DFF838B201230193ABF1200AB8F12C
:10E64000000F04D0002140F6E600AFF30080019BEC
:10E6500023B9874B0BB1AFF3008062B64FF00003D4
:10E660002374B8F1000F04D0002140F6EB00AFF3A3
:10E67000008094F82160B1460BEB891EBEE80F00C4
:10E68000013606F001070BEB871CACE80F00BEE873
:10E690000F00ACE80F00BEE80F00ACE80F009EE8EA
:10E6A0000F003E468CE80F00B8F1000F04D00021A7
:10E6B00040F2DE30AFF3008009EB490907EB470772
:10E6C0000AEB09033AF809209B782AF807205744F7
:10E6D000BB70B8F1000F04D0002140F2E230AFF37C
:10E6E0000080237C03F0FF01002B40F08E80B8F106
:10E6F000000F03D040F6F500AFF3008006EB4603B1
:10E7000023444FEA46095F7ABD4200F09B80202FE8
:10E7100030D0700101E0202F2CD0C31904EB43034B
:10E7200039463A4693F82970BD42F4D1202D21D0C4
:10E730000144284404EB400004EB410190F82930E7
:10E7400081F82930B8F1000F06D0002140F24330A3
:10E750000192AFF30080019A09EB060323449B7AF0
:10E760009F4260D0B8F1000F0CD0002140F24B3036
:10E77000AFF30080B8F1000F04D0002140F6F9009B
:10E78000AFF300803B4B0BB1AFF30080EFF310838E
:10E79000019372B6227C002A7FF451AF84F8216085
:10E7A000FF22227423B9324B0BB1AFF3008062B663
:10E7B000B8F1000F04D0002140F60B10AFF3008039
:10E7C00003B0BDE8F08F731904EB4303DFF89CB08E
:10E7D000012283F8282001230193ABF1200A2EE7C0
:10E7E00097F82830012B3FF424AF043B022B16D9B5
:10E7F000002140F6DB00AFF3008006F0F2FC0021C0
:10E8000040F6DF00AFF30080FEE6B8F1000F3FF402
:10E810001EAF002140F6F100AFF300800FE70123A7
:10E8200087F82830EBE7B8F1000F06D0002140F25E
:10E8300046300192AFF30080019A09EB06032344AE
:10E840009A728FE7202D95D005EB461204EB420219
:10E8500092F829205A72202274E740F6C6017020EF
:10E8600000F0E6F8103000200000000038300020F2
:10E87000000000000000000070B586B063BB0646D3
:10E8800010460D46FCF7A8FD0DF10B03044600935E
:10E8900003AA04AB29463046FCF70EFE039A13493F
:10E8A000A31A8B420BD3121B8A420ED310498B4200
:10E8B0000DD88A4215D9C2F1614303F5F7030A9ACC
:10E8C000A2F10F00C01A06B070BD5342F7E703F182
:10E8D000F45303F59023F2E740F61111702000F095
:10E8E000A7F840F65801702000F0A2F80040420F4F
:10E8F000FF7F841EBFF34F8F0549064BCA6802F4A1
:10E90000E0621343CB60BFF34F8F00BFFDE700BF52
:10E9100000ED00E00400FA05094B01225A604FF0B7
:10E92000FF32C3F80823074B4FF48042C3F880201E
:10E93000BFF34F8FBFF36F8FC3F88021704700BFC5
:10E9400000E0004000E100E0094B01225A604FF076
:10E95000FF32C3F80823074B4FF48052C3F88020DE
:10E96000BFF34F8FBFF36F8FC3F88021704700BF95
:10E9700000C0004000E100E0084B0022C3F8FC2F7B
:10E980000122C3F8FC2F064B0222C3F88020BFF3FC
:10E990004F8FBFF36F8FC3F8802170470010004086
:10E9A00000E100E0F8B51B4E337805460C461746EB
:10E9B0006BBBFCF72FFC184B7760002D08BF1D4682
:10E9C00028463472FFF7D8FFFFF7BEFFFFF7A4FF1A
:10E9D000FCF7BAFF0546C0B9FEF740FBFCF7A8FFFD
:10E9E000FCF7F2FE06F04AFA002C0CDB04F01F02E2
:10E9F0006409A40004F1604404F5614401239340D8
:10EA0000C4F880312360012333702846F8BD4FF0ED
:10EA1000FF35FAE7B8300020B2E2060008B572B65A
:10EA2000024B5B6803B19847FFF764FFB8300020E2
:10EA30001FB572B6134B5D688DB9FFF75BFFB2FB74
:10EA4000F6F2DCB20133002AF9D104F110036B4471
:10EA500003F80C2C0A2234B901A8A847EDE70246B6
:10EA600000230A26EDE7631E04AEDCB256FA83F3F8
:10EA7000B0FBF2F602FB1600303003F80C0C304607
:10EA8000E9E700BFB8300020074B93F90830002BAE
:10EA900009DB5A09012103F01F0301FA03F3403295
:10EAA000024941F822307047B830002000E100E010
:10EAB000014B1878704700BFB83000202DE9F84F9F
:10EAC000DFF8C4A0314C324DDFF8C890074601266C
:10EAD0009AF800805FFA88F8FF238AF80030B8F1CE
:10EAE000000F01D08AF80130EFF3108272B60023D4
:10EAF0006660C4F80031C4F80431C4F804752660B7
:10EB00003AB962B605E0D4F8043133B92B69DB06B3
:10EB100020D4D4F80031002BF5D0D4F80431002BE8
:10EB2000E2D1B8F1000F13D19AF80130DBB28AF8C4
:10EB3000018003214FF48042C4F80813C4F8048113
:10EB4000C4F80081C9F880218AF80080002BBFD169
:10EB5000BDE8F88F4FF48043C9F88031EFF3108B94
:10EB600072B60323C4F80433D4F8003113B9D4F8CF
:10EB700004311BB1BBF1000FCBD1C2E706F031FB72
:10EB8000BBF1000FC5D1BCE7C430002000E000405D
:10EB900000ED00E000E100E070B51646DA078CB049
:10EBA0001D4686468C4640F1A280C37B8DF800301E
:10EBB000837B8DF80130437B8DF80230037B8DF829
:10EBC0000330C37A8DF80430837A8DF80530437AA8
:10EBD0008DF80630037A8DF80730C3798DF8083048
:10EBE00083798DF8093043798DF80A3003798DF8EF
:10EBF0000B30C3788DF80C30837842788DF80D3067
:10EC000003788DF80F308DF80E20CA7B8B7B8DF842
:10EC100010208DF811304A7B0B7B8DF812208DF877
:10EC20001330CA7A8B7A8DF814208DF815304A7A11
:10EC30000B7A8DF816208DF81730CA798B798DF8FC
:10EC400018208DF819304A790B798DF81A208DF833
:10EC50001B30CA788B788DF81C208DF81D304A78CF
:10EC60000B788DF81E208DF81F306C462046FFF77C
:10EC700025FFAB0731D59DF82F009DF82E109DF88C
:10EC80002D209DF82C30307071709DF82B009DF870
:10EC90002A10B270F3709DF829209DF82830307149
:10ECA00071719DF827009DF82610B271F3719DF8DF
:10ECB00025209DF82430307271729DF823009DF854
:10ECC0002210B272F3729DF821209DF8203030732B
:10ECD0007173B273F3730CB070BD0DF1200CBCE80E
:10ECE0000F0030607160B260F3600CB070BDDEF890
:10ECF0000410DEF80820DEF80C3000686C46A646EA
:10ED0000AEE80F00DCF80000DCF80410DCF80820A6
:10ED1000DCF80C30AEE80F00A8E700BF1B4B4FF447
:10ED2000805270B5C3F88020BFF34F8FBFF36F8F51
:10ED3000174D184C0021C5F80011C3F88021266931
:10ED4000236943F0100323610123C5F8043306F05F
:10ED500010062B60D5F80031A3B11EB9236923F04A
:10ED6000100323610A4B0122D3F808055A60C3F847
:10ED700008230022C3F80021044B4FF48052C3F84B
:10ED8000802170BD06F02DFAE4E700BF00E100E04D
:10ED900000C0004000ED00E038B50C4902460520F7
:10EDA0000138C0B2FF2803D148216920FFF740FE97
:10EDB00001EBC0031D7905F0FF04002DF0D141F8EF
:10EDC000302001225C719C711A7138BDC83000205E
:10EDD000042808B503D94F216920FFF729FE034B0A
:10EDE00003EBC0000023037108BD00BFC830002042
:10EDF000042808B503D958216920FFF719FE094BEB
:10EE000003EBC0000379012B01D05921F4E74379CA
:10EE100082790133DBB29A4218BF4371BDE80840E2
:10EE2000FFF732BEC830002070B5124C0625002610
:10EE3000013D15F0FF0500D170BD94F8281004EBDA
:10EE4000C1031A79012A09D158799A79904205D0DB
:10EE50005A79D2B29A7154F83130984794F82830E0
:10EE60000133DBB2042B94BF84F8283084F8286087
:10EE7000DEE700BFC830002008B506F02BF970B9F6
:10EE800006F031F958B906F037F940B906F046F9FD
:10EE9000044A054B002808BF1346184608BD024B1C
:10EEA000FBE700BF00E701400C05004008B506F095
:10EEB00035F908B3EFF3108072B6104A136911697F
:10EEC00041F010011161A2F5406203F01003D2F885
:10EED0000011D2F804210A4300D040BF20BF00BF78
:10EEE00000BF00BF00BF23B9044A136923F0100319
:10EEF000136100B962B608BD20BFFCE700ED00E079
:10EF0000914270B53BD2B2FA82F33BB1C3F1200417
:10EF100020FA04F49940214398409A40160CB1FB22
:10EF2000F6FC06FB1C1424041FFA82FE030C85B2B7
:10EF300004EB10400CFB0EF4844206D9201A9042D8
:10EF40008CBF02200120ACEB000C03EB01410CFB59
:10EF50001211B1FBF6F006FB101105EB014100FBAD
:10EF60000EFE8E454FEA0C4C06D9AEEB010E9645CF
:10EF70008CBF02220122801A40EA0C0070BD73216E
:10EF80009620FFF755FD00BF70B51D460446164696
:10EF9000FFF7B6FF049B286000FB16441C6070BDA1
:10EFA0002DE9F8431C4652EA040349D007461546AA
:10EFB0000E467CB9914208D321463046FFF7A0FFA8
:10EFC00004462A46384604FB1561FFF799FF21469F
:10EFD000BDE8F883B4FA84F9B9F11F0F34DC4FF0BF
:10EFE000010808FA09F2A2FB051320FA08F002FB57
:10EFF000043226FA08F140EAC670FFF781FFC9F132
:10F000001F03D8404FF0000118D0431E8C4661EB1F
:10F01000010105FB01F203FB042280461846A5FB13
:10F02000033EFB1A724466EB02061F46AF4276EBC4
:10F03000040324BF40466146BDE8F8838446F5E7F3
:10F04000CA219620FFF7F4FCE7219620FFF7F0FC99
:10F0500092B1013A17D010B5034600EB020C01E063
:10F060009C450BD08E461C4611F8012B13F8010B62
:10F070009042F5D0801A10BD1046704760789EF817
:10F080000120801A10BD00780A78801A704700BFEE
:10F0900010B5441A94422BD34AB34B1CC31A022B0B
:10F0A00031D9531E072B2ED922F003048C468646F5
:10F0B0000C445CF8043B4EF8043BA445F9D122F023
:10F0C00003039A4202F0030400EB030C01EB030E6E
:10F0D0000DD0CA5CC254012C09D09EF801308CF8C6
:10F0E0000130022C03D09EF802308CF8023010BDA3
:10F0F000002AFCD08B18024413F801CD02F801CD90
:10F100008B42F9D110BD4B1E0244014613F8014F4A
:10F1100001F8014B9142F9D110BD00BF81EA000313
:10F120009B072DE9F0415DD187075FD0002A57D0BA
:10F13000034601E0002A53D011F801CB03F801CBBC
:10F140009E0702F1FF32F5D1032A28D941EA0305CF
:10F15000141F6D074FEA940E4AD12B2C48D90EF19B
:10F1600001084FEA580C03EBCC0CA1F108051C4632
:10F17000F5E90267E4E802676445F9D118F0010F88
:10F1800028F0010403D051F8245043F824500EF124
:10F19000010402F0030203EB840301EB8401FAB1E2
:10F1A000541E022C20D922F003058C460D449E46A5
:10F1B0005CF8044B4EF8044BAC45F9D122F0030443
:10F1C000A2422344214402F0030509D00A781A70B0
:10F1D000012D05D04A785A70022D1CBF8A789A708A
:10F1E000BDE8F0810346DAE71546EFE70346ABE7F3
:10F1F0000EF1010701EB87071D1F0C4654F8046B45
:10F2000045F8046FBC42F9D1C1E700BF2DE9F041D8
:10F2100084075FFA81FE5FD0002A59D0034601E0DF
:10F22000002A55D003F801EB990702F1FF32F7D11C
:10F230004EEA0E24032A44EA04443ED9151FAE08C0
:10F24000172D06F10106C3F3800147D9984600291E
:10F2500040D048F8044B771A03EB810C79080CEB8B
:10F26000C101CCE900440CF1080C6145F9D127F04B
:10F27000010C08EB8C016745CCEB8C7805EB88051D
:10F2800017D02F1F032F0C6013D9A5F10807032FE8
:10F290004C600ED9A5F10C07032F8C6009D9A5F19C
:10F2A0001007032FCC6004D9143D032D0C6188BFD7
:10F2B0004C6102F0030203EB86034AB1013A83F882
:10F2C00000E005D0012A83F801E018BF83F802E0CE
:10F2D000BDE8F0811546BEE70346A9E71946154685
:10F2E000CFE700BF014B1B681B68184700070020D1
:10F2F000014B1B685B68184700070020014B1B6827
:10F300009B68184700070020014B1B681B691847C2
:10F3100000070020034B1868034BC01A18BF0120D8
:10F32000704700BF00070020BCE2060038B50E4C55
:10F33000237803F0FF05B3B96378012B06D10223CC
:10F340006370636813B16368984765606378032BE3
:10F3500009D10025657063682BB1A3685B69984784
:10F3600063689847656038BD30310020014B012249
:10F370009A77704730310020042873B5064604D9C7
:10F3800040F23D116820FFF753FB104D0124FFF7B9
:10F39000CDFF2C706B78022B14D1AB683046DB6844
:10F3A000984705EB4602537D83420DD3AB7FA342C2
:10F3B00000D0137D8DF80430AB688DF805601B68B4
:10F3C00001A8984702B070BD2346F3E73031002012
:10F3D00010B520B940F253116820FFF729FB064B06
:10F3E0005A78022A02D05A78032A04D19B68BDE8D1
:10F3F00010405B68184710BD3031002010B5084C34
:10F400006378022B02D06378032B02D1A3689B6838
:10F4100098470023A3772370BDE81040FFF786BF0D
:10F4200030310020054B5A78022A02D05A78032A3C
:10F4300002D19B681B6918470020704730310020BB
:10F44000054B5A78022A02D05A78032A02D19B68C7
:10F450009B6918470020704730310020024B5878D4
:10F46000003818BF01207047303100202DE9F047E7
:10F4700086468C460846089E154674461946002B5B
:10F4800040F0C2808542B2FA82F245D94AB1C2F157
:10F49000200300FA02FC2EFA03F3954043EA0C0C19
:10F4A00094404FEA154EA8B2BCFBFEF8230C0EFBAD
:10F4B00018CC08FB00F943EA0C43994528D9EB180E
:10F4C00008F1FF3704D2994502D9A8F102072B446D
:10F4D000A3EB0903A4B2B3FBFEFC0EFB1C330CFB35
:10F4E00000F044EA0344A04214D92C190CF1FF3374
:10F4F00004D2A04202D9ACF102032C44241A43EAFC
:10F5000007401EB1D440002334607360BDE8F0872B
:10F510004746DDE76346F1E792BB431B01214FEA13
:10F52000154EAFB2B3FBFEFC200C0EFB1C330CFBE4
:10F5300007F840EA0343984562D9EB180CF1FF3015
:10F5400004D2984502D9ACF102002B44A3EB080386
:10F55000A4B2B3FBFEFC0EFB1C330CFB07F744EA22
:10F560000344A7424ED92C190CF1FF3304D2A74211
:10F5700002D9ACF102032C44E41B43EA0040C0E78B
:10F58000C2F1200320FA03F1954090402EFA03F3D4
:10F5900003434FEA154EAFB2B1FBFEFC0EFB1C104D
:10F5A000190C0CFB07F841EA0041884504FA02F403
:10F5B00022D969180CF1FF3004D2884502D9ACF188
:10F5C00002002944A1EB08019BB2B1FBFEFC0EFB3B
:10F5D0001C110CFB07F743EA01439F420ED9EB18BD
:10F5E0000CF1FF3104D29F4202D9ACF102012B444D
:10F5F000DB1B41EA004192E76046E3E76146F7E73B
:10F600006046A3E76346B7E7834206D916B90021EF
:10F6100008467BE7C6E900E0F9E7B3FA83F78FB95C
:10F62000834201D3724508D8BEEB020460EB0303AA
:10F6300001209C461EB9002168E73846FAE7C6E972
:10F64000004CF8E7C7F1200CBB4022FA0CF41C4335
:10F650002EFA0CF120FA0CF3B84001434FEA14499A
:10F660000EFA07F5B3FBF9F81FFA84FE09FB183010
:10F670000B0C08FB0EFA43EA00439A4502FA07F224
:10F6800040D9E31808F1FF3004D29A4502D9A8F115
:10F6900002002344A3EB0A0389B2B3FBF9F809FB88
:10F6A000183308FB0EFE41EA03418E452CD9611840
:10F6B00008F1FF3304D28E4502D9A8F10203214498
:10F6C00043EA0040A0FB0298A1EB0E014145CE4663
:10F6D000434602D306D14D4504D2B9EB020E68EB86
:10F6E00004030138002EA6D0B5EB0E0261EB030136
:10F6F00001FA0CFC22FA07F34CEA0303F940C6E9CD
:10F70000003198E74046C5E74346D9E738B5054696
:10F710000C46E9F75DF930B13E2D04D12046BDE835
:10F720003840E9F795B938BD1FB5014601A800F08A
:10F7300006F801A803F065FC05B05DF804FB0B8832
:10F74000C3F30B0383804B88C380002242724B7843
:10F75000C3F30113012B02D0022B18BF134604314F
:10F7600003720160704710B58B880370437803F013
:10F77000F00343708A88C2F3032213434370CA889C
:10F780008270CA8803F0CF03120A4370C2700A7AEB
:10F79000120102F03002134303F03F0343704A7A30
:10F7A00043EA821343700C4609680430814205D055
:10F7B000E288FB2A28BFFB22FFF7B0FCE088043078
:10F7C000C0B210BD10B48B880370437803F0F0030F
:10F7D00043700A468988C1F303210B434370D188E3
:10F7E0008170C17801F0C001C170D488C4F30524D0
:10F7F000214303F0CF034370C170147A240104F055
:10F800003004234303F0BF034370547A43EA841364
:10F8100001F03F0103F07F034370C17011680430B1
:10F82000814203D0D28810BCFFF778BC10BC70476F
:10F830002DE9F8430B78013B05460C46372B00F2C7
:10F840007182DFE813F04E005200560009016F028A
:10F85000D100D700DD00E300E900ED00EF00FF007C
:10F86000050138006F025B006F026100F300F900D0
:10F8700046014C0140016F0252016F026501950182
:10F880009B01A1016F02A701B301B901E601EC01DF
:10F8900040021E0232023A0224022C02F201F80156
:10F8A000FE0104020A021002140218026902460252
:10F8B0004C02580252020E23B1F803200B7042F2A0
:10F8C00083039A4209D10623637066780236324672
:10F8D00021462846FFF722FC5CE03121C720E8F7EB
:10F8E000A1FD0C230B700823EEE71A230B700123F4
:10F8F000EAE73E230B700223A370E6E73E230B707A
:10F9000012234B700B23F7E72920E9F7A1F828B160
:10F910003E232370222363702923EDE70A20E9F7B1
:10F9200097F83E2305F1080204F108012B70A0B3FB
:10F930000A23AB70E378EB70A3882B71A3881B0AB2
:10F940006B71A379AB71E379EB71A368AB608B88C2
:10F950009380D4F80E30C5F80E30638A6B826369E9
:10F960006B61238B2B83638BAB76638B1B0AEB76EC
:10F97000A38B2B77A38B1B0A6B77E38BAB77E38B84
:10F980001B0AEB7794F8203085F820301F226A702C
:10F99000023296B23046BDE8F8830123AB70E378BB
:10F9A000EB70A3882B71A3881B0A6B71A379AB71D1
:10F9B000E37903F00103EB71A368AB608B8893805C
:10F9C000638BAB73638B1B0AEB73A38B2B74A38BBF
:10F9D0001B0A6B74E38BAB74E38B1B0AEB7494F818
:10F9E00020302B751322D2E73E230B7004234B707B
:10F9F000142381E73E230B700C234B7004237BE719
:10FA00003E230B700A234B70032375E73E230B70D4
:10FA10000D234B7005236FE705232370042353E761
:10FA20000823FAE730230B7003234DE73E230B70C6
:10FA30000B234B7007235FE73E230B7006234B70AD
:10FA40000C2359E713230B708B789B0001333BE7A2
:10FA500057230B70022337E73E2303700D23837077
:10FA6000CB78C370B1F80D3083800B798371D1F8F6
:10FA70000530C0F80730B1F80930A0F80B30CB7B67
:10FA800043730B7C83734B7CC3734B7F03740B7B7F
:10FA900043748B8A43828B7D0375D1F81730C0F88D
:10FAA0001530B1F81B30A0F81930CE7AC676E52EA5
:10FAB00028BFE52632461F311C30FFF72FFB06F129
:10FAC0001A02D2B263E73E230B7001234B7011235D
:10FAD00012E73E230B7006234B7012230CE73E23E4
:10FAE0000B7009234B70132306E73E230370242079
:10FAF000E8F7AEFF002815BF24230E2313260F2698
:10FB00003246AB70A11CE81CFFF708FB721C3EE7F5
:10FB10003E2303702520E8F79BFFC0B12523AB707F
:10FB2000D4F80230C5F80330D4F80630C5F80730F1
:10FB30006389A5F80B300A26F01CE27A04F10C0167
:10FB40002844FFF7EBFAE27A013232441FE70F2331
:10FB5000AB706388A5F8033023796B716379AB715F
:10FB6000A379EB71A37A2B72E37A6B720726E3E732
:10FB70003E230B7003234B701023BDE63E230B7016
:10FB800005234B702023B7E63E230B7009234B70EF
:10FB90002123B1E63E2303702620E8F759FF002811
:10FBA00015BF2623182317261326A9E73E230B701B
:10FBB00004234B7027239FE63E2303702823837082
:10FBC0008146D1F8023049F8033F4FF0000846461D
:10FBD000AA795FFA88F39A4205D8721D92B2002A78
:10FBE0003FF473AED3E6B21D331DA118A25849F8F5
:10FBF000032009EB03008B88838047793A46063758
:10FC0000063106303E44FFF789FAB6B208F1010822
:10FC1000DEE73E230B701D234B7019236CE63E2359
:10FC20000B7007234B701A2366E63E230B702023CC
:10FC30004B702C2360E63E230B704C234B702D231E
:10FC40005AE63E230B7004234B702E2354E63E23CA
:10FC50000B7022234B702F234EE63E230B70142390
:10FC60004B70302348E63E230B70312344E63E239D
:10FC70000B70322340E63E230B7002234B7033237C
:10FC80003AE63E230B7014234B70222334E63E23C6
:10FC90000B700B7C5B000F334B701D232CE63E2357
:10FCA0000B7003234B701E2326E63E230B700B7D47
:10FCB0005B0013334B701B231EE63E230B700323A4
:10FCC0004B701C2318E63E230B7005234B701F233B
:10FCD00012E6FF230B700B234B70A2230CE6FF23CD
:10FCE0000B7005234B70A32306E6FF230B700D2337
:10FCF0004B70802300E6FF23037081238370D1F8CB
:10FD00000330C21C03F1280153F8040B42F8040B22
:10FD10008B42F9D129223AE63E230B700C234B701B
:10FD20002323E9E540F26F21D8E508B510B1FFF7CC
:10FD3000FBFC10B96FF0150008BD0020FCE710B502
:10FD40000C4630B129B1E8F7CFFD28B12070002072
:10FD500010BD6FF01500FBE76FF02200F8E708B563
:10FD6000E8F754FE002008BD01F09DBA08B5E8F799
:10FD70005FFE002008BD01F018BF01F02ABF034656
:10FD800002221A709A70D6225A716FF025029A7167
:10FD90006FF03802DA716FF051021A7208225A724B
:10FDA0006FF0240200209A7272225870D870187175
:10FDB000DA72704701F0C9BA38B54FF08053044683
:10FDC000D3F8A020D3F8A410013106D1D3F8A8307D
:10FDD0004FF6FF719BB28B423ED0D3073CD54FF01C
:10FDE0008055D5F8A420D5F8A830A4F80530C3F381
:10FDF000072363F03F03C4F80120A371D5F89030C6
:10FE0000013323D0D5F8943001331FD0D5F8983082
:10FE100001331BD0D5F89C30013317D00020F3F705
:10FE200059FB98B9D5F89000D5F89410D5F89820DA
:10FE3000D5F89C30C4F81330C4F80700C4F80B1090
:10FE4000C4F80F2001232370002038BD10220021A8
:10FE5000E01DFFF7DBF9F5E70023F4E770B54FF09D
:10FE60008055102200210446D5F8A060FFF7CEF996
:10FE700010220021A018FFF7C9F9D5F8803001330E
:10FE80000BD1D5F88430013307D1D5F88830013350
:10FE900003D1D5F88C3001330BD0D5F88000D5F8DC
:10FEA0008410D5F88820D5F88C30E3612061616139
:10FEB000A2610020F3F70EFB08B9F3071DD44FF041
:10FEC0008053D3F8902001320BD1D3F89420013223
:10FED00007D1D3F89820013203D1D3F89C20013206
:10FEE0000BD0D3F89000D3F89410D3F89820D3F81F
:10FEF0009C30E36020606160A260002070BD10B59E
:10FF00000446FEF70BFFB0F5007F09DA10F5007F1D
:10FF100008DD031EB8BF03339B102370002010BD03
:10FF20007F23FAE76FF07E03F7E7F2F7EBBE1FB52A
:10FF30000023CDF80A30D0F80230417841F64B5218
:10FF400093428BBF40F2E2424FF47A72B3FBF2F37A
:10FF5000B3FBF2F3027898BF03F5506342EA012243
:10FF60009BB2ADF80020ADF80230ADF80430C27994
:10FF7000837943EA0223ADF80630427A037A684671
:10FF800043EA0223ADF8083001F07BFB05B05DF8D1
:10FF900004FB01F079BE0078003818BF012001F0A1
:10FFA000FBBAF2F7DBBE8178008801F038BE01F0C1
:10FFB00054BEF2F7DBBE37B505460C4600880DF19E
:10FFC000060101F0EEFA2B882380BDF8063063802D
:10FFD00003B030BDF2F7D2BEF2F7DCBEF2F7F8BEE6
:10FFE00001F0A2BE01F048B901F0A4B908B5E8F7E4
:10FFF00027FD002008BDF2F7E9B801F0B8B9F2F723
:020000024000BC
:100000001DBE01F083B901F06EBD01F038BD01F0F5
:100010007FBDF2F7AFBA01F0A5BAF2F7A1BC01F0CB
:10002000D1BA01F070B801F075B801F0BEB801F0B6
:10003000DAB801F026BB01F069BB01F0A6B901F006
:10004000BABB01F06EB901F028B901F0D8BB038842
:100050000B8001F08FBD03880B8001F099BD01F08A
:10006000BEB9F2F747B9F2F72DB901F061B801F066
:1000700082B801F0EFB801F0FBB801F0DBB801F095
:10008000D0B801F0E1B901F007BAF2F73DB901F0DB
:100090003EBA01F02AB901F0E8B901F038BE01F02A
:1000A00003BEF2F79DB8F2F75DB9F8B5D4181F4654
:1000B000BDF81830053414FB03F4A4B2054604F16E
:1000C0001B0020F0030080B28842164603D0A32113
:1000D0001420E8F7A7F915F0030101D0A421F7E7F0
:1000E000B4F5004F01D9A521F2E71422281DFFF72E
:1000F0008DF8EF746C802E80F8BD70B50688C588C9
:1001000003898E42C5F30E02C3F30E0403D2C92144
:100110001420E8F787F95D40C5F30E030BB92D04F1
:1001200009D4A24209D2C37CA41A0533E41AA1421D
:1001300003DD00238374184604E018320123815242
:100140008374104470BD0844053010FB02F01B306E
:1001500020F0030080B2704740881B3020F003007D
:1001600080B2704738B503888B4204D240F2011147
:100170001420E8F757F9857C65B1C388C3F30E03F3
:100180001833C25A8A4207D3C152811DE8F784FC52
:1001900000238374284638BD0025FBE70346F0B5ED
:1001A0009C88A5B2C4F30E06DC88AC4200F11800AE
:1001B00002D10020D881F0BD5F89DC7C855B3C44A6
:1001C00002343444ED1B20440C88ADB2AC4288BFED
:1001D0000D805C89B4FA84F4640914700A88DA81A9
:1001E000E9E7F8B58288C389002604460D4692B235
:1001F0000E60CBB1C2F30E024189183287180B444E
:10020000825A9BB29342438104D94FF4A7711420C0
:10021000E8F708F904D1011DE8F73EFC46812F609C
:100220000023E3810120F8BD1846FCE770B50446C1
:1002300004F11806A38822899BB29A420846C2F3A9
:100240000E050DD021B1A91CE27C3144FEF766FFFA
:1002500004F108012046755BE8F71EFC284670BDD6
:100260000025FBE78388C0889BB2C31A58425841D7
:100270007047828873B5C48895B2AC42C2F30E024F
:1002800002F1180212D04189C689835A3144994239
:100290000EDB0DF10601ADF80650E8F7FDFBBDF8E9
:1002A0000600001B18BF012002B070BD0020FBE754
:1002B0000120F9E7028970B5C588C5F30E065540DF
:1002C000C2F30E04C5F30E020346183022B92A0405
:1002D00002D50020188270BDB4421D8806D9DA7C90
:1002E000A41B0532A41AA542A8BF25469A890AB1C3
:1002F000845B2D1BA942ECDCDC7C1982033A0534BB
:10030000324422441044E6E7F8B5038A002B39D082
:100310008B4237D3C488858900F11803C4F30E04D7
:100320001E1995B91D55757085891E5B0D44ADB2BA
:10033000314485811953DAB1811DE8F7ADFB002303
:100340008381002303820120F8BD1E5BAE4204D0EE
:1003500040F201211420E8F765F8C57C878A033E46
:100360002644053535445E195F53857DB570DBE75E
:10037000C27C2C44144402341A191B5B8382937888
:100380008375DEE70020DFE78388C2889BB29A424C
:1003900006D0428922B9C3F30E03183318447047BC
:1003A00000207047C37C088802330B4413607047F9
:1003B0000230704738B58388C2889BB29A4209D010
:1003C00043893BB9C5893DB9011DE8F765FBC58186
:1003D000012038BD0020FCE71846FAE703881380A7
:1003E000C388C3F30E03183303440B60808970473E
:1003F0004A1E062A08B50346084604D84FF4D171B0
:100400001520E8F70FF811B903B1196008BD5BB109
:10041000B1F5803F02D34FF4DA71F1E71B68002297
:100420005A601A1D19811A600430EFE70268002330
:1004300022B90381031D42600360704791881268EE
:100440000B449BB2F4E703464FF6F672A1F10800A5
:10045000904270B504D94FF4ED711520E7F7E2FF33
:100460001868B8B1848802688C4214D03AB98EB248
:1004700006F10805ADB2AC4204D210460AE00346CC
:100480001046EFE742501A6845181268A41BAC806A
:1004900042501D6070BD1A60FCE700230B600368CA
:1004A0008A800B600160704730B590B18478B1FBF1
:1004B000F4F304FB131300EB430252898A4201D187
:1004C000D8B230BDC27822B900F10A03D0B284425A
:1004D00001D8FF20F5E733F8025BA94202F10102DF
:1004E000F4D1EEE78278038805324B4303EB4203F5
:1004F0001844704713B50023CDE9003304468DF846
:1005000006006846E8F7ACFC08B102B010BDBDF8C3
:1005100004002146E8F780FC0028F2D040F21D21BB
:100520001720E7F77FFF70B50D460A211E46FFF73B
:100530000AFE3246044609212846FFF704FE2044FD
:1005400070BD03460068884209D1EFF3108272B68D
:10055000186808B10168196092B962B6704758B955
:100560007047884208D1EFF3108272B618680028ED
:10057000F2D001681960EFE7034600680028F0D167
:100580007047D31D70B523F0070310F0070403F183
:10059000080303D056212220E7F744FF58B1046036
:1005A000C280818000F108040A464FF6FF75013AC7
:1005B00092B2AA4203D1594301F1080070BD066806
:1005C000266004601C44F2E718B1C2888188FFF7F6
:1005D000D8BF70470346EFF3108272B6006830B19F
:1005E000016819600023037043708370C37002B9FF
:1005F00062B67047EFF3108372B602680A6001605A
:1006000003B962B67047012303707047F8B5054619
:100610000846002811461E4614BF00240224FF236A
:10062000AB702B191B7D012B04D001342B191B7DC2
:10063000012B19D105EB44073B8B3A8C981990425A
:1006400004DD2C44002038832075F8BD05EB8404BC
:10065000324660681844FEF761FD3A8B16443E83CB
:100660000023AB700120F0E70020EEE7002910B571
:1006700014BF00230223FF218170C1180C7D012CBF
:1006800007D10C3320F8132002230B75002383704D
:1006900010BD0133C1180C7D012CF2D040F21511B0
:1006A0000920E7F7BFFE30B50246837803F0FF006C
:1006B000F3B9137D022B19D0537D022B19D10346B8
:1006C000012089B1D5180C3300242C7522F8134071
:1006D000131803241C7502EB80035B680B6000F1A8
:1006E0000C0332F813308B80012002E00123E8E78D
:1006F000002030BD30B58378E3B9837D022B17D05D
:10070000C47D022C16D1032381B105190C340022BB
:100710002A7520F81420C2180324147500EB8302F4
:100720000C33526830F813300A608B80012002E0ED
:100730000324E9E7002030BD037D012B01D1008BAC
:100740007047437D012B0CBF408B00207047837D99
:10075000012B01D1808B7047C37D012B0CBFC08B57
:1007600000207047038B23B9408B003818BF01204D
:10077000704701207047838B23B9C08B003818BFA6
:100780000120704701207047027D022A01D1008BB1
:100790007047437D022B01D1408B7047032AF6D06E
:1007A000032BF9D000207047827D022A01D1808B73
:1007B0007047C37D022B01D1C08B7047032AF6D04E
:1007C000032BF9D0002070472DE9F041064606982A
:1007D0009DF81C70984643070D46114602D010F054
:1007E000030003D025214C20E7F71CFE4FF48B7249
:1007F000FFF7C7FE002F06AB044600FB08F10CBF55
:1008000018460020FFF7F4FD17B9069B33602C60F3
:10081000BDE8F081E8F7F6BC00EA400303EA4303D1
:1008200003EA430303EA430303EA430313EA4303EC
:100830000CBF01200020704708B503468B421046CC
:1008400009D03AB183EA010002F047FD01288CBFCC
:100850000020012008BD0120FCE737B50023CDE9C9
:10086000003304460D466846E8F7FAFA30B1002333
:10087000CDE9003302238DF8063011E0009B2A46B3
:10088000196A2046FFF7D8FF0028ECD003B030BD2E
:10089000009B2A46196A2046FFF7CEFF0028F5D1B3
:1008A0006846E8F7DDFA0028F2D00023CDE90033EE
:1008B00004238DF8063007E0009B2A46196820467D
:1008C000FFF7BAFF0028E1D16846E8F7C9FA002827
:1008D000F2D00023CDE9003305238DF8063007E080
:1008E000009B2A4619682046FFF7A6FF0028CDD1B5
:1008F0006846E8F7B5FA0028F2D00023CDE90033C6
:1009000009238DF8063008E0009B2A46D3F8B81179
:100910002046FFF791FF0028B8D16846E8F7A0FA13
:100920000028F1D00023CDE900330B238DF80630E9
:1009300007E0009B2A46D3F8EC102046FFF77CFF27
:10094000E8B96846E8F78CFA0028F2D000224FF4A4
:100950004023CDE900236846E8F782FA30B100234E
:10096000CDE900330A238DF8063014E0009B2A46B7
:10097000D3F8EC102046FFF75FFF0028EBD00120F2
:1009800084E7009B2A46D3F80C112046FFF754FF5A
:1009900000287FF47BAF6846E8F762FA0028F0D0C1
:1009A000002073E770B523260025F3F775FD044694
:1009B000F1F712F840B100212046FFF74EFF68B969
:1009C0002046F1F73FF82546013E01D00028ECD043
:1009D00035B940F215210F20E7F724FD0020F3E799
:1009E000284670BD10F0FD0F14BF01200020704795
:1009F00040687047406870474068A830704740685A
:100A0000A8307047406800F5B0707047406800F546
:100A1000B070704703469A0700F0010048BF40F0ED
:100A200002005B0748BF40F0080070476FF4506356
:100A3000C318062B9ABFA0F550604FF47A7340F2AA
:100A4000E2435843704790F81833DBB290F8E8203F
:100A50002AB913F0FB0F14BF0120002070470020BB
:100A6000704790F83C33DBB290F8E8202AB913F0D5
:100A7000FB0F14BF012000207047002070472DE9B4
:100A8000F843B0F86E60B0F87050804617464430B6
:100A900089B3F0F797FB0221044601F0F5FD02212E
:100AA0008146204601F0F0FD4E4528BF4E46B6B2C5
:100AB0001B2E38BF1B26FB2E28BFFB26854228BFD6
:100AC0000546ADB21B2D38BF1B25FB2D28BFFB25CE
:100AD000B4F5A47F38BF4FF4A474B4F5296FB8F807
:100AE00000303B8028BF4FF429647E80FD80BC80AD
:100AF0003C81BDE8F883EAF765FBCCE713B501213B
:100B00000020E8F773F9044688B901210846E8F7A0
:100B10006DF90446C0B90023CDE9003303238DF8F5
:100B200006306846E8F79CF9C8B100200AE0B83002
:100B3000EFF742FC0028E8D02046EDF7FDFB002847
:100B4000E3D0012002B010BDB830EFF735FC00282B
:100B5000E1D02046EDF7F0FB0028DCD0F1E7009C67
:100B60002046EAF735FD0028DBD0204603F05BFC89
:100B70000028D6D0E5E707B50023CDE900330323ED
:100B80008DF806306846E8F76BF908B1002004E0FC
:100B90000098EAF71DFD0028F4D003B05DF804FBCF
:100BA00007B5002340F6881201A9FAF7A7FA03B0A7
:100BB0005DF804FB2DE9F3410023CDE90033044641
:100BC0000E46174600F10A086846E8F749F908B1E9
:100BD000002015E0009DA542F6D03046FFF702FF49
:100BE000EB1CAA78394601F027FC0028ECD06A7A81
:100BF000607A05F10A03414601F01EFC0028E3D0AB
:100C000002B0BDE8F08108B5431E072B05D8DFE828
:100C100003F00A0A04090404040940F281210620B1
:100C2000E7F700FC032008BD08B5431E072B05D8D5
:100C3000DFE803F00A0A04090404040940F28121F0
:100C40000620E7F7EFFB032008BD08B5431E072B7E
:100C500005D8DFE803F00A0A04090404040940F295
:100C600081210620E7F7DEFB032008BD08B5431EFF
:100C7000072B05D8DFE803F00A0A04090404040975
:100C800040F281210620E7F7CDFB032008BD08B51F
:100C9000431E072B05D8DFE803F00A0A0409040401
:100CA000040940F281210620E7F7BCFB032008BDC0
:100CB00008B5431E072B05D8DFE803F00A0A04092C
:100CC0000404040940F281210620E7F7ABFB03206E
:100CD00008BD10B5044638B1F2F7C4F934EA000390
:100CE0000CBF0120002010BD0120FCE707B5012149
:100CF0000020E8F77BF820B3B830EFF75DFBE0B1F8
:100D0000012009E0B830EFF757FB00B3F8E700988F
:100D1000403003F059FE18B303B05DF804FB009BAC
:100D2000586F503003F050FE0028F5D16846E8F7C0
:100D300097F80028F3D00020EEE7EDF771FC0028CB
:100D4000DED101210846E8F751F80028DAD1FFF793
:100D500012FF0028D4D10623CDE900008DF806301B
:100D60006846E8F77DF80028D1D00023CDE90033AC
:100D700007238DF80630D9E710B50446FFF7FBFED0
:100D800058B901210020E8F731F8E8B901210846F7
:100D9000E8F72CF8F0B9012013E0F2F73BF968B15D
:100DA000F0F762FF044603F075FB58B9204603F0E4
:100DB0006DFB80F00104E4B204F00104002CE0D1EA
:100DC000002010BD0024F7E7B830EFF7F5FA00284F
:100DD000DCD0F5E7B830EFF7EFFA80F00100C0B2F1
:100DE000EFE738B50178012905461ED10020E7F765
:100DF000FDFF044620B940F65D613920E7F712FB9C
:100E0000EDF75EF9F8B92046EDF702FAE8B12046B1
:100E1000EDF70CFA2046EDF7C7FA98B9AA88698869
:100E20002046BDE83840EFF79FBB01210020E7F7DF
:100E3000DDFF10B940F68261DFE7EFF709FA00281D
:100E400018BF0C2038BD3A20FCE71220FAE738B56D
:100E500005460C462AB11F2901D8002038BD1220B2
:100E6000FCE7E8F7FDF8A04211D3284603F028FB81
:100E700008B11F2CF3D8284603F090FA48B1214658
:100E8000284603F0B2FA0028E7D14520E6E707201C
:100E9000E4E74220E2E738B5054603F07FFAE8B11F
:100EA0002846EAF795FB08B9002038BD2846E9F73F
:100EB000E9FF04462846EAF729F988B9002CF3D05F
:100EC0002088F2F763FA20880221E7F7A5FF0028BF
:100ED000EAD041F65C013920E7F7A4FA4220E4E7C2
:100EE0000C20E2E7034640681B780BB9FFF7ABBD67
:100EF000FFF7B7BDF0B587B0054601A9008801F03E
:100F0000F9FA044600287ED101A8FFF775FD029B7F
:100F100093F8EC31003B18BF01238DF802309DF8A7
:100F20000430002B72D1C37F1F2B72D19DF8023089
:100F300083F0010303F001038DF8033090F8723061
:100F40009B0603D49DF80330002B66D0EB881B3B37
:100F50009BB2E02B63D82989A1F5A4739BB244F21C
:100F6000481083425BD86B881B3B9BB2E02B56D862
:100F7000AA88A2F5A4739BB2834250D8B1F5296F19
:100F80004FD8B2F5296F4CD801A8FFF731FD0346C1
:100F900001A8FFF737FD0646FF27C7709DF802201E
:100FA000002A38D19DF80410B1FA81F103AA18463D
:100FB0004909FFF764FD6A88BDF81230BDF81410C6
:100FC000BDF80E00934228BF134640F6480C33810B
:100FD000EB88AA88614528BF6146984228BF184619
:100FE000BDF81030B0806345288928BF634683422E
:100FF00028BF03468A42F380134628BF0B467381FD
:10100000B7700023F370204607B0F0BD03699A065D
:101010008CD423468EE73A24F3E71A24F3E712240C
:10102000F1E71124EFE72DE9F04385B00746884644
:10103000008802A901F05EFA054670BB02A8FFF71E
:10104000DBFC034602A8FFF7D3FC814602A8FFF7AA
:10105000D9FC039A064692F8FF2102F0FF051AB167
:10106000B8F1020518BF0125DA7F93F87330232AFF
:1010700043EAD3030CBFC5F10102002203F00103D0
:10108000134336D0BC7814B9F1F7ECFF0446F87876
:1010900088BBF1F7E7FF24B90925284605B0BDE86C
:1010A000F0830028F8D099F8812032B114F00204BE
:1010B00000F00200F0D00028EED0FF227273B5B924
:1010C000327B02F0FF0592B9F07386F80C80B4739E
:1010D000BA888DF80500328201A948468DF804408F
:1010E000ADF8062001F0F6FA00237373D5E73A2530
:1010F000FAE71A25D1E7002CD5D1CDE708B5F1F7ED
:1011000067FF002008BD10B50446F4F78BF8207087
:10111000002010BD10B5FFF7F1FC044630B9F4F71C
:101120007BF82046F2F754FB204610BD0C20FCE76C
:1011300010B50378012B044601D9122010BDFFF72A
:10114000D5FD60B92078FFF74DFC01280DD004F1E2
:101150001703E21D611CBDE81040F2F761BBF2F716
:10116000F3FB0028EED00C20E8E7A37903F0C003DE
:10117000C02BECD0E1E710B50378012B04460AD868
:10118000FFF7B4FD48B9214611F8010BFFF72AFC1F
:1011900001F07DF938B9122010BDF2F7D5FB002817
:1011A000F1D00C20F8E70020F6E738B50546FFF748
:1011B000A5FC0446A8B92878012803D9FF280BD03C
:1011C000122038BDFFF70EFC691CF4F731F8002837
:1011D00014BF00200720F4E70120F2F7F9FA2046B7
:1011E000EFE70C20EDE738B50546FFF787FC04462E
:1011F000A8B92B78012B03D9FF2B0CD0122038BDB6
:101200001846FFF7EFFB691CF4F742F8002814BFFB
:1012100000201220F3E7F2F7DBFA2046EFE70C207C
:10122000EDE708B50088F2F795FB00280CBF3020E9
:10123000002008BD38B50546FFF758FD044638B90B
:101240002878003818BF0120F2F778FB204638BD17
:101250000C20FCE708B5FFF749FD18B9F2F75EFB73
:10126000002008BDF2F770FB0028F7D00C20F8E74B
:10127000082303700020704710B503460D24047046
:101280006FF0040111220020DC70592459709A700B
:101290001C7158719971DA7110BD08B50821E7F712
:1012A00015FB002008BD73B506460C46008869464C
:1012B00001F020F90546B0B9B3787BB96846FFF76D
:1012C00097FB90F88030A370338894F90200238054
:1012D000F2F7AEFDA070284602B070BD7F20FFF788
:1012E0005FFCA070F0E70225F5E710B504466FF04B
:1012F0007F00FFF755FCF2F79BFD20707F20FFF782
:101300004FFCF2F795FD6070002010BD10B504464B
:10131000F0F7AAFC03F0B7F8F2F78AFD207000207E
:1013200010BD08B50A46072300F11001FDF734FC93
:10133000002008BD10B5014604460020F2F7B2F8BF
:1013400008B92060A080002010BD10B50446F1F758
:1013500039FE28B900202146F2F78CF8002010BD94
:101360000020FFF709FD0028F4D10C20F7E710B5A5
:1013700004460120FFF700FD28B101202146F2F7C5
:1013800079F8002010BD0C20FCE7F7B50C460546A7
:101390006946008801F0AEF8A11C0246A8B968466B
:1013A000FFF72AFB034600F1270783F87A20386805
:1013B0000860387908712888208093F87A6006F0F0
:1013C000FF00002EF1D103B0F0BD0023C4F80230BD
:1013D00002200B7123706370F5E7FFF78BBD1FB51B
:1013E000838844F29022934217D80288ADF80420F3
:1013F0004088ADF80600B3F5296F28BF4FF4296384
:10140000ADF80A000A8001A8ADF80830ADF80C303C
:10141000FFF770FD05B05DF804FB1220FAE737B561
:101420000D46694601F066F8044650B96846FFF774
:10143000DFFA9DF80010B1FA81F12A464909FFF759
:101440001EFB204603B030BD10B503466FF0040408
:1014500000206FF06F010A221C7058709970DA70CA
:101460001C7158719971DA7110BD10B50446FFF7FF
:101470003DFC58B92078FFF7B5FA611CE279F2F724
:10148000C9FB002814BF0020022010BDF2F75CFA4F
:101490000028EFD00C20F8E7F7B507460D46008886
:1014A000694601F027F80646B8B96846FFF7A0FA82
:1014B000044684F87E6094F87C00FFF7A4FBA870D3
:1014C00094F87D00FFF79FFBE87094F87E3003F0FE
:1014D000FF00002BEDD13B882B8003B0F0BD10B591
:1014E0008388022B044610D8C078FFF7F2FB08B9B6
:1014F000112010BDA078FFF7ECFB0028F8D02046A3
:101500000121BDE81040FFF78EBD1220F1E713B5B1
:101510008378C178027903F0010451EA040C03F0E6
:1015200002031DD052EA030C1AD0002C18BF002170
:10153000002B18BF00228DF80320037842788DF825
:10154000021043EA0223ADF80030437982796846FD
:1015500043EA0223ADF80430FFF7C1FF02B010BD2B
:101560001120FBE707B5037842788DF800300021A1
:10157000012B8DF80120ADF80210ADF8041007D151
:10158000012A07D86846FFF72CFC03B05DF804FB7E
:10159000002BF7D01220F8E708B5E8F79BFB0020F6
:1015A00008BD13B50C46694600F0A4FF30B9019B95
:1015B0009DF80020B3F8C03012B9238002B010BDEE
:1015C0000133FAE773B506230025CDE900558DF800
:1015D00006306846E7F744FCA0B100260121084622
:1015E000E7F704FC044618B90121E7F7FFFB0446BE
:1015F00004F1B800EEF7E0FE78B97EB90C25284674
:1016000002B070BD009D95F8A530802BE1D095F813
:101610000931002BDDD10126E0E726B1FF2385F853
:10162000A4300025EBE72046EEF7F8FF054600283A
:10163000E5D12046ECF750FDE1E710B504460088FF
:101640004FF6FF73984286B017D004A900F052FFFE
:10165000A8B904A8FFF7CCF9A38902936389019381
:1016600023890093A288E3886188F0F71BFA002899
:1016700014BF0020302006B010BD0020ECE702208F
:10168000F9E738B50546FFF7D8FF014628B928889D
:10169000E7F7ACFB044610B90221084638BDFFF756
:1016A000D2F90028F8D094F8343303F0FF013BBBA3
:1016B000A888FFF7BBF941F64B53984209D8642834
:1016C00020D9B4F87C2040F202239A421CD1642332
:1016D00001E040F2E243A4F838330023C4E9CF30FC
:1016E000EA79AB7943EA0223A4F844332B7A6A7A85
:1016F00043EA0223A4F84633FF2384F83433CCE7CB
:101700003A21CAE71221C8E70C21C6E713B50446FF
:1017100000F008FF00284CD02046F2F7D5FB00234C
:10172000CDE90033FF246846E7F79AFB50B3002465
:101730004FF44033CDE9004301246846E7F790FBBE
:1017400020B300204FF48023CDE90003FF24684636
:10175000E7F786FBF0B100214FF4C023CDE9001379
:10176000FF246846E7F77CFBC0B100224FF420233A
:10177000CDE90023FF246846E7F772FB90B1002013
:1017800002B010BD009B83F82C43CCE7009B83F88C
:101790008A40D2E7009B83F83440D8E7009B83F867
:1017A0003440DEE7009B93F83020032AE3D19C7796
:1017B000E1E71220E4E713B50088694600F09AFEDD
:1017C0000146C8B96846FFF71DF99DF80030044688
:1017D00063B19DF80030012B03D10198FFF741F967
:1017E00048B1E37C43B90123E37405E00198FFF7B6
:1017F0002AF90028EDD10221084602B010BD38B503
:10180000002105460088E7F7F1FA044660B3FFF7C8
:101810001AF978B394F8763343BB94F81A31DB079E
:1018200026D5D4F85C312BBBD5F80230C4F86C3324
:10183000D5F80630C4F870336B89A4F8743304F516
:10184000577205F10C031C3553F8041B42F8041BB6
:10185000AB42F9D104F552700C21E7F737F80123B8
:1018600084F87633002038BD0220FCE73A20FAE7FE
:101870001A20F8E70C20F6E72DE9F341054690F829
:10188000018000780321E7F7B1FA0446002800F050
:101890008780F1F7BFFB08B3204602F0D2FDEE7857
:1018A000864228BF0646B6B2B8F1040F5DD0E06CA0
:1018B000FEF742FF8719BFB2F1F7ACFBB8B9EB787E
:1018C00073B9204602F0BDFD874210D9204602F0D0
:1018D000F7FD50B9072002B0BDE8F081EE78E3E7EC
:1018E000204602F0C0FD0028EBD11220F3E7F1F70B
:1018F00091FB394602462046FFF7A9FA0028EAD1B3
:10190000A8F10303012B2DD8204602F0D9FD6B78F6
:10191000032B2DD108F0FD07012F3AD1204602F00C
:10192000CFFD002833D1B8F1010F08BF0227E16CC9
:101930003A466846E7F7ACFB6A68E06C334601213B
:10194000FEF764FE0028C5D06B78023B012B07D858
:10195000E06CFEF7F1FE01210246E06CFEF786FE28
:101960000020B8E7002ECFD1BFE7002ECCD0BCE7D7
:101970000028BAD1042BCDD12046E9F729FE002852
:10198000B3D0E06CFEF7EEFE0028C3D1ADE7002730
:10199000CDE7B8F1040FCFD1204602F0C7FDDFE755
:1019A000422098E72DE9F3470746467890F80390E0
:1019B00000780321E7F71AFA044600283BD0F1F734
:1019C00029FB30B1204602F065FD002808BF4FF02A
:1019D0000009E06CFEF7BBFE00EB09081FFA89FA6C
:1019E0001FFA88F8F1F716FB60B1F1F713FB4146D7
:1019F00002462046FFF72BFA054668B1284602B09A
:101A0000BDE8F087FB78002BEFD0204602F042FDC6
:101A10000028EAD11225F1E7042EFBD0032E10D0C6
:101A2000B9F1000FF6D02046E9F7D2FD38B10C2508
:101A3000E4E704220EE04225E0E70725DEE7012E79
:101A40000CD1204602F03CFD0028F2D1012E0CBF43
:101A500006220522E16C6846E7F71AFB7A68E06C1B
:101A600053460021FEF7D2FD0028E6D0023E012EAB
:101A7000C4D8E06C42460021FEF7F8FDBEE713B57E
:101A80000446F0F7F1F84FF44073ADF8003000234E
:101A90008DF80230684614F8013B8DF8033001944C
:101AA000FFF780FF02B010BD38B50321054600786E
:101AB000E7F79CF90446A0B1E9F78AFD28B920466A
:101AC000691C02F0B5FC002038BD204602F0E2FCA3
:101AD00008B10C20F8E7204602F0D8FC0028F8D125
:101AE000EDE74220F0E713B50446F0F7BDF814F82F
:101AF000013B8DF803304FF44073ADF80030684679
:101B000000238DF802300194FFF7B6FE02B010BD3D
:101B100073B50546F0F7A8F82B78044663B10023A7
:101B20000DF1010101208DF80030F1F7BBFC18B177
:101B30006846FFF7B9FFA0B9002620468DF800607F
:101B400002F0ACFCB04214BF80233346ADF8013044
:101B50002B788DF80360012B05D169462046F0F7FC
:101B60005BFA02B070BD1BB92046FFF794F9F8E7A5
:101B70001220F6E710B5022104460088E7F736F98F
:101B800020B1A11CBDE81040F5F70CBF022010BD2C
:101B900008B500880221E7F729F920B1BDE808401F
:101BA0000021F5F7FFBE022008BD37B505460C46FB
:101BB0000088694600F09EFC034638B96846FEF787
:101BC0001BFF2A882280B0F84C206280184603B0A0
:101BD00030BD2DE9F341438804460E46EBB1008841
:101BE000694600F087FC054698B92388338068462B
:101BF000FEF702FF07466846FEF7FAFE0646D6F8ED
:101C00001C8062884146384600F066FCF369434513
:101C1000F5D1284602B0BDE8F0811225F9E710B5EC
:101C20000C460221E7F7E2F888B1022C11D804F043
:101C30000103C4F3400480F8053380F8044323B162
:101C400090F802333BB1E9F7C9FA002010BD022039
:101C5000FCE71220FAE71846F8E710B504460078CA
:101C6000FF280AD00321E7F7C1F858B16378A278BA
:101C700043EA0223C384002010BDB4F80100E9F751
:101C8000ABFCF8E74220F7E710B5044600780038CF
:101C900018BF0120EFF78CFA2078003818BF012018
:101CA000E9F75CFA002010BD10B50446F1F7B2F96F
:101CB00050B1EFF7D9FF6178C1F3400201F00101A3
:101CC00002F038FC002010BD20780321E7F78EF8E1
:101CD0000028F0D14220F6E738B504460D46F1F76A
:101CE000BBF9830001D40C2038BD20460921E7F759
:101CF0007DF8044648B1EFF707FE0028F3D02A46E6
:101D00002146BDE83840EFF73FBE0220ECE70388EC
:101D10000B80817898B2FFF7DFBF0820F1F780B918
:101D200002F00DBE02F07CBD08B5C378013B02464F
:101D3000D8B2042801D9FE2806D11378042B03D188
:101D4000EEF780FA002008BD1220FCE710B504462B
:101D500004B910BD236898476468F9E703680BB9B4
:101D6000016070471A465B6813B18A42FAD1704726
:101D70008A4218BF5160704708B5E9F787F820B16B
:101D800040F223110120E6F74DFBF4F717F810B1EC
:101D90004FF49471F6E7BDE808400320FEF7AABBB4
:101DA00008B50220FEF7A6FB0020FEF7A3FBE7F72D
:101DB000E5F8F1F7DFFAE7F753FD20B140F205113E
:101DC0000120E6F72FFB08BDFFF7EABF08B5FFF7D4
:101DD000D3FFF4F777FF20B140F23D110120E6F781
:101DE00021FB08BD08B5EFF7DDF920B14FF4B37161
:101DF0000120E6F717FBF0F7E3F9ECF727FBBDE866
:101E00000840EFF7B1BB08B5FE20EEF71BFABDE8BE
:101E10000840FFF7E7BF08B5FFF7E4FF02F089FDD0
:101E200020B140F295110120E6F7FCFA08BD08B593
:101E3000FFF7E9FF02F07DFD20B14FF4C5710120ED
:101E4000E6F7F0FA08BDFFF7ABBF08B5ECF75AF9B3
:101E5000F0F7F4FFF1F70EF802F06DFDBDE8084071
:101E6000F2F77CB908B5ECF755F9F0F7E7FFF1F7B1
:101E700001F802F060FDBDE80840F2F76FB910B557
:101E8000C378044691B163B90388012B01D95B087B
:101E90002380F2F7E9FA2388B0FBF3F202FB130088
:101EA000A070E37883F00103E37010BD002BF8D13C
:101EB0000388FE2BEDD85B009BB2FF2B88BFFF236E
:101EC000E6E783780BB1013B83708078B0FA80F04D
:101ED000400970470123038040F20113438070479B
:101EE000F9F7EABB0B46152203F8032BD0F80920BB
:101EF000C1F80320427B1A717047012804D10129DF
:101F000014BF002001207047022801D10229F7E701
:101F1000042801D10429F3E70020704730B585B0CB
:101F200004460D46F2F76AF880B36FF4FB731C4465
:101F300002A92088ADF8000000F0DCFA18B12E21CB
:101F40007E20E6F76FFA039B93F878208DF8022045
:101F5000022193F87920B3F87A308DF8032068468F
:101F6000ADF80430FFF75FF808B14421E8E78DF8D9
:101F700008009DF808308DF80900002063F3070081
:101F80009DF8093063F30F2005B030BD36232B7068
:101F9000D4F80930C5F8033004238DF80830E8E799
:101FA00010B54468037894F8C620002104F1A80015
:101FB00000F0DAFA18B986217E20E6F733FA2123F9
:101FC00084F8C63010BD034610F0010007D19A070F
:101FD00004D413F0040018BF082070470220704793
:101FE00030B585B0CCB2C1F307220190C5B2C0F3C1
:101FF000072311462046FFF780FF20B919462846DF
:10200000FFF77BFF10B32B40234002EA03010B468E
:1020100088071FD411F0010203D111F0040218BF88
:102020000822990718D413F0010003D113F004001B
:1020300018BF0820082A04D1BDF80630012B08BFBC
:102040000422D2B242EA002005B030BD05EA020106
:102050002340DDE70222E4E70220EBE72DE9F84F19
:10206000054608469046894600F092FF824648465B
:1020700000F092FF8346FFF7A6FF06465046FFF7A3
:10208000A2FF46EA0007FFB2003F044618BF01273F
:10209000F0F7E8FF00EA0B00C0B2002808BF0026F6
:1020A000F0F7E0FF00EA0A0095F87C20C0B20028B3
:1020B00008BF0024B24214BF3346002388F8003022
:1020C00095F87D20A24208BF0024234388F80140F0
:1020D0000CD1484600F066FFB5F8C030DB43184429
:1020E00080B247F6FD73984288BF0027BEB995F8C5
:1020F0007C00FEF799FD03280ED195F86C31012B79
:102100000AD1B5F8702195F87C30012A09D1042B49
:1021100009D0042388F800303846BDE8F88F082E2F
:10212000EAE7082BF8D00823F4E7082905D10128AD
:102130000CD10421518013807047042906D1012855
:1021400004D008215180138001207047002070477F
:10215000012805D0022803D010F00C0018BF04207D
:1021600070477FB5CDE900214468019894F87C6000
:1021700094F87D501146FFF733FFC3B2C0F3072038
:102180009E4208BF0023854208BF002084F83233F6
:1021900084F8330304B070BD73B54468002305466A
:1021A0000E4694F8C720194604F1A80000F0DCF9A7
:1021B00000285AD094F8C630253B022B2BD901A811
:1021C000F1F724F9014628B1019BDB788DF8033043
:1021D0000DF1030194F8C6000DF10203162201F07F
:1021E00003F978B19DF802201621284601F0E7F89E
:1021F000322384F8C7300020012384F80831A4F882
:10220000060109E0304600F0B4FE38B931462846F0
:1022100001F018F900E0202002B070BD337903F01E
:10222000070384F87430737903F0070384F875307A
:1022300094F86D319BB994F86C31012B0FD094F860
:10224000742094F87D309A420BD194F8752094F85C
:102250007C309A4205D16B68022283F86C212323DB
:10226000C7E72846F0F74CFFF9E70120D4E7F8B5B7
:10227000446804F1A80794F8C72005460E460123D8
:102280000B21384600F070F9014608B12020F8BD56
:1022900094F8C7200123384600F066F9C8B394F8D3
:1022A000C630262BF2D0304600F063FE28B9314606
:1022B0002846BDE8F84001F0B1B8737903F0070390
:1022C00084F87530337903F0070384F8743094F898
:1022D0006D3193B994F86C31012B0ED094F87420C1
:1022E00094F87D309A4210D194F8752094F87C309F
:1022F0009A420AD1022384F86C312323284684F8B9
:10230000C73001F043F80020C1E72846F0F7F8FE97
:10231000F3E70120BBE737B5436893F8C630212BBC
:1023200004460D4626D1084600F02EFE616868B9C5
:10233000A1F832036368012283F8042100202522DA
:10234000A3F8000183F8C62003B030BD2A796B7969
:10235000D1F86E1102F0070203F007030020ADF878
:1023600006008DF804208DF80530019A2046FFF70D
:10237000F8FEDFE70120E7E710B5436893F8C720D0
:10238000B3F83213232A044615D181B983F8C71054
:1023900093F86C31012B01D1F0F792FE63680022B3
:1023A00083F86C216368002283F8082110BD26227F
:1023B00083F8C720F6E793F8C620252A0DD141B946
:1023C00083F8C610F0F77CFE6368002283F80421CE
:1023D000ECE7262283F8C620F6E740F283317E2020
:1023E000E6F720F808B5436893F8C720232A05D0FC
:1023F00022B140F28A317E20E6F714F8242283F8D5
:10240000C72008BDFF23437100230371036043719C
:1024100070470A46437923B9016811B10079F9F789
:10242000CFB8704743791BB903680BB101221A601A
:102430007047F0F79FBF704730B542400C7818786E
:102440005D7844404878684004449D7888786840C6
:102450000444DD78C878684004441D7908795B79C4
:102460004979684004444B402344D3420CBF0120C7
:10247000002030BD034600200139C9B2FF2900D138
:1024800070475A5C82F001021044C0B2F4E708B50C
:10249000F1F72EF8082807D0F1F74EF8082803D0F6
:1024A000F1F760F8012008BD0020FCE708B5F1F75E
:1024B0001FF8082803D0BDE80840F1F73DB808BD73
:1024C00008B5F6F79BFD18B1BDE80840F6F7BEBDAC
:1024D000082008BDF6F792BD10B50023436442F210
:1024E00010744B1EA0F84C2004FB0232B2FBF1F139
:1024F000816410BD70B50D4600210646E6F776FCF6
:102500000446686010B10020287070BD022130467A
:10251000E6F76CFC686018B101232B702046F4E7E5
:102520000220F2E770B5047934F01F040ED1461E84
:10253000051D16F8010F00F005FFAE420444E4B299
:10254000F7D1012C94BF0020012070BD0020FCE7D2
:1025500001440023884203D1B3FA83F04009704755
:1025600010F8012B1343F5E7112958D8DFE801F0E3
:10257000090D1016181B2D363B523D3F45474A4C5E
:102580004E50B2FA82F040097047073A012A01E042
:102590000B3A022A8CBF0020012070470E3AF5E763
:1025A000113A0C2AF6E76BB9A2F11301012938D9C7
:1025B00090F8620010B9172A02D87047132A2ED952
:1025C0001C2AE7E7123A0B2AE4E7A2F11103032BD6
:1025D00027D990F8620028B31D2ADBE7042A14BF2C
:1025E000002001207047012AF9E71E3AD1E7A2F145
:1025F0002103062B15D92F2AF1E7292AEFE72A3ADA
:10260000042AC7E7352AEAE7362AE8E7372AE6E761
:10261000383ABEE70BB9052AE1E7102ADFE70020C8
:10262000704701207047F8B5D0E9047605460C469E
:10263000FAF758FF20B94FF4E5712920E5F7F2FECB
:10264000F4B1D5E90431DA1B61EB0603012A73F119
:1026500000014FF0000115DB6FF00100904271EBBB
:10266000030302DA4FF4EA71E7E7631E1344B3FB96
:10267000F4F35C43E41946F10006C5E904461C4640
:102680002046F8BD0C46FBE711F00C0312D001F018
:10269000040100290CBF4FF41673962303F5BC7395
:1026A0000CBF40221022984212D9C01A90FBF2F0BF
:1026B00080B27047022905D13C2809D93C38C0F3C3
:1026C0008F007047702803D97038C0F3CF0070476F
:1026D000002070470346086898677047013908B5BD
:1026E0000246072910D8DFE801F007140F040F0F86
:1026F0000F0440F6A66008BD40F6C41340F2E24065
:10270000002A18BF1846F6E740F245212920E5F7D0
:1027100089FE40F6C410EEE7A0F5AD70884298BF80
:10272000091A186888BF491A00EB5100186013682D
:102730000129A3EB5103136094BF002001207047CF
:10274000C3B293FAA3F3000A90FAA0F01B0E000E96
:1027500043EA002070470131F8B5C9B2821D002359
:10276000012512F8010B884216D312F8066C0024DA
:1027700005FA04F737421CBF01F1FF31C9B2E0B2DC
:1027800069B10134082CF3D10133DBB2052BE8D158
:1027900099214620E5F746FE091AC9B2F4E700EB95
:1027A000C300C0B2F8BD0B6870B5C0F801300B793A
:1027B00003F01F03437100230446C372451C861DAA
:1027C00015F8010B00F0BEFD2871E37AB5421844FC
:1027D000E072F5D170BD70B581EA114189B2C57A58
:1027E0000446032682EA0100FFF7AAFF013E00EB40
:1027F00000100A1816F0FF0690B2F5D141402522CC
:10280000B1FBF2F302FB1313C3F3C4022244D8B2A8
:10281000567803F00703012202FA03F31E4207D1A0
:1028200069432046C1F30741BDE87040FFF793BFFD
:1028300070BDF8B590F831506B1E242B044658D863
:10284000002A58D090F8260018B1012847D01F2040
:102850001AE094F8331094F8323002FB0313252267
:10286000B3FBF2F102FB1133DBB204EBD30284F8C9
:10287000333092F82710012603F0070206FA02F21D
:10288000114202D084F83430F8BDB3FBF5F205FBF9
:1028900012330133024604F12C01D8B211F8013B86
:1028A000834219D311F8067C002306FA03FC1CEAC4
:1028B000070F1CBF00F1FF30C0B2DDB220B905EB3D
:1028C000C20284F83420DFE70133082BEDD1013256
:1028D000D2B2052AE2D1BAE7C01AC0B2F7E7228B1A
:1028E000096A04F12600FFF776FF84F8340000201F
:1028F000CAE71220C8E71046C6E7034612EA0100FD
:1029000003D013F03F0018BF012070470B68C0F8D8
:1029100003308B88A0F807307047D0F803300B6085
:10292000B0F807308B8070470B68C0F809308B888F
:10293000A0F80D3070470378890123F0400301F0BF
:1029400040010B43037070470078C0F3801070475C
:10295000037803F07F0343EAC113037070470078E4
:10296000C00970471F2A38B50546144603D9BF2150
:102970002A20E5F757FD09300634FCF7CFFB6C70D1
:1029800038BD1F2A38B50546144603D9E1212A204F
:10299000E5F748FD09300634FCF7C0FB6C7038BD24
:1029A00030B5037803F00F03032B024640D0052B0C
:1029B0001FD1C37F90F82000034392F82100034306
:1029C00092F82200034392F8230020F01F001843DE
:1029D0002DD05378222B0CD1B2F81930B2F8174011
:1029E000907D41B1B3F5506F05D940F607518B4248
:1029F0000ED900201BE0991F89B240F67A45A94202
:102A0000F7D8411E0729F4D88342F2D9A342F0D364
:102A1000B2F81B30B3F5FA7FEBD2B2F81D000A38DA
:102A200080B240F6764398428CBF0020012030BD32
:102A30004078A0F10C0358425841F8E72DE9F041E5
:102A400090F8038018F03F0705460E4600F091808D
:102A5000072900F28E80DFE801F004101A242E38D6
:102A6000424C017901224046FFF747FF00280CBF86
:102A7000344605242046BDE8F08101790222404613
:102A8000FFF73BFF04460028F4D0052462E00179FB
:102A900004224046FFF731FF04460028EAD005240F
:102AA00050E0017908224046FFF727FF044600283E
:102AB000E0D005243EE0017910224046FFF71DFFDB
:102AC00004460028D6D005242CE001792022404677
:102AD000FFF713FF04460028CCD034461AE00179F2
:102AE00040224046FFF709FF04460028C2D00524D3
:102AF00008E0017940224046FFF7FFFE00280CBFA6
:102B000005240624297920224046FFF7F6FE08B165
:102B10001234E4B2297910224046FFF7EEFE08B1E4
:102B20000334E4B2297908224046FFF7E6FE08B1F3
:102B30000234E4B2297904224046FFF7DEFE08B1F0
:102B40000134E4B2297902224046FFF7D6FE08B1EB
:102B50000634E4B2297901224046FFF7CEFE08B1DF
:102B60000634E4B2072E85D1231F9F42B8BF00244C
:102B700080E700247EE770B50C46064611461D46E8
:102B800024B940F2E9212A20E5F74CFCFFF756FF73
:102B900010B940F2EA21F6E7031F2B443F2B02DD78
:102BA00040F2EB21EFE72A4621463044BDE8704071
:102BB000FCF7B4BA10B50446FFF740FF00B120445B
:102BC00010BDC37803F03F0343EA8113C37070471D
:102BD00030B5C1F38003C1F380142344C1F3001462
:102BE00004EB44042344C1F3401404EBC404C1F3D4
:102BF000400503EB4403C1F300042C4404EB4404FC
:102C0000C1F3C0052C44134403EB440313F0FF034A
:102C10001CBF01330171C17818BFDBB221F03F0145
:102C200003F03F042143C170591C41701AB10433B1
:102C30009B1A013AC25430BD4378C078013B00F082
:102C40003F00181AC0B27047F8B507460E4619463D
:102C5000FFF7F2FF451AECB2944228BF14464EB17A
:102C6000FA7802F03F0204321144394422463046D9
:102C7000FCF754FA2046F8BD2DE9F047C6780179F3
:102C800001223046FFF739FE022205463046FFF7A3
:102C900034FE202282463046FFF72FFE08220746E8
:102CA0003046FFF72AFE102281463046FFF725FE08
:102CB000042204463046FFF720FE4022804630467C
:102CC000FFF71BFE07EBC70705EB0A034F4404EBB6
:102CD0004404404403EB43033B44204400EB4300E3
:102CE00010F0FF001CBF0130C0B2BDE8F08738B55E
:102CF000C578AB09032B04461ED0437805F03F0589
:102D0000AB4219D9FFF7B8FFA84215D895B123797E
:102D1000DB060FD504212046FFF74CFF48B10378AE
:102D200003F03F03242B07D880785F288CBF002056
:102D3000012038BD0120FCE70020FAE70278437843
:102D400002F00F02072A12D8DFE802F00804081187
:102D50001111080E0C3B584258417047063B1F2B7F
:102D60008CBF0020012070470BB1FFF7C0BF0020CF
:102D70007047027802F00F02072A0AD0082A0AD008
:102D8000042A0ED1407806381F288CBF002001206D
:102D90007047FFF7ACBF4078A0F10E03584258418E
:102DA00070470020704740787047037801F00301B6
:102DB00023F003030B4303707047007800F0030017
:102DC00070470378490123F0200301F020010B43F1
:102DD000037070470B78837070471B2A08B504D9BD
:102DE00040F252412A20E5F71DFB4270BDE8084041
:102DF0000330FCF793B9B0F807007047B0F809004A
:102E00007047C172090A01737047B0F80B00704730
:102E100070B5B0F80730B0F80950B0F80560047923
:102E2000B0F80B0091B1B3F5506F0FD940F60752CF
:102E3000934218D8B5F5FA7F15D20A3880B240F619
:102E4000764398428CBF0020012070BD9A1F92B239
:102E500040F67A418A4206D8621E072A03D89C426D
:102E600001D29E42E5E70020EFE70B6843600B7953
:102E70000372704743680B60037A0B717047B0F8B8
:102E800009007047007970470B6843604B688360A6
:102E9000704743680B6083684B6070470B88838181
:102EA000704783890B8070470B68C0F80E304B6801
:102EB000C0F812307047D0F80E300B60D0F81230E6
:102EC0004B6070470B68C0F816307047D0F816306A
:102ED0000B607047FFF7D8BFFFF7DBBF0B68C3601D
:102EE0007047C3680B607047007970470171090A29
:102EF000417170478171090AC17170470172090AF5
:102F0000417270478172090AC172704780887047A8
:102F1000C0887047008970474089704703891A2B21
:102F20000DD94389B3F5A47F09D383881A2B06D919
:102F3000C088B0F5A47F34BF002001207047002076
:102F40007047043001F1200351F8042B40F8042BA2
:102F50009942F9D10B880380704738B5154604466D
:102F6000FFF7EFFF2B68C4F826306B68C4F82A30EF
:102F700038BD0379024613F0070004D0507910F0F1
:102F8000070018BF01207047FFF7F3BF01717047BA
:102F90000079704741717047407970478171090A23
:102FA000C1717047C08870470279437902F0070207
:102FB00003F00703511E0A40591E0B4013430CBF78
:102FC00001200020704701717047007970474171FE
:102FD000704740797047FB2908B504D940F2E57184
:102FE0002A20E5F71FFA417008BD037843B1406815
:102FF00090F8023323B1002380F80233E8F7EEB8EB
:10300000704708B5017A19B101290DD0002008BD1B
:103010000368C28802218088F0F79AFF0028F6D161
:10302000F1F768F90120F2E70368C288F3E70223A9
:103030000B7001238B707047F0F7F2BF08B5037A6D
:1030400023B14FF41A711020E5F7ECF9BDE8084000
:10305000F1F75AB80322FFF7F1BF0422FFF7EEBFE2
:1030600030B4057A15B1027230BC704730BCF1F74C
:103070004BB80B46142203F8032BD0F80920C1F8F3
:103080000320D0F80D205A60B0F811201A81704743
:1030900011F00C0F08B504D0800100F5747080B2F7
:1030A00008BD012902D10E30C000F8E7022902D183
:1030B0000F308000F3E740F2CF110620E5F7B2F9B8
:1030C00030B587B004460D46F0F7A0FFA0B300234B
:1030D0002372A4F5F274694624882046FEF79FF90E
:1030E00018B1D8212C20E5F79DF9BDF80630ADF8D0
:1030F0000E30BDF80830ADF81030BDF80230ADF834
:10310000123003A8BDF80430ADF80C40ADF814300F
:10311000FEF763F908B1E121E4E78DF80C009DF8B2
:103120000C308DF80D00002063F307009DF80D3082
:1031300063F30F2007B030BD2B46352203F8032B75
:10314000D4F80920C5F80320D4F80D205A60B4F84B
:1031500011201A8104238DF80C30E0E74068704795
:1031600011F00C0F0CBFC08A4FF42960704770B586
:1031700090F87C608D880C8916F00C0F04D143B157
:10318000167816F00C0F04D0B5F5296F38BF4FF440
:10319000296590F87D6016F00C0F04D143B1537887
:1031A00013F00C0F04D0B4F5296F38BF4FF4296425
:1031B000CB884A88A0F86420A0F86830A0F8665050
:1031C000A0F86A4070BD8383BDF80030018342835C
:1031D000C383704711F00C0F38B5044610D1C38B70
:1031E000458C9D4228BF1D46207AFFF751FF638919
:1031F000AB4228BF2B46984238BF184680B238BD34
:103200004FF42965F0E72DE9F04106460D46B0F888
:10321000500011461F469046FFF73AFF41460446CC
:1032200006F14400FFF7D6FF844228BF0446394622
:10323000B6F85800FFF72CFF17F00C0F0CBFB6F8CC
:103240005A304FF429639842A4B228BF184614FAA2
:1032500080F0063510FA85F0BDE8F08170B51646AD
:10326000C26941F64B539A4294BF4D2596250C46B0
:1032700090F87D3090F87C202946FFF7C4FF284461
:103280003044A04294BF201A002070BD70B5C669BA
:1032900090F87D3090F87C200D4641F64B518E42DF
:1032A00094BF4D2196210446FFF7ADFF0544A56468
:1032B00070BD006801F19C03984283BF401A9C389E
:1032C000400800207047002803DB814204DC08B27C
:1032D00002E049428142FADC704700F05533400871
:1032E00000F05530034403F033329B0803F03333CE
:1032F0001A4402F00F33120902F00F32134403F0A4
:10330000FF101B0A03F0FF13034403EB1343D8B26F
:10331000704745F2555300EA030203EA5000104497
:1033200043F2333200EA020302EA90021A4440F602
:103330000F7302EA030003EA1213184400EB102093
:10334000C0B2704700F05503400800F05500184423
:1033500000F03303800800F03300184400F00F033E
:1033600003EB1010704780EA6000FFF7B6BF40F330
:103370004E039BB25840FFF7CCBF4368002283F84E
:10338000C62083F80421A3F8002170474368002277
:10339000A3F8062193F80821013283F80821704729
:1033A00008B5426892F80831013B5BB2002B82F805
:1033B000083103DA34214A20E5F734F808BD4368C0
:1033C00083F8531183F852217047A0F10B03042BAB
:1033D00008D9A0F12103062B04D9A0F12F035842EC
:1033E0005841704701207047162A10B50446084618
:1033F00012D1A4F10C02032A03D82A221A70012048
:1034000010BD212C01D12322F8E70029F8D00A7839
:10341000012AF2D9162AF6D00020F1E74268D2F844
:10342000B83010B513F008040AD143F00803C2F80D
:10343000B830CB7882F85031FFF7A8FF204610BD96
:103440000120FCE738B5446800230D4694F8C720F6
:10345000194604F1A800FFF787F860B1EB7884F80B
:103460005031032384F8C73000200123A4F806015B
:1034700084F8083138BD0120FCE738B54D680446B2
:10348000B5F86810FFF732FDB5F85A112046FFF77E
:1034900031FDB5F864102046FFF730FDB5F858113E
:1034A0002046BDE83840FFF72DBD38B544680378A5
:1034B00094F8C8200D4604F1A8000121FFF754F844
:1034C00038B92846FFF7DEFC072384F8C90084F8E2
:1034D000C830002038BD10B54468037894F8C8207F
:1034E000012104F1A800FFF73FF810B9082384F880
:1034F000C83010BD10B504464068002390F8C620BF
:103500001946A830FFF730F818B92C215520E4F7F8
:1035100089FF63680C2283F8C62010BD0B46082281
:1035200010B503F8032BA0F226220024A2F8424093
:10353000D0F80920C1F80320D0F80D205A60427C51
:103540001A72CC7010BD10B504464068002390F884
:10355000C6201946A830FFF707F818B96021562091
:10356000E4F760FF63680E2283F8C62010BD10B533
:103570004468037894F8C620002104F1A800FEF7FF
:10358000F3FF18B924214520E4F74CFF1E2384F8EB
:10359000C63010BD2DE9F347466890F8008096F8D4
:1035A000C62004460D4643460A2106F1A800FEF750
:1035B000DBFF80B32846FFF7B1FC20B32846FFF7B6
:1035C000A9FC07462846FFF7A1FC81462846FFF7DD
:1035D000A3FC82462846FFF79BFC394600905346E1
:1035E00006F144004A46FFF7EEFD616801F5E4711B
:1035F00009313046F0F7AEFEB8F1000F0DD160682A
:103600000421EDF713FF002086F8040186F8C600B8
:1036100002B0BDE8F0870120FAE760680521E7F70E
:1036200055FEF0E72DE9F74304464068002390F883
:10363000C7200D46A8301946FEF796FF00284AD04D
:103640002846FFF76BFC30B92946204603B0BDE899
:10365000F043FFF7F7BE28466668FFF75BFC0746B6
:103660002846FFF753FC80462846FFF755FC814665
:103670002846FFF74DFC443600904B4642463946FB
:103680003046FFF7A0FD636893F8C6201E2A0DD1CF
:103690006368202283F8C720636800200122A3F812
:1036A000060183F8082103B0BDE8F08393F8633185
:1036B000002BEDD1636893F86231002BE8D162688A
:1036C0001F23114682F8C73031F8440B02F5F2721D
:1036D000F0F7B0FEE0E70120E5E710B504464068EA
:1036E000002390F8C7201946A830FEF73DFF18B90F
:1036F00090214520E4F796FE6068002380F80831A9
:10370000BDE810400421EDF791BE4268D2F8B83010
:10371000D90610B5044603D49A214520E4F782FE69
:10372000990601D59B21F8E723F01003C2F8B830C1
:10373000FFF736FE60680521BDE81040E7F7C6BD1B
:103740000B230B70437A8B70A0F534731B88A1F8A0
:103750000330037B4B7170470C230B70437A8B70E3
:10376000A0F534700388A1F80330704709230B706B
:10377000A0F577731B88A1F80330D0F80B30C1F89F
:103780000530D0F80F30C1F80930B0F81330A1F887
:103790000D3070474368D3F85C3110B504465BB117
:1037A0000C22FFF70CFE63683222204683F8C72004
:1037B000FFF7ECFD012010BD1846FCE710B50446EC
:1037C000406890F8C630182B14D100F59C7200F5B3
:1037D0005371052300F55770FBF7DEF9636800208D
:1037E00000210122C3E94A0183F8CB201A2283F881
:1037F000C62010BD0220FCE738B50D46416891F89F
:10380000C630152B044610D101F555712846FFF737
:1038100063FB6168284601F5A671FFF762FB6368E8
:10382000182283F8C620002038BD0220FCE7436838
:1038300093F8C620112A01BF0020142283F8CB0080
:1038400083F8C62018BF0220704738B50546406887
:10385000012390F8C7200021A830FEF785FE6C6890
:1038600060B994F8C7200123052104F1A800FEF7F0
:103870007BFE002814BF0820012038BD94F8CC300E
:103880000BB90020F9E70A212846FFF783FF044619
:103890000028F6D12846FFF779FD6B68122283F8DD
:1038A000C7202046E9E738B5044640680D4690F841
:1038B000C72001230021A830FEF756FE70B96068CA
:1038C00090F8C720142A09D001230521A830FEF75B
:1038D0004BFE002814BF0820012038BD03212046DC
:1038E000FFF758FF28BB636893F80A3113B92046E5
:1038F000FFF74CFD6168284601F54471FFF7DBFADC
:103900006168284601F5A471FFF7E0FA61680B8849
:10391000A1F8E533284601F2E731FFF7BAFA61680A
:10392000284601F2EF31FFF7BCFA6368162283F8EC
:10393000C7200020D1E7436893F8C720132A03BFAC
:103940001422002083F8C7200220704710B5436876
:1039500093F8C730192B044607D1FFF721FD6368A0
:103960001D2283F8C720002010BD0220FCE708B507
:10397000436893F8C720122A04D04FF4A8711F207F
:10398000E4F750FD012283F80921132283F8C720B0
:1039900008BD08B5436893F8C620142A04D040F245
:1039A00059111F20E4F73EFD012283F80A2113225A
:1039B00083F8C62008BD08B5436893F8C720172AC6
:1039C00004D04FF4B0711F20E4F72CFD192283F8C6
:1039D000C72008BD08B5436893F8C6201A2A04D04A
:1039E0004FF4C8711F20E4F71DFD1C2283F8C62088
:1039F00008BD10B504464068002390F8C62019465B
:103A0000A830FEF7B1FD20B94FF4CB711F20E4F7C9
:103A100009FD6368012283F80921112283F8C62079
:103A200010BD10B504464068002390F8C620194622
:103A3000A830FEF799FD636838B993F80A2122B9D6
:103A400040F29D111F20E4F7EDFC012283F80921CB
:103A5000152283F8C62010BD0B46072203F8032B5E
:103A6000D0F80920C1F80320D0F80D205A60B0F832
:103A700011201A81C27C9A72704710B5446803788D
:103A800094F8C620002104F1A800FEF76DFD18B9D6
:103A9000AA211C20E4F7C6FC042384F8C63010BD1C
:103AA00068B5054640682E787EB990F8C720334641
:103AB0003146A830FEF758FD18B9B2211C20E4F7B2
:103AC000B1FC6B6883F8086168BDD0F8B820D307F3
:103AD00001D4B721F2E790F80831013B5BB2002B2B
:103AE00080F8083101DAB921E8E722F00102C0F8D4
:103AF000B820E9E70E23A0F5E4700B7003884B8033
:103B0000704710B54468037894F8C620092104F181
:103B1000A800FEF729FD30B1002384F8F83084F8BE
:103B2000043184F8C630002010BD38B504784568EB
:103B30005CB995F8C7202346214605F1A800FEF799
:103B400013FD80B90124204638BDD5F8B84014F0E3
:103B50000404F7D1FFF71AFCD5F8B83043F004039A
:103B6000C5F8B830EFE7012385F808310223A5F83E
:103B7000064185F8C730E6E70378426813B982F852
:103B800008317047D2F8B83023F00403C2F8B830D7
:103B9000FFF706BC38B54568037895F8C62004469B
:103BA000002105F1A800FEF7DFFC18B971214B20B8
:103BB000E4F738FC2378002B0CBF0523102385F88D
:103BC000C63038BD01230B7000238B70A0F58673BF
:103BD0001B88A1F80330437A4B714389CB808389DA
:103BE0000B81704770B54468057894F80B6116F046
:103BF000020604F1A80012D194F8C6202B463146E3
:103C0000FEF7B2FC18B975214020E4F70BFC012344
:103C100084F8C63084F80431A4F8006170BD8DB911
:103C200094F8C7202B462946FEF79EFC08B184F87D
:103C30000851002384F87231F0E722F00202C4F840
:103C4000B820F6E7D4F8B8209307F2D594F80831F5
:103C5000013B5BB2002B84F80831EEDA8721D3E711
:103C600010B50B794C790A68012843EA042108BF92
:103C700041F48031104610BD07B5FFF7F1FF0DF19B
:103C80000702F1F773FA03B05DF804FB0B46062256
:103C900003F8032BB0F80920A1F80320C27A9A7028
:103CA00070470B46172203F8032BD0F80920C1F800
:103CB0000320D0F80D205A607047392301F8033BE8
:103CC00000F10903293053F8042B41F8042B8342F7
:103CD000F9D11B880B807047F0B5D928844628BFDE
:103CE0004FF0D90C0CF1300CBDF814701FFA8CFC9D
:103CF000BCF1FF0F07F0010607F0020528BF4FF0E7
:103D0000FF0C17F00307044601F5A57100F03E8192
:103D1000002D4CD0082A3CD0042A3ED0022A0CBFE9
:103D2000182028200025082A05443AD0042A3BD030
:103D3000022A0CBF4FF48A704FF40A7005446818C9
:103D400002F00C05002D00F19C0014BF2821002179
:103D5000084474D000F535609830002E00F0A08043
:103D6000082A00F08F80042A00F09080022A0CBFFD
:103D7000182128210023082A0B4400F08B80042AF4
:103D800000F08B80022A0CBF4C2198210B44184470
:103D9000C6E04FF4A8704025C5E74FF4A8702E2563
:103DA000C1E74FF48A50C9E74FF48A60C6E70BB306
:103DB000082A11D0042A13D0022A0CBF1820282068
:103DC000082A054410D0042A11D0022A0CBF4FF44F
:103DD00082604FF40260B1E74FF4A8704025EFE72E
:103DE0004FF4A8702E25EBE74FF48240A6E74FF47E
:103DF0008250A3E7082A16D0042A18D0022A0CBF42
:103E0000182028201D460CF1050C082A05441FFA2D
:103E10008CF010D0042A10D0022A0CBF04270827E7
:103E200007FB00558BE74FF4A8704025EBE74FF4F4
:103E3000A8702E25E7E74027F2E71027F0E7082AC9
:103E400012D0042A14D0022A0CBF18212821082AD3
:103E50000D4411D0042A12D0022A0CBF9C214FF429
:103E60009C710D44284477E74FF4A8714025EEE794
:103E70004FF4A8712E25EAE74FF41C61F1E74FF4E7
:103E80001C71EEE74FF4A871402374E74FF4A8715A
:103E90002E2370E74FF4986178E74FF4987175E737
:103EA000002B4CD0082A3CD0042A3ED0022A0CBF5A
:103EB00018212821082A0E443BD0042A3CD0022A8B
:103EC0000CBF4FF482614FF402610E443044D92C90
:103ED00026D9D93CA4B2F721002B00F0AE80082AE5
:103EE00004F1F604B4FBF1F100F09980042A00F02B
:103EF0009A80022A0CBF182428240023082A23446D
:103F000000F09580042A00F09580022A0CBF4FF43F
:103F100082624FF40262134403F5A57301FB0300B0
:103F2000F0BD4FF4A8714026C4E74FF4A8712E26C7
:103F3000C0E74FF48241C8E74FF48251C5E7F12C46
:103F4000214628BFF121082A14D0042A16D0022ABB
:103F50000CBF182528251E461331082A2E4489B285
:103F600010D0042A10D0022A0CBF0425082505FB16
:103F70000166ABE74FF4A8754026EDE74FF4A8754E
:103F80002E26E9E74025F2E71025F0E71BB3082AC3
:103F900013D0042A15D0022A0CBF18202820082A82
:103FA000384412D0042A13D0022A0CBF4FF482677F
:103FB0004FF402673844084489E74FF4A87040275B
:103FC000EDE74FF4A8702E27E9E74FF48247F1E7B9
:103FD0004FF48257EEE7082A15D0042A17D0022A98
:103FE0000CBF1826282618460CF10505082A30446F
:103FF000ADB210D0042A10D0022A0CBF0426082625
:1040000006FB0500D7E74FF4A8764020ECE74FF415
:10401000A8762E20E8E74026F2E71026F0E74FF4D6
:10402000A87440236AE74FF4A8742E2366E74FF480
:10403000824270E74FF482526DE7082AB4FBF1F137
:10404000C9B236D0042A38D0022A0CBF1825282538
:10405000082A2B4435D0042A36D0022A0CBF4FF44C
:1040600082664FF40266334403F5A57301FB030037
:10407000C1EB4113C1EBC301641AA4B2002C3FF49D
:104080004FAF0834082AA4B221D0042A0CBF2E2333
:104090000023082A2B4404F105041AD0042A1AD05C
:1040A000022A0CBF0425082500F5A57005FB043382
:1040B0006DE64FF4A8754023CAE74FF4A8752E2388
:1040C000C6E74FF48246CEE74FF48256CBE7402353
:1040D000DFE74025E8E71025E6E78B88F7B513F022
:1040E000180607460C4625D1086820B940F2094158
:1040F0002D20E4F797F900F0ABFA217C657C0429C8
:1041000008BF0821042D08BF0825F1F7E5F8A388AA
:104110000093014633462A463846FFF7DDFDD4E9D1
:104120000223D730824273F100032CBF012000200C
:1041300003B0F0BD0120FBE738B50B46132203F8AE
:10414000032B0C4600F10902293052F8041B43F8F6
:10415000041B8242F9D112781A70A5880123A37139
:1041600002212846E4F742FEC8B1E27862B1008835
:10417000EFF70CF902212846E4F74EFE78B140F241
:1041800042212D20E4F74EF900F045FBEEF764FFE5
:104190004B0404D52846BDE83840EDF7FDBB38BDDB
:1041A00038B5CB690446A3F57A75104641F27072B2
:1041B00095429DBF4FF47A72B3FBF2F303F550635F
:1041C00040F2E24288BFB3FBF2F39BB2A4F8AC30FA
:1041D0008B8CA4F8AE30CB8CA4F8B03091F8F132CF
:1041E00084F8B230A37F04F1A00263B394F868307E
:1041F000012B28D194F86E3003F0C003402B22D15C
:10420000D4F86930C4F8A030B4F86D309380236AD4
:104210009A7884F89920082803F1030504F19A029A
:10422000D3F8033004F1A60118D0C4F8A630AB8847
:104230008B8004F19901EFF7A1FB40B94FF4446181
:104240002D20E4F7EFF80023C4F8A030DEE794F85F
:10425000993043F0020384F8993038BDC4F89A309D
:10426000AB8893800023C4F8A6308B80F5E70B461B
:10427000162210B503F8032BD0F80920C1F803204B
:10428000427B1A71CB78BBB130F8B43C1B0713D416
:10429000B1F8054002212046E4F7A8FD60B100888E
:1042A000EFF774F802212046E4F7B6FD20B140F2A2
:1042B0008D212D20E4F7B6F810BD0121F1F7C6BB22
:1042C000FFF7FBBF10B50446303000F0AAF920B963
:1042D0002046BDE81040F1F75FB920460121BDE856
:1042E0001040F1F7B3BB08B590F894300BB1012042
:1042F00008BD90F8CC30002BF9D190F8BE3003F017
:10430000FF00002BF4D0EEF785FE80F00100C0B274
:10431000EEE730B54FF4B07285B004460D4600218B
:10432000FAF774FFFF2323701323638042F21073A4
:10433000E384E4F769FE00220146E0646846E4F79E
:10434000A7FEE06C00220121FCF790F9E16C042249
:104350006846E4F79DFE0022E06C1146FCF786F902
:1043600004F13000257500F01DF902A8EFF79CFD5F
:1043700020B940F241312D20E4F754F802A904F1AC
:104380003600FEF710FA04F18000FEF73BF805B0A6
:1043900030BDFF23C86C0B70FCF735B90078FF38CF
:1043A00018BF01207047F7B5044630300E4600F0C4
:1043B0004FF96588E90606D52822294603B0BDE8ED
:1043C000F040F1F7DFBFAA0721794CBFB4F85C7069
:1043D000B4F85470F0F780FF6279009501463346D7
:1043E0003846FFF779FC03B0F0BD034630B55A8874
:1043F00012F0180F87B0084610D1D3E9024503F137
:10440000300100919B88ADF804206946CDE9024552
:10441000ADF81030FFF761FE07B030BD0120FBE7BB
:10442000D0E902017047407D003818BF0120704775
:104430000B68C0F817308B88A0F81B300123437736
:104440007047438813F0100005D013F0040F14BF19
:1044500000201F2070479A0704D4DB0701D4E4F73B
:10446000FFBDEE20704708B5FFF7EBFF003818BF1F
:10447000012008BD0023A0F8483043881D2B08BF49
:1044800000214174704790F914007047408800F093
:10449000010070474088C0F3400070474088C0F377
:1044A000C000704710B54488C06CE30654BFC4F325
:1044B00040040024FCF75FF9002C08BF012010BD68
:1044C0004088C0F3001070474088A0F109035842AB
:1044D000584170474079704710B50446EFF7C4FF64
:1044E000C0F30B00A042F9D010BD10B50446F1F79F
:1044F000FDFD28B120460021BDE81040F1F7A6BA25
:1045000010BD90F8683001624B72D0F86930C1F884
:104510000A30B0F86D30CB81704700218030FDF754
:1045200078BFF1F739B880F888107047FF2380F81A
:104530008B30704780F8241080F825207047C0F336
:104540004002C0F38003134400F001001844704798
:10455000022808B507D0042807D0012807D0392140
:104560002E20E3F75FFF262008BD2720FCE725204B
:10457000FAE78278034612F0010002D0D978C90721
:104580000FD5900702D5D978890709D512F0040014
:1045900007D0DB7813F0040F14BF0020042070470D
:1045A000022070470023C0F80230012343700370DB
:1045B00070478170704710B5017042708078144662
:1045C000FFF7BDFF10FB01F104FB01F2FE2A03DD42
:1045D0005C212E20E3F726FF10BD0023C37043713A
:1045E0000371704710B50446FFF7C3FF6379627823
:1045F0000133DBB29A4263710FD1E378A1780343B0
:10460000DBB29942E37008BF23794FF0000208BF84
:104610000133627104BFE2702371BDE81040FFF7FF
:1046200097BF38B501468078FFF789FF0446C87800
:104630004D78FFF784FF0A790B789B1A13FB05F37B
:104640004A7913FB04F39B1A00FB1530C0B238BD46
:1046500008B501468078FFF772FF4B780A7813FBA4
:1046600002F313FB00F0C0B208BD40F2EF20704728
:1046700040F25A335843704738B5536817281446E8
:104680000D4693F8C6200BD80D280DD90E380928F1
:104690000AD8DFE800F00E09090918092009093EC7
:1046A0002E2827D036282ED04FF413713120E3F76F
:1046B000B9FE042A05D12046FEF75FFE2046F0F73A
:1046C00067FC002038BD102AFBD120460021BDE840
:1046D0003840FFF716BA1E2AF3D12046FEF74DFEEA
:1046E000002DEED0626892F81A3123F0200382F890
:1046F0001A31E6E7352AE4D1002283F8B3212046B7
:10470000FEF73BFEDDE7362ADBD1002283F8B42139
:10471000F5E793F8C720242AD3D1002583F8C750A2
:104720002046FEF73DFE636893F86C31012B03D100
:1047300029462046EEF7C4FC6368002283F86C210A
:10474000BFE708B5436893F8C720172A04D040F2A2
:10475000D4413120E3F766FE1B2283F8C72008BD51
:1047600008B5436893F8C720322A06D1002283F89F
:10477000C720BDE80840FEF713BE172A03D11B224D
:1047800083F8C72008BD40F2E9413120E3F74AFE33
:1047900070B5426892F81A3143F00403044682F877
:1047A0001A3108460D46FEF714FC06462846FEF769
:1047B0000CFC22463146BDE87040F1F725BF38B504
:1047C0000C460546D1E90501E4F7C4FB94F88403DF
:1047D00020280BD0F9F7F6FE94F88403F8F74EFE84
:1047E00020B940F674013120E3F71CFE28460E2163
:1047F000BDE83840E4F710BBE5F734BA90F803336E
:104800000022A0F8C62080F8CA2013B10221E6F7E2
:104810005DBD0321FBE70C2100F54670E4F756B8B7
:10482000EFF76EBF08B5032805D8DFE800F00902EE
:104830000902002008BD40F225217720E3F7F2FDB0
:104840000120F7E7436893F8C620032A4FF00002DF
:1048500006BF83F8042183F8C62083F80821704737
:10486000436893F858212AB1002283F8C62083F8C0
:104870000421704783F8C72083F80821704708B5E2
:1048800090F8CC3043B990F8C6200621A830FDF747
:104890006BFE00F0010008BD0120FAE770B5426828
:1048A00092F81A3143F00403044682F81A3108469C
:1048B0000D46FEF78EFB06462846FEF786FB22468F
:1048C0003146BDE87040F3F7F7BA08B5F3F7DCF806
:1048D00018B9BDE80840E5F7C5B90021BDE80840B2
:1048E0000846F3F76BBC38B50C460546D1E905011F
:1048F000E4F730FB94F8190320280BD0F9F762FE97
:1049000094F81903F8F7BAFD20B940F68D01362066
:10491000E3F788FD04F53C742046ECF72FFE10B158
:104920002046ECF73BFE28460E21BDE83840E4F770
:1049300073BA00207047EFF7DFBDEFF79DBEEFF7CA
:10494000C7BE38B590F8CA30B0F8FA50044683B9FB
:10495000C5F1020594F8F83083B92046FFF78FFFC0
:10496000B8B92846A842A8BF284620EAE07080B21D
:1049700038BDB0F8FC00401B051FEBE794F8C620DB
:104980000023092104F1A800FDF7EEFD0028E4D181
:10499000E8E7D4F8F030D4F8EC00043B181AE1E76B
:1049A00070B50E4604210546E4F720FA044648B9DE
:1049B00006212846E4F71AFA20B116B190F8BD3066
:1049C00003B90446204670BD037C0BB90020704734
:1049D000037C012BFAD0007C073818BF01207047F8
:1049E00008B5027C012AD3B204D0FFF7EDFF00F036
:1049F000010008BD1846FAE708B5FCF707F80023E0
:104A0000A0F8443080F84630A0F8473080F84930AC
:104A100008BD10B51D23C3700446EEF749FB207195
:104A200010BD10B51E23C3700446EEF741FB207184
:104A300010BD012343810023C3818381704701237B
:104A40004380038000238380C3804FF44863038145
:104A5000704708B5F4F7FAFDF4F75EFCF4F74EFA88
:104A6000BDE80840F4F70CBB70B504460025666A43
:104A700016B9A16D59B970BD616A606D0B6863624A
:104A80000D704D708D70CD70FBF7B4FDEFE7606D6C
:104A9000FBF7B0FDA665EEE710B50446F6F7E8FAB9
:104AA0002046BDE81040FFF7DFBFF6F7B3BB801A22
:104AB00000F3070038B540B20D4659B21446F6F778
:104AC00099FB0023287020446B7040B238BD00234E
:104AD00003607047002070474FF0FF3070474FF081
:104AE000FF30704770477047002070474FF0FF302D
:104AF0007047002070470020704700230370704704
:104B00000022FFF7D4BF002070474FF0FF307047FE
:104B10004FF0FF3070474FF0FF30704738B5054613
:104B200091F827000C46F8F7A9FC18B9D3216A20A0
:104B3000F9F77EFF0023A38484F826300921236A35
:104B40002846984718B103780BB1D721EFE738BD55
:104B5000426808B5034611441A785960012AA1F148
:104B6000500006D1F9F75AFB40B9B7216A20F9F78E
:104B70005FFFF9F753FB08B9BC21F7E708BDF8B5AB
:104B800004460E4619B9012384F829303CE00D781B
:104B9000032DF8D8DFE805F03A0212154868C72857
:104BA00002D800252846F8BD0421F9F7E1FB0028CA
:104BB000F7D171682046FFF7CBFFF3E7F6F796FBD6
:104BC000F0E790F82470FFB94D682846F6F762FBCD
:104BD0000028D8D02978D9B9012222702B792181D7
:104BE000003B18BF0123E3726B79002B0CBF02233B
:104BF0000423A372AB6860336360EB682361032313
:104C000084F8263084F82520F6F770FB0225C9E7E2
:104C100094F82630052B04D040F277116A20F9F77A
:104C200007FF27702B7994F827002781003B18BFD6
:104C30000123E3726B79002B0CBF02230423A372C0
:104C4000EB68A96860336360D4E906325B1842EB15
:104C5000E172C4E90432042384F826302146F8F7CF
:104C600057FD0028D0D140F27911D7E770B50D4635
:104C7000044620B940F291116A20F9F7D9FE90F864
:104C80002860082900F2F080DFE811F0EB0009004D
:104C9000410041007C0086009000A900970090F838
:104CA0002630033B012B02D94FF4CE71E4E70523F4
:104CB00090F8241080F82630002380F8293011BBAA
:104CC000FFF746FF2378012B18D194F82700F8F757
:104CD000F3FBC4E90601236A0021304698470146E8
:104CE0002046FFF74CFF022820D0002800F0BF80AC
:104CF000012840F0BF80236A0421EEE7D4E90423B1
:104D0000C4E90623E7E7BDE87040F6F7EFBA90F88C
:104D10002630DA1E012A02D94FF4DD71ACE790F893
:104D2000242072B101463046FFF7F8FE002D40F016
:104D3000A48000F054F9002800F09F8040F22E215A
:104D40009AE7042B0CBF02230123022980F82630A6
:104D5000036A0CD1052130469847002800F08D8069
:104D60000378002B00F0898040F2CF1184E7062100
:104D7000304698470028D9D00378002BD6D04FF47E
:104D8000EA7179E790F82630052B02D040F2DB116A
:104D900072E7036A0221A0E790F82630052B02D0C3
:104DA00040F2E11168E7036A012196E790F82630A6
:104DB000052BA8D040F2E7115EE790F82630052BCE
:104DC00002D04FF4F67157E7036A0A21304698473C
:104DD00001462046FFF7D3FE40F2EF114CE790F872
:104DE0002630052B07D090F825200AB1032B02D0DE
:104DF00040F2F31140E794F824202AB121463046CE
:104E0000BDE87040FFF78ABE94F8293073B10223E1
:104E100084F8263084F82920236A082130469847F0
:104E200058B303784BB340F2FF1125E794F82520DF
:104E300052B194F8270084F825302146F8F768FC31
:104E4000D8B94FF4017117E7022384F826300721FF
:104E5000236A3046984780B1037873B140F20B2142
:104E60000AE74FF4047107E74FF4057104E7236A7A
:104E7000032132E740F22521FEE670BD70B5F6F75A
:104E800081FA002405462646E0B2854200D870BD6E
:104E9000F6F77EFA0134868480F82660F4E7F8B5E8
:104EA00004460D46F6F76EFA00270646F8B286422B
:104EB00004D8082D0CD96FF0150008E0F6F768FA51
:104EC00090F826300137002BF0D04FF0FF30F8BDBE
:104ED0002CB129462046BDE8F840F6F767BA2146CE
:104EE0002046F8E738B50546F6F752FA014688B18C
:104EF00090F824408CB990F8263073B1013B012B17
:104F000004D82846FFF70AFE204638BD012380F862
:104F10002430F9E76FF00100F7E76FF02200F4E7C3
:104F200070B50D46F6F734FA044600284AD090F8DA
:104F30002660731E012B4BD8002D46D02846F6F76D
:104F4000A9F9002841D02A7802BB012323702B79CC
:104F50002281003B18BF0123E3726B79002B0CBF49
:104F600002230423A372AB6860336360EB682361A0
:104F7000032394F8270084F826302146F8F7C8FB6D
:104F800048BB4FF42B716A20F9F752FD022E1FD156
:104F9000002222702B7922819B1A18BF0123E37211
:104FA0006B79934218BF0426A672EB68A968603338
:104FB0006360D4E906325B1842EBE172C4E9043263
:104FC0000423D6E76FF0010070BD6FF01500FBE71A
:104FD0006FF02200F8E70020F6E7F6F74FBF08B5BC
:104FE0000020F7F75BF80068003818BF012008BD03
:104FF00008B500F0CCF828B14FF080430222C3F886
:10500000342C08BD00F08AF80028F5D100F09BF898
:105010000028F1D1F5E74FF0804301221A60704774
:105020004FF08043D3F8080400F0010070474FF0C0
:105030008043D3F8140400F0010070474FF0804320
:10504000D3F81C0400F0030070474FF08041024683
:10505000D1F81804D1F8181410F4803004D001F0FD
:105060000300831A58425841704707B56846F6F75F
:10507000FDFDDDE900024FF080730021E2FB03013A
:1050800003B05DF804FB0020704708B5F6F7D8FDC3
:10509000BDE80840F6F7BEBD034600201870704713
:1050A000EFF3108272B603780121DBB2017002B90E
:1050B00062B6012B0CBF6FF0220000207047EFF3A7
:1050C000108372B60022027003B962B600207047E6
:1050D000F9F7AABE4FF08053D3F83001A0F10F03C7
:1050E0005842584170474FF08053D3F83001A0F137
:1050F0000A035842584170474FF08053D3F83001AB
:10510000A0F10E035842584170474FF08053D3F836
:105110003001A0F110035842584170474FF08053BE
:10512000D3F83001062803D0431C58425841704739
:10513000012070474FF08053D3F83001A0F10D03E8
:105140005842584170474FF08053D3F83001A0F1D6
:10515000080358425841704708B5FFF7BBFF0246A5
:1051600088B9FFF7C0FF014658B9FFF7C5FF0246EF
:1051700058B9FFF7D3FF20B9FFF7E5FF80F0010032
:10518000C2B2104608BD0022FBE70A46F9E708B59F
:10519000FFF7A9FF30B14FF08053D3F83401B0FAD4
:1051A00080F0400908BD08B5FFF7B8FF48B14FF0DF
:1051B0008053D3F83401063810F1080F94BF002053
:1051C000012008BD08B5FFF7A9FF48B14FF0805393
:1051D000D3F83401063810F1080F8CBF00200120ED
:1051E00008BDF9F763BEF9F761BE00280CBF6FF088
:1051F000150000207047002070470723037000202F
:105200007047002070470020704710F8012B11F8FC
:10521000013B012A28BF9A42F7D0D01A70470346B3
:1052200011F8012B03F8012B002AF9D1704703462E
:1052300013F8012B002AFBD1181A0138704700001F
:105240002DE9F04F85B091F8283000AF0C46002BC7
:1052500064D0374A3748DFF8E0B0032121F090FAF4
:10526000D4E90001E2F7DAF82FA3D3E90023E2F74B
:105270002DFA80468946D4E90201E2F7CFF82AA345
:10528000D3E90023E2F722FAC7E902016069E2F7F5
:1052900079F80B460246C7E90023E36ACBF81430DD
:1052A00094F82CA094F82D60E58DD7E90234CBE971
:1052B0000089CBE90234E2F7F1FACBF81000EB46B3
:1052C00090B06C461D4B6361002200234046494666
:1052D000E1F71CFF0022C4E906010023D7E902011F
:1052E000E1F714FFC4E90AA6C4E908012563D7E978
:1052F000000100220023E1F709FF22460C23C4E944
:105300000E0142F8103F0B48002346F2C00102F0A4
:10531000A5FEDD461437BD46BDE8F08F084A0548B6
:10532000032121F02DFAF5E70000000065CDCD4105
:105330008500070060DA0600A03100209200070017
:10534000E800070000000000F0B5424D83B0D5F83A
:105350006431996811F0010100AF21D13A1D40F686
:10536000034007F01BFC044600286FD17C68E3680B
:105370001B7893B909F0DEFD05F1D403184622F03D
:10538000C1F9BFF35B8F00F0090053E8002F43E839
:1053900000010029F9D1BFF35B8F204612F0FEF81F
:1053A0003A1D002141F2030007F0F8FB04460028F3
:1053B0004CD17B68284EDA68D2F80100D2F805108B
:1053C00003C6184612F0EAF821463A1D41F20100E0
:1053D00007F0E4FB0446002838D17868C3685A789F
:1053E00085F870205A88A5F872201A7985F87120FE
:1053F000B3F80720A5F87420B3F80530A5F8763087
:1054000012F0CCF821463A1D41F2020007F0C6FB2B
:105410000446D8B9D7F804C0DCF80C20531C41323C
:1054200018685968344603C4083393422646F7D1B6
:10543000604612F0B3F895F87C305A0612D4074A49
:105440000748012122F066F96FF0120420460C375C
:10545000BD46F0BDB807002030080020831A0700C1
:10546000C8D906003A1D002142F2030007F096FB5E
:1054700004460028EAD17B68B14EDA68D2F8010010
:10548000D2F8051003C6184612F088F821463A1DD6
:1054900042F2020007F082FB04460028D6D17C6865
:1054A000E368B3F8012091B249B1D97839B1A5F8D0
:1054B0000421DA78114606F1280027F013F9204676
:1054C00012F06CF895F87C601F2316F02006A5F802
:1054D000203118D1022140F66D4007F023FB04462D
:1054E000002800F0E38002210C3025F082FB01232C
:1054F000037046702146324640F66D4007F04EFB81
:1055000004460028A2D195F89C301B0712D53A1DFD
:10551000002142F21C0007F041FB0446002895D10F
:105520007868C368D3F80120D3F80530C5E938237B
:1055300012F034F895F8D8309E0621D5B91C3846BB
:1055400007F0A6FB0446002880D1042142F2240083
:1055500007F0E8FA0646002800F0A88004210C3085
:1055600025F047FB3B8803807B88438022463146F9
:1055700042F2240007F012FB044600287FF466AFD5
:1055800095F8D8305C062AD5022142F22E0007F0A9
:10559000C9FA0446002800F0898002210C3025F069
:1055A00028FBB5F8A83103802146002242F22E00E4
:1055B00007F0F4FA044600287FF448AF01463A1D8C
:1055C00042F22A0007F0EAFA044600287FF43EAFD0
:1055D0007868C3685B7885F8223111F0DFFF082115
:1055E00042F2010007F09EFA044600285ED008212E
:1055F0000C3025F0FEFA95F8D81011F0400F024655
:1056000040F2022308BF032388074CBF43F02C005D
:1056100043F00C008B0695F8D93048BF40F04000AD
:1056200013F0090F95F8A23018BF40F4006003F0A2
:105630000603CE0748BF40F01000062B08BF40F419
:10564000C070002122F09BF82146002242F20100A6
:1056500007F0A4FA044600287FF4F8AE95F87C30F1
:10566000B5F80411980624D4C9B93A1D41F20500D1
:1056700007F094FA044600287FF4E8AEB5F8043148
:105680007C684BB9E368B3F80120A5F804219A8837
:105690002C48114627F026F8204611F07FFF0821FC
:1056A00040F6014007F03EFA044660B96FF0680426
:1056B000CCE60029F3D1244A2448012122F02AF81B
:1056C0006FF00404C2E608210C3025F092FA95F838
:1056D000D830D90702462AD41D484FF0005122F095
:1056E0004EF82146002240F6014007F057FA0446E2
:1056F00000287FF4ABAE01463A1D4FF6014007F09B
:105700004DFA48B3134A1148022122F003F809F078
:1057100047F8044600287FF499AE0AF051FF04468A
:1057200000287FF493AE08F055F904468EE602A1F6
:10573000D1E90001D3E700BF90880002008000207B
:1057400090080020C0080020A71A0700C8D906004A
:1057500010880002CA1A07007B68DC68B4F80130C0
:10576000032B96BF434A444952F823106D468AB032
:105770006A464248D3614FF400731384404BC2E938
:10578000050142F8103F3F484FF4135121F0DAFF72
:10579000B4F80120B4F80330022AAD4648D1052BF5
:1057A00046D8394A52F823106D468AB06A463748BF
:1057B000D3614FF400731384314BC2E9050142F801
:1057C000103F4FF413512F4821F0BCFF6379A679A5
:1057D000D4F80900032BAD4698BF2D4AB4F8075002
:1057E00094BF52F8231024496C468CB06A46DFF807
:1057F000A4C0C2E907364FF400739385264BC2E973
:1058000005C1C2E909504FF4735142F8103F1D48D9
:1058100021F098FFA546786811F0C0FE3A1D0021DE
:105820004FF6024007F0BAF9044618B11B4A6AE77E
:105830001149B9E778681A4DC368B3F80130A5F883
:10584000C13011F0ABFE95F8C1305B077FF55FAF5B
:105850003A1D21464FF6034007F0A0F908B1114A5E
:1058600051E77868C3685B7885F8C03011F096FE20
:105870004DE700BF84E9060023190700EE1A070070
:1058800004000001C8D906006CE90600071B0700E8
:105890005CE906001F1B0700070000014C1B070006
:1058A000B8070020751B070008B5031E08DA074A71
:1058B000074801211FF074FD064B01221A7008BD34
:1058C000054A034803211FF06DFDF5E78AF5060040
:1058D00070D90600EA9B0020BDF506002DE9F04FC7
:1058E000B5B008AF00214FF480301AF0DBFF012380
:1058F000BB720023FB7216F0CDFE064628B10146AE
:105900009A481FF0A5FF0020DAE0994C20461FF0CE
:105910004BFD98B96D46236888B02A469549C5E97C
:1059200005134FF40073AB83934B42F8103F934839
:1059300033464FF4E25102F091FBAD468C481FF024
:1059400033FD034690B96D46216888B02A468948E0
:10595000C5E905014FF40071A983874942F8101F7A
:1059600086484FF4E25102F079FBAD4680481FF0C3
:105970001BFD034690B96D46216888B02A467D48D4
:10598000C5E905014FF40071A9837B4942F8101F56
:105990007A484FF4E25102F061FBAD4674481FF0C3
:1059A00003FD034690B96D46216888B02A467148C8
:1059B000C5E905014FF40071A9836F4942F8101F32
:1059C0006E484FF4E25102F049FBAD4668481FF0C3
:1059D000EBFC034690B96D46216888B02A466548BD
:1059E000C5E905014FF40071A983634942F8101F0E
:1059F00062484FF4E25102F031FBAD465C481FF0C3
:105A0000D3FC034690B96D46216888B02A465948B0
:105A1000C5E905014FF40071A983574942F8101FE9
:105A200056484FF4E25102F019FBAD4654481FF0BE
:105A3000ACFC002807DA534A009000234F480121AC
:105A400020F0B1FE5FE750481FF09FFC0028F2DB1A
:105A50004E481FF09AFC0028EDDB4D481FF095FCE6
:105A60000028E8DB4B481FF090FC0028E3DB4A48A5
:105A70001FF08BFC0028DEDB484A0023C7E908231F
:105A8000FB613B85FB6007F11C03FB6203233B6367
:105A900007F10C0804220C23C7E90E23C7F8348051
:105AA000A36833485B6807F12C0529469847031E15
:105AB0000ADA3B4A314801211FF072FC4FF0FF30F7
:105AC000B437BD46BDE8F08FDFF8D8B0DFF8ACA042
:105AD000C14619F8013B032100935A46334650460C
:105AE000013620F060FE042EF3D12F4B1B7803B952
:105AF000FEE72E4A214803211FF054FC2C480F21B9
:105B000000F06CFC031E04DA2A4A1C4801211FF035
:105B100047FC274803697B60836807F160095B687D
:105B2000494698470646A0B10346234A1348032135
:105B30001FF036FC002E45DB012E204B72D10420D5
:105B40001E7027F096FA1E4A0C4803211FF02AFC0B
:105B50003EE07B68386E1B68174A5840C0F3C03679
:105B60003346064803211FF01BFCE5E7D3F506008A
:105B700000D70600EEF506000300000170D906000C
:105B80005CE6060011F6060048E6060034E606006C
:105B900020E606000CE60600F8E506003163040086
:105BA00032F6060046F60600F91A00205DF60600F9
:105BB00060D6060075F606009CF60600ED9B0020F8
:105BC000D8F60600784A7948334601211FF0E8FBF1
:105BD000774B784A78480E2100F0B2FB031E04DAB6
:105BE000764A724801211FF0DBFB754B754A7248FB
:105BF0000D2100F0A5FB031E04DA734A6B48012156
:105C00001FF0CEFB714A694803211FF0CBFB70489F
:105C100007F004FF034648B16E4A644801211FF0B3
:105C2000BFFB70E600221A706B4A8DE7014618220E
:105C300007F1480027F0A5FB684B3B64684B7B6489
:105C400007F14000674BBB650AF032FA664B1B78E0
:105C500003B9FEE720F06BFF034620B1634A5348C7
:105C600001211FF09DFB624EDFF888B13378DFF829
:105C700088A1ABB10023012207F110003B613A7506
:105C8000BB6104F005FE5D4804F0EAFB00F04AFC4D
:105C9000002804DA5A4A454803211FF083FB0023F9
:105CA000C7E9183BC7F868A0484604F051FE031E38
:105CB00004DA544A3D4801211FF072FBDFF848A185
:105CC000DAF8003000221A70504826F07EFB28B91E
:105CD0004F4A364801211FF065FBEFE64D4A334835
:105CE00003211FF05FFB4C4A304803211FF05AFB91
:105CF0003378002B34D0494A2C4803211FF052FB43
:105D0000474A2A4803211FF04DFB46481AF0E4F9A0
:105D100000214FF480301AF0C5FD2448424A032187
:105D20001FF040FB4148DFF884B01AF0D5F9337812
:105D300013BB3F4A032158461FF034FB0423009352
:105D4000CDE902583B4B3C4A3C49019407F10A001B
:105D500000F002FEDAF80030187800F07FF8E6E78D
:105D6000374A124803211FF01DFB1048354A032112
:105D70001FF018FB3448D6E75846344A03211FF079
:105D800011FB334B2B4ACDE90593324B0493324B35
:105D9000CDE90045CDE9028307F10B01274B07F15F
:105DA0000A0000F033FED5E7AEF6060070D9060013
:105DB00049640400D476002060D60600FDF6060093
:105DC0000D640400C876002025F7060050F7060091
:105DD000A958040076F70600EBF60600515F0400B0
:105DE000F95F040031600400EA9B002095F706008B
:105DF000ED9B0020D1640400F164040090150020A4
:105E0000B3F70600D3F706009815002064D7060004
:105E1000F5F706000EF8060022F806004EF8060018
:105E200061F80600D815002075F80600E815002076
:105E3000C6F80600539C0020529C0020F91A00204E
:105E4000A1F80600B3F80600C8150020D9F806002E
:105E5000A0310020941C0020EE9B002010B51D4CAA
:105E60002168013101F0010148BF49422160042845
:105E70002ED8DFE800F00317161D270000210220AE
:105E800016F03CFC0021084616F038FC01210120E8
:105E900016F034FC4FF48040BDE8104000211AF0A9
:105EA00001BD0121022016F029FC0021084605E071
:105EB0000021022016F022FC2168002016F01EFCB2
:105EC0000021E4E70021022016F018FC0121F4E78C
:105ED0000021E7E7E076002070B503788AB0044639
:105EE0000E4607AD032B20D8DFE803F002191B1D77
:105EF00011492846FFF793F9059563780493A37831
:105F00000393E37802932379019363790093A37950
:105F10000A4A1E2130461EF019F80AB070BD084921
:105F2000E7E70849E5E70849E3E7084A0A21284680
:105F30001EF00CF8E0E700BF06F9060028F906009D
:105F40000DF9060014F906001EF906006935070070
:105F500070B51D4A032104461C481FF029FA1C4B4A
:105F60001B6802221A701B4B012119701CB91A4AB6
:105F700016481FF01DFA194D194A2B7813480321B2
:105F80001FF014FA2B78EBB1164A104803211FF0CA
:105F90000FFA204600F070FC002804DA124A0B4881
:105FA00001211FF005FA114B11491C6020460DF02C
:105FB00011F9031E06DABDE870400E4A03480121BC
:105FC0001FF0F4B970BD00BF9DF9060078D9060036
:105FD00098150020EB9B002076F90600ED9B002031
:105FE000BDF90600CDF90600E6F90600F8760020B6
:105FF0009C15002000FA060008B5084A08480B4620
:1060000001211FF0D3F9074A00231360064A1370D9
:10601000064B1B6803221A7008BD00BF40FA060039
:1060200078D90600F8760020EC9B00209815002017
:10603000F0B589B000AF0D46144622F01AF8394683
:10604000FFF74AFF6E46ACB98AB06A46124BD5617B
:10605000C2E905374FF400731384104B42F8103F28
:106060004FF4135123460E4801F0F8FF2437B5468C
:10607000BD46F0BD8AB06A460A4BC2E905374FF407
:1060800000739384084BC2E9075442F8103F002381
:106090004FF43351E7E700BF61FA06000400000146
:1060A00078D9060080FA0600050000012DE9F04FBE
:1060B00091B00378012B00AF04460DD0022B0ED017
:1060C000002B67D14388364A364803211FF06EF90A
:1060D0004437BD46BDE8F08F4368334AF4E72522D4
:1060E00007F1180106F04AF86D4688B06A462F4B52
:1060F000536107F1180393614FF4007393832C4BA2
:1061000042F8103F274800234FF4E65101F0A6FF64
:10611000637A7B61237A3B61E379FB60A379BB609F
:10612000AD4663797B6096B023793B6094F810B0FC
:1061300094F80FA094F80E9094F80D8094F80CE069
:1061400094F80BC0A67AE078A17863786A46194C77
:10615000C2E9054B7C6954633C699463FC68D46371
:10616000BC6814647C6854643C68C2E9141312234C
:10617000C2E907A9C2E9098EC2E90BC6C2E9124009
:1061800042F8103F0748002349F2C00101F066FFC2
:10619000AD469DE7084A034803211FF009F997E738
:1061A000A5FA060078D90600B9FA0600CDFA06006D
:1061B00003000001DEFA060035FB06002DE9F04180
:1061C000074686B00C4615464FF4004000211AF0F1
:1061D00069FB44B9474A484803211FF0E9F8002009
:1061E00006B0BDE8F081297C002952D1D4F80C809A
:1061F000D8F80000FFF75AFF404BD8F8006001AA1A
:1062000003F1100E944618685968154603C5083303
:1062100073452A46F7D11B782B703046614621F032
:10622000DCF90646002832D1354A3348354D032182
:106230001FF0BEF8238A2E6001332B81B8F804309A
:10624000EB810326304B314A2B482E7431466B606C
:106250001FF0AEF800214FF400401AF023FB29464E
:1062600038460CF0B7FF2A4A0446314622481FF050
:106270009FF84FF4004000211AF014FB002CAEDA16
:10628000244A1D48234601211FF090F8A7E701206A
:10629000A6E70329FBD1E5681F4A17481FF088F8D5
:1062A0002868FFF703FF1D4B2E6801AA03F1100CAD
:1062B000174618685968144603C4083363452246D4
:1062C000F7D11B7823703946304621F086F9002833
:1062D000DDD1134A084803211FF06AF8114AAB8840
:1062E00013800548104A03211FF060F80F4B01226C
:1062F0001A7074E74BFB060078D9060020DC060014
:1063000062FB0600E4760020BD61040074FB060019
:1063100095FB0600B5FB0600DFFB060031DC06003E
:1063200000FC0600AC9B002019FC0600EC9B002042
:10633000024B01221A700220704700BFF91A002098
:106340002DE9F74306460D46174698465FFA81F950
:1063500049461FF02FF8041E0ADA1C4A009523460E
:106360001B48012120F01FFA204603B0BDE8F0834E
:10637000B3689C6964B14FF0C0634FF0A0724946A6
:106380003046A047041E06DA124A00952346E7E786
:106390006FF05704F8E7012202FA05F5C7F8048008
:1063A000BD60B368DB695BB1394630469847041E6F
:1063B00009DA094A06482346012120F0EAF9D3E721
:1063C0006FF05704F5E70024CEE700BF55FC060048
:1063D00058D9060087FC0600C0FC060037B50D46FC
:1063E000C9B21EF0E7FF041E09DA064A0648009506
:1063F0002346012120F0D7F9204603B030BD002408
:10640000FAE700BFF3FC060058D9060008B5094AB0
:106410000948032120F0B4F9084B1B784BB106481A
:10642000074A032120F0ACF9BDE80840054819F0FF
:1064300053BE08BD25FD060058D90600ED9B00207F
:1064400075F80600E815002008B50C4A0C48032131
:1064500020F096F90B4B1B784BB109480A4A0321EF
:1064600020F08EF90948BDE8084019F035BE04480F
:10647000074A032120F084F90648F4E742FD0600AC
:1064800058D90600ED9B002061F80600D8150020C1
:10649000B3F80600C8150020F8B50B4E0B4F0C469C
:1064A0008D18AC4201D10120F8BD4FF0FF324FF002
:1064B000FF33384619F044FB14F8013B06F8013B62
:1064C000384619F0B5FBECE7EE9B0020941C002049
:1064D00008B5044A0448032120F052F9034B012275
:1064E0001A7008BD6EFD060060D90600529C00209F
:1064F00008B540B9074A0848032120F041F9074B85
:1065000001221A7008BD064A0348BDE8084001216F
:1065100020F036B98AFD060060D90600539C0020A1
:10652000ACFD060010B50A490A4820F04DFD041ED6
:1065300007DA094A09482346012120F02AF92046B2
:1065400010BD074A0548032120F01AF9F7E700BFFC
:10655000B0150020FC760020C7FD060060D90600BB
:10656000F1FD0600024A034803211EF032BF00BFBE
:106570001EFE060080D9060070B5254A254886B063
:1065800003211EF026FF20F0FBFC031E04DA224A42
:10659000204801211EF01FFF04F064F804F042F8C7
:1065A0001E4B01AA03F110061546186859681446D7
:1065B00003C40833B3422246F7D11B78237029461F
:1065C000032003F05DFF031E06DA154A114801217E
:1065D0001EF001FF06B070BD1249002003F050FF0D
:1065E000031E01DA104AF1E70121042004F04CF8FF
:1065F000031E01DA0D4AE9E70D4A064803211EF0A1
:10660000E8FE012004F076F9031EE3DA094ADDE72B
:1066100030FE060080D9060044FE060044DC060079
:1066200066FE06009AFE0600A7FE0600DBFE0600D8
:1066300000FF060018FF06000B46024A024802212E
:106640001EF0C9BE41FF060080D9060030B50F4DCF
:106650000FCD89B003AC0FC42B68236001240C4B11
:106660000C490094022203A808F0E6FA034630B170
:10667000094A0A4821461EF0AEFE09B030BD084A5C
:10668000064803211EF0A5FEF7E700BF58DC060010
:1066900070E6060078E606006DFF060080D9060069
:1066A00096FF060010B508F0F9FA034630B1BDE8D0
:1066B0001040044A044801211EF08DBEBDE8104080
:1066C000FFF7C4BFBAFF060080D90600024A03489C
:1066D00001211EF07EBE00BFDCFF060080D906004F
:1066E00038B50C4A04460D460B4803211EF071FED6
:1066F0002946204604F05EF9204620F029FC074890
:1067000004F014FA002803DABDE83840FFF7DEBFD2
:1067100038BD00BF0600070080D90600FC760020C7
:106720002DE9F0470B7B86B005460C4617468BB12A
:10673000394A3A48DFF8E880DFF8E09003211EF09C
:1067400048FE0026237DB34236DC364A3348032117
:106750001EF03FFE94F82030002B36D123788BB109
:106760002D4A2E48DFF8B880DFF8B09003211EF0E4
:1067700030FE0026237A9E4245DB2A4A2748032121
:106780001EF027FEAFB12B681E68274B0FCB02AC63
:1067900084E80F006A6801AB2146304609F068FDC5
:1067A00038B9019821F020FB204B1860019809F0BE
:1067B000C7F906B0BDE8F087236942469B5D032117
:1067C00048461EF008FE0136BCE7194A1348DFF8B8
:1067D0006490DFF848A003211EF0FBFD04F12008BF
:1067E000002694F82830B342B8DD58F8043F4A46F2
:1067F0001B78032150461EF0EEFDD8F80000FFF78D
:1068000055FC0136EDE7636842469B5D032148462F
:106810001EF0E1FD0136ADE72700070080D9060034
:106820002E000700560407006CDC060044770020A9
:10683000F9FB06001041070010B5074A07480C464F
:1068400003211EF0C6FD34B9BDE81040044A0348D8
:1068500001211EF0BEBD10BD4BF9060080D9060017
:1068600076F90600024A034801211EF0B2BD00BFBE
:106870003100070080D90600F0B5124B87B001AA9D
:10688000054603F11007164618685968144603C4F4
:106890000833BB422246F7D11B7823700A4A0B4BC0
:1068A0003146284603F07EFC041E08DA084A0948EF
:1068B000234601211EF08FFD204607B0F0BD0024C5
:1068C000FAE700BF44DC0600BC150020FC7600207F
:1068D0004400070080D9060030B50F4D0FCD89B0B8
:1068E00003AC0FC42B68236001240C4B0C490094AB
:1068F000022203A808F0A0F9034630B1094A0A4869
:1069000021461FF046FF09B030BD084A0648032162
:106910001FF036FFF7E700BF7CDC060088E60600C4
:1069200090E60600F700070080DA06003401070051
:1069300010B508F0B3F9034630B1054A0548BDE883
:10694000104001211FF025BFBDE81040FFF7C4BF74
:10695000BAFF060080DA06002DE9F84300AF904642
:10696000FE6A7A6A99460546E0B1002303700B700F
:1069700088F800309368B96A5B6810469847041E2F
:1069800006DB99F8003083B901232B70002405E061
:106990001A4A1B48234601211FF0FBFE2046BD4634
:1069A000BDE8F88331B31B7823B36C468AB096F800
:1069B00000C07078B178F3786A46DFF848E0536237
:1069C0000623C2E905ECC2E9070142F8103F0023A3
:1069D0000B484FF4435101F041FB31463A8CA54638
:1069E000002003F0C1FF031E04DA074A0448012116
:1069F0001FF0CFFEB8F1000FC8D0C5E732F6060091
:106A000090DA06007C0107009D0107002DE9F84F90
:106A100004461E4623780A98DDE90EB70D469246D5
:106A200073B10023237033700B7083680B995B681C
:106A30009847031E04DA224A224801211FF0A9FECA
:106A40003378C3B307F1FF394FF000080C9B13F8FC
:106A5000083009F8013F4FF0FF324FF0FF3358463E
:106A600019F06EF838B90D9B13F8083089F8043026
:106A7000584619F0DDF808F10108B8F1040FE5D126
:106A800010983A2239461EF0A9FC002333700123E6
:106A90002B709AF800305BB154223946002003F085
:106AA00063FF031E04DA084A064801211FF071FE45
:106AB0000123237002E02B78002BEAD1BDE8F88F88
:106AC000C501070028DB0600E201070010B5094CEC
:106AD0000A44914200D110BD11F8013B584003090E
:106AE0000001E35CC0B2434018091B01205CDBB22B
:106AF0005840EEE71E0207002DE9F04F91B08407E1
:106B0000009302F004030293C2F3C20303F10103F2
:106B1000DDF86890039205460E46059340F0BA8171
:106B2000041D30B1072909D86FF01B0011B0BDE872
:106B3000F08F01F00706341DC6F10806009B4FF0E8
:106B40000008591E4FF0040A4FF0FF330193CDF8AF
:106B500010804746C34653460DB1009A22600598FF
:106B6000002800F3E8809848009A824203D39748AF
:106B70008242C0F0E080039AA4EB050E92074FEA30
:106B80009E0000F103810F2F00F2B180002D00F074
:106B9000058107F140020DEB020C019A0CF8200C64
:106BA0000CF8102C049801300490E7E07A285DD8A6
:106BB0004B280ED8472859D829282DD8252852D017
:106BC00054D820287AD02338D0F1000B4BEB000B9F
:106BD00074E04C382E2849D8DFE800F07048484867
:106BE00048484848484848484B4848484848484822
:106BF0004859484B4B595959704B6D487048184B80
:106C0000184848827F4B48484B487F0000204FF08F
:106C1000000B4FF0040A38E02A38C0B2012202FA11
:106C200000F010EA0E0F49D110F0625C2FD110EA8B
:106C3000020B43D06046013C5444B4FBFAF40AFB17
:106C400004F4002D61D0A3EB050CA444B4453FF639
:106C50006BAF002868D1042B47D159F8043B23605F
:106C6000043404232AE0019A013A01924FF0000B08
:106C700024E011F8010C6C2834D111F8023C0020FA
:106C80006C2B8346C5D14FF0080A5346D3E709F170
:106C9000070929F007090734F9E802AB24F00704D3
:106CA00035B106982044B0423FF63EAFC4E900AB90
:106CB00008344FF0000B4FF0080A534611F8010F4B
:106CC000002878D0BBF1000F7FF470AF2528F5D1F4
:106CD000019B013301934FF0010B4FF0040AECE7E5
:106CE000584694E700208346A5E7082B02D06FF0B2
:106CF00015001BE709F1070929F00709F9E8022344
:106D0000C4E9002308340823D8E768B9042B02D16A
:106D100009F10409A4E7082BE9D109F1070929F0D1
:106D2000070909F10809EDE7059A013A059259F8B2
:106D3000042B009210E7039A900720D5A4EB050ED0
:106D40004FEA9E004FF0010CBEF5007FCFD20F2F0F
:106D5000CDD8F5B107F140020DEB020EC0B2019A99
:106D60000EF8200C0EF8102CBCF1000F3FF41AAFF7
:106D700060F07F000EF8200C08F101080137C5F122
:106D80000802043406924FF6DA7E97E74FF0000CC3
:106D9000DAE7BCF1000F01D00136EFE702980236C6
:106DA0000028EBD10098CDE90631FEF740FADDE985
:106DB00006310644E2E7631BB3F5806F97D23DB915
:106DC000A6F10804E018B1E634D50600E442070055
:106DD000029A28609B082B709DF81030C2B1EB70AE
:106DE00085F80280B8F1000F05D008A80022C5F18F
:106DF000010C97420ED1C5F101030DF120094FF0AE
:106E0000000A01930DF1300B574512D1601B8DE63E
:106E10006B70E5E710F8013B190608D504EB0C0E82
:106E2000B64503F07F033FF67FAE04F8013B013225
:106E3000DFE7B8F1000F03D099F90020002A17DB33
:106E4000029BD3B11AF80B2004F8012B0022019BFE
:106E500098182044B0423FF667AE99F8000004F855
:106E6000010B00990392204626F063FA039A14441A
:106E70000AF1010A09F10109C6E799F8002055F85D
:106E800022300093029B45F822300098FEF7CFF99C
:106E9000421CDCE76FF00D0048E600BF2DE9F04F23
:106EA00097B000AF90F802A0D7F880B03B62CBF368
:106EB000C0030446FA62BB61894641B9457800784F
:106EC0000AEB800020444D4517D8A0EB0409E37875
:106ED000FB61BAF1000F02D01BF0010F16D1FB6964
:106EE00053BBFB6A1BB13A6A4946204698474D4658
:106EF00028465C37BD46BDE8F08F461C3046FEF79D
:106F000096F90130304409F10109DCE72378626821
:106F10007A62FA6A9900796104EB8301002A40F0F1
:106F200000814D460E4601EB0A094FF000084E4520
:106F30004CD101EB0A0610E01BF0020FD1D02378F0
:106F40009A007A6162687A62FA6A04EB8301002A25
:106F500077D14D4601EB0A0690461BF0050F0CBF9A
:106F600002230123FB62FB6906EB430A0BF00203D9
:106F7000BB625645BCD016F8021B16F8013C54F80B
:106F80002390AF4B994502D3AE4B994536D3BB699D
:106F9000002B40D0786A1EF032FC00283BD0E94636
:106FA0008AB06A46A84B53617B6AC2E906314FF446
:106FB00000731384A54B42F8103FA54800234FF4FB
:106FC000125101F04BF8023DCD46D2E716F8013BD5
:106FD000F96254F82300FEF72AF9D7F88430F96AE9
:106FE00001304BB1D7F8883098453EBFD7F8843090
:106FF00023F8180008F10108054498E7BB6923B19C
:10700000786A1EF0FCFB0028C9D11BF0010F05D1E6
:10701000FB6AED1AADE7BB6A002BAAD04846FEF723
:1070200006F9D7F8843053B1D7F8883098453FBF78
:10703000D7F88420431C22F8183008F101080544D1
:1070400097E7BAF1000F72D01BF0040672D0D04659
:10705000002607F1480052463B61B96226F069F903
:10706000B96A3B6901EB0A02BA62FA69F96952002E
:10707000FA60BA6A02EB41023A610BF00202BA60AE
:107080003A69B96A8A4257D162787A621BF0020F74
:1070900032440CBF4FEA580100211BF0010FD2B25D
:1070A00040F09F801BF0040F14BF40460020BB61DE
:1070B0006270A070E1703A6A7969FB6A204698476D
:1070C000051EFFF615AFBB6923707B6A6370FB6911
:1070D000E37041463A6AFB6A84F802A007F148006F
:1070E0009847B0F10008C0F2B5807B693A6AA9EB15
:1070F0000A01C91AFB68C91AD7E90A039847002888
:10710000C0F2AA80A84408EB00054FF0000B07F17D
:10711000380AB34567D300213A6AFB6A08469847A4
:10712000E6E656464FF0000807F1380093E756466A
:10713000D04697E7B04695E7BA6A12F8021BBA62E2
:1071400012F8015C3E4A54F82500904202D33D4AB1
:1071500090421ED3BA6932B1786A7B601EF04FFB51
:107160007B6800288CD1BA6802BB08F1280207F1BD
:10717000300C08F10100944407F1580252FA80F0F3
:1071800008F102080CF8101C5FFA88F800F8105C8F
:1071900076E7BA693AB1786A7B601EF030FB7B68AB
:1071A00000287FF46DAF1BF0010F09D006F1280213
:1071B00007F13000711C161806F8205CCEB25FE7AC
:1071C0001BF0040F3FF45CAF08F1280207F1300018
:1071D00008F1010102EB000808F8105C5FFA81F881
:1071E0004EE7002063E71BF80A3087F8373054F881
:1071F0002390D7F88430FBB133F81B803A6AFB6ADE
:10720000012107F137009847002825DB0544B8F134
:10721000000F06D14846FEF70AF800F101081FFAF0
:1072200088F83A6AFB6A414648469847002813DBCB
:1072300005440BF1010B6CE7D7F88480DEE700BF53
:1072400034D50600E44207002E02070004000001C6
:1072500030DA060045464BE6054649E6014B186024
:10726000704700BFF815002080B505460E4617464A
:10727000984619F053FB034626F052F9DFF81890B0
:10728000044649F80030424630463946A84754F88B
:10729000090004F041F900BF080000002DE9F047A3
:1072A000058B04462807904611D4022905F00705EE
:1072B00040F0CC8020461EF0CBFD78B10138218B08
:1072C000042811D8DFE800F0C2106D85950001296F
:1072D0000CBF45F0100545F02005258388F3118883
:1072E000BFF36F8FBDE8F08701F0070AAA4500F0F1
:1072F000A5800027B9463E46A368002B00F0BC805D
:1073000041F00801218388F31188BFF36F8FA168D2
:10731000002900F0BA800D68002900F0B680D1F88D
:107320000480334652462046C047002D76D02B6855
:1073300029461D46F0E701F007035A1F012A1BD812
:10734000002221F00701062B276889B2C4E9002238
:1073500009D13B4603E0628B013262831B68002B3C
:10736000F9D141F00201218320461EF071FD002871
:107370007AD041F0200176E0042B0AD121F00701F8
:1073800089B2218320461EF063FD10B141F0200137
:107390002183218B01F0070AAA454FD00027B94667
:1073A000AAE7236921F0070141F00601062DD3F871
:1073B000009021832DD1B9F1000F3FD041F0080199
:1073C000218388F31188BFF36F8F3A492046C8475D
:1073D00029E021F00701236941F0040189B2042D5D
:1073E000D3F804902183E6D000273E464FF0040AEC
:1073F00082E721F00701236941F0050189B2052DDB
:10740000D3F808902183D6D000273E464FF0050AD6
:1074100072E700273E464FF0060A6DE72B4687E7E6
:10742000B9F1000FD1D1EFF31188402383F3128813
:10743000BFF36F8F238B23F008032383258BEA068A
:107440002ED525F01003238305F007056669218BEF
:10745000002EBFF670AF00232768C4E9003321F087
:10746000070141F001012183218B01F0070AAA45A0
:107470004FF000097FF440AF002F9CD041F008018D
:10748000218388F31188BFF36F8F002FC8D03D6828
:1074900039463346524620461EF006FD2F46F4E795
:1074A000AB067FF51BAF25F02003238305F007050E
:1074B00000E700BFD55E06002DE9F7430F460646FC
:1074C0000821C06ADFF850901EF0FBFE3C68241AC9
:1074D00080463C6004EA0905AC4203D8002003B0B2
:1074E000BDE8F08308236A46214630461EF07EFE42
:1074F0000028F4D1694630461EF0EDFE40B1BDF8DB
:107500000230BDF804203C6005EA090513441D441F
:10751000A4EB0804E0E700BF0000FFFF2DE9F047FF
:1075200004468AB000F11407384625F03EF8A06AF8
:107530008368DB689847E06250B9864A8648012133
:107540001EF0B4FE6FF0150528460AB0BDE8F087BE
:10755000A06A8368DB6898470368013B1F2B01D949
:107560007E4AEBE7A06A216807AA23F080FD08B1F4
:107570007B4AE3E7A5892DB1089BB5FBF3F203FB3A
:1075800012550DB1774AD9E7E389012B01D8764A24
:10759000D4E7E36A029593F804904FF0FF334FF07D
:1075A000FF32384618F0CCFAE06A08211EF089FE56
:1075B000A8460646E3891FFA85FA534508D8E389A9
:1075C000434523D1384618F033FB6FF02C05BBE759
:1075D000A1892B04891B13FA81F14A46082320460E
:1075E00002911EF011FE78B102A920461EF051FE54
:1075F00008F10108029908234A4620461FFA88F834
:107600001EF002FE0028DAD00135D3E753450BD136
:10761000029908234A46891B20461EF0F5FD18B939
:1076200002A920461EF035FE02A92046FFF744FFBE
:10763000054618B1384618F0FBFA85E7029B6360EF
:107640004FEA13484FEA0848C4F80880D4E9011308
:1076500099420FD3082303AA20461EF0C7FD054612
:107660000028E7D103AB13F8012B91453DD101353B
:10767000082DF8D163681B0C1B0402A92046029355
:107680001EF007FEA38902994A4620461EF0BCFD63
:10769000051ECFDB63687BD006EB03084FF6FF794E
:1076A000A389CDF808801FFA88F29B1B9A4238D331
:1076B0002E4A294803211EF0F9FD616820461EF07C
:1076C000CEFD05460028B5D16368294AA18913403B
:1076D0000B44A3EB460363601340A36020461EF0F7
:1076E000DDFE0546002D6FD0A4E703A920461EF05D
:1076F000F2FD626810B9921B6260A7E7BDF81050F6
:10770000BDF80E10E06AC4F8088029441EF0D9FDC7
:1077100040449042A060EED1002DECD06FF01C05EB
:107720007DE0082305AA414620461EF05FFD054680
:1077300000287FF47FAF05A920461EF0CCFD38B1AC
:10774000BDF814304B4503D1BDF81830002B6CD078
:10775000B044A5E7F602070058DA06001803070050
:10776000350307004D03070061030700BE03070050
:107770000000FFFF5B1A4A4620461EF045FD051E2D
:10778000FFF658AF08D0E26AA36812681344A360FA
:10779000D4E901318B42EDD86168A38901EB46023F
:1077A0009A429FD1DFF8A880A26801EA08039A42B2
:1077B00098D020461EF053FD054600287FF43AAFCE
:1077C000636803EA0803A360A389A288A3EB4603C6
:1077D0009A4220D0384618F02BFA01232374A2894C
:1077E000E3891C48009203211B4A1EF0DCFF6368FA
:1077F0009AB200921748194A1B0C03211EF0D3FFBE
:10780000A3689AB200921348154A1B0C03211EF07C
:10781000CAFF002598E620461EF029FE0546384698
:1078200018F006FA002DD8D08EE60E4A094803213A
:107830001EF03CFD63681B0C1B0402A9204602934A
:107840001EF027FD029920461EF009FD49E700BF02
:107850000000FFFF58DA0600840307009B030700BF
:10786000AD030700E50307002DE9F04F1D4691B079
:10787000037C02910446009253B9744A7448012172
:107880001EF014FD6FF00C06304611B0BDE8F08F0D
:10789000C26A082110461EF014FD294601901046C8
:1078A0001EF00FFDA389019AA3EB8203AB420746AA
:1078B000C0F0C9801DB1009B002B00F0C48063683C
:1078C000059306AA05A92046DDF814A01EF03BFD8D
:1078D00006460028D8D1BDF81830029A934206D047
:1078E0006268059B9A42ECD1002D36D1CCE706A9FF
:1078F00020461EF0F0FC0028F2D0BDF81A80BDF83A
:107900001C3045B39D4228D1E36ADDF800B01B6806
:107910004FEA1A4A5B424FEA0A4A03F02003D04476
:107920000393AA46DDF80C90D14528BFD1464B46BB
:1079300008AA414620461EF059FC00284ED14A466E
:1079400008A9584625F0AAFB38B9BAEB090AC84479
:10795000CB44E7D198E7002B96D0002F41D104F11A
:1079600014094FF0FF324FF0FF33484618F0E8F8A3
:10797000DFF8E0B04FF6FF7AE3899E4260D0D4E9A9
:1079800001217B189A4230D3029BADF82030FF23AF
:10799000009A8DF8263020462B46ADF82210ADF81F
:1079A00024501EF01AFD29468046E06A1EF089FC2C
:1079B000A2680244A260B8F1000F0AD108A81EF024
:1079C00077FC08A920461EF041FD002814BF804620
:1079D000A846484618F02CF9464655E7BDDC064651
:1079E00052E7019B1F44BFB2B9E70821E06A1EF0CD
:1079F00068FC0023ADF824301318ADF82230A389B9
:107A0000ADF820A002EA0B021A44101A606008A820
:107A10008DF826A01EF04CFC08A920461EF016FD8D
:107A2000211D20461EF035FC636803EA0B03A360AA
:107A300020461EF033FD80460028CAD101369BE760
:107A40006FF01B08C5E76FF015061DE7E20207009F
:107A500058DA06000000FFFF2DE9FF471E46037CB1
:107A6000BDF8309004460F4690464BB92C482D4A3D
:107A700001211EF01BFC6FF00C0004B0BDE8F08784
:107A8000C06A08211EF01DFCA389A3EB4003B3428A
:107A900043D3D4F804A0CDF804A000254D455146A9
:107AA000DDF804A009D9636853451ED1BDF808303C
:107AB000BB421AD06FF00100DFE702AA01A92046FD
:107AC0001EF041FC0028D8D1BDF80830BB4206D1D9
:107AD00002A920461EF0FFFB08B10135ADB2626875
:107AE000019B9A42DAD15146E0E7BDF80C30002BF9
:107AF000E0D0A945DED8BDF80A00090CB3424FEA30
:107B0000014128BF33460144424620461EF06EFB29
:107B10000028B2D1BDF80C00AFE76FF01500ACE75C
:107B200058DA0600E20207002DE9F047DFF8588036
:107B3000044607464FF0010914B93846BDE8F087FE
:107B400094FAA4F5B5FA85F509FA05F32E0108EBC8
:107B500005156FEA030A24EA03042B7B002BEBD004
:107B600058F806301B694BB946440422736828460E
:107B7000196807EA0A0700F05DFADDE7284698472A
:107B80000028D9D1F0E700BF80DB060030B51049EE
:107B9000104889B0002225F0DCF80F4D0F49002273
:107BA0000023CDE9062300240E23CDE90334CDE9DB
:107BB00001440B4B00944FF44072284618F0C2FB6E
:107BC0000849284624F004FF204609B030BD00BF14
:107BD000E97B040050590020B8310020C09E0020ED
:107BE000D97E040001040700014818F08FB800BFD7
:107BF000D41C00202DE9F04780461F480F461EF098
:107C000039FD0646002830D000252846BDE8F0871B
:107C1000237B6BB12368DB680BB120469847236850
:107C20001B69D3B9636804221968204600F002FA80
:107C3000013610344C45EBD3B8F1000FE5D0002DE0
:107C4000E2D02846FFF770FF0546002FF7D000214D
:107C50004FF4A47018F026FEF1E72046984700285C
:107C6000E0D00AFA06F31D43E2E7044CDFF8109077
:107C700005464FF0010ADDE75877002080DB06005B
:107C800090DB0600014B53F820007047B4E6060075
:107C900008B5034608462BB1044A136000F06AFC9D
:107CA000002008BD6FF01500FBE700BFFC150020A9
:107CB00010B5044C237813B9034818F027F80123B2
:107CC000237010BD549C0020D41C002010B5044625
:107CD00008481EF0CFFC5CB1BFF35B8F064B53E846
:107CE000001F013943E80012002AF8D1BFF35B8F6F
:107CF00010BD00BF50770020547700200020064BB5
:107D0000BFF35B8F014653E8000F43E80012002ADF
:107D1000F9D1BFF35B8F70475077002070B5FFF744
:107D2000EDFF084C084E0546B44200D370BD6368B1
:107D30005B792BB123685B6813B1294620469847CD
:107D40001034F1E780DB060090DB060010B5044C30
:107D5000044920461DF090FE034B1C6010BD00BF7F
:107D6000401B0020A0E6060048770020084A09488A
:107D700008B500231370084A1360084A4FF4004105
:107D80001360FFF785FFBDE80840FFF7DFBF00BFC6
:107D9000559C002071660600507700205477002023
:107DA00001460022014800231DF087BE401B002031
:107DB00001481DF01DBF00BF401B0020024B0146C3
:107DC00018681DF069BF00BF4877002001481DF00A
:107DD0009EBF00BF401B002070B5284B18780028BC
:107DE0004BD0FFF7E5FF054690B1BFF35B8F244B07
:107DF00053E8001F013943E80012002AF8D1BFF30D
:107E00005B8F204C204EB4422DD32846FFF7D6FF7F
:107E10001E4B1F4C1B68002B19DD24F053FF4FF441
:107E20007A72A0FB020302FB0131C30BD4E90020EC
:107E300043EA41439B1A4FEAD13140F2E93261EB08
:107E40000001934271F1000101D3FFF767FFD4E90C
:107E5000003213F57A7342F10002C4E90032BDE842
:107E60007040FFF7B3BF63685B7923B1236829468D
:107E70001B68204698471034C5E770BD549C00200D
:107E80005477002080DB060090DB0600507700204E
:107E90004859002070B50D4D297861B90120FFF7D0
:107EA000A9FE0B4C0B4EB44206D3FFF795FF0028FA
:107EB000FBD101232B7070BD63685B791BB1236814
:107EC00020469B6898471034EDE700BF559C002082
:107ED00080DB060090DB060000212DE9F047084614
:107EE000FFF788FE044658B340F267684FF0000978
:107EF00025F016FB1B4B1C4A1B58136033B11B4B60
:107F00001B68092B02DD1A4817F000FF194FDFF834
:107F100060A0002544B12046FFF706FE044618B9CC
:107F20004FF0FF384FF0FF39FFF756FF064628B9EC
:107F3000B5B942464B46504617F00CFF3546E9E7C7
:107F40004FF0FF384FF0FF39D2E72B689B691BB128
:107F500000221146284698471035BD42F5D3E8E780
:107F6000054DFAE7080000004C7700205477002008
:107F7000D41C002090DB060080DB060013B51848F7
:107F80001EF078FB174B1B7873B1EFF3118440237D
:107F900083F31288BFF36F8FFFF71EFF84F31188FE
:107FA000BFF36F8F02B010BD0F4B1B68002BF9D0D1
:107FB00050B900220023CDE900230C484FF40042C1
:107FC000002318F02DFFEDE70928EBD1074824F036
:107FD000CCFE074802B0BDE8104017F097BE00BFC6
:107FE00054770020559C00204C77002050590020E9
:107FF000D41C002010B5064B1B6804469847214648
:10800000A06004481DF0D5FDBDE81040FFF7B6BFE5
:10801000FC150020401B0020044A054B9B1AB1EBC5
:10802000D30F34BF52F831000020704750D90600FA
:1080300080DB0600084BC31A10B41B1144680133DF
:10804000237143689A7143681960436801225A7129
:1080500010BCFFF72DBE00BF80DB06002DE9F04FFE
:108060008FB004AFC1F34A28B8600D4691467B60DB
:108070000C0DB8F1000F63D0002607F114034FF088
:10808000040B4FF00A0AC7F80C80C7E907667E6246
:108090000193CDF808B0CDF800A007F11C03F968F2
:1080A00032464846FEF7FAFEB0F5006F03461CD391
:1080B0006C468AB0D9F8041004AB2648C3E9050120
:1080C00040F2FF71D9611A464FF400711984224BB6
:1080D00042F8103F214833464FF41251FFF7BEFFDC
:1080E000A5462C37BD46BDE8F08FC0F30A0804F161
:1080F0001700184420F0070080083B60FFF750FE8F
:1081000068F35325044690B13B68154AC7E9083621
:1081100000F1100107F11403F961CDE900A3CDF8D6
:1081200008B0F96807F11C034846FEF7B7FE68F38C
:1081300053257B68B9682A4620461EF0D1FAD0E75D
:1081400004F1170020F007008008FFF729FE04461D
:10815000EDE700BF160407000400000198DA0600EE
:10816000B56606002DE9F04F87B0DDE91269DDE95B
:10817000105A04460F4693469846A6B31021CDF8F0
:108180000090334652460020CDF81490FEF7B4FC20
:10819000014605F117000844144B039104F007044D
:1081A0000BF0070BE40020F0070003EA412344EA48
:1081B0008B1480081C43FFF7F3FD44EA0554054681
:1081C00040B13EB10399CDF800903346524610308D
:1081D000FEF792FC434622463946284607B0BDE8E2
:1081E000F04F1EF07DBA3146D3E700BF00FE0F000E
:1081F000406820B1034BC01A40F3CF0070474FF0E6
:10820000FF30704750D906000EB403B503AB0146EA
:1082100053F8042B0448019303F060FC02B05DF8AE
:1082200004EB03B0704700BFF5670600CA0605D42B
:108230008B064CBF02490349FFF7E6BF704700BFFA
:1082400056040700550407002DE9F04F89B09B46FE
:10825000149B06939DF84CA0159B0593169B179EA7
:10826000049304460D469046BAF1000F00F09D803D
:1082700006F4807307931EF01BFA06F0020902460B
:1082800000283ED091492046FFF7BEFF0746B9F1CE
:10829000000F08D016F0440F35D18D492A462046EC
:1082A000FFF7B2FF074406F0010353B1894B8A4937
:1082B00053F82A20894B2046002A08BF1A46FFF7A8
:1082C000A3FF06F48073002B49D006F00803002BAF
:1082D00063D1B8F1000F66D0814942462046FFF7CE
:1082E00093FF0546069B3D44002B6DD1049B002B5C
:1082F00073D1F30700F1E48031462046FFF796FF83
:10830000D8E00746C3E7774B18680028CAD0764BF9
:108310004FF47A791B68B5FBF3F54FF46161B5FB57
:10832000F0F300FB135509FB05F54FF03C0CB3FBD4
:10833000F1F201FB1231B5FBF0FEB1FBFCF300FBE7
:108340001E550CFB131109FB05F50091B5FBF0F56B
:108350006649CDE901E52046FFF756FFA2E706F0A2
:108360000803EBB1624B634953F82A202046FFF71C
:108370004BFF0546B8F1000F05D05949424620464B
:10838000FFF742FF0544BBF1000FABD05A495A46F4
:108390002046FFF739FF0544A4E74FF0000BE1E763
:1083A00006F00805E6E745469CE7BBF1010F069B92
:1083B00006D1002B64D1049B002B7BD000250CE060
:1083C000002BF8D04D485CE04D48069B4D492246B5
:1083D0001DF0E4F9049B002B68D0DFF82C81DFF856
:1083E0002C91049F3146102F204628BF1027FFF7FD
:1083F0001DFF4FF0000B5D4545DC059B49461A7893
:108400002046FFF701FF4FF0010B1BF0070F03D1D0
:1084100041462046FFF7F8FE5F453BD9059B49469C
:1084200013F80B202046FFF7EFFE0BF1010BBBF119
:10843000100FEAD1364920464FF0000BFFF7E4FE5B
:108440005A46059B9A5CA2F120015F2928BF2E2283
:1084500030492046FFF7D8FE0BF1010BBBF1100F9E
:108460001DD01BF0070F03D141462046FFF7CCFE7D
:108470005F455A46E5D841462046FFF7C5FEEBE783
:108480001F485546A1E741462046FFF7BDFE0BF1C8
:10849000010BB0E720492046FFF7B6FEC5E7059B74
:1084A0003B440593049BDB1B04939AD1BAF1000F64
:1084B0007FF41FAF204609B0BDE8F04F1EF08DB924
:1084C000064A05492046FFF79FFE15E75D040700B1
:1084D00061040700C4E60600DBFA06005804070042
:1084E00086040700607700205C7700206A0407009C
:1084F000D8E606008A040700900407002B680600EF
:10850000F5670600DDBA04009D0407009504070026
:108510009F0407002E0007009B04070073B542F27A
:108520000F738B4228BF0B4605680F4A044605218E
:1085300068461BF00BFD63680C495B6806460B221E
:1085400028461EF03CF963683246694628465B6857
:108550001EF035F9636806495B681B2228461EF049
:108560002EF902B070BD00BF10410700BD04070026
:10857000A1040700074A00210123904206D8064AB9
:1085800001B901231360054B1860704740085B0078
:108590000121F2E740420F005C7700206077002065
:1085A000F8B5074F0D4604464618B44201D1284697
:1085B000F8BD14F8011BBB6801489B6A9847F4E7B3
:1085C00088D60600014B03600020704720E70600B4
:1085D00070B5114B1C680D46DCB1104B19680023B7
:1085E0008B4202DB6FF0010070BD224612F8106B67
:1085F000864202D001331446F2E7E06810B96FF00A
:108600001200F1E723F0E1FE0028F8D02C600020F2
:10861000EAE76FF00C00E7E70816002020E7060005
:1086200070B588B005460C46C0B269461646FFF7DD
:10863000CFFF00281BDB0098C8B143680293836812
:1086400022680195CDE903360023CDE90623059381
:10865000C5681EF055F96DB12846084901AA22F0F7
:108660000AFD079808B9059B236008B070BD6FF03C
:108670001500FAE76FF01200F7E700BF0369060084
:10868000F0B40C4B0C4E5F6A0C4BB34203D36FF04B
:108690008500F0BC70475D68BD4209D31C693CB1E0
:1086A00095F802C00579AC4502D12346F0BC1847C5
:1086B0002433EAE790770020481F0020241F002081
:1086C0002DE9F047134CDFF85080DFF85090054655
:1086D0000E461746444503D36FF08500BDE8F0878A
:1086E0006268D9F824309A4212D3A36983B1907892
:1086F0002979884205D13A4631462846BDE8F047F7
:1087000018475279012A03D13A46314628469847FC
:108710002434DFE7241F0020481F0020907700202A
:108720002DE9F0410B4CDFF8308005460E46174628
:10873000444502D36FF0850009E063690BB9243426
:10874000F6E73A463146284698470028F7D1BDE873
:10875000F08100BF241F0020481F0020024B002290
:108760001A605A60704700BF4B78002070B50B4B01
:108770000B4CA34201D3002070BD196A1E7F00225A
:108780000439D5B2AE4201D82433F2E7013211F8F0
:1087900032508542F5D10120EEE700BF241F0020B2
:1087A000481F002008B5044A0346012103481EF073
:1087B000CAF8002008BD00BFFF04070068DB060000
:1087C00038B5054622F083FA10F1780F044611D12E
:1087D0000D4A0E482B4602211EF0B5F828461EF021
:1087E000B4F80B4AD2F8C43023EA0003C2F8C4300C
:1087F000002407E00028F1D0064A04482B46012156
:108800001EF0A1F8204638BD1A05070068DB0600F7
:10881000907700203B05070008B509480378C3F3AB
:1088200041130A3350F823303BB100F1080200F144
:1088300010019847C043C00F08BD1846FCE700BFB1
:108840009077002004282DE9F74FDFF89C9004462C
:108850000F4615D001282FD1DFF8908098F8B93055
:1088600053B300F0E5FE224D4D4522D22A6A4FF067
:10887000000A2B7F5FFA8AF6B34204D82435F3E767
:10888000FFF76CFFE8E702EBC6060192307922F0B1
:108890001EFA834630791EF058F8D8F8C430019A91
:1088A00023EA0003BBF1000FC8F8C4300AF1010A43
:1088B000DFDA002388F8B9300D4D4D4508D30B4B56
:1088C0001B6A6BB13946204603B0BDE8F04F18472C
:1088D000EB681BB13A462146284698472435ECE719
:1088E00003B0BDE8F08F00BF481F00209077002044
:1088F000241F002073B5C4B263060D468DF80740EF
:1089000007D02046FFF732FFB0B1144B93F8BA00FE
:1089100090B1124E23468DB1114A124803211EF028
:1089200012F89DF807000FF0DDFAF3691BB10DF1A5
:10893000070108209847012002B070BD0A4A094883
:1089400003211EF000F89DF807000FF0FDFAF3690F
:10895000002BF0D00DF107010920EBE79077002004
:108960005D05070068DB06007005070073B5044667
:1089700080788DF8000023796279294D43EA02233B
:10898000ADF80230E37803F003038DF804301DF0F6
:10899000DCFFD5F8C430184206460CD0A478204637
:1089A00000F028FE2046FFF70BFF24F00BF810B96B
:1089B000962017F095FF68460FF066FA10F1780FD1
:1089C0009DF800301BD1174A174802211DF0BBFF4C
:1089D0009DF800000FF0F4FA10F1780F19D19DF80E
:1089E0000030124A104802211DF0ADFFD5F8C43006
:1089F0000120334385F8B900C5F8C43007E00028EA
:108A0000E6D00B4A084801211DF09DFF002002B06E
:108A100070BD0028EAD09DF80030064AF2E700BF9A
:108A2000907700208505070068DB0600CC0507006D
:108A3000A8050700EC0507002DE9F047A34EB36930
:108A400004460F461546FBB9237803F01F03012B9C
:108A500000F09D80022B00F0048133BB94F90000EC
:108A60002A686178002834DA062912D008292BD028
:108A7000D9B901231370517096F8C3305B0043F0ED
:108A80000103137002232AE198470028DCD100205B
:108A90000DE06288100A011F0129844605D90728C4
:108AA00003D8716AD2B20C781CB96FF01500BDE81A
:108AB000F0874E78664503D19A4200F00B8101336E
:108AC0002144F0E70B780AE196F8BA3013700123DD
:108AD00005E101390829E8D801A353F821F000BFC6
:108AE000798B0400AB8A0400878B0400AB8A0400F6
:108AF000058B0400AB8A0400AB8A0400AB8A040037
:108B0000118B0400A0780FF081F90028BFD0CCE7CA
:108B10006388756A63BBFFF721FE638886F8BA3005
:108B2000F369002BB3D06A4903209847AFE76B780D
:108B3000042B10D0052B11D0022B04D16F79638840
:108B4000BB4208BF01202B781D442B78002BEED1AF
:108B50000028AAD0DFE795F80380F4E76388BB42DA
:108B6000F1D1B8F1000FEED12846FFF7FFFEEAE79A
:108B7000FF270020B846E8E76388012B95D1002342
:108B800086F8C33083E76388012B8ED1F8E796F827
:108B9000BA30D5F800C0002B87D0756AA38894F846
:108BA00004E02A46107800283FF47FAF517802296C
:108BB00004D192F80480F04500F293800244F1E77A
:108BC0008CF800208CF80120396060E7154494E0AF
:108BD0000B2A7FF46AAF00274FF0FF08C146BA4660
:108BE00006E06B78042B0FD0052B21D02B781D4489
:108BF0002B78002BF5D1F36913B151460720984724
:108C0000002F7FF444AF50E795F80280A38895F8D1
:108C100003909845EAD163889945E7D1B8F1070FE9
:108C20001CD806EB0803AA4683F8BB900127DDE7B2
:108C3000A3884345DAD1A3784B450AD0AF783846AC
:108C400000F0D8FC3846FFF7BBFDB0FA80F77F098B
:108C5000CCE72846FFF78AFE0746C7E7AA46002763
:108C6000C4E794F900206378002A18DA002B7FF417
:108C70001CAF24792D6863060AD02046FFF776FDE5
:108C800000283FF412AF96F8BA30002B3FF40DAF36
:108C9000294620460FF078F900236B70F2E6012B8D
:108CA00008D0032B7FF401AF6388002B7FF4FDAE67
:108CB000012103E0618800297FF4F7AEA088FFF767
:108CC00019FE00287FF4E3AEEFE600BF90770020A6
:108CD0004A780020022829607FF4F4AE4B883B607C
:108CE000D5E694F9000062780028BFF671AF002A3B
:108CF0003FF466AF0A2A7FF4D8AE2A78002A3FF400
:108D0000D4AE697804297FF461AFA9788B427FF4EF
:108D10005DAF072B96BF9B19002393F8BB308CF8EF
:108D20000030D4E62DE9F84FDFF83CB0DFF83CA086
:108D300005460F469046994604264B46424639461C
:108D400028460FF067F910F10B0F044609D12B46A6
:108D50005A46022150461DF0F6FD17F021FD013E56
:108D6000EBD12046BDE8F88F0D06070068DB060052
:108D700013B5164C237DF3B9E268A168019201ABEB
:108D80008020FFF7CFFF019AA3681344A360E36834
:108D90009B1AE3606BB962B12369E2889A4208DDED
:108DA00094F8C82093FBF2F102FB11330BB90123B5
:108DB000237502B010BD00231A4619468020237582
:108DC00002B0BDE810400FF025B900BF9077002039
:108DD0007FB500230D4601930646002862D1002985
:108DE0003AD108220B460DEB020121F089FF002841
:108DF00004DA80200FF076F804B070BD2E4C029A91
:108E00002260039A626004F13802A2609DF9082092
:108E1000BDF80E302575002AC4E903550FDB802B01
:108E200009D9264A264801211DF0AAFC80200FF00E
:108E300059F82846DEE713B1C4E90333DCE7FFF74E
:108E4000EBFC0028D5D0E28823699A42D4BFE260C7
:108E5000E360FFF78DFFCFE7174CD4E90212002A39
:108E600001AB05DC024621F04BFF0028C4DAC0E765
:108E700021F046FF002804DA80200FF033F8304656
:108E8000B8E7019AA3681344A360E3689B1AE36000
:108E9000002BB1D104F13803A360FFF7BDFC00281B
:108EA000D7D1A6E78028A7D1034BDA68002AD0D112
:108EB0001B7D002BCDD19FE7907700203406070063
:108EC00068DB0600054B064A9A62064ADA62064AE1
:108ED0001A63064A58629A61002070479077002012
:108EE000398A04008186040021870400C1860400B9
:108EF0002DE9F34104464C4D4C484FF0FF334FF001
:108F0000FF3216F01DFE95F8B8306BB1484A49485B
:108F100002211DF035FC6FF07704444816F088FEFE
:108F2000204602B0BDE8F0816B6A6BB900F0D4F85E
:108F3000FFF7C8FF6B6A3BB93F4A3E4801211DF06D
:108F40001FFC4FF0FF34E8E73C482C62E8616E6A92
:108F50000FF0A2F90EF028FF041EDEDB00F08AFB02
:108F6000041EDADB7378012B01D1F3793BB9344A63
:108F7000304801211DF004FC6FF01504CDE70026F8
:108F8000684685F8C830ADF802308DF804608DF879
:108F900000600EF079FF041EBFDB802768468DF865
:108FA00000700EF071FF041EB7DB264930460FF04B
:108FB0005FF9041EB1DB234938460FF059F9041E4E
:108FC000ABDB214CDFF8848044451AD300200EF03F
:108FD000F7FF041EA1DBD5F8C430802043F0010365
:108FE000C5F8C4300EF0ECFF041E96DBD5F8C43093
:108FF00043F48033C5F8C430012385F8B830002429
:109000008BE7276A0026227FF3B29A4201D82434E4
:10901000DAE707EBC30257F8331010790FF028F99D
:1090200001360028EFD08CE790770020A81C0020A4
:109030004D06070068DB060070060700458804003F
:1090400095060700D18D0400241F0020481F002032
:1090500030B51F4B8BB005AA03F11005186859688D
:10906000144603C40833AB422246F7D11B78237061
:109070001022002101A824F084F9122200211548B1
:1090800024F07FF9102101A822F0FBFB00281BDD52
:109090000828B8BF0820093801AB0E491A1800206B
:1090A00012F8013F0AAC04EB131403F00F0328334A
:1090B0006B44013014F8144C13F8143C0C7008285D
:1090C0004B7001F10201EBD102480BB030BD00BF83
:1090D000CF060700589C00202DE9F04F884B87B041
:1090E00093F800B000AFBBF1000F04D085481C37E7
:1090F000BD46BDE8F08F834C00264FF0011AB04604
:109100003546B14623783BB97F4B02349C42F3D1BC
:109110007B4A01231370E9E76378052B1DD8DFE84C
:1091200013F0AC000600ED00AC001F00500040231F
:1091300087F810B07B8287F814B007F110000EF0AA
:1091400077FE40B108237B8207F110000EF070FE1D
:1091500008B1A7F812B07B8AE37123781C44D1E7E9
:10916000E378002BF9D1A37813B308F101085FFA73
:1091700088F8F2E76B689C421CD02435634B9D4213
:10918000F8D36D4688B06A46614BC2E905340323C3
:1091900042F8103F5F4800234FF4C251FEF75EFFD4
:1091A000AD465C485C4A01211DF0EAFA00209EE7CA
:1091B0005A4DE3E7AB68002BD7D04146204698478D
:1091C000D3E7002D57D1564A524801211DF0D8FA55
:1091D000E7E72B6AA27803EBC103FB601B799A4295
:1091E00005D001312B7F9942F3D34E4AECE701239E
:1091F000E07800F003003875207994F805C040EA63
:109200000C20788294F902000028DAB228DA03F1FF
:1092100010004FF0010C0CFA00F010EA0A0F26D1F2
:1092200042F08000387407F11000C7E90032B960DD
:109230000EF0FEFDD7E901213B68C0B9397CF86822
:10924000A17011F0800F18BF1032017118BFD2B297
:109250004FF0010114BF914099404AEA010A7CE7AE
:109260000120984010EA0A0F01D11046DAE70133D5
:10927000102BBDD1B5E70021B4E7032E25D1FFF7B0
:10928000E7FEF86050B1FBF7D2FF38B11028FB6859
:1092900010D0254A1F4801211DF072FA23786FF083
:1092A0000201E218091B04EB5303D14214D5013625
:1092B000F6B252E7184600F11002A31C50F8041B46
:1092C00043F8041B9042F9D1E8E7002EE6D1B9F14A
:1092D000000F08D1154A77E702F801BC13F801091D
:1092E00002F8020DE1E7A4EB090389F80230C3F3A9
:1092F000072389F8033089F80480D8E7A1462CE7D2
:10930000579C0020801E0020231F0020481F0020A3
:10931000E006070060DB0600C6070700241F0020E8
:1093200000070700410707005E070700A9070700BD
:1093300010B5094B00211A461C78844205D15C689F
:109340001CB1482303FB012010BD0131042903F1A6
:109350004803F1D10020F7E75C7800202DE9FF41B8
:1093600050F8303C10F8346C103304460AD10369CD
:1093700050F8282C98073DD5D2B9590715D50023A8
:1093800044F8303C54F8303C10330BD054E90975A4
:1093900054F81C8C23F016FB002857D03248214685
:1093A00023F04EFA04B0BDE8F08143F004032361DA
:1093B00003AB54F82C1C3046FFF7B4FC034640B115
:1093C0002A4A2B48009601211DF0EDF96FF0150394
:1093D000D6E7039A54F82C3C134444F82C3C54F838
:1093E000283C9B1A44F8283C54F8243C134444F885
:1093F000243CC7E703AB54F82C1C30460EF094FE17
:1094000003460028DCD1039D54F82C3C2B4444F83F
:109410002C3C54F8283C5B1B44F8283C54F8243C72
:109420002B4444F8243C002DA9D030460EF03AFFDE
:10943000B5FBF0F303FB1055002DA0D154F8283CE8
:10944000002B9CD030460EF0C5FE9BE744F8200C64
:10945000A4F1180016F05AFC002DA3D0424639465C
:109460003046A8479EE700BF88590020F407070050
:1094700078DB06004B1E012B73B506460D4614D84B
:10948000FFF756FF044690B9012D0ED101AB012222
:109490000DF1030130460EF047FE019B002BF5D184
:1094A0000C4A0D4801211DF06BF902B070BD23F08C
:1094B00089FA04F1340108B1012D05D1084602B042
:1094C000BDE87040FFF74ABF044802B0BDE87040F5
:1094D00023F0B6B91108070078DB06008859002090
:1094E0002DE9F74F06460191174698461DF06EFA92
:1094F000044600286FD1EFF311830093402383F3D8
:109500001288BFF36F8FDFF8D49000220023484603
:1095100016F020FCA0B9DFF8C8A0482262430AEB8D
:10952000020BDBF8045015F1100F1ED12D4A2E4806
:10953000334601211DF02DF9484616F0E7FB0BE0FC
:109540000134042C09F14809DFD1284A26480121B9
:109550001DF016F96FF00B05009B83F31188BFF324
:109560006F8F284603B0BDE8F08F0AF802600C9AAE
:10957000019BCBF814200D9ACBF81000CBF81820E3
:1095800030466FF00F02CBE90237CBF84480CBF8BE
:1095900004200EF087FE68B130460EF083FEB7FB64
:1095A000F0F202FB10772FB1DBF8442042F0040206
:1095B000CBF8442018F0020F08D0482303FB04A185
:1095C0000B48343123F03CF90025C5E730460EF056
:1095D00001FE0546C0E76FF00F05C2E7787800206E
:1095E0005C7800204608070078DB06002B0807009F
:1095F0008859002010B5EFF31184402383F31288BB
:10960000BFF36F8FFFF794FE50B14368103307D15B
:109610006FF08B03436000F13401044823F010F92C
:1096200084F31188BFF36F8F10BD00BF88590020ED
:10963000F8B50E4C04254027EFF3118687F3128806
:10964000BFF36F8F6368103307D16FF08B03084847
:10965000636004F1340123F0F3F886F31188BFF35B
:109660006F8F013D04F14804E6D1F8BD5C7800201D
:109670008859002070B50A4C0A4E00253146204614
:1096800023F0B3F80122A4F118001146013523F0AC
:1096900029F8042D04F14804F0D1002070BD00BF6A
:1096A000907800205D93040070B504460E46017961
:1096B000154815461DF066F910B394F9002063783B
:1096C000002A16DB202B04D0222B0ED06FF0850051
:1096D0000AE02B681A6840F8102C9A8820F80C2CA5
:1096E0009B7900F80A3C002070BD638800F8093CB3
:1096F000F9E7212BEAD11038072328603360F2E71D
:109700006FF01200F0E700BF7C79002008B5014639
:1097100003481DF045F910B1012300F8073C08BDCE
:109720007C7900200169012381F84B300B6833B14B
:1097300091F849301BB10248083123F081B87047D5
:10974000885900200169012381F84A300B6833B140
:1097500091F848301BB10248083123F071B87047C6
:109760008859002070B5012382F8483013680D46EF
:1097700014463BB192F84A3023B10E4802F1080179
:1097800023F05EF8D4F890309A681B699A4205D1AC
:109790007DB904F1180140F6CD4204E004F118014E
:1097A000002DF8D00022BDE870400248002316F0DA
:1097B000D7BC70BD8859002038B5056995F89E0062
:1097C00088B195F89F307BB985F84830D5F890007E
:1097D0001CF097FC002204460023044805F1180100
:1097E00016F0BEFC204638BD0020FCE7885900205A
:1097F0000D4A03460021A0F848101068C3F89400F1
:1098000090889279A3F8980083F89A2083F89C10A6
:1098100083F89B10A3F89E1083F8A010402203F158
:109820004C0023F0AEBD00BFD0E20600F0B5D0F88A
:109830008C305B681B6A1F7D85B0044638461DF07E
:10984000C5F80646F8B994F88630E3B1A06F4FF436
:10985000806203A91CF074FC0546A0B18306A4F144
:10986000180308BF00F1FF3584F830600193074BFF
:10987000039900932A4602233846FFF731FEA06F72
:1098800029461CF07DFC05B0F0BD00BF65970400C3
:1098900010B504690023C4F8A8300C4BC4F8A40028
:1098A000596804F1A80269B9C3E9002204F108006B
:1098B000074922F09AFF04F11800064923F02DF819
:1098C000002010BD0A605A60F0E700BF7C790020DC
:1098D000F76906002D98040013B504698DF8071088
:1098E000002384F84830D4F8900001220DF10701DC
:1098F0001CF007FC10B923F065F840B121220023C9
:1099000004F11801064816F02BFC02B010BD94F8C3
:10991000A130002BF2D00021212016F0C3FFE2E796
:109920008859002037B514460A1E054620DDD4F8B4
:109930008C0004F14C011CF0E4FB012384F8493055
:1099400023683BB194F84B3023B1114804F108016E
:1099500022F076FFD4F88C104B684A699A1ACB69CA
:109960009B1A3F2B04D8012384F8A03003B030BDEC
:1099700094F89E30002BF9D0064B009301940123FC
:10998000402204F14C012846FFF7AAFDEEE700BF94
:109990008859002025990400F7B50D4601461D4859
:1099A0001CF0E4FF044610B30646691E56F8A439BD
:1099B0005F6805291BD8DFE801F01C1A031C22266A
:1099C00010F8061C99B9012300F8063C3B6A3246A0
:1099D000187BFFF7A7FF14F85C2C42B93B6A187D8F
:1099E0000D4B0093019602231146FFF779FD03B05A
:1099F000F0BD304603B0BDE8F040FFF7F9BE0123EB
:109A000004F8053CF3E710F8053C002BEFD00023E9
:109A1000F6E700BF7C7900206597040037B5094D53
:109A20000949002400944FF0FF334FF48062284628
:109A300016F058FB0549284622F0CAFF204603B01D
:109A400030BD00BF8859002000A20020890807000F
:109A50002DE9F0410F4B1C6805460E461746ACB188
:109A60004FF0FF324FF0FF330B4816F069F8636890
:109A70003246D3F8088029463B462046C047044674
:109A8000054816F0D5F82046BDE8F0816FF00104D6
:109A9000F9E700BF847900206C1C002000230360DC
:109AA000044B5A6812B9C3E900007047106058604F
:109AB000704700BF88790020014B1860704700BFD5
:109AC0008479002030B585B000230546CDE9023306
:109AD00001904FF0FF330C484FF0FF3216F030F892
:109AE0000A4B1C684CB9284600F0E0F804460648CA
:109AF00016F09EF8204605B030BD636820461B680E
:109B000001A998472468EDE76C1C002088790020A3
:109B10001FB5CDE9010103924FF0FF330A484FF022
:109B2000FF3216F00DF8094B1C682CB9064816F0E8
:109B30007FF8204604B010BD636820461B6801A969
:109B400098472468F1E700BF6C1C0020887900204A
:109B5000024B0022C3E90022704700BF8879002031
:109B6000024B0022C3E90022FFF7F2BF90790020E8
:109B70002DE9F74307460C4609B100230B601F4D42
:109B8000DFF87C9000264D450FD31E4B1D6885B332
:109B900055F8148C01AA41463846143D1CF0CEFFFE
:109BA00010B3D6B914BB2E461EE0D5F8008001AA2A
:109BB000414638461CF0C2FF50B116B954B92E4682
:109BC00006E03168002240461CF0B8FF0028F5D1BD
:109BD0001435D8E7019B2360F1E731680022404645
:109BE0001CF0ACFF0028DDD16D69D0E7019B23603C
:109BF000D9E7304603B0BDE8F08300BF90DB060034
:109C000008DC0600907900202DE9F04784B002AF0F
:109C10000446D7F8289078600D4616469846B9F164
:109C2000000F07D0D9F8001031BBD9F804A0BAF161
:109C3000000F28D1391D2046FFF79AFF08B3D0F84E
:109C400008907868434632462946C847C8B16D46F1
:109C50008AB002AA124BD061C2E905344FF40073F6
:109C60001384104B42F8103F0F4800234FF411515A
:109C7000FEF7F4F9AD4604E03A1D1CF05FFF002842
:109C8000D3D1002007E0D9F8083000937868434624
:109C900032462946D0470837BD46BDE8F08700BFA9
:109CA000920807000400000130DB0600F8B5184CEC
:109CB000184F06460025BC4208D3174B1C682CB32E
:109CC000143CB6B9E368E3B96469F8E72EB9E36810
:109CD0005BB9284614340546EDE72068002231467A
:109CE0001CF02CFF0028F2D1F3E79847002DF0D1AB
:109CF000F0E72068002231461CF020FF0028E1D167
:109D0000E2E79847002D08BF0546DDE72846F8BD85
:109D100090DB060008DC06009079002038B50C4D79
:109D20000C484FF0FF334FF0FF3215F009FF2B784E
:109D30003BB9FFF715FF00F06DF8044610B9012399
:109D40002B700024034815F073FF204638BD00BF78
:109D50006A9C00206C1C00202DE9F047048FDFF87E
:109D6000B0A0013498B006468946A4B200F10807B5
:109D7000651EADB2B5F5004F47D04A2305AA294666
:109D800038461CF05CFC04F57F543F34A4B2804696
:109D9000214601230DF10B0238461CF050FCB8F1AE
:109DA000000F014610DC002810DC338FAB4209D1D4
:109DB00032466B1E22F8383F4FF4004102233846EA
:109DC000FDF752FD2C46D3E7002808DC294638462B
:109DD0001CF031FC214638461CF02DFCE5E708F16B
:109DE00060030DEB0308002308F84C3C5246CDF805
:109DF000009003AB05A80397ADF81040FFF704FFF0
:109E00000028DFD018B0BDE8F0870020FAE700BFD7
:109E1000AD6B06007FB50123694602200193FEF772
:109E2000D7FB044660BB02AA01A90220FEF7F8FB9B
:109E3000044610B110F10C0F22D10399B1F5803F07
:109E400023D2009A002394681846084484421AD307
:109E50000133082BF9D10E4DA982EB825368AB6018
:109E60002846D368EB631CF039FF044640B9094E1D
:109E70006E602846FFF712FE28466E60FFF71CFE54
:109E8000204604B070BD9BB2E5E76FF02004F7E711
:109E9000987900206416002008B504481BF0D8FC0F
:109EA000BDE8084002481BF0D3BC00BFB70807005C
:109EB000EC08070038B5144CD4F85031C51C25F017
:109EC000030523B1D4F858312B44782B19D97C21C0
:109ED000012023F0D2F878B100230360D4F8542194
:109EE0005AB9C4E95400C4F85831D4F858311A1D8D
:109EF0001D441044C4F8585138BD1060C4F85401D2
:109F0000F1E7D4F85401F0E7D87900200A48BFF30C
:109F10005B8F50E8003F43F0020340E80032002A24
:109F2000F7D1BFF35B8F436A1B68A0F59C700BB140
:109F300041681847704700BF107B002008B5034AEE
:109F4000034801211CF01CFC002008BD1A09070071
:109F5000C0D90600022801D9FFF7F0BF014B185CF9
:109F6000704700BFB80A070070B5054638B90B4AFC
:109F70000B4801211CF004FC0024204670BD007831
:109F8000FFF7E8FF0646FFF795FF044608B9054AC4
:109F9000EEE73246294623F0CCF9EEE73109070017
:109FA000C0D90600450907002DE9F041184CD4F846
:109FB0003431222B05460E4609D9164A164801218E
:109FC0001CF0DEFB4FF000084046BDE8F08103685E
:109FD0001878FFF7BFFF07463044FFF76BFF08B95B
:109FE0000E4AEBE7D4F834315A1C0333DB0003F19B
:109FF0000408C4F83421A0441C442A8A22816B8AB4
:10A00000A3723044606029683A4623F092F9DBE796
:10A01000D87900205A090700C0D906007609070040
:10A02000F7B5584C236883420D460AD00121564AA1
:10A0300056481CF0A5FB6FF00D0120461CF0C7FE32
:10A0400029E0137C032B00F0838005D8022B1ED15E
:10A050004C486FF01501F1E7052BF9D1002956D1D5
:10A06000D4F83431012B3AD9238C0133238204F103
:10A0700008010323237609F0ADF8054658B1012104
:10A080000346434A41481CF084FB2946D5E721B9E1
:10A0900020461CF088FE00204FE0CF6828460821AB
:10A0A000FFF782FF064638B93A4A384801211CF0CA
:10A0B00067FB6FF00B01C0E71CF09FFE3B6803607D
:10A0C0007B68436005460068FFF74EFF286008B9CB
:10A0D000314AEAE7AB88E382B2889A4202D1FFF7BD
:10A0E00015FFD8E70023A36005232376B388214614
:10A0F000013351F8080B238209F06CF8034600285D
:10A10000C9D0264A214801211CF043FBD1E7002693
:10A1100042F6030328688DF8046001A9ADF8063003
:10A120001DF05BFA58B908212846FFF73DFF0446A9
:10A130001CF083FE23680360012003B0F0BD3146AC
:10A140002846FFF731FF0028F6D12B8A144AD9E7B9
:10A150000029C4D0098A20461CF0E1FD10B96FF037
:10A1600002016AE7EE681CF068FE336803607368FA
:10A17000436005460068FFF7F7FE28600028DBD142
:10A1800097E700BFD879002093090700C0D90600DF
:10A19000330A0700B5090700DE0907000C0A0700AB
:10A1A0005E0A0700F8B506460D4619B1097811F0A8
:10A1B000FD0F4CD1002A4AD0BFF35B8F274C54E8E7
:10A1C000001F41F0010044E80007002FF7D1BFF362
:10A1D0005B8F11F001013DD1A4F59C74002DC4E901
:10A1E000006314BF01230023C4E9541184F86031D3
:10A1F000C4F85C21C4F83411C4F858110AD0287886
:10A20000FFF7A8FE2946024604F59E7023F091F858
:10A2100004F59E75124BE3604FF6FF73A560E38271
:10A2200010490023012530462582237608F0D2FF0D
:10A23000044650B10C4A034629460C481CF0A9FAC2
:10A2400006486FF001011CF09FFD2046F8BD6FF03D
:10A250001504FAE76FF07704F7E700BF107B0020E2
:10A2600021A00400E07900209C0A0700C0D9060064
:10A2700070B5064C0FCC86B001AD0FC501AD0FCD4A
:10A280002668034C0FC4266006B070BD90DC060043
:10A29000007C0020034B04494FF0C872C3E934121C
:10A2A000704700BF447B0020180028002DE9F04FC4
:10A2B0002C4E8BB096F8AD3003920446884613B30B
:10A2C0004B7896F8B4B096F8ACA0019300273D46C1
:10A2D000574505D384F83C50BBF1000F11D133E052
:10A2E000D8F80430039A02931F4B9B5C00934FF005
:10A2F0000009019B994509D3BBF1000F2ED084F8CA
:10A300003C50AA4522D00BB0BDE8F08F029B009ACA
:10A3100003EB090105A81DF08EF90028ECD0D6F852
:10A32000941005A81DF059F910B1009B9944E0E77D
:10A3300004EB8502D6F8941091630135EDB2BBF1C0
:10A34000000F0BD184F83C50002DDCD06378013332
:10A350006370012384F83430A370D4E701371836D2
:10A36000B6E700BF447B0020C60A07002DE9F0478E
:10A370000378023B05460C46072B10D8DFE803F0B4
:10A380004E4E545456562704294F97F8213033B176
:10A3900097F820A090F801800026564502D30120AE
:10A3A000BDE8F08707EB461969684246484622F047
:10A3B00085FE50B96378C4F81890013363700123A7
:10A3C00084F81C802375A370E9E70136E5E7184E91
:10A3D00096F88830002BE2D096F8873090F801800C
:10A3E000652703FB0767B742D9D096F88630434507
:10A3F00012D806F1220969684246484622F05EFEFC
:10A4000050B96378C4F8249001336370012384F851
:10A41000288084F82030D6E76536E4E70022294614
:10A420002046FFF743FFBAE70122F8E70222F6E7EA
:10A43000447B0020F8B5094B1C6805460E461746BC
:10A4400054B154F8043C1B68043C1BB13A463146F5
:10A45000284698476468F3E7F8BD00BF3C7B0020BE
:10A4600050B100234360054B5968021D11B9C3E97F
:10A47000002270470A605A60704700BF3C7B002092
:10A4800070B5054692B00C46002900F0B5804FF03B
:10A49000FF324FF0FF335A4815F052FB052D00F202
:10A4A000A880DFE805F003213C79A3A3554D95F87A
:10A4B0002030002B40F09A802046FAF7B8FE431E69
:10A4C0001F2B024600F295802146284622F031FFDC
:10A4D00095F82030013385F820300024484815F0E5
:10A4E000A7FB204612B070BD464D95F88730002B73
:10A4F0007CD12068FAF79BFE431EDBB2632B78D831
:10A50000237985F88630C2B2216805F1220022F055
:10A5100010FF95F88730013385F88730DDE7394D36
:10A5200095F89030002B61D12368C5F88930A38855
:10A53000A5F88D30A37985F88F30237807AE032BEB
:10A5400024D8DFE803F0021D1F212F493046FAF717
:10A5500066FE059663780493A3780393E3780293E9
:10A560002379019363790093A379284A1E210AA8CD
:10A5700019F0ECFC95F89030013385F89030ACE799
:10A580002349E3E72349E1E72349DFE7234A0A2197
:10A59000304619F0DBFCDCE71A4B93F8AC202ABB01
:10A5A0002278012A0CD0022A11D012BB2068C3F8ED
:10A5B00098001B4AC3F89420012283F8AC208CE752
:10A5C00094E8030003F1980282E80300F1E703F145
:10A5D000980204F1100620686168154603C5083426
:10A5E000B4422A46F7D121782970E2E76FF00B04D4
:10A5F00074E76FF0150471E76FF0150471E700BFA1
:10A60000581C0020447B002006F9060028F90600AB
:10A610000DF9060014F906001EF906006935070059
:10A62000DC7B002010B50D4C4FF0FF324FF0FF33B4
:10A63000204615F085FA0A4B002283F8202083F883
:10A64000872083F8902083F8AC2083F8B02083F82B
:10A65000B2202046BDE8104015F0EABA581C002090
:10A66000447B0020074B002283F8212083F88820B8
:10A6700083F8912083F8AD2083F8B12083F8B320CC
:10A68000704700BF447B002008B5830625D0FFF744
:10A69000E9FF134B10F0020F1CBF012283F8912039
:10A6A000C20744BF012283F82120C20644BF012211
:10A6B00083F88820420744BF012283F8AD200207B7
:10A6C00044BF012283F8B120820644BF012283F8EF
:10A6D000B32083F8B410002008BD6FF01500FBE72D
:10A6E000447B002070B586B00E4605461CF048FC41
:10A6F000154B0FCB02AC84E80F0001AB134A214687
:10A70000304605F0B5FD0835114B50B11C68C4B199
:10A7100054F8043C9B68043C0BB128469847646895
:10A72000F5E7019E1C684CB154F8043CDB68043C1E
:10A7300013B13146284698476468F4E7019805F05C
:10A74000FFF906B070BD00BFA4DC0600147C002039
:10A750003C7B00202DE9F04F484D97B0542206462F
:10A760000C4601A8002122F00CFE95F8912095F8E6
:10A77000B4308DF8073012B101238DF8043095F80C
:10A78000213023B19DF8043001338DF8043095F861
:10A79000883023B19DF8043001338DF8043095F8EA
:10A7A000AD3023B19DF8043001338DF80430337A95
:10A7B00003F001038DF80830D2B1D6F800A095F867
:10A7C00090902F4F4FF00008C84511D2394607220C
:10A7D000504622F063FCBB460737002838D10123DE
:10A7E000CDF834B08DF805308DF830308DF8063066
:10A7F000204620F047FA2349B4F80480074601AA0E
:10A80000204601F01FFDA368A4F8048013FA87F71F
:10A810001D4B2760CDE904349DF80730346803965A
:10A820009DF80860BBB19DF805209DF804309A4260
:10A8300015D1324606A903A8FFF7FCFD95F8B830FC
:10A840001BB1214601A8FFF74DFF17B0BDE8F08FFF
:10A8500008F10108B8E79DF80630002BE9D10B4B51
:10A860001C68002CF1D054F8043C5B68043C13B124
:10A87000314603A898476468F3E700BF447B002093
:10A88000CD7B00206DA30400147C00203C7B0020C5
:10A8900070B5154C0646154804F01EFDB82200217F
:10A8A000204622F06EFDBEB1337984F8B8303568A9
:10A8B0005DB10FCDBC340FC42B682360B2683AB1D0
:10A8C0000B4B1068516803C370BDFFF7D1FCF5E76F
:10A8D000BDE87040FFF7DEBCFFF7CAFCFFF7DAFC0B
:10A8E00084F8B860F0E700BF447B002078160020B1
:10A8F000147C0020034608B1012805D1044800213A
:10A9000000F8BC3F04F05CBC6FF01500704700BF5E
:10A91000447B0020034B9B681BB1481E18BF0120DD
:10A92000184770471C7C002010B51C46034B1B6861
:10A9300011460BB122469847204610BD1C7C0020D2
:10A94000024B5B6803B11847704700BF1C7C0020B6
:10A9500030B1044B02681A6042685A6082689A609B
:10A96000002070471C7C002070B586B00E4615464E
:10A97000002104461822684622F003FD0B490C4BC7
:10A98000ADF80C50CDE9011604932CB96946204668
:10A9900008F00EFB06B070BD012220461EF0C4FC7C
:10A9A0000028F3D16FF01500F4E700BF0CE80600B3
:10A9B00041A904002DE9F04397B00C4605461CF070
:10A9C00052FA1CF01AFA504BD0F800C011AA03F149
:10A9D000100E174618685968164603C608337345A3
:10A9E0003246F7D11B783370394660461CF0F5FDCE
:10A9F000064628B16FF08506304617B0BDE8F083F3
:10AA00004FF0FF33A360A381404B02AA03F110096A
:10AA10009646186859689446ACE8030008334B45DD
:10AA20006246F6D11B788CF80030714628461CF03F
:10AA30003EFA804638B9364A364801211BF0A0FE5E
:10AA40006FF01506D8E70DF11C0C304B6246186804
:10AA50005968E646AEE8030008334B45F446F6D1A4
:10AA60001B788EF80030414628461CF05FFA08B982
:10AA7000294AE1E78388638100238DF8043001AA25
:10AA800042F6021341462846ADF806301CF04EFA55
:10AA900008B9224AD0E78388A381214B0CAA03F18D
:10AAA00010089646186859689446ACE803000833C5
:10AAB00043456246F6D11B788CF800307146284633
:10AAC0001CF0F5F9844608B9164AB5E7144B3A4626
:10AAD000186859689646AEE8030008334345724645
:10AAE000F6D11B788EF800303A46614628461CF0B5
:10AAF0001DFA08B90C4A9FE78388238128461CF079
:10AB0000B0F9206078E700BFD7E20600E8E206006F
:10AB1000310B070008DB0600500B0700830B070012
:10AB2000F9E20600A90B0700C80B070070B5051D68
:10AB3000BFF35B8F55E8003F43F0020245E8002178
:10AB40000029F7D1BFF35B8F9B072FD4194B03610B
:10AB50004389838301268389C383068400F1240308
:10AB6000BFF35B8F53E8001F314343E80012002A14
:10AB7000F8D1BFF35B8F00F11001006809F04EF8C7
:10AB8000044688B10C4A034631460C481BF001FECE
:10AB9000BFF35B8F55E8003F23F0020345E8003226
:10ABA000002AF7D1BFF35B8F204670BD6FF07704AA
:10ABB000FAE700BF856F0600FB0B070008DB060005
:10ABC0004B1E59425941014B197070476B9C002034
:10ABD00008B5012BBDF808100CD171B90A4B1B68E0
:10ABE0000BB9012008BD1078012809D800F0010038
:10ABF0009847F6E76FF00C00F4E76FF00600F1E716
:10AC00006FF01200EEE700BF287C00200449431ECD
:10AC10000F3013F8012F8A5C1A708342F9D1704704
:10AC2000770C0700F0B5264E07460C460FCE8DB0C8
:10AC300001AD0FC50FCE0FC596E8070085E80700E8
:10AC40003846002F38D0002C38D0381F2146024615
:10AC500010344B780D781B0443EA0563CD782B4301
:10AC60008D78043143EA05238C4242F8043FF0D149
:10AC7000144C04218A07036916D1C3F30742A55C6B
:10AC80001A0EA25C42EA0562C3F30725DBB2655DDA
:10AC9000E35C42EA054242EA032221F00303303337
:10ACA0006B4453F82C3C534050F8042F013153406F
:10ACB0002C290361DED101200DB0F0BD2046FBE759
:10ACC000B4DC0600770C0700014816F03DBD00BF5C
:10ACD000D4E8060038B5044618B90F4B0F485B6836
:10ACE00098476168B1F5683F10D0B1F5680F0DD095
:10ACF0000B4DA9420AD011F46861206807D00146C3
:10AD0000084821F01AFC00232360656038BD142236
:10AD100022F037FBF9E700BF881A0020770D070003
:10AD20002C5F5CA93081002008B520B34368B3F5DF
:10AD3000683F10D101220368BFF35B8F53E8001F07
:10AD4000002903D143E800200028F7D1BFF35B8F2F
:10AD50000DD1002008BD094A93420AD000684FF087
:10AD6000FF324FF0FF3314F0EBFE0028F1D004481F
:10AD7000F0E70448EEE76FF4E040EBE72C5F5CA9F6
:10AD8000E98FFFFFEA8FFFFF08B5D8B14368B3F53D
:10AD9000683F10D100220368BFF35B8F53E8001FA8
:10ADA000012903D143E800200028F7D1BFF35B8FCE
:10ADB0000BD1002008BD074A934208D0006814F068
:10ADC00037FFF6E76FF4E040F4E70348F2E70348A3
:10ADD000F0E700BF2C5F5CA9E98FFFFFEA8FFFFF60
:10ADE00010B5044618B91D4B1D485B689847636849
:10ADF000B3F5683F2FD0B3F5680F2CD0194A9342B2
:10AE000019D1236803BB18484FF0FF324FF0FF33CE
:10AE1000214614F067FE08B923681BB90F4B13488D
:10AE20005B68984720681422002122F0AAFA4FF4A8
:10AE30006863636008E0B3F5683F0DD83A2B03D030
:10AE400040F6BA629342DED1206821F0AEFB63681F
:10AE500043F03A03636010BD054AF3E7881A002007
:10AE6000770D07002C5F5CA9308100209D0D070045
:10AE70003A00003A08B5064906484023142221F05A
:10AE80004EFBBDE808400449044816F021BD00BF50
:10AE9000307C002030810020DCE80600F0E806006D
:10AEA0002DE9F047064600AF0C46002936D0E946AA
:10AEB0008AB0D1E90012A3686D462148A8464FF038
:10AEC000050AC5E90501C5E9072348F810AF1D4883
:10AED000424600234FF42151FDF7C0F8CD46D4E996
:10AEE00003126369AD461848C5F810A0C5E905010D
:10AEF000C5E907231348002342464FF42151FDF7CB
:10AF0000ADF8CD46E369114A0E4801211BF041FC22
:10AF1000A3690F4A0B4801211BF03BFC012E07D10E
:10AF2000EFF305830B4A0748103B31461BF031FC19
:10AF30002146304614F012FCBD46BDE8F08700BF44
:10AF4000CA0D070010DB0600F90D0700280E0700E8
:10AF5000370E0700650E070030BFFFF7FDBF00BFCB
:10AF60002DE9F0410B4EDFF8308006EB0807CC1BD3
:10AF7000054632460949204622F0DBF9A01942462F
:10AF80000021083C22F0FDF96C6707F10800BDE8DC
:10AF9000F08100BF000000000800000010DC060087
:10AFA000074A936893F90E10002907DB5269934210
:10AFB0001FBF044A536843F080535360704700BF7B
:10AFC000AC90002000ED00E070B5294C06460D461F
:10AFD000284829491CF04FFAA36AD9043CD52548D2
:10AFE00026491CF048FA1720A36A1A0504D52148FF
:10AFF00023491CF040FA18201D4CA36A9B0512D56A
:10B000001C4820491CF037FAA36BA26A100409D52A
:10B010001D4A184801211BF0BCFB1EB1A36A23F492
:10B020000043A3621920124CA36A590504D51148A4
:10B0300016491CF020FA1A20A36ADA050ED50D482D
:10B0400013491CF018FA1B20094A936A43F47F4302
:10B05000936200232B7070BD1620C5E7A36A9B0482
:10B06000F2D504480B491CF006FA1C20ECE700BF9F
:10B0700000ED00E010DB0600780E07008E0E0700E2
:10B080009F0E0700B20E0700CB0E0700E00E070070
:10B09000FB0E0700130F070010B5204C2049214874
:10B0A0001CF0E9F9A36A990136D51E481E491CF027
:10B0B000E2F91E20A36ADA0104D51A481B491CF0E4
:10B0C000DAF91F20154CA36A1B0304D5154818494B
:10B0D0001CF0D1F92120A36A590304D51148154960
:10B0E0001CF0C9F922200D4CA36A9A0304D50D481F
:10B0F00011491CF0C0F92320A36ADB0304D50948D9
:10B100000E491CF0B8F92420044A936A6FEA0343FD
:10B110006FEA1343936210BD1D20CBE700ED00E002
:10B12000420F070010DB06005A0F07006D0F0700E3
:10B13000870F0700A50F0700CA0F0700E40F0700DD
:10B140002DE9F843364D804689463648364917463C
:10B150001CF091F9AB6ADE0627D5344931481CF062
:10B160008AF91124AB6A1D0704D531492D481CF01A
:10B1700082F912242A4DAB6A980718D52D4929481F
:10B180001CF079F96E6BAB6A190646D52A4A254838
:10B19000334601211BF0FDFAB9F1000F03D0AB6A71
:10B1A00023F08003AB62132403E01024DAE76FF08E
:10B1B00015061B4DAB6ADA0704D5204919481CF067
:10B1C0005AF91424AB6A9B0604D51D4915481CF096
:10B1D00052F91524124B9A6AD50602D49A6A90073E
:10B1E0000AD55B68190507D54146304600F092FA4A
:10B1F00010B180F309880224094B9A6A920642BF73
:10B200005A6A22F400525A629A6A42F0FF029A6223
:10B2100000233B702046BDE8F8836FF01506C2E7B7
:10B2200000ED00E010DB06000F10070025100700FE
:10B230009F0E0700581007007010070086100700C7
:10B24000130F07002DE9F041664B8AB0D3F8048054
:10B2500000AF0446C8F30805002686F31188BFF343
:10B260006F8F02F07F43B3F17F4F07D102F00C03E1
:10B27000082B12D15C495D481CF0FDF800263446CD
:10B280000023FB71EB1E092B00F28A80DFE803F03C
:10B290000A80837D88888888888610074CBF0C4682
:10B2A0000126EDE7524951484E4D1CF0E4F80023C9
:10B2B000FB71EB6A9A0705D54E494C481CF0DBF848
:10B2C000002333E0EB6A002B01DA4B49F5E7EB6A28
:10B2D0005B00F5D5494945481CF0CDF86B69A2697A
:10B2E00043F480736B61BFF34F8FBFF36F8F6B6954
:10B2F00032F8022C23F480736B61BFF34F8FBFF3DE
:10B300006F8F4DF602739A4209D0AB6ADBB27BB302
:10B31000FA1D01212046FFF713FF034606E02368CC
:10B32000374A324801211BF034FA2368FA79DAB936
:10B3300007F1080504F1200C206861682A4603C261
:10B34000083464451546F7D17A6A002E44D0C2F31A
:10B35000080121B96FEA52226FEA42227A6207F1AC
:10B3600008011846FFF79CFD2837BD46BDE8F0816F
:10B37000AB6A13F47F4F04D0F91D0120FFF724FEC0
:10B38000CBE7AB6AB3F5803F9AD3FFF785FEC4E7FE
:10B39000FA1D0021BEE7F91D0020EFE719498CE7EF
:10B3A000194A1A4B18F4F87FE8468AB018BF1346BA
:10B3B0006A461749C2E905134FF400731384103D20
:10B3C000144BD56142F8103F084800234FF4115147
:10B3D000FCF744FEC54673E722F4FF7222F0010237
:10B3E000BCE700BF00ED00E0D310070010DB060053
:10B3F000FE10070015110700361107004411070061
:10B40000631107007F110700BA100700A51007009D
:10B41000A311070004000001024A536943F010031E
:10B420005361704700ED00E0EFF30880EFF309810E
:10B4300001B57246FFF706FF01BD00BF002080F393
:10B440001488BFF36F8F12F01DFA00200D490860B9
:10B45000BFF34F8F0C4880F3088800F02BF8402092
:10B4600080F3118809484FF40461401880F309887B
:10B47000EFF314800221084380F31488BFF36F8F29
:10B4800000F010F994ED00E040E1002080C70020BA
:10B490000749D1F890200023C2F3072218469342AF
:10B4A00000DB7047C1F89830C1F8A0000133F6E71F
:10B4B00000ED00E008B572B6002383F31388FFF7B0
:10B4C000E7FF144B4FF0FF32C3F88020C3F884200D
:10B4D000C3F88820C3F88C20C3F89020C3F89420C8
:10B4E000C3F89820C3F89C20C3F88021C3F88421B6
:10B4F000C3F88821C3F88C21C3F89021C3F89421A4
:10B50000C3F89821C3F89C2162B6BFF34F8FBFF3F5
:10B510006F8F08BD00E100E0084B9B6883420BD1B0
:10B52000EFF3058343B1064B5A6842F080525A60EC
:10B530005A6A22F400425A6221F04BBBAC900020C0
:10B5400000ED00E0094A93686FF00A01D9670849E5
:10B5500098674B6843F080534B60002383F3118856
:10B56000BFF36F8F9368D86F704700BFAC90002017
:10B5700000ED00E010B50446EFF31183402383F3A0
:10B580001288BFF36F8F0A4B58699860094B4FF0D0
:10B5900000625A60084B426F1A600022836F826714
:10B5A00083F31188BFF36F8F00F01CF9204610BDA4
:10B5B000AC90002000ED00E04C8100200B498A682F
:10B5C0004FF030001044EFF3098C80E8F01F744610
:10B5D0007046FFF7CFFFA64604498A6802F13000A3
:10B5E00090E8F01F8CF3098870470000AC900020B1
:10B5F0001EF0040F0CBFEFF30880EFF309808169A0
:10B6000011F8021C0229FFD001B51BF029FF01BD72
:10B6100040B2002807DB044A4109012300F01F0063
:10B62000834042F82130704700E100E040B200283A
:10B630000CDB4309064900F01F0020330122824041
:10B6400041F82320BFF34F8FBFF36F8F704700BFC8
:10B6500000E100E0054B420900F01F0053F82220F2
:10B66000012303FA00F01040704700BF00E100E042
:10B6700040B2D30754BF023100210028ACBF00F113
:10B680006040074A4FEA4113ACBF00F5614000F04B
:10B690000F00DBB2B4BF135480F80033704700BF13
:10B6A00014ED00E00B4A08B50B4B22F07F029A60C4
:10B6B000BFF34F8FBFF36F8FD3F8882022F470024F
:10B6C000C3F8882014F034F915F0C6F900F060F8DA
:10B6D00014F072F90070020000ED00E042F8203C26
:10B6E000009B42F81C3C0A49019B42F8183C029B13
:10B6F00042F8143C21F001014FF0807342F8043C01
:10B7000042F8081C0023203A02658367704700BF97
:10B7100069720400094A0346906870B113F1160F6C
:10B72000406E05D0A0F140029A4205D8834203D270
:10B73000814228BF0020704700207047AC90002055
:10B7400008B515460B4A0C4B9060426F1A600E46C6
:10B7500000F048F82C4686F309884FF00000074BAC
:10B76000984720464FF000014FF000024FF00003D1
:10B77000034C2047AC9000204C81002087740600C9
:10B7800069720400014B10221A61704700ED00E05D
:10B79000044800234021C2180133302B82F80013E3
:10B7A000F9D1704700E100E008B5EFF30583064AE0
:10B7B000103B02EBC30152F8330049688847BDE8EB
:10B7C0000840FFF7EDBB00BF8CD70600024B034AD1
:10B7D0000348012100F08AB8000004200000002086
:10B7E00000E90600426E054B403A1A60044A4021C7
:10B7F000C3E901121846012100F082B850810020EF
:10B8000000000B1508B503461048D0F89020C2F38D
:10B810000722013A934207D90D480E4A01211AF036
:10B82000B8FF6FF0150008BDC0F898300A6822F024
:10B830001F021A4342F01002C0F89C208A6842F0AE
:10B840000102C0F8A0201846EDE700BF00ED00E0BF
:10B85000E0DA0600BA110700F0B50E4685B01F46C3
:10B8600004460025B5420DDA606810B397B1431E57
:10B8700018420AD0104A11482B4601211AF089FFBC
:10B880006FF01502104605B0F0BD1F28F2D92168EF
:10B890000B42EFD1236801931BF018FEA36801A9A6
:10B8A0000343D0B20393FFF7ADFF10F1160FE7D0BB
:10B8B000421C01350C34D5E7E0110700E0DA060040
:10B8C000044B0522C3F89420BFF34F8FBFF36F8F53
:10B8D000704700BF00ED00E0BFF35F8F024B002216
:10B8E000C3F89420704700BF00ED00E010B5034C92
:10B8F00001232278FFF7B0FF207010BD6C9C002060
:10B9000008B50B4A00231278FFF7A6FF10F1160FB7
:10B9100007D0084A0021D2F89030C3F30723984299
:10B9200000DB08BDC2F89800C2F8A0100130F2E7B1
:10B930006C9C002000ED00E02DE9F0435748584989
:10B94000D0F890300D68C3F307239D4285B000F214
:10B95000A180FFF7C1FF49680022954201F10C0167
:10B960001AD1504C504F25706846FCF72BFEDFF87B
:10B970003C81DFF83C9106460025AE421FD123787A
:10B9800046490020D1F89020C2F3072293427BDB86
:10B99000FFF796FF00204CE0C0F8982051F80C3CCF
:10B9A00023F01F03134343F01003C0F89C3051F8F9
:10B9B000043C43F00103C0F8A0300132CDE7009809
:10B9C00000EB05114FEA051CCB683B40B3F5000FB7
:10B9D00044D00AD8B3F5001F2ED0B3F5800F34D071
:10B9E000B3F5801F10D00135C7E7B3F1807F3ED09B
:10B9F000B3F1007FF7D150F80C3088684A681BF02B
:10BA000065FD40F4802009E050F80C3088684A68F1
:10BA10001BF05CFD40F0885040F43020039001A9F9
:10BA20002078CDE90123FFF7EDFE002828DA6FF03A
:10BA3000150005B0BDE8F08350F80C3088684A68FE
:10BA40001BF044FD40EA0800E8E750F80C30886835
:10BA50004A681BF03BFD40EA0900DFE750F80C3074
:10BA600088684A681BF032FD40F08270D6E750F8D3
:10BA70000C3088684A681BF029FD40F08870CDE7DB
:10BA8000237801332370AEE7C1F89830C1F8A000E5
:10BA9000013377E74FF0FF30CBE700BF00ED00E068
:10BAA0000CE906006C9C00200000F0FF000008116B
:10BAB0000000020208B5024B1B689847002008BD31
:10BAC0005C810020034B044A1860937843F0020322
:10BAD000937070475C8100200C170020F0B587B090
:10BAE00007460E4614460021102268461D4621F0E6
:10BAF00048FC02238DF802302A46054B019321466B
:10BB00006846CDE9047618F0C5FB07B0F0BD00BF6C
:10BB1000ED74060008B50649064821F00701C1F199
:10BB2000005202F5802219F0FCFD002008BD00BF84
:10BB3000E32801206081002003484FF0FF324FF0DE
:10BB4000FF3313F0FDBF00BF1C170020014814F0A5
:10BB50006FB800BF1C17002038B50546FFF7ECFF93
:10BB600008482A46082119F074FD044628B925B171
:10BB700021F0D6FC044B0C221A50FFF7E7FF2046B9
:10BB800038BD00BF608100200C00000010B50446E5
:10BB9000FFF7D2FF2146034819F023FDBDE810400E
:10BBA000FFF7D4BF608100200E4A0123C2F8403560
:10BBB0004FF080424FF08051C2F87835D1F8300113
:10BBC000082808D1D1F83411052904D80648415C69
:10BBD00009B1C2F838364FF080430122C3F88025FE
:10BBE0000020704700E001401212070020B1034B13
:10BBF000800143F001031847704700BF50E306007F
:10BC000008B5044820F0E1FB00280CBF6FF01200DB
:10BC1000002008BDC4D606000E4B402970B528BFD1
:10BC200040210D4C46181D46B04203F1020304D1D9
:10BC3000002305F81130074870BD02781209A25C94
:10BC400003F8022C10F8012B02F00F02A25C03F89B
:10BC5000012CE9E78B9C00203612070030B50378F1
:10BC60008BB0044607AD032B21D8DFE803F0021A9E
:10BC70001C1E12492846F9F7D2FA059563780493F9
:10BC8000A3780393E3780293237901936379009374
:10BC9000A3790B4A0B481E2118F058F909480BB03C
:10BCA00030BD0949E6E70949E4E70949E2E7094AFD
:10BCB0000A21284618F04AF9DFE700BF06F9060016
:10BCC00028F906006D9C00200DF9060014F9060005
:10BCD0001EF90600693507002DE9F341314CBFF329
:10BCE0005B8F1F462368BFF35B8F1646DA07054656
:10BCF00020D538B92C4A2D4801211AF041FD6FF0AA
:10BD0000010018E001A91AF03DFF294980460246CA
:10BD1000284621F0D3F950BBBFF35B8F2368BFF3F4
:10BD20005B8FC3F3C0081B0708D5224A1F480221B6
:10BD30001AF026FD002002B0BDE8F081A4F1D40580
:10BD4000072229463846B04706280BD81A4A174812
:10BD500001211AF015FD44F8D48C85F80780C5F848
:10BD60000380E7E70723B0FBF3F0E871E2E728463A
:10BD70001249424621F0A2F905460028BFD11022FF
:10BD800004F194013846B0470F28D3D80C4A07482D
:10BD900001211AF0F5FC1022294604F1940021F04B
:10BDA000F0FAC7E78C0800204E12070020DA0600E0
:10BDB0001BF906006F12070093120700B812070064
:10BDC000BC1207002DE9F04188B09C79DDF838807D
:10BDD0005D791E79DF7893F802C093F801E01B7853
:10BDE000B8F1000F0ED0CDE90638CDE904CE1346E8
:10BDF000CDE90267CDE90045084A18F0A7F808B078
:10BE0000BDE8F081CDE905E3CDE9037C1346CDE93A
:10BE10000156034A009418F099F8F0E7DA12070087
:10BE2000FE12070010B5FDF779FF044628B1044A59
:10BE30000346012103481AF0ACFC204610BD00BFA8
:10BE40001F13070020DA060070B504468CB01E46AA
:10BE50001546A2B129B10A4602A8042119F064FFCF
:10BE600002A900912B462246242103A8FFF7AAFF2E
:10BE7000109A314603A8FDF7EBFD0CB070BD0346E8
:10BE8000044A242103A818F061F80028F0DA6FF0C2
:10BE90001500F2E74413070007B50B4B0B48DA799E
:10BEA000C2EBC202009200221146FFF7CDFF03460B
:10BEB00038B1074A0748012103B05DF804EB1AF0D6
:10BEC00068BC03B05DF804FBB80700201BF906004E
:10BED0004A13070020DA060007B50C4B0C48DA7944
:10BEE00012010092002203F5B4731146FFF7ACFF74
:10BEF000034638B1074A0848012103B05DF804EB56
:10BF00001AF047BC03B05DF804FB00BFB80700207F
:10BF1000B81207006513070020DA060030B50446A2
:10BF20008DB0154692B129B10A4602A8042119F034
:10BF3000FBFE02A900912B462246242103A8FFF70D
:10BF400041FF03A81AF0F6FD0DB030BD0346054AC7
:10BF5000242103A817F0FAFF0028F2DA6FF0150089
:10BF6000F2E700BF4413070007B5009313460A46E3
:10BF700001460348FFF768FF03B05DF804FB00BF0C
:10BF8000EE2C07000A4601460148FFF7C7BF00BF75
:10BF9000EE2C070007B5009313460A4601460348F6
:10BFA000FFF752FF03B05DF804FB00BFE82C070069
:10BFB00007B5009313460A4601460348FFF744FFBE
:10BFC00003B05DF804FB00BFAA2B070007B50022F1
:10BFD0000346009103481146FFF736FF03B05DF8B2
:10BFE00004FB00BF682A070008B5024814F074F883
:10BFF000002008BD4017002008B5024814F06CF876
:10C00000002008BD30170020F8B51F4DBFF35B8F2F
:10C010002B68BFF35B8F13F0010F2E4631D015F85C
:10C02000CD3CA5F1D4078BB902F01CFA044630B11F
:10C03000164A174801211AF0A3FB2046F8BDFB79E8
:10C0400023B902F059FA04460028F1D1BFF35B8FFF
:10C050002B68BFF35B8F5A0701D401F01DFCBFF3BF
:10C060005B8F56E8003F23F4803246E80021002928
:10C07000F7D1BFF35B8FDB0303D5FFF7B5FFFFF706
:10C08000BBFF0024D9E700BF8C0800208113070004
:10C0900020DA060007B5009313460A460146034816
:10C0A000FFF7D2FE03B05DF804FB00BF6D3207005E
:10C0B0000A4601460148FFF731BF00BF6D32070055
:10C0C00030B50A4D0A4B85B00024284602930394EC
:10C0D00020F01DFC02AB0093284606490A234FF4CA
:10C0E000A86213F0FFFF204605B030BD285A00209B
:10C0F000B413070040A600200146014814F030B8F0
:10C10000285A00200378012B30B513D0022B27D0FA
:10C110007BB9194B0A4603F1100453F8045B42F84B
:10C12000045BA342F9D11B78137043884B731B0A3D
:10C130008B7330BD104B0A4603F1100453F8045BB7
:10C1400042F8045BA342F9D11B78137043684B7328
:10C15000C3F307221B0CCB731B0A8A730B74E8E72B
:10C1600000F1100350F8042B41F8042B9842F9D148
:10C1700003780B70DDE700BFDA13070010B5034644
:10C1800086B01C78012C0846114609D0022C0AD032
:10C19000FCB95B88124A06B0BDE8104017F0D6BE65
:10C1A0005B68104AF7E7B3F801200492D3F8032044
:10C1B0000392B3F807200292B3F809200192B3F872
:10C1C0000B200092D3F80D30074A17F0BFFE06B0DF
:10C1D00010BD002106B0BDE8104021F0D2B800BF6C
:10C1E000B4FA0600733E0700BD13070038B50546D4
:10C1F00005481EF09BFC044620B101210C301EF0C6
:10C20000F4FC2576204638BD281E0020132810B5E2
:10C210000CD10A481EF08AFC044628B101210C30DA
:10C220001EF0E3FC01232376204610BD09B104482B
:10C23000F0E7BDE810400120FFF7D8BF541E0020F2
:10C24000A41D0020F0B5054685B00E461746AB8804
:10C25000012B0ED928461EF005FD044648B1AB88D7
:10C26000984208D90E4A0093022103460D481AF05D
:10C270009AFA05B0F0BD28461EF0F4FC013C2B688C
:10C280008DF80800394602A88DF809400393B0479D
:10C290000028EED0214628461EF0D4FCD7E700BF88
:10C2A000EB130700A8D90600C368034A1B780348AC
:10C2B00002211BF02DBA00BF16140700C8D90600D2
:10C2C00037B502EBC303044608469A4202D16FF029
:10C2D0005E0010E0114611F8085BA54211D1038AF7
:10C2E0005178994209D90848084A009401211AF066
:10C2F0005AFA6FF0150003B030BD5368984700201C
:10C30000F9E70A46E1E700BFC8D906003E14070076
:10C3100070B5C6683378B6F80140CBB90F21204616
:10C3200003F07CFDF278054698B90E4B198831B9B7
:10C330006FEA04516FEA115119800B490A7059884C
:10C3400031B96FEA04546FEA14545C80064B5A709A
:10C3500070BD0273012103F029FC2846BDE870403E
:10C3600003F0EEBBAE9B00200C9D002070B5C368AF
:10C370001D78BDB9B3F801600F21304603F04EFDC2
:10C38000044638B93346084A0848BDE870400121E0
:10C390001BF0BEB9294603F009FC2046BDE87040F9
:10C3A00003F0CEBB70BD00BF60140700C8D9060003
:10C3B00010B5C368B3F801400121204603F02EFDFB
:10C3C00038B92346054A0648BDE8104001211BF054
:10C3D0009FB9BDE8104003F0B3BB00BF861407004F
:10C3E000C8D9060010B5C3681C880121204603F097
:10C3F00015FD38B92346054A0548BDE8104001211E
:10C400001BF086B9BDE8104003F09ABB8614070004
:10C41000C8D9060010B501210C301EF01BFCBDE888
:10C4200010400378024A034801211BF071B900BF94
:10C43000AA140700C8D90600014610B508481EF026
:10C440007BFB0849084820F0FBF9031E06DABDE82B
:10C450001040064A064801211BF05AB910BD00BF22
:10C46000FC080020A0170020485B0020CC14070027
:10C47000C8D9060010B5084C0146062294F86F0092
:10C4800003F0C8FE38B994F86F000449BDE81040C5
:10C49000052203F0BFBE10BDB80700201C12070024
:10C4A00008B550B9022203F0B5FE034668B9BDE8ED
:10C4B00008400749042203F0ADBE012804D1BDE8BD
:10C4C00008400846FFF7D6BF0023184608BD00BF46
:10C4D0001C120700024A034801211BF01BB900BFD0
:10C4E000E9140700C8D9060098B5012100AF044639
:10C4F0000C301EF0AFFB104A007800232146FFF7F6
:10C50000DFFE5F3015D1218AE068FFF785FB6C46BE
:10C5100088B06A46094BC2E905304FF40073938333
:10C52000074B42F8103F07484FF4E4511BF00AF95B
:10C53000A546BD4698BD00BF44EA060003150700A6
:10C5400003000001C8D90600B0B50B460D8A00AF44
:10C5500004462946D868FFF75FFB8AB06A46094B54
:10C56000C2E9053440F202439384074BC2E9075005
:10C570004FF4325142F8103F04481BF0E3F8BD4637
:10C58000B0BD00BF2715070005000001C8D906008F
:10C5900010B5012104460C301EF05CFB2146034A15
:10C5A0000078BDE810400B231BF0CFB8ECE9060083
:10C5B00070B5C568B5F801600121304603F02EFC66
:10C5C000044638B933460D4A0D48BDE87040012194
:10C5D0001BF09EB82B783BB9D5F80330C0F8AD30CE
:10C5E000D5F80730C0F8B130201D4FF400511BF0D2
:10C5F00093F82046BDE8704003F0A2BA8614070005
:10C60000C8D9060073B53E481EF0ABFA04460028B0
:10C6100073D0017E012945D003296BD1038A032BF6
:10C6200002D8384A012141E004210C301EF012FBEF
:10C63000FF23428806886376238AC6F30B009A425A
:10C64000608309D0304800920121304A1AF0ABF8DB
:10C6500020460AF0A3FF12E00F2103F0DFFB05469E
:10C6600010B9638B2A4ADDE703F018FC320B6076C1
:10C670002146284603F012F9284603F061FA254BBB
:10C68000D3F84431002B38D02349244820F0D8F87F
:10C69000031E32DA224A1C48012102B0BDE8704074
:10C6A0001BF036B8038A012B04D81E4A16481BF02B
:10C6B0002FF8CDE702210C301EF0CCFA05460078A9
:10C6C0001BF00EF810F002060DD1174A1749184852
:10C6D00040F6FB2319F0C9F886F31188BFF36F8F7A
:10C6E0000323184602DF134A2878062321461BF04D
:10C6F0002CF8ADE7104A0B4694E702B070BD00BFBE
:10C70000FC08002049150700C8D906006A15070073
:10C710008E150700B8070020A0170020485B0020F6
:10C72000CC140700B0150700CC1507000016070051
:10C730002E160700BCE906004B1607002DE9F74F3F
:10C74000DFF828A1BFF35B8F804689461746002398
:10C750005AE8004F4AE80032002AF9D1BFF35B8F54
:10C76000264644B9424A43484346012103B0BDE846
:10C77000F04F1AF0CDBF20460AF062FE3E4D4FF05A
:10C780000C0B0BFB0050438843451FD020460AF09A
:10C7900057FE0BFB00504388384A00933548434608
:10C7A00001211AF000F8BFF35B8F5AE8003F4AE816
:10C7B0000062002AF9D1BFF35B8F002B53D01E46D5
:10C7C000304603B0BDE8F04F0AF0E8BEA7420ED0F5
:10C7D00020461EF0A6F904F10C08012121764046FE
:10C7E0001EF003FA3A8AF96840461EF008FA20461D
:10C7F0000AF026FE0C2707FB00504368ABB1B9F1E5
:10C80000000F12D120460AF01BFE07FB0050012149
:10C810004268D2E90003127A03F01F07B9405B09AE
:10C82000DAB100EB83001AF077FF20460AF008FE29
:10C830000C2707FB00508368002BC1D020460AF06C
:10C84000FFFD784305F8009020460AF0F9FD07FB4C
:10C850000055A86813F05AFAB2E7C94300EB830009
:10C860001AF081FFE1E703B0BDE8F08FF80800207F
:10C870005F160700C8D906006C81002087160700E4
:10C8800038B5042104460C301EF0E4F90346408814
:10C890005D7818B119782246FFF750FF25B103489B
:10C8A000BDE8384013F032BA38BD00BFE0080020C0
:10C8B00070B5032104460C301EF0CCF90578B0F8B1
:10C8C0000100E36840F6354290421B7806D1BDE88E
:10C8D0007040084A084802211AF01ABF18B12246CF
:10C8E0001946FFF72BFF25B10448BDE8704013F04F
:10C8F0000DBA70BDBA160700C8D90600E0080020BE
:10C900002DE9F84FC668018A3478012303EB8403CC
:10C910008B4200AF40F283806D468AB06A4642483F
:10C92000C2E907310523C2E905044FF4215142F859
:10C93000103F3E481AF006FFAD46BD46BDE8F88FF1
:10C940003B4A3A484B4601211AF0E2FE0135337862
:10C950009D42F2DA06EB85030F21B3F80190B3F89C
:10C960000340484603F05AFA82460028E8D04FF0C8
:10C97000000900F1280B1CB3EFF3118188F3128832
:10C98000BFF36F8FDAF81C2072B1013ACAF81C208D
:10C9900081F31188BFF36F8F504602F041FF013CD5
:10C9A00013F0B4F9A4B2E6E7DAF8142062B981F31F
:10C9B0001188BFF36F8F1F4A1C4801211AF0AAFE8D
:10C9C000504603F0BDF8C1E7DAF818001368CAF85A
:10C9D0001430824208BFCAF8183081F31188BFF3BF
:10C9E0006F8FEFF3118088F31288BFF36F8FD168D8
:10C9F000CAF81C10C2F80C90C2F80090DAF82410A3
:10CA000049B9CAE9082280F31188BFF36F8F5846ED
:10CA100013F062FBC0E70A60CAF82420F3E70025A0
:10CA20004FF0400893E700BFF0160700C8D9060092
:10CA30001A1707003617070073B5C568B5F8016007
:10CA40000121304603F0EAF9044640B92A4A2B484E
:10CA50003346012102B0BDE870401AF059BE2B7870
:10CA60001A2B00F1040619D1C378012B2AD14FF4F7
:10CA7000806130461AF050FE42050FD4D4F8A03041
:10CA800000936946D4F8A8300193204603F036FF9E
:10CA9000204602B0BDE8704003F052B82B788BB945
:10CAA000B5F80330A4F89E30B5F80530A4F8A430EA
:10CAB000B5F80730A4F8A6306FF4807130461AF04C
:10CAC00052FE15E030461AF01DFEC305F4D52B7852
:10CAD000202BF1D194F8AC30002BEDD0013B84F841
:10CAE000AC304FF42032002304F1580013F062FB05
:10CAF000204603F00DFACBE786140700C8D90600DC
:10CB000010B5C1E900239DF808300B720C460AF0FD
:10CB100097FC034B0C2202FB00335C6010BD00BF8E
:10CB20006C8100202DE9F0474FF0FF3206464FF0B0
:10CB3000FF33184888461DF0F9FF044638B300F16A
:10CB40000C0701214FF0000938461EF04EF884F81A
:10CB5000189020460AF074FC0F4D4FF00C0A0AFBA7
:10CB60000050468020460AF06BFC0AFB0050C0F8DB
:10CB7000089020460AF064FC0AFB00550321384661
:10CB8000C5F804901EF035F8068080F80280204633
:10CB9000BDE8F087FC1D00206C8100202DE9F041EC
:10CBA000074688B016460C4621B9FFF7BBFF04467E
:10CBB000002854D002AD0122002128461FF092FD2A
:10CBC00020460AF03DFCDFF8A4800C2303FB008024
:10CBD000856020461DF0DDFF014625481DF0D7FF8A
:10CBE0004FF4A0222846002313F0B4F8054698B16C
:10CBF00040F24D131F4A2049204818F036FE2048C5
:10CC00002A46394618F031FE002383F31188BFF31A
:10CC10006F8F0323184602DF20460AF011FC0C2315
:10CC2000584318F8005095B1164A174800953B46EE
:10CC30000221093D19F0B7FDEDB220460AF0AEFC25
:10CC4000092D0FD8114B585708B0BDE8F08116B127
:10CC500034600020F8E720460AF0A0FCF9E76FF006
:10CC60006800F1E76FF00400EEE700BF6C81002080
:10CC700004090020CC1507004D1707002E160700E9
:10CC80005617070082170700C8D906001D1C0700A9
:10CC900073B506460D4601AA002142F22F00FFF7A8
:10CCA0007DFF044638B1154A154801211AF032FDBE
:10CCB000204602B070BD0198C368B3F801203280ED
:10CCC000B3F803302B800AF069FC3388A3F11B0210
:10CCD000E02A04D90B4A0A4802211AF019FD2B88D0
:10CCE000A3F5A47292B244F248118A42E0D9064AEE
:10CCF000034802211AF00CFDDAE700BF9E17070077
:10CD0000C8D90600BE170700E3170700F7B5144B94
:10CD100093F99B30002B05460C461DDA14B92046CA
:10CD200003B0F0BD082C01AA4FF0000142F2180038
:10CD3000264628BF0826FFF731FF0028F0D1019FC3
:10CD4000F96832460131284620F0F3FA38460AF0F5
:10CD500025FC3544A41BE1E76FF08500E0E700BF48
:10CD6000B80700202DE9F041064686B004301AF0DD
:10CD7000C9FC00F001080DF10B01404601F048FC30
:10CD80000546002841D1192142F20D00FFF7CAFEE5
:10CD9000074600284AD019210C301DF02AFF19221D
:10CDA0000446294620F0EDFA9DF80B30214A237302
:10CDB000601DB8F1000F2CD01F491AF0BCFC0123F4
:10CDC000237193892380D3896380B6F8A030A4F8B7
:10CDD0000D30B6F8A230A4F80F30B6F8A430A4F89D
:10CDE0001130B6F8A630A4F81330012300930C23B9
:10CDF0000DEB0301114A3846FFF782FE0022394647
:10CE000042F20D00FFF7CAFE0546284606B0BDE80F
:10CE1000F08192F8231192F82231994294BF06F1E1
:10CE2000880106F196011AF086FCCAE76FF06805E2
:10CE3000EBE700BFB8070020231207008C08002092
:10CE400030B5002187B042F20E00FFF76BFE0025DF
:10CE50000C2304460DEB0301054A0095FFF750FE35
:10CE60002A46214642F20E00FFF798FE07B030BD79
:10CE70008C0800202DE9F04788B0644AB0F80180A2
:10CE8000118848F47043994202AF054625D0518875
:10CE9000994224D10123002122F813105C4A12F890
:10CEA000039001F0DFF92C78002C4CD03C2C21D1E0
:10CEB00001F072FD6FF0800110301AF054FC002078
:10CEC000FFF7D8FA054668B9524A534801211AF0CB
:10CED00021FC1837BD46BDE8F0870023DBE74FF0A3
:10CEE0000009DEE70473002102F060FE284602F02C
:10CEF00027FEEEE7022C1FD100210846FFF7D0FAEB
:10CF0000054640B9454A444801211AF003FC002077
:10CF100002F016F8DDE7047304301AF0F3FB10F0AA
:10CF20000101284605D0FFF71DFF284602F008FE44
:10CF3000EDE702F03BFEF8E7394A37482346022185
:10CF40001AF0E6FBC5E7EB78012B08BF354B05F17E
:10CF50000406304608BF93F86F401AF0A5FB31462F
:10CF6000002844D007F110001AF093FBD5F81130D7
:10CF7000C7F80930B5F81530A7F80D3001233B721A
:10CF8000E87807F11001FFF78BFAEB78012B0446E4
:10CF90000AD101F001FD6FF08001824610301AF0D5
:10CFA000E2FB50461AF08EFEEB7823B91E486FF470
:10CFB00080511AF0D8FB002C3CD13046FEF74EFED3
:10CFC0006C4688B002AA194BC2E905304FF40073D1
:10CFD0009383174B42F8103F0F484FF4E2511AF079
:10CFE000B1FB1321A54640461AF0D9FB71E7204654
:10CFF0001AF04FFD014607F110001AF09CFB314674
:10D0000007F108001AF097FBBAE700BFAE9B0020BB
:10D010000C9D002006180700C8D906002718070035
:10D0200045180700B80700208C0800205E1807008C
:10D03000030000012046B5F8013020F8883B07F1D5
:10D0400010011AF078FBB5F81730A4F89E30B5F847
:10D050001930A4F8A430B5F81B30A4F8A63095F820
:10D06000038084F803800023B8F1010F23732AD1D1
:10D0700007F1080104F18F001AF05DFB01F08CFC50
:10D0800010301AF03FFB10F4005F634E40F0AF80A9
:10D0900084F8968005F10B086049062240461FF08F
:10D0A000FDFF04F19703002800F09A80D5F80B20CB
:10D0B000C4F89720B5F80F209A80D6F8E4305E06C1
:10D0C00001D501F039FEE378DBB907F1080104F17D
:10D0D00096001AF030FB05F10B06012384F88F301F
:10D0E0004E49062230461FF0D9FF04F19003002874
:10D0F00000F08680D5F80B20C4F89020B5F80F20FA
:10D100009A800721204602F051FDB9F1000F05D0A9
:10D1100084F80C900121204602F048FD20461AF0C8
:10D12000A0FE637B072B53D1201D1AF0EBFA10F4FD
:10D13000005F394E20D1E3781BB196F8D83018073C
:10D140001AD5022142F21600FFF7ECFC0546002832
:10D150005ED002210C301DF04CFD2388038000229C
:10D16000294642F21600FFF719FD034620B12C4A6A
:10D170002C4801211AF0CCFA96F8D930D9070DD5F0
:10D18000022300211A46009120461AF041FB034673
:10D1900020B1254A234801211AF0BAFA96F8D8306E
:10D1A0009A0615D5D6F864319B689B0710D5B91D32
:10D1B000381DFFF76DFD58B9FA88B98820461AF076
:10D1C00009FB034620B1194A164801211AF0A0FABA
:10D1D000204602F0B5FCE378002B7FF47AAE96E6A9
:10D1E000D6F86920C4F89720B6F86D2064E7217A54
:10D1F000C1EBC101314404F196001AF09CFA5CE7DE
:10D20000054AD2F86910C4F89010B2F86D2077E79B
:10D210006FF06803ABE700BFB807002030120700CB
:10D220007A180700C8D906009B180700B218070033
:10D2300000B5C16889B00B788DF80030B1F80130C5
:10D24000ADF80130CB788DF80330B1F80B30ADF884
:10D250001730B1F80D30ADF81930B1F80F30ADF826
:10D260001B304B7C8DF81D30043101A81AF063FA95
:10D270000A4BD3F86920B3F86D30ADF80F30084B86
:10D28000CDF80B2068461A689B88CDF81120ADF8C0
:10D290001530FFF7EFFD09B05DF804FBB80700207B
:10D2A0003012070029289ABF014B185C09207047EB
:10D2B000F31B070070B5C368B3F801601D780F2138
:10D2C000304602F0ABFD044638B93346184A1948D7
:10D2D000BDE8704001211AF01BBA65B12846FFF77E
:10D2E000E1FF29460246204602F0BCFE2046BDE88A
:10D2F000704002F025BC8678012EEFD108F04EFF79
:10D3000020461AF0D5F90028E8D10520FFF7CAFF1A
:10D3100005210246204602F0A5FE3146064A054890
:10D320001AF0F8F9052120461AF0A4FDDEE700BF47
:10D3300060140700C8D90600CE1807002DE9F04197
:10D34000C668B6F8017035780F21384602F066FDE0
:10D35000044638B93B46214A2148BDE8F041012145
:10D360001AF0D6B945B12846FFF79CFF2946024678
:10D37000204602F077FE08E0F278C37A934209D1A2
:10D38000184A174802211AF0C3F92046BDE8F041B7
:10D3900002F0D6BB8378C272012B05D00020FFF7C4
:10D3A00081FF00210246E3E70AB108F0F7FE2046BC
:10D3B0001AF07EF90028F1D10520FFF773FF05214F
:10D3C0000246204602F04EFE074A054801211AF0A7
:10D3D000A1F9052120461AF04DFDD6E7601407009B
:10D3E000C8D90600F4180700CE18070070B50C4D18
:10D3F00006460FCD8EB06C460FC40FCD0FC40FCDB7
:10D400000FC495E803000D2E84E803009BBF0EAB0C
:10D4100003EB8606034856F8380C0EB070BD00BF0B
:10D42000E0DC060023190700024BD3F864315B6986
:10D43000184700BFB807002038B505460C4619B993
:10D44000FFF770FB0446C8B140F635439D420FD14B
:10D450002046FFF7E9FF054640B10346094A0A485E
:10D4600001211AF055F920460AF098F8284638BDEF
:10D47000064821461DF08BFB0025F7E76FF0680595
:10D48000F4E700BF2B190700C8D9060004090020E3
:10D49000F0B5C5682F88BCB287B00121204602F0E4
:10D4A000BDFC064640B9274A27482346012107B05C
:10D4B000BDE8F0401AF02CB902ACD5F80220D5F83E
:10D4C00006300194698900911CF0ADFB40B3122134
:10D4D00042F21A00FFF726FB054648B91B4A1A48D4
:10D4E00001211AF017F9304602F02AFB07B0F0BD0F
:10D4F00012210C301DF07DFB0346224623F8027BEF
:10D5000006AF144603CCBC4218605960224603F1B2
:10D510000803F6D1294642F21A00FFF78DFFE2E731
:10D52000022142F21B00FFF7FDFA04460028D5D085
:10D5300002210C301DF05DFB2146078042F21B00EA
:10D54000EBE700BF86140700C8D906004D19070095
:10D5500073B5C368D9789A781E8842EA0122ADF87B
:10D56000002059791A7942EA0122ADF80220D979CE
:10D570009A7942EA0122ADF804201A7A5B7AB4B2B1
:10D5800042EA032301212046ADF8063002F046FCB2
:10D59000054658B91C481D4A012123461AF0B8F81F
:10D5A000022120461AF080F902B070BD694602F0EF
:10D5B000F1FC38B91E2120461AF076F9284602F00F
:10D5C000BFFAF1E70E2142F22000FFF7ABFA044662
:10D5D0000028F3D00E210C301DF00BFB0023068039
:10D5E000C0F80A30BDF800304380BDF802308380B7
:10D5F000BDF80430C380BDF806300381214642F2F5
:10D600002000FFF719FFD9E7C8D9060086140700E4
:10D610002DE9F84F4A4FDFF82C8107F11409FB6818
:10D6200048466FF39433FB6002F036FA451C4448D9
:10D630004FF0FF324FF0FF33294613F02BFC70B14F
:10D640004149424840F67833424618F00EF900232B
:10D6500083F31188BFF36F8F0323184602DF384E20
:10D66000DFF8ECB015B913F09BF8D8E7F368C3F313
:10D670008633022B53D9042B5BD1337B002B51D142
:10D680003448002200231DF055FA044668B9324997
:10D690002E4840F60A33424618F0E7F884F3118822
:10D6A000BFF36F8F0323184602DFDFF8B0A02C48CA
:10D6B0004FF0FF324FF0FF3312F04CFBDAF840210D
:10D6C0005AB1284A224801211AF024F8DAF8400118
:10D6D00009F064FF0022CAF8402120461DF059FAE3
:10D6E000CAF840012046FFF79FFE0346B8B11E4A24
:10D6F000174801211AF00CF8194812F007FB2046D0
:10D7000009F09EFE194B0C2202FB0033588818B119
:10D7100022461F21FFF712F8204609F03FFF14367A
:10D72000013D9FE7012BFAD13069383802F0AAFE9B
:10D73000F5E70F4A0221584619F0EAFFEFE700BF6C
:10D7400050170020CC1507004D1707002E160700B4
:10D75000C8D9060004090020B1340700B80700202A
:10D76000E0080020641907002B1907006C810020D5
:10D770007F1907002DE9F843044600F10C063046F6
:10D780001DF080FAB4F81080B8F1010F05460AD8F0
:10D790001A4A1B484346012119F0BAFF2046BDE84A
:10D7A000F84309F0FBBE304602211DF053FA07464C
:10D7B000007819F095FF10F0010906460DD1114AC5
:10D7C0001149124840F6567318F04FF889F3118842
:10D7D000BFF36F8F0323184602DF05230C4A387806
:10D7E000214619F0B2FFB307D8D56369A4F81080B9
:10D7F00013FA85F5E560BDE8F88300BFB0150700B2
:10D80000C8D90600CC150700A01907002E1607007E
:10D8100094E9060038B5044612F086FF237E012BFA
:10D8200005D0032B14D12046FEF706FE0BE0E3687B
:10D83000187819F055FFC207054602D52046FFF7B4
:10D8400099FFAB07EFD4002412F082FF204638BDC9
:10D85000054A0648012119F05BFF204609F09EFEAB
:10D860006FF01504F0E700BFB9190700C8D906002A
:10D87000084A0346D2F8640130B9D96839B1596908
:10D8800029B1C2F8643170476FF0770070476FF0CC
:10D8900015007047B80700202DE9F84F042100AFAC
:10D8A0003E4C3F483F4D19F037FF002001F048FB48
:10D8B000E2793D4B2046012A88BF1D466E46FEF7A1
:10D8C000CDF98AB06A46394BD061C2E90535384B8B
:10D8D0001362384B42F8103F3748DFF8E080DFF83A
:10D8E000D8904FF4235119F02DFFB546344EA3467E
:10D8F0000125E3799D420BF1070B38DB94F870505A
:10D900002846FFF773FD6E468CB0B4F87210B4F879
:10D9100076306A46DFF8ACC05362C2E907512A4B41
:10D920004FF40075C2E905C015854FF4535142F814
:10D93000103F214819F006FFB54694F87160304653
:10D94000FFF754FD8AB0B4F874306A461F499584D5
:10D95000C2E907631E4BC2E9051042F8103F1648A2
:10D960004FF4335119F0EEFEBD46BDE8F88F58462E
:10D97000FEF774F9EA468AB06A4640F20133C2E91A
:10D980000565D06113844FF4135142F8108F484657
:10D9900019F0D8FE0135D546ABE700BFB807002027
:10D9A0008C080020913B0700CD190700D119070012
:10D9B0000002010304000002C8D9060004000001AF
:10D9C000E0190700F1190700060000012F1A0700EF
:10D9D0000500000108B50848C37933B9074A08486B
:10D9E000032119F097FE002008BD0821D43019F05A
:10D9F00093FEFFF751FFF6E7B8070020561A07001D
:10DA0000C8D9060010B5F7F79FFC034B1B6813B18C
:10DA1000BDE81040184710BD8481002070B5364D18
:10DA2000D5F8643188B006464BB9344A34480121F0
:10DA300019F070FE6FF01204204608B070BD6FF050
:10DA4000020105F1D40019F08EFE012119F064FEE7
:10DA5000C3074ED4FEF7E6F904460028ECD1294B63
:10DA60001E600122114605F594701EF03BFE05F57F
:10DA7000A6701EF012FE00220023CDE906236FF0EF
:10DA80000803CDE90243CDE900441F4B1F4904942C
:10DA90004FF4C0621E4812F055FC1E491C481EF08F
:10DAA00097FF1D481EF033FF1C491B4800946FF080
:10DAB000070340F6980212F015FB194916481EF0AC
:10DAC00087FFD5F86431DB689847044630B10346D8
:10DAD000144A0B48012119F01BFEADE726B908B026
:10DAE000BDE87040F7F730BC05F1C40012F0F4FA5D
:10DAF000A2E76FF077049FE7B80700209E1B07009E
:10DB0000C8D906008481002011D60400C0AB0020D3
:10DB1000C85A0020B71B0700485B002000B2002055
:10DB2000BD1B0700C61B070008B5034819F0EAFD36
:10DB3000C0F3800008BD00BF8C080020004870477B
:10DB4000E21B0700F8B50A4DEF7906460024E3B260
:10DB50009F4202D86FF0010007E02946304619F0D5
:10DB6000C9FE0735631C08B12046F8BD1C46EEE728
:10DB7000B807002070B50D4DB5F8A8414FF47A7381
:10DB80005C434FF4004640F2E73000214FF47A72D4
:10DB90000023E4FB0601D9F721FF02460B4605F5F9
:10DBA000BC70BDE8704012F005BB00BFB807002094
:10DBB00098B50F4BBFF35B8F00AF53E8002F22F4F3
:10DBC000005243E800210029F7D1BFF35B8F13F81F
:10DBD000CD3C6C464BB1073303F4FC73ADEB030D46
:10DBE0006946044800F0D2FEA546BD4698BD00BF78
:10DBF0008C0800205F7A0600F8B50F46154670BB0A
:10DC0000272142F22700FEF78DFF064650B3272159
:10DC10000C301CF0EEFF394619F076FE04462A4619
:10DC2000C31D05F1100152F8040B43F8040B8A429E
:10DC3000F9D10E4D04F1170305F110042A4603CA69
:10DC4000A24218605960154603F10803F6D1314627
:10DC50000022BDE8F84042F22700FEF79FBF6FF0B8
:10DC60001500F8BD6FF06800FBE700BF2009002039
:10DC70007FB5044615460E4671B33149304619F05A
:10DC800039FE48BB2F4BC4EBC4003146184419F091
:10DC90003BFE0023CDE90033CDE9023310264FF4DB
:10DCA000B47316FB0434274B1C4455B33246694603
:10DCB00028461FF0F3F960B3AA192868696823465B
:10DCC00003C3083595421C46F7D11F4819F023FEBF
:10DCD000430730D400201AE0684619F0CCFCB0B9F4
:10DCE0006846FFF72FFF0028F6DA164BC4EBC40096
:10DCF0001844694619F008FE002ECAD00146304685
:10DD0000C5E7314620460FF081FA0028DDD004B087
:10DD100070BD314620460FF079FA0028F7D104F1A2
:10DD20001002234603CB9342286069601C4605F12C
:10DD30000805F6D1C9E7FEF757F9FEF75DF9C9E71F
:10DD400023120700B80700208C08002008B5044AF9
:10DD50000448012119F0D6FD6FF0570008BD00BF3F
:10DD60002A1D0700D0D9060070B5194E062231468B
:10DD700005461FF093F930B3062142F20500FEF785
:10DD8000D1FE044608B3062229460C301CF037FFAA
:10DD90002146002242F20500FEF700FF044648B18A
:10DDA00010F10D0F04D10B4A0B48022119F0AAFD06
:10DDB000204670BD33462A6843F86929AA88B28094
:10DDC000012283F868200024F2E76FF06804EFE78F
:10DDD000210800204F1D0700D0D906002DE9F3418E
:10DDE000002104460222084602F014FA054670B1EA
:10DDF00046484FF4004119F0CFFD237A284643F0FE
:10DE00000103237202B0BDE8F04101F099BE3F4822
:10DE100019F081FD2946C0F3C0163D4800F0B6FD5B
:10DE200016B1284619F06FFF3A4D95F823314BB1E2
:10DE3000002019F099FD28B1374A0221374819F01E
:10DE400061FD1DE095F8232195F822319A4225D1F4
:10DE5000334A3248022119F055FD0022114642F2A0
:10DE60002900FEF79BFE10B12E4A0121E6E795F846
:10DE70002331013385F82331237A43F004032372DD
:10DE8000012019F071FD16B1012019F03CFF264860
:10DE9000002102B0BDE8F04100F078BD224604F157
:10DEA000010812F82A0B4146FFF7A6FE074608B103
:10DEB0001E4ADAE795F82331013385F82331237AB6
:10DEC00043F00403237295F8A7305B0701D4184A86
:10DED000B3E74146684619F017FD0123082142F2D5
:10DEE0004E008DF80730FEF71DFE044660B1082293
:10DEF00069460C301CF083FE3A46214642F24E0041
:10DF0000FEF74CFE0028BBD00A4AAEE78C08002082
:10DF1000B1790600B80700205E1D0700D0D90600C1
:10DF2000831D0700B41D0700317A0600D41D0700C9
:10DF3000F41D07001E1E070000212DE9F8430222F0
:10DF40000446084602F066F9054668B13A484FF4BF
:10DF5000004119F021FD237A43F002032372284681
:10DF6000BDE8F84301F0ECBD334819F0D4FC294674
:10DF7000C0F3C018314800F009FDB8F1000F02D01D
:10DF8000284619F0C0FE002019F0EEFC2C4D064684
:10DF9000B8B12C4A034601212B4818F0FAFB95F83A
:10DFA000233113B1012019F0DFFCB8F1000F02D0CA
:10DFB000012019F0A8FEBDE8F8432448002100F034
:10DFC000E5BC95F8233195F822219A420CD2013B09
:10DFD00085F82331237A1E4923F004030246237275
:10DFE0003F2008F0B7F9DAE7072142F22800FEF7F0
:10DFF00099FD04F10109074628B9164A1248012182
:10E0000019F080FCCBE707210C301CF0F2FD4946EB
:10E0100019F07AFC3246394642F22800FEF7BEFD7E
:10E020000028EAD195F82331013B85F82331237A82
:10E0300023F004032372B2E78C080020B1790600B4
:10E04000B8070020391E0700D0D90600317A060033
:10E0500053790600661E070013B5F0B9104819F091
:10E060005AFC830417D40F48694619F07BFA04461A
:10E0700020B1FFF77FFD204602B010BD6846FFF7D4
:10E0800073FE04460028F4D105484FF4005119F0FE
:10E0900083FCFFF76FFD0024EDE76FF01504EAE75E
:10E0A0008C0800202009002070B5214819F033FCAD
:10E0B0000206C0F3C01502D5002019F024FE1C484A
:10E0C00019F029FCC30401D5FEF7BAFE00F064FC88
:10E0D0000446E8B100F110020721104619F021FCB6
:10E0E000B0B10D21104619F01CFC014678B9267814
:10E0F000204619F0C0FD3046FFF7AEFF90B10D4A43
:10E100000346BDE870400C48022118F042BB0020D5
:10E11000FFF7A2FF0028F2D14DB1BDE87040012009
:10E1200019F0F1BD0121204619F0A5FDF4E770BDFD
:10E130008C0800208B1E0700D0D9060000B58DB0DA
:10E1400002A909481EF00AFC002308488DF8073090
:10E150000DF1070100F01AFCFFF72AFDFFF7A4FFFD
:10E160000DB05DF804FB00BF3009002031790600D6
:10E1700013B500210322084602F04CF818B101F053
:10E18000DFFCFEF75DFE002310488DF807300DF12F
:10E19000070100F0FBFB9DF80740FFF709FD24B1E4
:10E1A00002B0BDE81040FFF77FBF094819F0B3FB8C
:10E1B000C104F5D4064819F0AEFB020604D50448A4
:10E1C00019F0A9FBC305EBD402B010BD31790600EC
:10E1D0008C08002010B500F0DFFB024608B90120D2
:10E1E00010BD00F110040721204619F09AFB002809
:10E1F000F5D00D21204619F094FB137828B106497B
:10E20000C3EBC3028A5C012A03D0B3FA83F040094E
:10E21000E6E70020E4E700BFB807002008B50246A3
:10E2200008B9002008BD0D4819F075FBC10407D5D9
:10E230001378526852070AD4B3FA83F04009F1E721
:10E24000064819F068FB0306F2D40120EAE7044906
:10E25000C3EBC3028A5C012AEED1E2E78C080020FE
:10E26000B80700200A4BBFF35B8F53E8002F22F45E
:10E27000004143E800100028F7D1BFF35B8F13047F
:10E2800004D5044900223F2008F064B8704700BF5D
:10E290008C080020D37A060007B50023CDE90003DF
:10E2A00004496A46022008F055F8019803B05DF869
:10E2B00004FB00BFDB79060010B4034670B10A49C5
:10E2C00091F8224191F823210CB1944208D20132F5
:10E2D00081F823211A7A42F004021A7210BC7047A6
:10E2E00010BCFFF77BBD00BFB807002010B4034689
:10E2F00098B10B4C94F8221194F8232129B10131E3
:10E300008A4203DC10BCFFF717BE12B1013A84F851
:10E3100023211A7A22F004021A7210BC704700BF3F
:10E32000B8070020F0B50E4685B00446C8B12749AD
:10E3300019F0E0FAA8B92046FFF704FC00283FDAFC
:10E340002378012B04D1A37903F0C003C02B08D09C
:10E350001F4A2048012119F0D5FA6FF0150005B0C9
:10E36000F0BD1D4DEB79012B2DD005F1D40019F036
:10E37000D2FA10F0010014D1CDE90000CDE902007D
:10E38000002CEAD01149204619F0B4FA0028E4D153
:10E39000002EE2D01022694630461EF07FFE002893
:10E3A000DBD0EF7932467B1C21463846EB71FFF714
:10E3B0005FFC08B93846D2E7EB79013BEB71CEE759
:10E3C0006FF07700CBE76FF00B00C8E72312070070
:10E3D000AD1E0700D0D90600B80700202DE9F34193
:10E3E000044640B91A4A1B48022119F08BFA002052
:10E3F00002B0BDE8F08101AA002141F20900FEF758
:10E40000CDFB054608B1144AEDE7019E1349D6F845
:10E410000C8008F10107062238461EF03FFE28B1A5
:10E420000F49062238461EF039FE18B9304609F069
:10E43000B5F8DCE7D8F80130C4F80130BB88A4F89F
:10E4400005303046257009F0A9F80120D0E700BF5B
:10E45000DB1E0700D0D90600F41E070030120700AB
:10E460002A12070070B58AB06846FFF7B7FF1E4C46
:10E47000E07118B31022002106A81EF082FF94F864
:10E48000C2309B070BD502AA00214FF60A40FEF7C7
:10E4900085FBA8B1154A1648022119F033FA02A9E2
:10E4A00006A81BF056FCE0B112484FF4803119F079
:10E4B00073FA002269460020FFF7DAFB0AB070BD4C
:10E4C000029EF26806AD531C1132186859682C463A
:10E4D00003C4083393422546F7D1304609F05EF86D
:10E4E000DDE702AAE6E700BFB8070020121F070019
:10E4F000D0D906008C0800202DE9F0433E4DEC7980
:10E500008DB0002C6CD195F8C26016F0010612D1C6
:10E510003A4A3B48022119F0F5F9DFF8E880EC713E
:10E5200000261627EB795FFA86F94B452CD8002B8D
:10E5300056D000204FE002AA21464FF60940FEF7D0
:10E540002DFB08B1304AE4E7DDF808C0DCF80C1018
:10E550004B7823B9604609F021F82C4AD9E78B1C87
:10E5600006AA01F1120418685968174603C7083350
:10E57000A3423A46F7D1186838609B88BB80604652
:10E5800009F00CF83446C8E707FB09F404F130033E
:10E590000DEB030002A912381BF0DBFBF0B14FF4C6
:10E5A0008031404619F0F8F9002204F130030DEBF8
:10E5B0000304694654F8183CCDF8013034F8143C93
:10E5C000ADF80530484601238DF80030FFF750FBC9
:10E5D00001360028A6D00DB0BDE8F08302AAE4E71A
:10E5E00008484FF4803119F0D7F9002108460DB0E2
:10E5F000BDE8F043FFF796BEB80700202F1F0700C5
:10E60000D0D906008C0800205B1F07007B1F070085
:10E6100010B50C4621B320B10020FFF71DFDA0B1BD
:10E6200010BD11481EF02EFB4FF47A72A0FB0203BE
:10E6300002FB01310D4AC30B928A43EA41430A218E
:10E640004A439A42E8D3FFF779FD084B93F8D83054
:10E6500013F0400F0CBF0123032323700020DFE7DA
:10E660006FF01500DCE700BF40090020B80700206C
:10E6700010B50C4669B10020FFF7EEFC40B9064B1F
:10E6800093F8D83013F0400F0CBF012303232370FD
:10E6900010BD6FF01500FBE7B80700202DE9F84327
:10E6A0000E4690461C46074650B14BB10B03057809
:10E6B00010D5710708D5374A3748012119F022F9DA
:10E6C0006FF01500BDE8F88319F0F7F90028F9D1CB
:10E6D000012356E0CA0745D5B8F1000F1BD14B07FF
:10E6E0002DD52E4AC5EBC503D35C012B2CD1DFF809
:10E6F000AC900721012311FB05314944384619F03C
:10E70000D4F90028DED1C5EBC50519F80530B8F1FC
:10E71000000F19D021E011F0200904D01F4B93F80D
:10E72000D830580632D5710711D4384619F0C5F9DA
:10E730000028C7D1B9F1000F05D0032304E019F078
:10E74000BCF90028BED1012323700020BAE7134A88
:10E75000C5EBC503D35C012BC9D0B206F4D543F099
:10E760000203F1E74B070ED50C4EC5EBC507F35D71
:10E77000012BE9D1072111FB0531314419F095F93D
:10E78000F35D23709EE719F098F9A1E76FF085001B
:10E7900098E700BFA41F0700D0D90600B8070020E3
:10E7A00008B5034903481EF0B8F8002008BD00BFB3
:10E7B00071E10400300900202DE9F74F0C462021BB
:10E7C00000909246FEF7AEF90546002855D020216C
:10E7D0000C301CF00EFA2022002181461EF0D1FDE3
:10E7E00009F1010B04EBCA0A0026D4F800800023CB
:10E7F000626893420CD30834A245F6D1009889F898
:10E8000000600022294603B0BDE8F04FFEF7C6B90C
:10E8100098F8012098F800C0B01C81181F2915D95C
:10E82000BCF1090FC0F11F0201D1002A0CDC144A0F
:10E830001448012117F0A4FF284608F0AFFE6FF03E
:10E84000150003B0BDE8F08F4FF0080CD7B2791C6B
:10E850000BF80610711CC9B25BFA80F00BF801C00E
:10E86000D8F80410019302371EF063FD019B374472
:10E87000FEB2013308F10808BAE76FF06800E0E77C
:10E88000C91F070088D90600F8B5456815F48063EC
:10E89000064639D1046934B115F0010234D005F0CF
:10E8A0002402242A30D0194F3078FB7983422BD9A7
:10E8B000C0EBC0001649072238441EF0EFFBA8B198
:10E8C00015F0010306D197F87020082A02D8B26823
:10E8D0009F2A19D915F0300F09D0ACB1EA060AD435
:10E8E00005F46035B5F5603018BF0120F8BDEB06C2
:10E8F00001D4002CF4D1D6E902239A4204D81F2A6D
:10E9000002D9B3F5804FEBD90020EFE7B80700201C
:10E910002312070008B50449072209301EF0BEFB88
:10E92000003818BF012008BD23120700F8B5154BA9
:10E93000067883F86F6004460D46FFF7EBFF70B969
:10E940001149304601F0BCFB044610B96FF00B00D2
:10E95000F8BD052101F02AF92C600020F8E704F148
:10E9600009073946304601F0EFFB40B920783946B7
:10E9700001F0A6FB04460028E8D00621EAE76FF084
:10E980001500E5E7B80700201C1207000346014800
:10E99000184700BFD007002000487047D00700206C
:10E9A0002DE9F04FD1F810908DB09A460023B9EBC5
:10E9B000030605469B48059218BF0126079319F0E8
:10E9C000A7F80C46410740F122812046FFF75CFF83
:10E9D00028B96FF0150B58460DB0BDE8F08F2046F2
:10E9E000FFF71CFC80460028F3D005F110073846DD
:10E9F00019F08EF80206C0F3C01300F10B816168B4
:10EA00008DF82C30CDE90933A368ADF820300846E5
:10EA1000E368ADF8223019F06CF801F0C003C02BA8
:10EA20008DF82D0038D04B0638D4C1F3C011490001
:10EA30008DF82E107B486FF4005119F06FF87A4A68
:10EA400023782B7082F86F3061680DF12503324610
:10EA50002846FFF723FE83460028BCD105F10902B2
:10EA6000B9F1000F1CD021690868C5F80900888831
:10EA7000908089799171204619F0EDF86268064618
:10EA8000D0071FD4920503D4169B0BB9022E60D178
:10EA900002238DF8243027E00321C9E70121C7E7CD
:10EAA000624B1968C5F8091099889B799180937118
:10EAB000204619F0D0F86268D1070646E2D58DF8F5
:10EAC000249011E012F0100F0CBF012204228DF8E7
:10EAD000242022691168CDF826109188ADF82A10FB
:10EAE00092798DF82C20D8460F2142F20600FEF7CD
:10EAF00019F88346002800F090800F2208A90C30F6
:10EB00001CF07DF80022594642F20600FEF746F856
:10EB1000002840F08580B9F1000F20D06368DB0742
:10EB20002BD40121284619F0A6F88346002866D088
:10EB30003F4A4048012117F023FE079C002C3FF478
:10EB40004AAF2046002101F031F8204600F0F8FFDE
:10EB500041E70323DDF858808DF82430C4E7179B84
:10EB60000093CDE90186169B05995246284618F078
:10EB7000FBFF83460028D1D02DE707A92846FFF7E1
:10EB8000D5FE83460028CCD010F10C0F7FF423AFC4
:10EB9000B9F1000F7FF41FAF626890073FF51BAF1C
:10EBA000636883F00203C3F3400B0BF001020E21F4
:10EBB000384618F0C2FF731E5A425A41082138469F
:10EBC00018F0BBFFB11E4A424A413846092118F0ED
:10EBD000B4FF62680A2102F00102384618F0ADFF66
:10EBE00042460B21384618F0A8FF62680D21C2F397
:10EBF0008002384618F0A1FF4FF0000BEBE60798B3
:10EC000008B100F09DFFB9F1000FCED1C8E76FF059
:10EC10000A0BE0E66FF0770BDDE66FF0680BDAE6E3
:10EC20008346D8E68C080020B8070020231207008E
:10EC3000E21F070088D9060073B51546069A0C46F0
:10EC4000CDE900322B460A4601461148FFF7A8FEDF
:10EC500021460646002340F201109D4202D1304673
:10EC600002B070BD0A88824204D14A6812B112789B
:10EC7000D20702D401330831EFE7064906481DF0F8
:10EC80004CFE4FF470220023034811F0C7FAE6E768
:10EC9000D007002015ED0400E807002010B5194842
:10ECA00019F010F818486FF4804118F037FF164833
:10ECB00018F02EFF03461A06C0F3C01021D51248E3
:10ECC00018F026FF430513D50E48FFF723FE0F4922
:10ECD0000346087E93B90E49052201F09BFA0446CB
:10ECE00030B10021017300F061FF204600F028FFE1
:10ECF000BDE810400348002118F0BDBF06222131B5
:10ED0000EBE710BDD0070020E0070020B807002087
:10ED10001C12070010B5FFF7C1FF034630B1044ACB
:10ED20000448BDE81040022117F033BD10BD00BFFC
:10ED3000FD1F070088D9060073B53948384C18F014
:10ED4000E7FE10F4804F4DD0204618F0E1FE030698
:10ED500048D4204618F0DCFE460543D501A9A4F1AD
:10ED60001000FFF7E3FD00283CD1204618F0D0FE4C
:10ED700010F4005FA4F110000DD118F09EFE294898
:10ED8000012118F078FF019E70BB304602B0BDE84B
:10ED9000704000F0D5BEFFF7BDFD0246204618F0DA
:10EDA000B7FEC0F38031204618F0B2FE81F00101B9
:10EDB00045054FEA41011A4848BF41F0010118F0EA
:10EDC000A7FE80040DF10303164848BF41F004017B
:10EDD000FFF764FC03460028D1D0134A13480121F1
:10EDE00017F0D7FC02B070BD0021304600F0DEFE07
:10EDF0006FF480410A4818F091FE0546304600F055
:10EE00009FFE6B04EED5BFF35B8F54E8003F43F4E5
:10EE1000804344E80032002AF7D1BFF35B8FE1E77B
:10EE2000E0070020D00700201C20070088D906003A
:10EE3000034BBFF35B8F1868BFF35B8F704700BF56
:10EE40008C08002030B5022187B0044642F20C0045
:10EE5000FDF768FE054600B302210C301BF0C9FE29
:10EE6000012C024617D1FFF7E3FFC0F34020631ED9
:10EE700014705C425C41507003A9094A0094284612
:10EE80000723FDF73DFE0022294642F20C00FDF764
:10EE900085FE07B030BD0020E9E76FF06800F8E7B5
:10EEA0008C08002073B500230546ADF80530ADF899
:10EEB0000110ADF803208DF80000FFF7B9FF6B1EBD
:10EEC000C0F380208DF8060058420DF1050158412D
:10EED000FFF7CEFB0446F8B9072142F20B00FDF71D
:10EEE00021FE064608B3072269460C301BF087FE58
:10EEF0002246314642F20B00FDF750FE044658B957
:10EF00000120FFF79FFF044630B9012D07D10848C3
:10EF10004FF4807118F0D9FE204602B070BD6FF436
:10EF20008071034818F0E0FEF6E76FF06804F3E73D
:10EF30008C080020014B00221A607047908100204D
:10EF400070B50646FFF774FF4106C0F380122DD45A
:10EF5000FFF76EFF030621D400210222084601F0CC
:10EF600059F9044600BB0322014601F053F9054656
:10EF7000E0B14FF400710E4818F0A7FE284600F0EB
:10EF8000DFFD002E204608BF1222BDE8704016BFEC
:10EF900030224FF400616021FFF784BF1046FFF775
:10EFA00051FF0028D8D070BD00F0CAFD0020FAE75C
:10EFB0008C0800202DE9F04F00F10C068BB00446C0
:10EFC00030461BF04FFEDFF8E091DFF8E0A1009043
:10EFD000009B13B90BB0BDE8F08F238A082B07D82C
:10EFE000734A744801210BB0BDE8F04F17F0C8BB5D
:10EFF000092130461BF02EFE037A228A01339A4201
:10F000000546EDD30123ADF824307F238DF81E3063
:10F01000037A034400F101085B7A8DF81D30FF2369
:10F020008DF81C300023ADF8223002788DF81F20B7
:10F03000042A9CBF604B9B5CADF82030037A01939F
:10F04000404618F031FB002848D0414604A818F08B
:10F0500020FBDAF80030A3B130461BF013FE019B11
:10F06000278A9DF81F202382834633469DF91D1071
:10F07000DAF800C004A8E0476369278213FA8BF32B
:10F08000E36004AB06934D4B1B68002B40D01A681D
:10F0900002B1083A53F8081CB9B11746A3F10802A7
:10F0A000304603921BF0EEFD238A039A0293019BE4
:10F0B000238212688346314606A890476269029B04
:10F0C000238212FA8BF2E2603A460AB39768136819
:10F0D000E7B1083F002BE3D13A46F7E76B78FF2B07
:10F0E0000BD1D9F80000B9F8042099F80630049043
:10F0F000ADF814208DF81630ABE7414618F0C9FC86
:10F100000346006804909A889B79F1E7002BC7D1E9
:10F110000023BDF820200693FFF78AFE4106C0F3C6
:10F12000801723D4D20721D5032204A9384601F041
:10F1300071F88346D0B1FFF77BFE030620D4D5F8E3
:10F140000130CBF89630B8F80430ABF89A3098F824
:10F1500006308BF89C305846FDF704FEA8B9584697
:10F16000022100F023FD584600F0EAFC297A3046DF
:10F1700001311BF067FD009B013BDBB2009327E7E9
:10F180003846FFF75FFE0028D9D01F238BF80C30DC
:10F190000021584600F00AFD584600F0D1FC00203E
:10F1A000FFF7CEFEE2E700BF2312070090810020A8
:10F1B0005920070000DA060072200700888100202D
:10F1C00070B50546FFF734FE40070E4667D52A782E
:10F1D000012A03D96FF01504204670BD6B680F2B10
:10F1E000F8D82889031F9BB243F6FC74A342F1D8D8
:10F1F00069890B1F9BB2A342ECD88842EAD34AB973
:10F200004021284818F061FD10EA010207D06FF094
:10F210007704E1E7FEF7DEFF0028F1D1DAE7FFF738
:10F2200007FE01060AD51046FFF70CFE044628B17A
:10F230006FF040011B4818F057FDCDE76B68DA0707
:10F2400016D518484FF4007118F03FFD6B689B0706
:10F2500014D514484FF4806118F037FDAB899BB189
:10F2600010486FF0400118F03FFD6FF08504B3E7E0
:10F270006FF400710B4818F037FDE7E76FF4806119
:10F28000084818F031FDE9E76A8929892878FFF7ED
:10F2900009FE04460028CBD1034B1E609CE76FF0AB
:10F2A0000A0499E78C0800209081002008B50848DE
:10F2B0006FF0400118F018FD430606D5054B0020FD
:10F2C0001860BDE80840FFF73BBE6FF0770008BD4F
:10F2D0008C0800209081002000238360054B596832
:10F2E00000F1080211B9C3E9002270470A605A60B0
:10F2F000704700BF8881002008B5044940221DF0F6
:10F30000CDFEB0FA80F0400908BD00BFFE20070026
:10F3100070B5394B93F8A23003F00603062B08D0E2
:10F32000364A3748022117F02BFA6FF08505284638
:10F3300070BD00285CD0334E326872B1131F834217
:10F3400007D1314A2E48022117F01AFA6FF07705DB
:10F35000EDE75B680BB1043BF1E742607268031DA7
:10F36000336002B97360294CBFF35B8F54E8002F00
:10F3700042F0200344E800310029F7D1BFF35B8F4E
:10F3800012F0200201D00025D1E7BFF35B8F54E8D3
:10F39000003F23F0100344E800310029F7D1BFF308
:10F3A0005B8F114642F22500FDF7F8FB0546002869
:10F3B000E9D0174A1248012117F0E2F9BFF35B8F39
:10F3C00054E8003F23F0200344E80032002AF7D13C
:10F3D000BFF35B8F34683CB154F8043C043C0BB180
:10F3E000002098476468F6E70023C6E900339EE7EB
:10F3F0006FF015059BE700BFB807002077200700D6
:10F40000B0D9060098810020962007008C080020C3
:10F41000B2200700054BBFF35B8F1B680448BFF3A6
:10F420005B8F13F0100F08BF002070478C0800207E
:10F430000E9D002070B5244E33688B4204463DD0AB
:10F440001BB16FF00F04204670BD204BBFF35B8FE4
:10F450001A68BFF35B8F9206F3D4BFF35B8F1B6810
:10F46000BFF35B8FDB062CD5316042F226004021D2
:10F47000FDF758FB0546F0B140210C301BF0B9FBFD
:10F48000234604F1400253F8041B40F8041B934246
:10F49000F9D10022294642F22600FDF77FFB0446FF
:10F4A0000028D0D000233360094A0A4823460221AD
:10F4B00017F06FF9C7E76FF06804F3E76FF07704B0
:10F4C000C1E76FF07C04BEE7948100208C08002027
:10F4D000DC200700B0D90600F8B51D4BC568BFF3A6
:10F4E0005B8F53E8002F22F0200243E8002100291F
:10F4F000F7D1BFF35B8F2A78AAB916496A1C05F1C8
:10F50000410052F8044B41F8044B8242F9D1BFF359
:10F510005B8F53E8001F41F0100143E80012002AFE
:10F52000F7D1BFF35B8F0C4E34686CB1094F043CCC
:10F5300023682BB12A78002A0CBF38460020984750
:10F5400064680CB1043CF3E70023C6E90033F8BD5E
:10F550008C0800200E9D00209881002005490B6832
:10F5600033B1C26800200860117801B9501C1847F7
:10F57000704700BF9481002070B50B4B1D68044696
:10F5800025B90A4D0A4EB54207D370BD2B6813B199
:10F59000217B20469847ED69F2E72B6813B1217B68
:10F5A000204698472035EEE7D081002030D906006C
:10F5B00030D9060030B50FC8094C04F1080585E8BC
:10F5C0000F00A38A002B08BF4FF49673A382238AEF
:10F5D00003B9A3892382638A03B9E389638230BDB7
:10F5E000B80700202DE9F843DFF8548004464FF0B7
:10F5F00040090025EFF3118389F31288BFF36F8F61
:10F60000216A29B983F31188BFF36F8FBDE8F883AE
:10F61000606A0A682262814208BF626283F31188CD
:10F62000BFF36F8FD1E90167CD60C1E90155404655
:10F630001DF03FF8002239462046B047DAE700BF08
:10F640001C1D002010B504461DF06AFF0A4B1A5815
:10F650000A4B9A428AB005D120460AB0BDE8104054
:10F66000FFF7C0BF2834204610F036FD694620461B
:10F670001DF0F6F80AB010BD0800000088750020E3
:10F6800070B5D1E901560022C1E901220446CA60E1
:10F6900005481DF00EF8314620462B466FF06D02EE
:10F6A000BDE87040184700BF1C1D00202DE9F04741
:10F6B000574F9946B7F80431002B04460E4607F51C
:10F6C0008470154608BF00200022002310F042FB82
:10F6D000002840F09680637B072B40F09580002D3A
:10F6E00071D005F10C0A5046B7F804811BF0CEFA30
:10F6F000404562D9B7F8048156F80C1F424650467F
:10F700001BF07DFA414630461BF09CFAAE69EFF3E0
:10F710001182402383F31288BFF36F8F002E5DD0D8
:10F7200000233360A369002B55D1C4E905664FF06F
:10F73000000882F31188BFF36F8F042105F10C00DC
:10F740001BF078FA238809F0FD0943EA0939A0F88B
:10F7500000902B8A043B438002232B762846FDF73A
:10F7600063FE40B32B4A034601212B4817F011F8E2
:10F77000EFF31189402383F31288BFF36F8F002EBC
:10F7800039D0314604F1140018F0BFFA89F311881A
:10F79000BFF36F8FB7F804312048002B08BF00205B
:10F7A00010F0B4FA2EB10023AB6131462046FFF7CA
:10F7B00067FF6FF00400BDE8F08750461BF066FA63
:10F7C0001FFA80F898E70022002304F138001BF0AC
:10F7D000B1F905469AE71E60A661A8E7A36933B1AF
:10F7E00003F10C08DB680133C8F80030A1E7E369D6
:10F7F00004F11C08F7E7D8F80030013BC8F80030E6
:10F80000C4E76FF06800D6E76FF07F00D3E700BF72
:10F81000B80700202B19070098D90600C00800205F
:10F820000448B0F80431002B00F5847008BF0020B4
:10F83000704700BFB807002038B5002204468A424E
:10F8400002D10024204638BD04F1BC030120BFF3DF
:10F850005B8F53E8005F002D04D143E8000CBCF13E
:10F86000000FF6D1BFF35B8F02D0C0340244E6E74D
:10F87000002CE6D0BC22002120461DF082FD04F1C0
:10F88000580004491DF049F8034904F128001CF010
:10F89000ACFFD7E7850305006F7D0600F7B5164678
:10F8A00004460D46FFF7CEFE012E23D0022E50D186
:10F8B00023693BB13048314A012118F056FA2046FD
:10F8C00018F066FA256121690B8A012B51D9CA68A3
:10F8D0001288043292B293424BD341D92648009207
:10F8E0000121274A16F05FFF204603B0BDE8F04033
:10F8F00018F04EBA206940B9224A1F48314618F024
:10F9000034FA204618F044FA01E02F8A2FB928462D
:10F9100003B0BDE8F04007F041BE0C301BF0B6F973
:10F9200087420CD9184A1448314618F01EFA21694A
:10F930000022204600F0B6FF00232361E7E720699C
:10F940002A8AE9680C301BF05AF9284607F026FE8F
:10F95000B9E70E4A08483346012116F01AFFD0E7EE
:10F96000002301222046236103B0BDE8F04000F0EF
:10F9700099BF03B0F0BD00BF98D90600452107002C
:10F98000C52107006221070080210700A721070089
:10F990002DE9F843161E0D46097A994614BF022335
:10F9A0000123994200AF804609DD334A33480121E3
:10F9B00018F0DBF96FF01500BD46BDE8F883EB7A6F
:10F9C000072B14D86C468AB0A97A6A462C48C2E93B
:10F9D00005030823C2E90731052342F8103F2748F1
:10F9E00000234FF42151F8F739FBA546E2E7437BAA
:10F9F000072B07D0234A2148012118F0B6F96FF0F0
:10FA00007F00D9E7002E31D01DF08AFD1E4B1A5819
:10FA10001E4B9A421E4807BF002200234FF0FF32C0
:10FA20004FF0FF3310F040F9044608B398F80D305A
:10FA3000072B0DD0174A1148022118F096F9002320
:10FA4000C4E901331248E36021461CF032FED6E7D8
:10FA5000C0E901690023C360AC61002408F13800EB
:10FA60002C7729461BF093F82046A5E73446F3E7A8
:10FA70006FF06800A0E700BFE021070098D90600FA
:10FA8000012207002E2207000800000088750020D0
:10FA90001C1D00203D2207002DE9F84F0646244892
:10FAA000244CDFF894901DF0C2FA214B0022012172
:10FAB00030461DF093FA01254FF000084FF0140A6C
:10FAC000AB4604F1BC0018F04AF958B1637B9BB90E
:10FAD0006FF04001201D18F033F943060CD5204685
:10FAE00018F05FF9C034B8F1000F02D02846BDE825
:10FAF000F88F4FF00108E4E7637B072BF2D1B9F8E8
:10FB00000431002BEED00AFB0567D9F81021A36B56
:10FB10004BB142B9094B022138461DF05FFA01355D
:10FB200087F80CB0DEE704F1380300220421F3E784
:10FB3000B0170020E85B0020B8070020C0080020B4
:10FB4000F7B5BC3010F8BA6C10F8B95CBFF35B8F36
:10FB500050E8003F5A1E40E800210029F8D1BFF3C9
:10FB60005B8F01A8019318F0FAF801280CD10C4B17
:10FB70001C685CB90B4C0C4FBC420CD3012E03D15A
:10FB8000012D01D1FFF7D8F803B0F0BDA36803B190
:10FB90009847E469EDE7A36803B198472034EBE7A1
:10FBA000D081002030D9060030D906002DE9F0417F
:10FBB000457B8D4200AF04460E461BD1082D96BFF3
:10FBC0008C4B8D4B53F825306C4688B06A468B4978
:10FBD000C2E905134FF400739383894B42F8103F39
:10FBE000884800234FF4E451F8F738FAA546BD469B
:10FBF000BDE8F0814173DDB1022D1FD0637B082B7E
:10FC000000F2F48001A252F823F000BF89FC040046
:10FC100049FD040015FD0400EFFB0400EFFB0400A8
:10FC2000EFFB0400EFFB04004BFC0400EFFB0400BF
:10FC30008378082BE2D018F0D7F8DFE78378012B20
:10FC4000DCD158301CF077FED8E7A378042BCED057
:10FC500004F138001CF021FD6B48002111F072F90D
:10FC60000023C4E91433E378012BC0D1A378012B1E
:10FC700004BF032384F8AC304FF42032002304F196
:10FC8000580010F097FAB2E7A378042B03D120466E
:10FC9000FFF756FFABE7082DA9D801A353F825F0CD
:10FCA00007FD0400C5FC0400F9FC0400F9FC040095
:10FCB0008FFC04008FFC0400F9FC040007FD040025
:10FCC00007FD04002046FFF7BDFCA378012B0AD1F5
:10FCD00004F1580528461CF02CFE10F00C0F02D041
:10FCE00028461CF028FE0621201D18F043F80021AC
:10FCF000454811F027F97AE7237B002BC7D020462F
:10FD0000FFF73AFCC3E7414A33463E48022116F06A
:10FD100040FD6CE7A378012B7FF469AF3C4B9D8AD3
:10FD2000002D3FF464AF0A235D434FF4004640F2D8
:10FD3000E73000214FF47A720023C5FB0601D7F7A4
:10FD40004DFE02460B469AE7237B3E2B0FD16D46B4
:10FD500088B06A462F4BC2E90534032342F8103FAE
:10FD6000284800234FF4C451F8F778F9AD46284DE0
:10FD70004FF0400805F58476EFF3118388F312887D
:10FD8000BFF36F8FE26972B1013AE26183F31188C8
:10FD9000BFF36F8FB5F80431002B14BF304600203D
:10FDA0000FF0B4FFE8E7616921B983F31188BFF36D
:10FDB0006F8F1CE7A0690A686261814208BFA26177
:10FDC00083F31188BFF36F8FEFF3118388F31288E9
:10FDD000BFF36F8FCA68E2610022CA6083F31188A3
:10FDE000BFF36F8F2046FFF74BFCD3E70A4A334639
:10FDF0008BE700BF54EA0600632207006D2207006C
:10FE00000300000198D90600B01700207E220700E9
:10FE1000B807002095220700BC22070070B50246F3
:10FE200005460E460A48022117F0F9FF044610B9AC
:10FE30000024204670BD83781E42FAD1054A064848
:10FE40002B46022116F0A5FC2046FFF779FEEFE7CE
:10FE5000E85B0020D822070098D906002DE9F0477A
:10FE6000DFF834A006460F46904600254FF0C00943
:10FE700009FB05A017F0B8FF044620B183781E42A5
:10FE800006D1FFF75DFE0DB1BDE8F0870125EFE774
:10FE90004146B8472046F4E7E85B0020034BC01A10
:10FEA000034B80115843C0B2704700BFE85B00208D
:10FEB000ABAAAAAA70B51C46144305460E4608D044
:10FEC0001DF02EFB0D4908580D49884204BF002241
:10FED00013460C49002D14BF284608461AF026FE8A
:10FEE000044630B9084A0948022117F03EFF20466F
:10FEF00070BD711D0C301AF078FEF8E708000000A4
:10FF0000887500204C1D0020EF22070098D90600BC
:10FF1000F8B5031D0446184617F021FF820512D5D7
:10FF2000B4F89E20B4F8A01091420CD8B4F8A210F6
:10FF3000914208D3D4E92912914204D16FF400719F
:10FF4000184617F0FDFE104B1D6825B90F4D104FD8
:10FF5000BD420CD3F8BD2E693EB1B4F8A630B4F85A
:10FF6000A420B4F89E102046B047ED69EDE72E6955
:10FF70003EB1B4F8A630B4F8A420B4F89E102046E0
:10FF8000B0472035E4E700BFD081002030D906001B
:10FF900030D906002DE9F041074608460C4617F017
:10FFA00062FC054618B900252846BDE8F081134BD0
:10FFB0001E6846B9124EDFF84C804645F4D2F3680D
:10FFC00083B92036F9E7F3680BB9F669F1E7214602
:10FFD000384698470028E6D0204617F044FC002811
:10FFE000F3D1E0E72146384698470028DBD0204689
:10FFF00017F039FC0028E4D1D5E700BFD0810020FC
:020000025000AC
:1000000030D9060030D906002DE9F041C378044606
:1000100073B900F19606104B1D6804F1880755B9B5
:100020000E4D0F4F04F18808BD420CD3BDE8F0819E
:1000300000F18F06EFE76B691BB13A463146204667
:100040009847ED69EBE76B691BB1424631462046A4
:1000500098472035E8E700BFD081002030D906005E
:1000600030D90600F8B5437A83720446164618F074
:1000700074F80C4B1D6825B90B4D0C4FBD4208D3CD
:10008000F8BDAB691BB1617A324620469847ED69ED
:10009000F1E7AB691BB1617A3246204698472035BB
:1000A000ECE700BFD081002030D9060030D906002F
:1000B000024B1A68C2611860704700BFD0810020EF
:1000C00038B505460C460B480221FFF7B5FB80B159
:1000D00005722368C0F88830A388A0F88C30A37913
:1000E00080F88E300123437283728370024BC0F814
:1000F000A03038BDE85B0020180028002DE9F04151
:10010000104D06460F464FF00008284617F06CFECB
:10011000044620B18378012B0CD0FFF711FDC035C8
:10012000B8F1000F03D000242046BDE8F0814FF065
:100130000108EAE73A46314617F07BFF0028F3D181
:100140002046EAE7E85B0020B0B500AF0D46FFF7B8
:10015000D5FF044608B32846FBF780FD637B082BD8
:1001600096BF0F4A0F4B52F823306D468AB06A464D
:100170000D49C2E907030D4B53620D4BC2E905144B
:1001800042F8103F0B4800234FF44251F7F766FF47
:100190002046AD46FFF7D4FC0120BD46B0BD00BFF0
:1001A00054EA060063220700182307000103020433
:1001B0000500000298D9060038B50446144817F027
:1001C000CEFD400702D46FF00A0038BD084617F094
:1001D0004AFB10B96FF01500F7E70D4817F0BFFDA7
:1001E0004206F0D40A4817F0BAFDC304C0F3003544
:1001F0000AD4FDF7EFFF0028ECD021462846FFF790
:10020000A3FF0028E1D0E5E76FF07700DDE700BF4E
:100210008C0800202DE9F047DFF850A005460E4677
:10022000904600274FF0C00909FB07A017F0DCFD3E
:10023000044620B18378012B06D0FFF781FC0FB173
:1002400000240FE00127EFE736B13246294617F0C8
:10025000F0FE08B92046F0E7637B4345FAD1237AE4
:10026000AB42F7D12046BDE8F08700BFE85B002035
:100270002DE9F8430E461146814615461F46FFF705
:100280009BFF044640BBDFF89080B8F8A831642299
:100290005343B289934239D32946484617F0A0FE0A
:1002A0000546B0B33046FFF785F998F8232198F852
:1002B00022319A4213D903212846FFF777FC012007
:1002C000FEF73EFE0646F8B128462146FFF76EFCD3
:1002D0002846FFF735FC34462046BDE8F883022166
:1002E0002846FFF763FC2846FCF73CFD064658B15C
:1002F000214628462C73FFF759FC2846FFF720FCBF
:100300002046FEF71DFEE6E73D60E5E76FF01504C9
:10031000E2E76FF00B04DFE7B807002038B50446CA
:1003200008460D4617F09FFA38B3154B93F8D830AE
:10033000990707D4E37873B129462046BDE83840D1
:1003400000F0DCBA94F8AD309A07F3D5201D17F011
:1003500006FD4305EED42946204617F08CFE58B919
:100360002B88A4F8A0306B88A4F8A230AB88A4F83E
:10037000A830EB88A4F8AA3038BD6FF01500FBE771
:10038000B8070020F7B510F84B3C0446A0F158051B
:10039000FBB9284617F0C9FE304B1E684EB9304EE7
:1003A000304FBE420DD3284603B0BDE8F040FFF702
:1003B000C7BB73681BB114F84C1C28469847F669F4
:1003C000ECE773681BB114F84C1C2846984720369C
:1003D000E7E710F8563C012B3ED110F8553C23B905
:1003E00003B0BDE8F040FCF72BBDA0F154066FF45C
:1003F0000071304617F0A4FC81051BD5A36C009357
:100400006946236D01932846FFF788FF034658B9D4
:100410006FF48071304617F093FC0721304603B02B
:10042000BDE8F04017F0A6BC0F4A1048022116F0B4
:10043000B0F9F2E70E4A4FF4281369462846CDE991
:100440000023FFF76BFF034620B90821304617F061
:1004500091FCE2E7074AE8E703B0F0BDD081002055
:1004600030D9060030D906005123070098D906007C
:10047000180028007623070001460148FFF71ABD3F
:10048000D01D00202DE9F047437B05465BB96FF096
:100490004001043017F054FC430604D52846BDE85B
:1004A000F04717F07EBC05F138001CF017F9044640
:1004B00068B9354A354936484FF4777315F0D5F9A0
:1004C00084F31188BFF36F8F0323184602DF2046A1
:1004D0001AF05FFBDFF8BC90028AB9F804319A4247
:1004E0000446027F07D832B9022321462846FFF787
:1004F000DDF8064632E017464FF0000A228AB9F8C6
:1005000004319A4204D80123237700220323ECE725
:100510004FF0FF334FF0FF320020FFF7ADFF6B7B52
:10052000072B804606D007F039F82046BDE8F04793
:1005300007F034B8C0F818A080F81CA0637F437798
:1005400002463B4621462846FFF7B0F80646B8B1BA
:1005500007F001072777404607F020F8204607F00C
:100560001DF805360ED1A6690023A361204607F0C9
:1005700015F83EB131462846BDE8F047FFF780B890
:100580000127BBE7BDE8F087A0230700B1340700CF
:100590002E160700B807002068B10023C360074B80
:1005A000596800F10C0219B9C3E900220020704714
:1005B0000A605A60FAE76FF015007047D481002096
:1005C00010B512481CF069F8114910481CF071F878
:1005D00010490E481CF06DF80F490C481CF069F8E2
:1005E00018F0E9F905F07AFE044668B917F012FE32
:1005F0000A4817F0F9FB08B1FFF7A2FA084817F00C
:10060000F3FB08B1FFF79CFA204610BD1C1D00202B
:10061000A0810020B0810020C0810020E85B002084
:10062000A85C002008B50346034A0448012116F0DF
:10063000B0F8002008BD00BF59240700E0D906002B
:1006400080B500AF88B06A46074BC2E90530032386
:1006500042F8103F054800234FF4C251F7F7FEFC63
:100660006FF00B00BD4680BD81240700E0D9060075
:10067000074B1A6822B11A6B0AB1FFF7E1BF0122DA
:10068000302000FB0233034A5A6000200B607047A1
:10069000E081002098EA0600F7B5244D244F044677
:1006A0000026BD4201D303B0F0BD6B6801A920460E
:1006B0009847002834DB019B2A889A829A8403F1A8
:1006C0001002A868BFF35B8F52E8001F42E8006C7D
:1006D000BCF1000FF8D1BFF35B8F9E60616D03F139
:1006E0000802F9B9C4E914221C60D8600198436873
:1006F0001B6803B19847019BBFF35B8F103353E82E
:10070000001F41F0010143E80012002AF7D1BFF3B6
:100710005B8F01984368DB6913B100F110019847C2
:100720000C35BEE70A606265DEE700BF0CD9060043
:1007300030D90600F0B50D4685B00646042105F116
:100740000C001AF087FA2B8A42889A42044607D096
:10075000444800920121444A16F025F805B0F0BD46
:10076000417839B9414A01213E4805B0BDE8F04021
:1007700016F006B80378122B1FD0132B19D0012BBB
:10078000ECD03B4A3748022116F003F8617835680F
:100790000222012017F098FC04460028DED0022136
:1007A0000C301AF026FA00230370437021462846C5
:1007B00021E0012AD2D82F4AD5E7072A3468EB680E
:1007C00001D82D4ACFE7627B072A02D02B4A0221AB
:1007D000CAE7E778A7B10222012017F075FC0546A9
:1007E0000028BBD002210C301AF003FA002303705A
:1007F00043702946204605B0BDE8F04017F0E6BC3E
:100800001A88ADF808205A88ADF80A209A88ADF801
:100810000C20DB88ADF80E300222132017F054FCB8
:10082000054600289AD002A92046FFF7B3FB022113
:10083000064605F10C001AF0DCF956B10770477056
:100840002946204617F0C2FC02A9204617F013FCE7
:1008500084E70123037046702946204617F0B6FC52
:100860007CE700BFE0D90600A8240700C9240700E0
:1008700037250700EA240700062507002925070079
:1008800008B50B8A032B06D8044A0548012115F048
:1008900077FF002008BDFFF74DFFFAE75F2507004F
:1008A000E0D9060038B50B8A032B05460C4609D85B
:1008B0000F4A1048012115F063FF2046BDE838407B
:1008C00006F06CBE042104F10C001AF0C3F9418853
:1008D000284617F095FC30B9074A06480B46022116
:1008E00015F057FFE9E7436821465B699847E4E75D
:1008F0007D250700E0D906009A25070070B5124B48
:100900000C4619780131C9B2012938BF01210546C9
:1009100008221220197017F0D7FB064688B108216B
:100920000C301AF066F92288028062884280A28820
:100930008280E288C28031462846BDE8704017F0C8
:1009400045BC6FF00B0070BD4E9D002023281FD8C2
:100950001A2804D8431E182B0ED906207047A0F180
:100960001B03082B1ED8DFE803F0051D1B231D19F0
:10097000251D0500032070470F4A012383401A40BC
:10098000C2B90E4A1A40002A14BF0120062070473F
:1009900000F07F03522B05D10020704701207047E3
:1009A0000520704710F0400F0CBF06200020704754
:1009B0000420704702207047AAAA8A0254554501B4
:1009C000011F01481BF0B9BDA01B00202DE9FF410C
:1009D00005460E464FF000084FF420530068176894
:1009E0008DF8088002A91446ADF80A3016F0F5FD1E
:1009F000A0B142F6010328688DF80C8003A9ADF878
:100A00000E3016F0EAFD48B123691BB15A88B24294
:100A100000D25E80012004B0BDE8F08161682868E2
:100A200016F0DBFD10B100232361F3E7E368A06853
:100A30001A786AB1B7F81AC0798D038A8C4594BFC9
:100A4000C3EB0C03C3EB0103934201DA0020E2E79E
:100A500004210C301AF0CDF82061068023695E80F5
:100A6000074B00930194A26800232946384617F0EB
:100A7000ECFC0028EADB2069003818BF0120CAE737
:100A80002B84060010B500F130030446BFF35B8FE2
:100A900053E8001F41F0010143E80012002AF7D19A
:100AA000BFF35B8F201F17F0F5FB04F154000449DE
:100AB0001BF033FF2068BDE8104003F0CBB900BF46
:100AC000ED1905002DE9F04182B000AF04468846DB
:100AD0003E480022002339460FF004F80546B0B125
:100AE0006D4688B06A463A4BC2E90534032342F8A2
:100AF000103F384800234FF4C251F7F7AFFAAD4624
:100B00006FF00B0630460837BD46BDE8F0811CF09B
:100B100007FD314B3E681A58304B29461A60301D8C
:100B200028221CF02EFC34603C682D487D60C4E90E
:100B30000155C4E9095500220023391D0EF0D2FFEA
:100B4000064688B123686C4688B06A462549C2E9E2
:100B50000513032342F8103F1E482B464FF4C4519F
:100B6000F7F77CFAA546CBE77B680146902218464A
:100B70001CF007FC1C4A82603C301BF08EFD7B6839
:100B8000BFF35B8F343353E8002F43E80061002943
:100B9000F9D1BFF35B8F7B681C60636A7D681BB90A
:100BA00004F10C001BF079FD626AC5F88820A26A86
:100BB00005F18803636202B9A3627B6817225A8534
:100BC0005A830433C8F800309CE700BF841B002020
:100BD000D625070090D90600080000008882002072
:100BE000A01B0020FB250700C01700202DE9F743BC
:100BF000176805468846006851687E68144616F0F6
:100C0000ECFC8146002842D130469522294618F056
:100C100051FB0646207540B1E3681B780BB184F8A0
:100C20001490002003B0BDE8F083A06819F0B5FF70
:100C300002210C3019F0DDFF164B2061A0F8008076
:100C400000930194A26833462946384617F0FDFB0D
:100C5000002807DA10F1FF0F26BF4042C0B20E2075
:100C60002075DEE72369002BDBD0A06817F0DDFAE2
:100C70007B8B7A8D9A4294BFC0EB0200C0EB0300DD
:100C8000E3681B78984294BF00200120CAE7012046
:100C9000C8E700BF3B82060073B50D46438D418B0C
:100CA0008B4202F1010228BF0B469A42064609D93F
:100CB000194800920221194A15F075FD00242046BA
:100CC00002B070BD2846FFF741FE022812D004286A
:100CD00010D04FF0FF324FF0FF331148002117F0D2
:100CE00059FA044650B90F4A0B482B46012115F01A
:100CF00050FDE3E74FF470220023EEE706F0A0FB7F
:100D0000094B182202FB0033012104F10C009E6004
:100D100019F06FFF0570D2E790D906002026070072
:100D2000781D002059240700408200202DE9F04F53
:100D300091B0166880460F46002542F60103006810
:100D4000D6F804908DF82C500BA91446ADF82E302F
:100D500016F043FC002870D04FF42053D8F8000060
:100D60008DF82C500BA9ADF82E3016F036FC38B1AA
:100D7000A3681BB15A88BA4200D25F8001200EE0FE
:100D80006168084617F051FA728B738D9A4294BFCE
:100D9000C0EB0200C0EB0300032803D8002011B011
:100DA000BDE8F08F084619F0F8FE0546606817F0B8
:100DB0003CFA728D738B05F10C0B9A4294BFC0EB19
:100DC000020AC0EB030A584619F060FF824537D289
:100DD000606817F02AFA728B738D9A4294BFC0EB49
:100DE0000200C0EB030070B96368987A06F020FB3C
:100DF0000022002319F09AFE05460028CED00146B5
:100E0000606819F0DBFE00230093D8F8046010231B
:100E100002AA41464846B047061E0EDB227CE06827
:100E2000B2422BD001460BA816F005FC60B9237C1A
:100E3000144A1548022115F0ACFC0023A3609DE77D
:100E4000584619F023FFCEE7F2B202A906A816F021
:100E5000F2FB10B90D4A3346EBE706A90BA816F0D2
:100E6000BCFB0028E9D100236374042105F10C00C8
:100E700019F0BFFEA0600780A3687EE702A91CF0FE
:100E80000DF9EEE74526070090D906006426070015
:100E90002DE9F74F074608460C4606F0D1FADFF871
:100EA000C4801823434308EB03020646D2F808A087
:100EB000E068BFF35B8F796BBFF35B8FC9070AD420
:100EC000294A2A48012117F0CAF96FF0150528466A
:100ED00003B0BDE8F08FE16809781171002248F88D
:100EE00003200378D22B0FD13B682146186818F0F5
:100EF0002DFF054640B11E4A1C48012117F0AFF9ED
:100F0000204606F04BFBE2E704F10C0019F0BAFEB4
:100F1000182303FB0683B4F810B09F6081460023BA
:100F20003868009300682246042117F036F9054618
:100F30000028CCD010F1690F04D10E4A0B480121D2
:100F400017F08DF96369A4F810B013FA89F3E36020
:100F500018235E4308EB060348F80650C3F808A0C0
:100F6000B5E700BF408200208326070090D9060025
:100F70009D260700B02607002DE9F14F054606F033
:100F80005FFA3D49182202FB00F3C81851F80380AC
:100F90000779B0F80690D0F810A00021D0E90246F9
:100FA0001CF0EFF9A87A06F043FA6969834651B15B
:100FB0006B7AD80705D4DBF824301B6828469B6879
:100FC000984700236B61294658461BF07DFB002F94
:100FD00045D0002C43D02368002B40D01B68002B49
:100FE0003DD0B8F1000F08D0244A254843460121DE
:100FF00001B0BDE8F04F15F0CCBB201D17F0EBFBA6
:101000003846FFF7A3FC052829D8DFE800F01E03C7
:10101000281E2803BFF35B8F636BBFF35B8FDA0778
:1010200007D4184A1648012101B0BDE8F04F17F067
:1010300016B9A36B9BB14FF47022002304F1580042
:1010400001B0BDE8F04F0FF0E9B823681D68BFF3A9
:101050005B8F636BBFF35B8FDB07E2D556B901B0E3
:10106000BDE8F08F51462846B0470134A3B29945F8
:10107000F8D8F4E70024F9E740820020D3260700DF
:1010800090D9060083260700F7B50B8A0768044647
:101090000D463BB9294A2A48012117F0E0F8002003
:1010A00003B0F0BD012105F10C0019F0D3FD7B7BED
:1010B000072B0646F3D154F8043C002BEFD00378FD
:1010C0002048043C002210F832709F4200EBC2011D
:1010D0000FD12A8A48788F78904222D918480093F5
:1010E00001211346184A15F05EFB012FD7D10423C6
:1010F00020E001321E2AE6D11148144A022115F0DF
:1011000048FB31780846FFF721FC0028C7D00528A6
:10111000C5D00029C3D006230022204617F0B9FB12
:10112000BDE74B68204629469847012F0346B6D1B4
:101130000028B4D031780029B1D0EDE7F2260700BD
:1011400090D90600C0EA0600272707000D270700F0
:10115000F0B51E4603680D46003987B0044618BF37
:1011600001211868174618F068FA40B904F13400F4
:1011700017F02DFA002844D0002007B0F0BD002E53
:1011800041D01822002168461CF0FBF847BB2368B9
:101190001E4A1B6800930023ADF812300C9B03938A
:1011A000BDF83430ADF8103001238DF814303146DD
:1011B0006B4630468DF8085017F0D0F89DF8143083
:1011C000C3B1002FD8D0019806F0E8F99DF814308B
:1011D000002DD1D032462946204617F05AFBCBE7E6
:1011E000002239462046FFF757FD01900028CED156
:1011F0001120C2E701990029BED0204617F021FB3B
:10120000BAE71220B9E70120B7E700BFFB8206006A
:1012100008B5437B072B06D00C4A02210C4817F077
:101220001EF8002008BD042116F0EAFF10B9094A93
:101230000121F3E7BFF35B8F036BBFF35B8FDB072A
:1012400001D4054AF4E750F8040CEBE72925070020
:1012500090D906004627070083260700F8B50F46F9
:101260001646FFF7D5FFB0B1446A20461CB150F8CE
:10127000884904B1883C731C194638B1428B458DAE
:10128000AA4228BF2A469A4207D264B90A4A0B48A2
:10129000022115F07EFA0020F8BD32463946BDE83D
:1012A000F840FFF7F9BCD4F8885005B1883D2046D6
:1012B0000B462C46E2E700BF6127070090D90600E5
:1012C000F8B54FF470220746002311480D4619F077
:1012D0002DFC044638B90F4A0F482B46012115F062
:1012E00058FA2046F8BD00F10C060921304619F0E5
:1012F0007CFC204606F0A4F8084B182202FB0033C1
:10130000012130469F6019F074FC0570E9E700BFC9
:10131000781D00205924070090D906004082002043
:101320002DE9F0410E8A043EF6B2022E04468CB03E
:10133000084601D0102E64D104210C3019F08AFC2B
:101340000DF1080805884788011D3246404616F011
:1013500072F9002857D09DB3002687B3BD422FD81D
:101360004FF4205301A940468DF80460ADF80630D3
:1013700016F033F940BB1422002107A81CF001F835
:1013800011212046FFF79CFF0990002837D001214A
:101390000C30CDE9074819F02CFC00230A901B4AB9
:1013A000037039460B93284607AB16F0D7FF0A9B0C
:1013B0001B78FBB9099806F0F1F80A2301E03D46D5
:1013C00001232A4610210EE042F6010307A94046F8
:1013D0008DF81C60ADF81E3016F0FFF80028CAD05A
:1013E00010232A461946204617F053FA00200CB065
:1013F000BDE8F0810999204617F023FAF6E711209D
:10140000F5E70420F3E70E20F1E700BFCD09050062
:101410002DE9F043036885B004460D4618680121A4
:1014200018F00BF940B904F1340017F0D0F8B0BB54
:10143000122005B0BDE8F0831022002168461BF0A1
:10144000A0FF21212046FFF73BFF029048B3DFF8C1
:101450005890009405F10C074FF001082B8A012BDE
:1014600004D80299204617F0ECF918E0384619F034
:1014700001FC6B464A46014606468DF80C8016F084
:101480006DFF9DF80C30002BE8D0029806F086F82E
:101490009DF80C3032462021204617F0FAF9002042
:1014A000C7E71120C5E700BF338606002DE9F043EA
:1014B000036885B004460D461868012118F0BDF890
:1014C00040B904F1340017F082F8B0BB122005B027
:1014D000BDE8F0831022002168461BF052FF0F2167
:1014E0002046FFF7EDFE029048B3DFF858900094D5
:1014F00005F10C074FF001082B8A012B04D8029943
:10150000204617F09EF918E0384619F0B3FB6B46F9
:101510004A46014606468DF80C8016F01FFF9DF8DE
:101520000C30002BE8D0029806F038F89DF80C300B
:1015300032460E21204617F0ACF90020C7E71120F3
:10154000C5E700BFED850600F0B51D46036885B010
:1015500004460E4618680121174618F06EF838B98F
:1015600004F1340017F033F848BB122005B0F0BD89
:1015700065B31022002168461BF003FF3946204660
:10158000FFF79EFE029018B3BDF82830ADF8043086
:1015900001238DF80C300F4A00946B4629462846EB
:1015A00016F0DCFE9DF80C305BB1029805F0F6FFFA
:1015B0009DF80C302A463146204617F06AF9002083
:1015C000D4E70299204617F03CF9F8E70120CDE76F
:1015D0001120CBE7ED8506002DE9F0410D8A043D91
:1015E000EDB2022D04468CB0084601D0102D4BD12F
:1015F00004210C3019F02EFB0DF1040806884788F1
:10160000011D2A46404616F016F800283ED08EB13D
:101610007FB1B7420ED3182200210DEB02001BF060
:10162000B0FE09212046FFF74BFE089060B911205B
:1016300007E03E46012332460821204617F029F9EB
:1016400000200CB0BDE8F08101210C30CDE9064846
:1016500019F0CFFA0023099003700A238DF82C307B
:101660000B4A06AB3946304616F078FE9DF82C3012
:101670002BB1089805F092FF9DF82C30DBE7089914
:10168000204617F0DEF8DBE70420DAE70E20D8E783
:10169000ED0B05002DE9F0430F4687B00446062107
:1016A00007F10C0019F0D6FA0588B0F8028082889C
:1016B000D7F80C90C5B10023B8F1000F13D0454501
:1016C00012D88DF800308DF8043001A94FF4205362
:1016D0006846ADF80220ADF8063015F07EFF0646EC
:1016E00060B10A2301E0454601232A46062120462F
:1016F00017F0CFF8002007B0BDE8F08301461422B0
:1017000001A83F7C1BF03DFE07212046FFF7D8FDD6
:101710000290D8B10A238DF815300D4A019401AB1F
:1017200041462846CDE903698DF8147016F016FE7F
:101730009DF815302BB1029805F030FF9DF815305B
:10174000D3E70299204617F07CF8D3E71120D2E7BF
:101750002D0D05007FB5CB681D885E88044685B1D8
:1017600076B1B5420DD81022002168461BF009FE63
:1017700005212046FFF7A4FD019058B9112007E08C
:10178000354601232A460421204617F082F800201E
:1017900004B070BD6B46094A00943146284616F0E5
:1017A000DDFD029B23B9019805F0F8FE0A23E9E765
:1017B0000199204617F045F8E9E700BF738306005A
:1017C00013B50B46002101910E4902461BF0A8FEFD
:1017D0000C680D4909580D488C4208BF002201A928
:1017E00008BF13460EF07EF9014640B9019B1C224A
:1017F00018461BF0C6FD0346184602B010BD002374
:10180000FAE700BF8882002008000000D81B0020F3
:1018100010B50446806818B105F0C0FE0023A3602F
:1018200021460248BDE810401AF087BED81B0020B0
:101830002DE9F347044658300E4617461D461BF067
:101840007AF8A06B58B9174A1748022116F007FD1D
:10185000206816F078FF002002B0BDE8F087134B37
:1018600098424FF0000802D1C4F83880F0E7D0F871
:101870000490C0F80480A06BD0F818A0FFF7C8FF50
:101880002068C4F8388016F05EFFB9F1000FE2D08E
:101890002068CDF800A000683B4632462946C8477C
:1018A000D9E700BF7C27070090D906008C82002072
:1018B00070B5836BCA68044643B319498B4225D07F
:1018C000D5781DB3052D406806D00F2D1FD1437A62
:1018D000012B1CD8022107E0437A012BFAD9022BF5
:1018E00012D0032B13D1042116F049FB08B110309C
:1018F0000DD104F158001BF01EF8A26B137C43F0CD
:1019000001031374002070BD0321EDE70E250022B2
:101910002B4620461146BDE87040FFF789BF00BF47
:101920008C820020F7B550F8044C0546002C59D0A5
:1019300000F1840104F1240016F02EFE2E1F05F1A3
:10194000380700220023384619F0F4F8024678BB25
:101950006B6B2BB101466FF067033046FFF768FFF2
:10196000002345F8043C05F13003BFF35B8F53E8D7
:10197000001F21F0010143E80012002AF7D1BFF354
:101980005B8F636A73BB04F10C06002200233046B0
:1019900019F0D0F878B9666886B9134826602146F0
:1019A0001AF0CBFD286803B0BDE8F04002F062BB3E
:1019B00005F0F4FDC5E705F0F1FDE6E7A268336840
:1019C0006360964208BFA36077683FB1B369009334
:1019D000002320681A466FF06701B8473046FFF7CA
:1019E00017FFD8E703B0F0BD841B00202DE9F041BC
:1019F00092B050F8583C06AF0646186816F039FB0E
:101A0000037804463D1D032B3BD8DFE803F0023486
:101A100036381F492846F3F702FCA379059562780A
:101A20000492A2780392E27802922279019262797A
:101A3000009207F11008174A1E21404612F086FA5C
:101A40006C4688B006AA144BC2E905384FF40073FF
:101A50009383124B42F8103F00234FF4E251104899
:101A6000F6F7FCFAA6F15400A546FFF75BFF303706
:101A7000BD46BDE8F0810B49CCE70B49CAE70B49ED
:101A8000C8E70B4A0A21284612F060FAC5E700BFF2
:101A900006F9060028F90600932707000300000155
:101AA00090D906000DF9060014F906001EF906008B
:101AB0006935070010B50C4620B319B3FFF7A8FB32
:101AC00000B3436AC3B153F8882902B1883A996BCD
:101AD0008C420AD082B11346D2F88820002AF6D070
:101AE000996B8C42A2F18802F5D1074A9A6320468D
:101AF000BDE81040FFF78CBE0430214616F04CFDC7
:101B00002046F5E710BD00BF8C820020F8B51D46C9
:101B10000F46164605F094FC044C182303FB0040C6
:101B2000C0E903760123C3800575F8BD408200201B
:101B3000F8B50B4D06460F46002415F8013CB3429C
:101B400007D12946384617F0B8F810B105482044A7
:101B5000F8BD1034302C05F11005EED10020F7E768
:101B6000D9820020D8820020F8B50B4D06460F46DA
:101B7000002415F8013CB34204D12946384617F039
:101B80009CF830B90C34242C05F10C05F1D100205F
:101B9000F8BD02482044FBE7695D0020685D002035
:101BA000F8B50B4D06460F46002415F8013CB3422C
:101BB00007D13946284617F080F810B1054820446F
:101BC000F8BD0C34242C05F10C05EED10020F7E70C
:101BD000BB9B0020BA9B002038B50C4619466BB160
:101BE00003F118059B698AB9E268A360954200D1A8
:101BF000E36000230D688B611A46A847A3685BB9B0
:101C0000601C0649BDE8384017F09AB81360E368D5
:101C10009D4208BFE260ECE738BD00BF2312070019
:101C200070B5204B144682689A420FD1A568C668E9
:101C300075B922792168304617F047F8024628B175
:101C40001949013017F07CF815701581012070BD1D
:101C5000E0680028FBD02B888B420AD0F6D2E068DF
:101C6000A36801380433E0600038A36018BF012086
:101C7000EDE7256822792946304617F026F8024616
:101C800060B90949304617F020F802460028E6D02E
:101C90002946013017F054F823791370A3685B8844
:101CA0001381DCE7392305002312070010B508492A
:101CB000144618461022A047041E07DA054A0648B3
:101CC0002346012117F043F8204610BD0024FBE70E
:101CD000D05D0020B4270700B8D9060010B507482A
:101CE0001021FAF773F9034630B1BDE81040044AF9
:101CF0000448012117F02BB810BD00BFC05D0020C3
:101D0000D5270700B8D906002DE9F0410D4CDFF8C2
:101D10003880054600262746621C6DB941461046AC
:101D200016F0CBFF28B90136032E04F11004F2D1CE
:101D300000273846BDE8F0812178284616F079F969
:101D4000F0E700BFD88200202312070038B54A1CF4
:101D50000C46054668B90E49104616F0AEFF30B97C
:101D60000B4904F10B0016F0A8FF70B10A342046AD
:101D70000CE0097816F05DF90028F8D1A17A04F199
:101D80000B02284616F055F9EFE7002038BD00BFDA
:101D9000231207002DE9F0410D4CDFF8388005468D
:101DA00000262746621C6DB94146104616F085FF95
:101DB00028B90136032E04F11004F2D10027384669
:101DC000BDE8F0812178284616F033F9F0E700BF2E
:101DD00014830020231207002DE9F041069D0C46D4
:101DE00006466FF0040105F1140016F09AFFFCB1ED
:101DF0003046FFF7CFFF0146002837D0836853B144
:101E00001868002205F1180C2BB1634508D12B4648
:101E10003046FFF7E1FEB4F5807F28BF0E240FE0C7
:101E200020B107681A4603463846EDE70746F9E74A
:101E30002B8A2BB92F682346224629463046B847BD
:101E40006F68E4B237B12A46214630463B46BDE8CA
:101E5000F0411847AB684BB1054A0648022116F01D
:101E60002AFFAB683A4621463046F0E7BDE8F081EC
:101E7000FB270700B8D906002DE9F04105460E46BC
:101E8000174615F02EFDA8B331462846FFF76CFE25
:101E90000446E0B9184816F062FF034628B3174815
:101EA00016F05DFF18B3164816F059FF78B91823DD
:101EB0000222DFF8508003EB0804013308EB030033
:101EC000314616F03DFF0C235A4308F80250012119
:101ED000B94004F1080016F015FFBDE8F0410A48CA
:101EE0004FF4004200230EF099B90246E1E70C23BB
:101EF0000122DEE7BDE8F081705D00207C5D0020FE
:101F0000885D0020685D0020905D002010B50146CE
:101F10000246042311F8010B0832FAF725F80346AC
:101F200030B1BDE81040034A0348012116F00FBF4D
:101F300010BD00BF32280700B8D906002DE9F041D6
:101F400080460F4616461D46FFF72AFE044680B916
:101F50001549FFF725FE044630B9BDE8F041134AA4
:101F60001348012116F0A7BE00F8018B394616F080
:101F7000E7FE228963896AB973B9268165812146A2
:101F800011F8010B15F0ADFC40B12046BDE8F04161
:101F9000FFF7BCBF964203D39D42EFD8BDE8F08166
:101FA0009D422681EBD9E9E7231207004E2807005E
:101FB000B8D9060008B5044A0448012116F07BFE92
:101FC0006FF0150008BD00BF6D280700B8D90600E6
:101FD0001FB51046074A19464FF42813CDE90223CE
:101FE00008230093BDF818206B4416F097FF05B046
:101FF0005DF804FB1800280008B513468168074AFD
:10200000914209D11A791968C06816F05EFE18B1BC
:102010000023036043600381012008BD39230500CC
:1020200070B50E4B144682689A4214D1C568216877
:102030006E1C304616F041FE18B16168304616F04D
:102040007FFE0B352168284616F037FE18B161680F
:10205000284616F075FE012070BD00BF392305002B
:1020600038B50C4B144682689A420D460FD122793E
:102070002168C06816F029FE48B1D4F8C83004EBD6
:1020800083020133158101895181C4F8C8300120D0
:1020900038BD00BF3923050002484FF4A472002365
:1020A0000EF0BCB8585E002008B50421084816F0B0
:1020B00029FE07486FF0020116F033FE044816F0BF
:1020C0004EFEC30701D5FFF7E7FF002008BD00BFA4
:1020D000885E0020024608B50849013016F030FE3F
:1020E000002313720C32BFF35B8F52E8001F42E8EB
:1020F00000300028F9D1BFF35B8F08BD2312070021
:1021000010B5FFF74DFD044678B1014611F8010BFB
:10211000F9F738FF034620B1054A0648012116F0B9
:1021200016FE002323606360A360002010BD00BF83
:1021300079280700B8D9060070B500F18806054671
:102140003146007A15F0CDFB04463146287A54B169
:10215000FFF7D6FF034660B1BDE87040054A064868
:10216000012116F0F4BDFFF71BFD10B104604460BF
:10217000846070BD96280700B8D906002DE9F043A9
:1021800085B00E4600AF90469946044658B9354A88
:102190003548012116F08FFD6FF0150528461437DC
:1021A000BD46BDE8F08307F1080115F0F2F90546D8
:1021B00098B16D4688B06A462C4BC2E905344FF49D
:1021C000007393832A4B42F8103F274800234FF4B3
:1021D000E251F5F743FFAD46DEE7391D204614F026
:1021E000D1FC786858B10A22294611F051FF034604
:1021F00028B1204A1C48012116F0A9FDCCE707F1BF
:1022000008010020FFF7CCFC044620BB002EC5D0FF
:102210001949FFF7C5FC044638B9184A124801218C
:1022200016F049FD6FF00B05B8E7002300F8013BFD
:1022300007F1080116F084FD04F108010422484664
:10224000C047041EAADA0E4A07482346012116F0A9
:102250007EFD2546A2E7002EEED106604660866030
:102260009CE700BF4E120700B8D90600AC28070053
:1022700003000001C828070023120700E328070015
:10228000B42707002DE9F047284B164682689A428A
:1022900007462BD1C568AB8A43B36C1C05F1150901
:1022A0004FF00008B4F807309BB114F8011C224627
:1022B000304615F0BEFEE0B914F8010C2146FDF7DA
:1022C0001DFF30B1437B072B08BF4FF00108FDF71E
:1022D00037FC0A344C45E5D1B8F1000F06D1AB69A3
:1022E000A5F8148013B14146384698470120BDE84F
:1022F000F08706F1880A307A514615F0F2FA78B97B
:102300000B4B9D4202D13046FFF716FF094920468C
:1023100016F016FD002304F8013CA4F80730D8E7B6
:102320005146204616F00CFDD3E700BF39230500C7
:1023300030180020231207002DE9F0471F46BDF892
:102340002030D1F80C9006468846002B4ED17B1EDB
:10235000012B4ED8012F4946157818BF1588FFF775
:10236000F5FC0446B8B915B93846BDE8F0874946CA
:10237000FFF7ECFC044638B91F48204A022116F04A
:102380009AFC6FF01000F0E706F18801013016F0BA
:10239000D7FC337A2370D9F81C30DBB9B4F808A025
:1023A0002581B9F81430AB4203D04946404616F0B7
:1023B00004FCAA4505D0307A002206F18801FFF717
:1023C0005BFD002DD0D10E49601C16F0B9FC2570C4
:1023D0002581C9E72A464146304698470028C4DB94
:1023E00001380128DAD96FF00D00BEE76FF0060062
:1023F000BBE76FF00C00B8E7B8D906000529070065
:102400002312070073B50C460546082104F1140099
:10241000164616F077FC12230422CDE9003231462D
:10242000034B2246284616F061FE02B070BD00BF85
:102430006D91060008B51248012116F063FC10F0FA
:10244000010F104B0AD1104A9A610D4816F087FC13
:10245000830713D4BDE80840FFF71EBE1A8B588BC4
:10246000012A4FF6FF7205D8904207D04FF6FF724F
:102470005A83EAE790421983E7D0F7E708BD00BF27
:10248000885E0020385E00200100FFFF2DE9F0414A
:102490001F46BDF81830012B0646904635D83B4400
:1024A000012B3D4634DCFFF72FFC044668B9FFF7EB
:1024B0002BFC044648B9194A1948022116F0FBFBC7
:1024C0006FF010052846BDE8F08197B1217A98F8A1
:1024D0000020002321FA03F0C70703D522FA03F0F6
:1024E000C00718D50133032BF4D102F007021143C2
:1024F000217206F18801601C16F022FC337A2370E9
:102500000121204616F057FEDCE76FF00605D9E7FB
:102510006FF00C05D6E76FF01205D3E71F2907000F
:10252000B8D9060010B56FF0020104460E4816F047
:10253000F8FB0D4816F013FCC20704D50B48002227
:1025400000230DF06BFE204616F00CFB58B1204620
:10255000FFF7DAFB38B1037ADB0704D5BDE810409A
:10256000012116F028BE10BD885E0020585E0020B4
:102570002DE9F04385B0894600AF164698460446DB
:1025800058B9424A4248012116F095FB6FF01505F3
:1025900028461437BD46BDE8F08307F1080114F062
:1025A000F8FF054698B16D4688B06A46394BC2E9D6
:1025B00005344FF400739383374B42F8103F34488F
:1025C00000234FF4E251F5F749FDAD46DEE7391D32
:1025D000204614F0D7FA786858B10A22294611F03B
:1025E00057FD034628B12D4A2948012116F0AFFBBB
:1025F000CCE707F108010020FFF79AFA044690B9EA
:10260000FFF782FB044638B9254A2148012116F01C
:1026100052FB6FF00B05BBE7002300F8013B07F10D
:10262000080116F08DFBB9F1000F2AD002223946BD
:102630004046B047061E07DA1A4A154833460121BC
:1026400016F085FB3546A3E73B782372022E09D0AE
:10265000154A0F48022116F02EFB0021204616F0E5
:10266000AAFD95E77B78012B05D9104A0848314629
:1026700016F06DFBF1E703F00101204616F08BFD2B
:1026800086E72046FFF726FD82E700BF4E120700CF
:10269000B8D90600AC28070003000001C8280700CD
:1026A0004B290700B42707006D290700C12907003F
:1026B00037B504460D46FFF73BFA0246C0B1037A30
:1026C0008DF804300C3016F04AFB00F001008DF854
:1026D0000500022301AA29462046F9F75BFC0346C0
:1026E00020B1044A0448012116F031FB03B030BD8B
:1026F0000346F0E7122A0700B8D90600F8B50B4CDC
:102700000B4F0025661C3946304616F0D6FA0146B6
:1027100030B9204616F03FFD20783146FFF7C8FF5C
:102720000135032D04F11004ECD1F8BDD88200204E
:102730002312070010B51C48012116F0E3FAC30765
:1027400031D40221184816F0DDFA084007D11749A4
:10275000174A0B88174CA2421FD300B10B801649B1
:1027600016481AF0DAF84FF4A47200231348F9F768
:10277000C3FC134913481AF0D0F80221124816F08E
:10278000C1FA124912481AF0C8F81248FDF704FFBE
:10279000BDE810401048FDF78BBC506803449BB265
:1027A00008320120D7E710BD08830020DE9B0020FF
:1027B00030D9060050D90600B1920600E05D002035
:1027C000792D0500585E0020885E002021970600C4
:1027D000905D002008180020E81700202DE9F04146
:1027E000034648B1008A38B91249DFF84CE00124A9
:1027F0004FF0140C714501D3BDE8F081D1E90076AA
:10280000BB4204D30CFB0672143A93420ED93444F3
:10281000A2B208311446EDE70CFB0578434507D01A
:1028200001356219B54292B2F6D1F2E70025F8E718
:102830001046E1E730D9060050D906002DE9F74FE0
:10284000BDF83050009199464FF6FF73002D08BF38
:102850001D46244B1B888342074690463CD203B05A
:10286000BDE8F08F73682344BB4232D29CB2083675
:102870001D4B9E42F6D3F2E789580193404614F06F
:10288000ACFE019B90B101340AF1010AA4B2736855
:102890005345ECD9009B9C42E1D8BC423168F2D34D
:1028A0000BFB0AF28B18B8F1000FE5D1B9F1000F5C
:1028B0000BD1013DADB218460E9A0D9B21469847AB
:1028C000002DCCD00028DED1C9E7DA689145DAD1F5
:1028D000EFE74FF0000ADAE7044E01244FF0140B43
:1028E000C6E700BFDE9B002050D9060030D90600A5
:1028F00010B5C8B000241CAA694604A8CDE900445C
:10290000CDE9024414F0E1FC30B9134A1348012127
:1029100016F0D1F948B010BD4FF6FF710120104AF2
:1029200004AB16F0BAFC0F4804A914F063FD08B913
:102930000D4AEBE70B4B214603F1100201311878E9
:1029400012F8014D03F8014B08291070F6D1074821
:1029500016F0D8F9DEE700BF3B2A0700B8D9060019
:10296000118C0600C05D0020542A0700885E0020FC
:102970002DE9F0411849BDF818700446A1F1300066
:1029800015461E4619F0EAFF144816F0E8F901074B
:1029900005D4FFF7ADFFFFF7B1FEFFF79FF9204623
:1029A000FFF7B2F968B1037ADA070AD500F10C042F
:1029B000204616F0D4F9C30703D40221204616F0AE
:1029C000A1F9102306933A4631462846044BBDE848
:1029D000F04116F0A3BA00BF105E0020885E002010
:1029E000C05D002010B51A4816F0B9F9C0F3C00058
:1029F00080F0010408B9FFF77BFF154816F0AFF926
:102A00000346134816F0ABF9DA061FD5830606D540
:102A1000E4B1FFF773FEBDE81040FFF75FB9202176
:102A20000B4816F06FF90B49102288181AF036FB84
:102A300048B9094819F07FFFBDE8104004486FF01D
:102A4000010116F06EB9FFF7F5FCE2E710BD00BF1B
:102A5000885E0020C05D0020585E002008B510216F
:102A6000034816F04FF9FFF7BDFF002008BD00BF77
:102A7000885E00202DE9F04FB9B000AF0C469046BB
:102A80003749D7F808013A46994614F057F838B94B
:102A9000FFF790FA05462846E437BD46BDE8F08FBB
:102AA0003E68391D304614F06DF83EB92D4A2E4867
:102AB000012116F000F96FF015043EE07868F8B9CE
:102AC00007F1080A4FF0000B5146304687F814B062
:102AD00014F05FFD054600B36C4688B06A46234B90
:102AE000C2E905364FF400739383214B42F8103F3F
:102AF0001D485B464FF4E251F5F7B0FAA546DAE718
:102B00000A22002111F0C4FA03460028D8D0194A3D
:102B10001548012116F01BF9CDE7C7F810A0E4B164
:102B2000C02207F120014846C047041E07DA124AB6
:102B30000D482346012116F00AF92546ABE7A40803
:102B400007F12003C7E906340C4A07F110034FF6DA
:102B5000FF71012016F0A1FB9DE72346F2E700BFBD
:102B60006D2A07004E120700B8D90600AC280700EE
:102B700003000001C8280700B4270700211C050036
:102B800007B500230193FFF729FE411C89B20846CF
:102B9000034A01AB16F081FB019803B05DF804FB1A
:102BA000B58B06002DE9F0471546894694226968E1
:102BB000064616F07FFB804648B12E4A2E48022179
:102BC00016F079F84FF0FF352846BDE8F0876968C0
:102BD0000222304616F0A8FB38B9284A26480221BE
:102BE00016F069F86FF01505EEE74FF4702000213C
:102BF000AF8AFEF7E5FD02370446A8B1204B4761D6
:102C00001D214174C0F80C80436085613A4630460E
:102C1000FEF724FB074650B917481A4A022116F05E
:102C20004AF82046FEF7F4FD6FF00B05CCE70123D0
:102C30004246414607F10C0AFEF768FF0221504662
:102C400017F0D7FF8046504628F8029BA98A17F054
:102C5000D0FFAA8A296940461AF06BFBA76021467B
:102C6000304615F048FF05460028ADD02046FEF757
:102C7000CFFDA9E7742A0700B8D906008A2A070001
:102C8000D78B0600B52A070030B504468BB037480D
:102C900016F065F842070D4661D514B1637B072B2A
:102CA00060D168680590FFF799FD2A68ADF81800B3
:102CB0003AB305A902912E49019101210023009107
:102CC0004FF6FF710593FFF7B9FD059B1BB96FF038
:102CD00001000BB030BD6B60059B186800238DF8B8
:102CE000103004A942F60303ADF8123014F075FC5D
:102CF00070B90598C3689B799B0605D46FF01500E1
:102D0000E7E70028E8D1E2E716F080FAADF818000E
:102D1000BDF818003CB101230146AB752A46204698
:102D2000FFF740FFD5E76FF07F0307930223ADF86D
:102D3000203042F60213ADF8123005ABAC750293A9
:102D40000C4B01930123009304AA23464FF6FF7115
:102D500009958DF81040FFF771FD0798B9E76FF0FE
:102D60000A00B6E76FF07F00B3E700BF8C080020D1
:102D7000058C06009930050073B500F13005044656
:102D800050F8083C0193A0F120066FF0010128469D
:102D900015F0C7FF0D4B44F81C3C0D4B44F8183C94
:102DA00001AB002044F8103C042324F8080C24F85C
:102DB000060C24F80C3C3146FFF766FF18B90221D7
:102DC000284615F09FFF02B070BD00BFE8EB06007B
:102DD000252505002DE9F84F404B14689046826880
:102DE0009A4200AF054675D1D0F80C9009F1010662
:102DF00009F1150AB6F80730F3B116F8011C32468E
:102E0000204615F016F9B8B14FF4957229462046C0
:102E100016F050FA30B3032812D1EB4688B06A4658
:102E20002F4BC2E9053542F8100F2E4800234FF40E
:102E3000C451F5F713F9DD460A365645DAD149E0B3
:102E4000052820460CBF4FF0030B4FF0020B15F086
:102E5000C5F8834506D998F804305B45ECD288F86C
:102E600004B0E9E74946284615F0A7FE1E4B9945F0
:102E700030D1207A04F18801FEF792FE054648B36E
:102E800003890BB943892BB32046FDF707F8174A8E
:102E90002B8922F8203002EB80036989598014497C
:102EA000144D182303FB001300B202EB800200EB69
:102EB00040005D601A61104D9D60042201EBC0016D
:102EC00020469A82FFF7E0FE20B10C4A0548012116
:102ED00015F0F1FE0120BD46BDE8F88F392305004D
:102EE000DC2A0700B8D9060030180020B29B002069
:102EF000A8820020E8EB0600D3910600F02A070024
:102F00002DE9F8431446884694226168064616F077
:102F1000D1F940B12248234A022115F0CCFE4FF0EE
:102F2000FF30BDE8F88361680122304616F0FCF9F5
:102F300038B91B481C4A022115F0BDFE6FF0150080
:102F4000EFE7A2891B2102323046FEF787F90546DA
:102F500038B91348154A022115F0ADFE6FF00B0089
:102F6000DFE700F10C090221484617F042FE074650
:102F7000484627F8028BA18917F03BFEA289A16879
:102F800038461AF0D6F9D4E9041228460123FEF790
:102F9000BDFD29463046BDE8F84315F07FBD00BFB2
:102FA000B8D90600742A07008A2A07000D2B0700EB
:102FB00030B504468BB0354815F0D1FE42070D46BA
:102FC0005DD514B1637B072B5CD168680590FFF772
:102FD00005FC2A68ADF818003AB305A902912C49FE
:102FE00001910121002300914FF6FF710593FFF736
:102FF00025FC059B1BB96FF001000BB030BD6B6069
:10300000059B186800238DF8103004A942F60303CD
:10301000ADF8123014F0E1FA70B90598C3689B79E5
:10302000DB0605D46FF01500E7E70028E8D1E2E7FA
:1030300016F0ECF8ADF81800BDF818002CB10146F8
:103040002A462046FFF75CFFD7E742F60212ADF8AA
:10305000122005AA6FF07F0302920E4A0793012304
:10306000CDE90032ADF8203004AA23464FF6FF71B7
:1030700009958DF81040FFF7E1FB0798BDE76FF069
:103080000A00BAE76FF07F00B7E700BF8C080020A6
:10309000058C0600993005002DE9F84F474B144682
:1030A00082689A42814639D1D0F80CA0444B9A45A7
:1030B0001CD1444D444F00263946284615F0FDFDED
:1030C00078B915F8010C07222946FDF7A3F840BB93
:1030D000236915F8010C1A69294653881288FEF7EE
:1030E0002DFF0136032E05F10C05E5D10AF101078C
:1030F0000AF1150BB7F80720A3899A420BD117F8EC
:10310000010C3946FCF7FAFF054620B1437B072B3B
:103110000AD0FCF715FD0A375F45EBD14FF00108E7
:1031200049E0FCF70DFDDCE7DAF8203023B1494631
:10313000984708B92846ECE794224946284616F0F5
:10314000B9F8804628B1214A2148022115F0B3FD83
:10315000F0E7A389022B15D1B7F8073013F0020668
:1031600004D12846FCF7ECFCA660D4E72269A188CC
:103170002846FFF717FD0646B8B92269937D01334B
:103180009375EEE7012B05D02846FCF7D9FCC4F86F
:103190000880C0E7B7F8073013F00106E1D02269D4
:1031A000A1882846FFF7ACFE06462846FCF7C8FC77
:1031B000002EA660AFDA4046BDE8F88F392305003F
:1031C00030180020BB9B002023120700742A070040
:1031D000B8D9060070B5437B072B86B005460C4670
:1031E00040F0A2800B7C062B00F29C80DFE803F00D
:1031F000040457575F9326000B68BBB11B783BB1A3
:10320000022B11D04A4A4B48012115F0A0FD5BE08A
:1032100008230193062300934749484B224628463A
:1032200015F064FF06B070BD1623F2E710230421E9
:10323000CDE900312246424B4249F0E708680028B8
:1032400042D00678002E3FD14FF4245302A98DF8C6
:103250000860ADF80A3014F0C0F900B342F602136A
:1032600020688DF80C6003A9ADF80E3014F0B5F9A4
:10327000A8B142F6031320688DF8106004A9ADF8D8
:10328000123014F0AAF950B142F6041320688DF8F8
:10329000146005A9ADF8163014F09FF9A0B9082301
:1032A0000422CDE900322849284B2246B7E70868B6
:1032B00088B300264FF4205302A98DF80860ADF8BA
:1032C0000A3014F08AF910B96FF01500AAE742F637
:1032D000010320688DF80C6003A9ADF80E3014F0DE
:1032E0007CF90028F0D042F6020320688DF81060C7
:1032F00004A9ADF8123014F070F90028E4D042F6B9
:10330000030320688DF8146005A9ADF8163014F099
:1033100064F90028D8D00423CDE900330C490D4BC3
:1033200022467CE70C4A6EE76FF07F007AE700BF29
:10333000362B0700B8D906007F9406004D90060092
:10334000C38D06005D33050085340500F38D06004E
:10335000DD3805007F8D06004B2B07002DE9F04777
:103360008EB00746169D16461C4631B16B682A463C
:1033700000210EB0BDE8F047184763B93E4A3F4808
:10338000022115F098FC6B682A46002138469847C0
:103390000EB0BDE8F0871378062B08D0142B05D0AB
:1033A000374A3648012115F0D2FCECE70221013CF6
:1033B0004FF000088DF81010A4B206F10109C246C2
:1033C0003378A3420CD9002CDDD1B8F1000FDAD04C
:1033D0002A46414638460EB0BDE8F04716F031B8EF
:1033E0001422002109A819F0CCFFB9F8002093B2EB
:1033F000002BC8D0B9F802101FFA81F8B8F1000FFD
:10340000C1D04345BFD89DF8103013B3022B25D04F
:103410002B7CADF80C10002B42F6010308BF4FF4D3
:103420002053ADF8063004AB029301AB099302AB15
:10343000ADF834200C938DF804A06B682A4609A9D6
:10344000384698470028A3D03378E41AA4B29944A8
:10345000B6E7B9F80430ADF81230D9E709F1040342
:103460000DF1110009F1140C53F804EB40F804EBD2
:103470006345F9D1CCE700BF662B0700B8D9060039
:10348000702B07002DE9F04F91B017461A9E814628
:103490001C460A4631B173683246002111B0BDE8BE
:1034A000F04F1847317C022940F084804BB9A34A81
:1034B000A34815F000FC736832460021484698473F
:1034C0005CE03B78062B08D0082B05D09D4A9C4831
:1034D000012115F03CFCEEE71146013C8DF8181077
:1034E000A4B207F1010B002542F6020A3B78A34281
:1034F0000BD9002CDFD1002DDDD0324629464846BD
:1035000011B0BDE8F04F15F09CBFBBF800801FFA6A
:1035100088F5002DCFD0BBF80200ADF814009DF85F
:103520001820BBF80410ADF8161062B1022A15D0AD
:10353000316831B306A814F050F810B33B78E41AA0
:10354000A4B29B44D2E706AA04929BF806209BF8FB
:10355000071042EA0122ADF81A20E9E70A23708138
:10356000B181A6F808807849019200933246774BE2
:10357000484615F0BBFD85B2002DBED111B0BDE8A7
:10358000F08F4FF00003102200210CA88DF80C30B2
:10359000ADF80EA019F0F5FE03AA0B9204AA0E9244
:1035A0007368ADF83C8032460BA94846984700281E
:1035B000C4D1E3E7032967D113B9604A022177E751
:1035C0003B78072B02D0152B80D10222013C8DF8CD
:1035D0001820A4B207F1010800250DF1180A3B7864
:1035E000A34286D8B8F800B01FFA8BF5002D3FF43F
:1035F00062AF9DF8183063B1022B13D03168F1B17E
:10360000504613F0EAFFD0B13B78E41AA4B29844D4
:10361000E5E798F8053098F8062043EA0223ADF86C
:103620001A30EBE708F105030DF1190208F1150155
:1036300053F8040B42F8040B8B42F9D1DEE798F8FB
:103640000230B8F803208DF816304FF00003ADF8C3
:1036500014208DF80C30102242F6030300210CA830
:10366000ADF80E30CDF810A019F08BFE03AB0B9324
:1036700004AB0E93ADF83CB0736832460BA94846D4
:1036800098470028C0D179E733681D7835B95B8841
:103690004CB92A4A2A48022115F00DFB73683246BC
:1036A00000214846FAE6B846013C18F8012BA4B2BE
:1036B000A24200F2E980012C01D8254AEAE7B7F8D6
:1036C0000150002DEAD0A3F52453042BE6D801A223
:1036D00052F823F0353705009D360500A537050063
:1036E000FB37050081380500B8F80230D6F800A095
:1036F000ADF81830102200210CA819F042FE06ABDC
:103700000E93CDF82CA07368ADF83C5032460BA94F
:103710004846984700283FF431AF3B78E41AA4B2FA
:10372000A342984400F2B080012CC6D9B8F80050EA
:10373000002DB3D0032CD7D8064AABE7662B070081
:10374000B8D90600702B0700A53805006B8D060060
:10375000842B0700922B0700B8F80230D6F800A09F
:10376000ADF81830102200210CA819F00AFE06ABA3
:103770000E93CDF82CA07368ADF83C5032460BA9DF
:103780004846984700283FF4F9AE3B78E41AA4B2C3
:10379000A342984478D8012C8FD9B8F80050002D56
:1037A0003FF47CAF032CD7D83B4A73E7B8F802301C
:1037B000D6F800A0ADF81830102200210CA819F09E
:1037C000E0FD06AB0E93CDF82CA07368ADF83C502D
:1037D00032460BA94846984700283FF4CFAE3B78C5
:1037E000E41AA4B2A34298444ED8012C7FF665AFE8
:1037F000B8F80050002D3FF451AF032CD6D8274A1B
:1038000048E798F802308DF8183098F803308DF8B2
:10381000193098F8052098F80430D6F800A043EA4B
:103820000223ADF81A3098F806308DF81C3098F85D
:10383000082098F80730002143EA02230CA8102240
:10384000ADF81E3019F09DFD06AB0E93CDF82CA0FF
:103850007368ADF83C5032460BA94846984700289B
:103860003FF48CAE3B78E41AA4B2A34298440BD840
:10387000012C7FF622AFB8F80050002D3FF40EAFB8
:10388000082CBED8064A05E7002C7FF407AF002DB0
:103890003FF404AF31E600BFA02B0700AE2B0700BA
:1038A000BC2B070070B5102B049C054611460BD0AD
:1038B000084A0948012115F04AFA63682246284659
:1038C0000021BDE8704018472246BDE8704015F061
:1038D00023BE00BF702B0700B8D906002DE9F04FBA
:1038E0008FB00746189D184629B953B9544A554810
:1038F000022115F0E0F96B682A4600213846984706
:103900009BE01378012B07D0022B20D04E4A4D4864
:10391000012115F01CFAEEE70B464FF004090138BF
:1039200080B248458DF81030E5D3B0FBF9FB4FF07D
:103930000008541CCDF80080C24604AEBBF1000F55
:1039400008D100992A46384615F07BFD75E04FF006
:103950001209E4E723880193BDF804300093B8F11D
:10396000000F53D19DF81030002B37D0022B3CD0E4
:103970002968002945D12B7C042B4DD14FF42053CD
:1039800002A930468DF808A0ADF80A3013F025FEE4
:1039900000283BD042F6010303A930468DF80CA065
:1039A000ADF80E3013F019FE80B342F6020309A9F8
:1039B00030468DF824A0ADF8263013F00EFE28B363
:1039C00042F6030309A930468DF824A0ADF826304D
:1039D00013F003FE00BB4FF0010819E0A378E27872
:1039E00043EA0223ADF81230C2E7A31C0DF1110225
:1039F00004F1120153F8040B42F8040B8B42F9D185
:103A0000B6E7304613F0E9FD0028B4D04FF00008C7
:103A10000BF1FF3B4C4491E7102200210AA819F05A
:103A2000B0FCBDF80430ADF8343009966B682A4616
:103A300009A9384698470028EAD10FB0BDE8F08FB1
:103A4000662B0700B8D90600CA2B070007B5437BD1
:103A5000072B0A462CD14B683BB908234FF0040EC4
:103A6000CDE9003E144B154909E0012B11D0097B2B
:103A70005B00019341B1202300931149114B15F0D4
:103A800035FB03B05DF804FB0E2300930E490F4B8A
:103A9000F5E74B8933B10C234FF0040CCDE9003C22
:103AA0000B4BE0E70A230221CDE90031094BDAE7AD
:103AB0006FF07F00E5E700BF99900600D93A050056
:103AC0009B8E0600578E06005B8E06002F8E06002A
:103AD000AB8D0600978D06002DE9F04F83B002AF45
:103AE0008046BC6A91461D460E4641B96BB92568B1
:103AF000002300932246F1B24046A8471AE0B1F5F0
:103B0000807F256828BF0E26F2E76368002B61D10D
:103B1000013D2689B4F80AB0ADB202F1010A002DC8
:103B20003FD0BAF8002091B241B9394A3948012151
:103B300015F0C1F80437BD46BDE8F08F99F80030A4
:103B4000AB428CBFAB1E023B8E429BB201D88B4571
:103B500017D26D468AB002AA2F4BC2E90531052360
:103B6000C2E9076B42F8103F2A4800234FF4225164
:103B7000F4F774FAAD4600230093256822460E211F
:103B8000BAE722810093D4F800C00AF1020322466A
:103B900000214046E0470028CCD099F80030AB42E5
:103BA00006D921464046FFF751FF0028C2DAE2E776
:103BB000238962899A4205D1002300932568224611
:103BC000194699E70133238199F80030ED1AADB217
:103BD0009A44A4E700951346D4F800C02246E04773
:103BE0000028A7D0238A013B9D4203DA009625686E
:103BF0003346E4E763891D44658121464046FFF76B
:103C000025FF002896DA009625683346B6E700BF00
:103C1000DC2B0700B8D90600EB2B070070B5437BFF
:103C2000072B06460D463CD1FEF7B4F8044658B9BA
:103C3000FEF7B0F80446002836D006F188010130BE
:103C400015F07EF8337A2370A3687BB1183B00220D
:103C50009D422CD09889A989884204D1188A298A42
:103C6000884228BF01229B697BB982B9114A294643
:103C70003046FEF7C7FB024648B1A3681BB90E49A0
:103C8000601C15F05DF8104670BD183BE0E7A268B7
:103C9000AA61E26805F11803A36002B9E36000229B
:103CA000F1E76FF07F02EEE76FF00B02EBE76FF0EA
:103CB0007702E8E7D91D0500231207002DE9F0413E
:103CC000437B072B07460D465CD1FEF763F806469B
:103CD00000285AD08468002C57D00023183C9846FE
:103CE000A54209D0A189AA89914208BF4FF00108D5
:103CF000A4691CB1183CF3E70123F9E7002B44D079
:103D000005F1140015F02BF8430703D52946384672
:103D100015F041FCB8F1000F19D0B36805F1180295
:103D200053B19A4224D1AB69E4B9F168B3608A42D5
:103D300000D1F3600023AB61B3681BB91449701C58
:103D400014F0FEFFB8F1000F15D1002008E0114A71
:103D5000A5F8108029463846FEF754FB0028DCD031
:103D6000BDE8F0812360F3689A4208BFF460E1E7A0
:103D70001C461B68D4E700232C681A46294638469F
:103D8000A047E2E76FF07F00EAE76FF01500E7E792
:103D900023120700D91D05002DE9F04F87B080469A
:103DA0000C469246FDF7F6FF0746E8B1524621461B
:103DB00003A816F014FFBDF81030042B14D9042109
:103DC00003A816F047FFBDF81020B0F80290B0F835
:103DD00000B04A4506460AD21C4A1D48CDF800A04C
:103DE0004B46012112F0DFFC07B0BDE8F08FBC6844
:103DF00024B3256805B1183D34F80C2C5A451AD166
:103E0000183C07E02C46AD69A289E5B15A45A5F1F9
:103E10001805F7D198F80910A27C91420BD3D4F879
:103E200000C04B46321D21464046E04718B92146A6
:103E30004046FFF743FF2C46002DE4D1494603A836
:103E400016F008FFB7E75A45E4D0F7E7522C070011
:103E5000B8D9060070B58EB000F18805044603900D
:103E60000123007A8DF81030294613F03AFD90B105
:103E7000227A52B302AE0421304611F055FF00966B
:103E8000134A242105A82B46F7F79CFF05AA1149E0
:103E90001046F5F73DFE4FF6FF710F4A03AB0120C8
:103EA00015F0FBF9204614F099F89DF8101088429F
:103EB00009D2204614F063F8034620B1074A0848A7
:103EC000022114F044FF0EB070BD0092D8E700BF8D
:103ED000AA2B0700752A0500D52D05006B2C0700BD
:103EE000B8D90600F8B5084B1C6805460E461746BB
:103EF0004CB154F8043C043C1BB13A4631462846C8
:103F000098476468F4E7F8BD0C8300202DE9F04180
:103F100082B000AF05463860012300F18801007AC5
:103F20003B7113F0DEFC88B94FF6FF710120204A87
:103F30003B4615F0B2F90021284615F07EFB08B982
:103F4000FEF778FA0837BD46BDE8F0812846FDF750
:103F500021FF0028E8D08468002CE5D0183C04F14B
:103F60001403184614F0FBFE02071FD4184614F081
:103F7000F6FE8307C0F3400618D40E4A21462846B1
:103F8000FEF740FA002811DAE8468AB06A460A4B82
:103F9000C2E905350523C2E9074042F8103F07484A
:103FA00033464FF42251F4F759F8C546A469D3E7D4
:103FB000D52D0500538D0600972C0700B8D90600B3
:103FC00030B5B5B0002301918DF8080033930F4A46
:103FD00001AB04460D4601204FF6FF7115F05DF967
:103FE000339B83B19B0003AA20462946F7F7E0FFE5
:103FF000044628B10346064A0648012114F0A7FEEC
:10400000204635B030BD1A46EEE700BF61200500FE
:10401000BF2C0700B8D906002DE9F34100F188084C
:10402000CDE9001204460F46007A4146164613F0C9
:1040300058FC0F4A05466B464FF6FF71012015F0FC
:104040002CF91DB1207A4146FFF7BAFF207A394694
:10405000FDF76EFD40B13146013014F071FE1DB127
:10406000207A4146FEF724FB02B0BDE8F08100BF94
:10407000212005002DE9F74F044603463B4A4FF641
:10408000FF71012004F1880615F007F9207A314606
:1040900015F00CFB207A314613F023FC50B1237A43
:1040A0008DF80430324A00966B464FF6FF710120BE
:1040B00015F0F3F82046FDF76DFE074640B920469F
:1040C000FDF722FE054600283DD103B0BDE8F08F84
:1040D0008568002DF3D055F81889B8F1000F01D08C
:1040E000A8F118084FF00009CA4601E04546984675
:1040F00005F1140B6FF00801584614F012FE207AF7
:10410000314613F0EEFB80B9A5F810A02B464A46C5
:1041100039462046FDF760FDB8F1000FCFD0D8F842
:104120001830002BE2D0183BE0E7584614F017FE99
:10413000C307E9D47B781BB13146781C14F000FE2C
:1041400005F11809E8E7207A314613F0CAFB28B9CF
:10415000284603B0BDE8F04FFDF7BCBF3146681CF0
:1041600003B0BDE8F04F14F0EBBD00BF85220500A1
:10417000F91F0500034B42689A4204BF8369198204
:10418000704700BFD93A050008B50146084815F048
:104190000CFB50B9074815F008FB28B1012306486D
:1041A0004FF4AC7202FB030008BD0023F7E700BF29
:1041B000945E0020EC5F0020905E002010B50C4A59
:1041C00011680C4ABFF35B8F00F5A87353E8004FEA
:1041D000944204D143E8001CBCF1000FF6D1BFF3B8
:1041E0005B8FBFF35B8FD0F85001BFF35B8F10BDC7
:1041F000DC810020905E002008B5FFF7DFFF03465A
:10420000C8B1D0E9001221B9002A0CBF0320022056
:1042100010E032B1836813B9094B1B7833B904201D
:1042200008E00749087828B19B6833B9003A18BFFD
:104230000122500008BD0320FCE70120FAE700BF7F
:104240004F9D002070B504460D460430052115F041
:10425000ACFAF0B9042D1BD8E37AA27C1340DB073B
:1042600031D4237BE27C134313F0040010D02046AA
:10427000FFF7C2FF174B05EB85051D44285C04289A
:1042800006D1D4F8EC30DB78002B14BF01200220DB
:1042900070BD237BE07C03EA0002160704D5E27AB6
:1042A000A67C3243D20710D4042D10D8034313F058
:1042B0000400EDD02046FFF79FFF074B05EB850577
:1042C0002B44185CE4E70620E2E70846E0E700201C
:1042D000DEE700BFAE3107009531070038B505466F
:1042E000FFF76CFFD5F8EC309B7A032B04460AD01D
:1042F00005D8013B012B8CBF0020012038BD042BC9
:104300000FD00020FAE72846FFF776FF032806D1F2
:10431000002CF6D0E068003818BF0120EEE701203D
:10432000ECE72846FFF768FF032802D11CB1E468D8
:104330000CB1024B1C7804F00100DFE74F9D002018
:1043400030B5037A87B00446052B1ED8DFE803F0AA
:10435000250303251D3290F8DC20D0F8D830D34057
:1043600003F0010343F08003134902AD009509688F
:1043700004F1370204F1570015F0B6FE78B10F4A88
:104380000F48012115F00FFA04E00E4A0C480121F4
:1043900015F09FFA082007B030BD0023E4E7102293
:1043A000294604F1170018F079FE003818BF0120E3
:1043B0008000F0E70020EEE744830020152D070081
:1043C00028DA0600F92C070008B5034A0348012142
:1043D00015F0E9F9002008BD2E2D070028DA0600A7
:1043E00008B5034A0348022115F0DDF9032008BD92
:1043F000492D070028DA060037B51346002200923F
:1044000004460D460A46D0F8EC00062113F0C5FE1E
:1044100060B1693004D1084A0848012115F0C3F998
:10442000284603B0BDE8304003F0B8B8204603B0DA
:10443000BDE8304015F05ABAB026070028DA060069
:1044400070B50446D0F8EC60FFF7B8FE04210546CD
:1044500004F1D80008F0DAFEC0B9D4F8D8300C4A1C
:10446000B3FBF2F102FB1133C4F8D83084F8DC005E
:1044700055B12B6843B10B21201D15F03EFA2B6876
:10448000D4F8D81030469847002070BD0820FCE7CB
:1044900040420F0038B5EC220546002118F071FFAC
:1044A000102105F1270008F0B1FE044648B90521A6
:1044B000284615F022FAFAF7ADFF034B18602046A4
:1044C00038BD0824FBE700BF4483002038B5051D34
:1044D00004460821284615F010FA084904F157004F
:1044E000FAF7A8FF48B10821284615F0E3F9044877
:1044F000044A012115F057F9082038BDE59E060051
:1045000028DA0600842D070073B50446D0F8EC6065
:10451000FFF754FE06F188010546307A01F090FF5E
:10452000237A50B1427BD20707D533B92C4A2D48A4
:10453000012115F038F9082019E0062B48D8DFE8EA
:1045400003F0153F184747470400002D46D0EB689D
:10455000002B43D000230A21201DADF8043015F0B4
:10456000CCF9EB68D4F8EC0001A99847002002B020
:1045700070BD04210DEB010008F048FE0028DAD1DF
:10458000019B194AB3FBF2F102FB113301934DB1C8
:104590002B683BB10B21201D15F0AFF92B68019959
:1045A00030469847019B84F84730C3F307221B0C21
:1045B00084F849301B0A84F8482084F84A30D5E74B
:1045C000201D0A2115F099F96B6830469847CDE710
:1045D000064A0448012115F07CF9ACE70220C6E741
:1045E0009D2D070028DA060040420F00F92C070035
:1045F00073B5047A022C054623D844B190F8DC3018
:10460000D0F8D840DC4004F0010444F080040321D9
:10461000284615F097F90646D8B110210C3016F04F
:10462000E8FA009013482346006805F1270205F1D7
:10463000570115F059FD044680B1304602F0AEFF37
:1046400007E0032C08D00C4A0C482346012115F042
:1046500040F9082002B070BD0024D8E70246314678
:104660002846FFF7C9FE281D214615F023F92046EC
:10467000F0E700BF44830020F92C070028DA060089
:1046800070B50C21054615F05DF90446F8B14021DE
:104690000C3016F0AEFA0F4B1B680246014603F1D0
:1046A000200053F8046B41F8046B8342F9D12032A7
:1046B00003F1200153F8040B42F8040B8B42F9D1AB
:1046C000284600222146FFF797FE002070BD0820F3
:1046D000FCE700BF4483002070B50446FFF76EFD81
:1046E000261D05460E21304615F05FF870B9264BA1
:1046F0002022196804F1570018F0D0FC30B9234A81
:104700002348022115F04FF8082012E02046FFF759
:10471000B7FF70B9237A052B30D8DFE803F0031810
:104720000B032F2C0421204615F0E7F8FFF760FF5C
:10473000E0B170BD2046FFF783FE0028F9D10321C8
:10474000204615F0DAF80E2115F0D7F80EE02046D5
:10475000032115F0D2F80E2115F0CFF830460A21CA
:1047600015F0CBF86B68D4F8EC0098472046BDE80C
:10477000704015F0D6B804212046E5E7054A044804
:10478000012115F0A6F8BFE744830020CA2D0700D9
:1047900028DA0600F92C07002DE9F3410E460446FD
:1047A000FFF70CFDF36804F157080546424603F194
:1047B000200153F8040B42F8040B8B42F9D104F1A9
:1047C000770203F1200153F8040B42F8040B8B42EB
:1047D000F9D14046FAF790FDD0B9D4F8EC30DB7847
:1047E000002B40F08C80271D0E21384614F0DDFF91
:1047F000002832D14A4B20221968404618F04EFC5E
:1048000058BB484A4848022114F0CDFF082021E057
:10481000464A4548032114F0C6FF0E21201D15F01D
:104820006CF8D4F8EC60D6F8B83033B9307A06F1C9
:10483000880101F069FDC6F8B800D6F8B830002B41
:10484000CBD0DA8902F02402002AC6D05B7B9B071A
:10485000C3D4032002B0BDE8F081237A052B48D8E9
:10486000DFE803F0031E080347280321204615F064
:1048700044F80FE02046FFF7E3FD0028EAD10321CA
:10488000204615F03AF80E2115F037F8FFF7B0FE84
:104890000028DFD1204602B0BDE8F04115F041B854
:1048A0000A21384615F029F86B68D4F8EC009847CF
:1048B0000E21DBE7102104F1270008F0A7FC0646D3
:1048C0000028A3D155B3EB6843B3194B01A91B884A
:1048D000ADF80430204614F049FF3846C4E9386684
:1048E0000C2115F00AF8EB68D4F8EC0001A9984700
:1048F000D0E7104A0C48012114F0EBFF86E7084B83
:104900001D682DB9201D062114F0F7FF2846A1E7E8
:10491000204602B0BDE8F041FFF7DEBE022099E775
:1049200044830020CA2D070028DA0600E52D070081
:104930000AE30600F92C07002DE9F04104468CB08B
:104940001022002108A818F01CFD237A052B34D86A
:10495000DFE803F0060303063323D4F8D8300893C6
:10496000D4F8EC3004F1470204F1C706CDE9016246
:1049700004F1270703F1960204F1370800928F3300
:104980004246394604F1970001F03AFEF0B11E4A62
:104990001E48012114F007FF14E0D4F8E430002B86
:1049A000DED008AD03F11006186859682A4603C224
:1049B0000833B3421546F7D1D2E7154A134801210F
:1049C00014F087FF08200CB0BDE8F081D4F8EC307B
:1049D00003F196028F3304AD019304F10A030292AE
:1049E0000093039508AB42463946304615F0A1FBCB
:1049F00008B1084ACCE70D21204614F07EFF294675
:104A000014F0F7FFDFE700BF062E070028DA0600E4
:104A1000F92C07001B2E07002DE9F043044691B046
:104A2000102200210CA818F0ACFC237A052B34D8F6
:104A3000DFE803F0060303063323D4F8D8300C93E1
:104A4000D4F8EC3004F1470204F1C705CDE9015276
:104A500004F1370603F1960204F1270700928F3321
:104A60003A46314604F1970001F0CAFDF8B13D4ADB
:104A70003D48012114F097FE14E0D4F8E430002BF7
:104A8000DED00CAD03F11006186859682A4603C23F
:104A90000833B3421546F7D1D2E7344A32480121F0
:104AA00014F017FF0825284611B0BDE8F083D4F8AC
:104AB000EC3003F18F0296330DF12008019304F1DD
:104AC000110302920093CDF80C800CAB32463946AC
:104AD000284615F02EFB08B1254AC9E7237A052B95
:104AE0000FD1D4F8E01019B30B460DF1300C01F1E1
:104AF000100E18685968624603C20833734594461D
:104B0000F7D1D4F8EC3003F196028F330DF1100990
:104B1000019304F10A0302920093CDF80C900CABC0
:104B20003A463146284615F004FB30B1114A9FE75A
:104B300010220CA818F025FCE3E71022494604F1E6
:104B4000B70018F0ABFA58B94146204614F051FFAF
:104B500005460028A7D10121201D14F0CEFEA2E7B2
:104B60000B25A0E7062E070028DA0600F92C07001F
:104B70001B2E07003E2E07002DE9F041D0F8EC7007
:104B8000CE68FD7890B00446002D69D110222946E8
:104B90000CA818F0F6FB237A052B50D8DFE803F0B9
:104BA000060303064F3ED4F8D8300C9307F18F0369
:104BB0000DF120080293963704F111030093CDF80C
:104BC0000C8001970CAB04F1270204F1370104F1CA
:104BD000C70015F0AEFA002836D110223146404603
:104BE00018F05CFA002839D1227D637B9A4294BF89
:104BF00000920093CDE90600ADF8140004F14703DC
:104C0000D4F8EC0005AA06A913F07AF9002820DAF6
:104C1000284A2948012114F0C6FD15E0D4F8E030F7
:104C2000002BC3D00DF1300C03F1100E1868596839
:104C3000624603C2083373459446F7D1B6E71F4A6C
:104C40001D48012114F045FE0825284610B0BDE896
:104C5000F0810121201D14F050FEF6E70B25F4E74A
:104C6000012D18D1051D1021284614F023FE3146D0
:104C700004F1B70306F1100251F8040B43F8040BDA
:104C80009142F9D10721284614F08FFD28B109215E
:104C9000284614F032FE0025D7E70A21284614F0F2
:104CA00084FD0028F3D1204610B0BDE8F041FFF7A5
:104CB000B3BE00BF622E070028DA0600F92C0700F9
:104CC00038B5174B1B78054623B301F00F0428466F
:104CD000FFF792FA134A03280CBF04F00B0444F0C8
:104CE000040405F5AA731278BFF35B8F53E8001F25
:104CF000013103D143E800200028F7D1BFF35B8FD7
:104D0000BFF35B8FD5F85431BFF35B8F2BB144F009
:104D1000010038BD01F00704D9E704F0FE00F8E710
:104D20004F9D00201C1B0020F8B5054614F0D3FD54
:104D30000446002878D0061D0421304614F035FDC5
:104D4000002874D10221304614F02FFD002867D1CD
:104D50000321304614F029FD10B16FF00F00F8BDAB
:104D60000121304614F021FD0028F6D12046FFF73E
:104D7000B5FA00285ED0D5F8B83033B12046FFF739
:104D800089FB70B16FF06800E9E7287A05F18801C6
:104D900001F0BAFAC5F8B8000028EFD16FF00B00A7
:104DA000DDE70121204614F0CDFD07460028E9D0BB
:104DB00006210C3015F01DFF092105462046FFF79E
:104DC0007FFFA8702046FFF717FA1C4B28701B784E
:104DD00043BB1B4B1B786B701023EB70AB7813F04D
:104DE000010318BF03232B716B7184F8E83084F83A
:104DF000E930012363722B68C4F80A30AB88E38181
:104E0000002239462046FFF7F7FA2046022114F027
:104E100074FD0B2114F071FD0321304614F06DFD7B
:104E200000209CE70123D6E76FF07F0097E76FF043
:104E3000040094E76FF0150091E700BF509D00203B
:104E4000519D00202DE9F341061DD0F8EC40CB68C0
:104E500007460221304614F0A8FC00286BD103213C
:104E6000304614F0A2FC002865D10121304614F030
:104E70009CFC00285FD11D78304B1B787BB105F07E
:104E80000F05D4F8B8306BB1DB8903F02403D3B934
:104E90002046FFF749FF002845DB0F2148E005F0D9
:104EA0000705EEE704F18808217A4246202001F048
:104EB00069FAC4F8B80030B9217A4246042001F0FA
:104EC00061FAC4F8B800D4F8B8100029E0D06B0734
:104ED00011D54B7BD8070ED43846FFF78DF9032840
:104EE0002B4602D0164A032101E0164A0221164839
:104EF00014F0EFFCCCE72A0704D5CB899B0601D43C
:104F00002B46EFE70B7B009301F1180201F11A0326
:104F10002046103112F0F4FF002808DA0B4A0A4844
:104F2000012114F040FC082002B0BDE8F08101210D
:104F3000304614F0E2FC0020F6E700BF4F9D002051
:104F40007D2E0700A42E070028DA0600622E070037
:104F50002DE9F0410D46D0F8EC600446FFF72EF93C
:104F6000ED68EB78073B092B804600F2CD80D6F840
:104F7000B8306BB1271D0F21384614F016FC90B9DC
:104F80002046FFF787FA70B1C5B22846BDE8F08128
:104F9000307A06F1880101F0B7F9C6F8B8000028A8
:104FA000E8D10825F1E7012363722B68C4F80A30C1
:104FB000AB88E38102232374A9782046FFF780FEA3
:104FC000E0742046FFF718F91023607423752B79DD
:104FD00003F0030363756B7903F00303A375E37CAC
:104FE0001A070ED5AB781B070BD50521384614F0F0
:104FF00084FC637D03F002036375A37D03F0020369
:10500000A3750521384614F0D0FB002853D0414B3E
:105010001B78A374E37C980606D5AB78990603D574
:105020001421384614F069FCE37CDA0745D5AB78E7
:10503000DB0742D50D21384614F05FFCA37D84F8D0
:10504000E830637D84F8E9300321384614F055FCDC
:1050500029782046FFF7F6F82072D6F8B8102046D7
:1050600014F0E3FB002851D0204614F0FFFB054666
:1050700000288AD10521384614F097FB60BB2046F2
:10508000FFF79CF806462046FFF73EFA00283FD17E
:10509000237AB3B90F21384614F087FB88B986B15B
:1050A000736973B138460A2114F027FC7369D4F888
:1050B000EC00984769E7184BAAE700236375A375CE
:1050C000BCE70321204614F018FC0E2114F015FC57
:1050D000BDE8F04114F055BC237A93B90F2138464E
:1050E00014F063FB68B9B8F1000F0AD0D8F8143097
:1050F0003BB138460A2114F000FCD8F81430304691
:10510000D7E70C212046E1E706253EE703253CE7EB
:1051100005463AE7519D0020509D002038B51249C0
:105120000446A0F1EC05343017F0F7FB284614F0E4
:10513000AAFCBFF35B8F0D4A04F1640353E8001F20
:1051400043E800200028F9D1BFF35B8FBFF35B8FEA
:1051500068344FF0FF3354E8002F44E80031002951
:10516000F9D1BFF35B8F38BD6D610500905E002003
:1051700070B5061DCD6804460B21304614F09AFB2D
:105180002B4604F1170205F1100153F8040B42F805
:10519000040B8B42F9D1D4F8EC30DB783BB92046D4
:1051A000042114F0AAFBBDE8704014F004BC0521F2
:1051B000304614F0FAFA20B92046BDE8704014F0E9
:1051C00016BD237A012B09D0022B13D120460421CE
:1051D00014F093FBBDE87040FFF70ABA0A2130468D
:1051E00014F0E3FA0028F1D03046002114F085FBDA
:1051F000002070BD0348044A012114F06AFB082016
:10520000F7E700BF28DA0600F92C07002DE9F04186
:105210000D46D0F8EC800446FEF7D0FFED68EB7841
:10522000073B092B074600F2A9802A7994F8E83059
:10523000134084F8E8306A7994F8E930134084F830
:10524000E930022323742B68C4F81130AB88A4F82A
:105250001530AB781B0706D5237B1E0703D5052128
:10526000201D14F04AFBAB78980606D5237B9906DF
:1052700003D51421201D14F040FBAB78DA073BD591
:10528000237BDB0738D50D21201D14F036FB297850
:105290002046FEF7D7FF2072D8F8B810204614F049
:1052A000C4FA00286CD0204614F0E0FA064600BB91
:1052B000251D0521284614F078FAB0BB2046FEF7DC
:1052C0007DFF07462046FFF71FF900285AD1237AB1
:1052D000B3B90F21284614F068FA88B187B17B6909
:1052E00073B128460A2114F008FB7B69D4F8EC005E
:1052F00098473046BDE8F0810023A4F8E830C6E7BF
:105300000A21284614F051FA50B92046032114F01E
:10531000F4FA0E2114F0F1FABDE8F04114F037BCB4
:105320000021284614F0E9FAE3E7B4F8E83023F462
:105330007D4323F0FD03A4F8E830237A73B90F21ED
:10534000284614F032FA48B147B17B6933B1284698
:105350000A2114F0D2FA7B694046C9E70A4B1B6860
:105360000BB90621DDE720460C2114F0C6FA0B210B
:1053700014F0A0FABDE8F041FFF782B90626B8E7BD
:105380000326B6E70646B4E74483002080B500AFA5
:1053900088B06A46074BC2E90530032342F8103F44
:1053A000054800234FF4C251F2F758FE6FF00B008E
:1053B000BD4680BDD32E070028DA060010B40C4A83
:1053C000D2F8EC3033B1D2F8443213B110BCFFF74D
:1053D000DDBF01234FF4AC704343D018054CC0F837
:1053E000F040EC331A44002010BC0A60704700BF44
:1053F000905E002014ED06002DE9F0410B4600AF51
:1054000006460D21043014F0D0F978B3DD68D6F8E3
:10541000EC3003F18808197A4246022014F007FEA6
:105420000446C8B94046F6F719FC6D4688B06A468E
:10543000114BC2E905304FF4007393830F4B42F8D0
:10544000103F0F4823464FF4E251F2F707FE0820C1
:10545000AD46BD46BDE8F0812B462A3405F1100269
:1054600053F8041B44F8041B9342F9D13046092138
:1054700014F043FA0020ECE7F82E070003000001C7
:1054800028DA06002DE9F0410B4600AF06460D2153
:10549000043014F08AF978B3DD68D6F8EC3003F103
:1054A0008808197A4246042014F0C1FD0446C8B9A0
:1054B0004046F6F7D3FB6D4688B06A46114BC2E909
:1054C00005304FF4007393830F4B42F8103F0F48A1
:1054D00023464FF4E251F2F7C1FD0820AD46BD4628
:1054E000BDE8F0812B461A3405F1100253F8041B75
:1054F00044F8041B9342F9D13046072114F0FDF91A
:105500000020ECE7F82E07000300000128DA06006F
:105510002DE9F0470D468CB00446FEF74FFEEB68D0
:1055200004F1370906464A4603F1100153F8040B0B
:1055300042F8040B8B42F9D1271D0521384614F09F
:1055400034F9D4F8ECA0002878D10AF1960304F1DC
:10555000470808AE01930AF18F030093029604F105
:10556000100304F109024946404614F0B5FA90BB15
:105570001022314604F1170017F090FD00285BD18E
:105580009AF8035004F12702334675BB5168D4F8EA
:10559000270003C3D4F83700D9F80410324603C3F8
:1055A0003146404616F05DFCA8B9227D637B9A42E5
:1055B00094BF00920093CDE90600ADF81400334685
:1055C00005AA06A9504612F09BFC30B1854A8648D0
:1055D000012114F0E8F8082503E00121384614F011
:1055E0008CF928460CB0BDE8F087D4F83700D9F81C
:1055F000041003C35168D4F827000AAB03C3324632
:105600003146404616F02DFC08B1784ADFE70CAA77
:10561000334603CB9342C8F80000C8F804101E4676
:1056200008F10808F4D10121384614F066F9204643
:1056300014F0C1F90546D4E70425D2E79AF80330FF
:10564000002B56D12046FEF77BFE05460028C8D128
:10565000237A052B36D8DFE803F03B1D1D03353BCD
:1056600008AB6348009300684B4604F1270204F13D
:10567000570101F02DF80028ADD10A21384614F069
:105680003CF9092114F039F9B3680899D4F8EC0011
:10569000984726E094F8DC300133DBB2142B84F811
:1056A000DC3015D0102104F1270007F0AFFD0028F1
:1056B00091D10321204614F020F90CB0BDE8F04749
:1056C000FEF796BF4B4A4848012114F002F982E7E1
:1056D0000721384614F069F828B10921384614F03A
:1056E0000CF900257DE720460CB0BDE8F047FFF738
:1056F00023B9237A052BE5D801A252F823F000BF85
:105700004757050053570500535705001957050023
:10571000C5560500A557050008AB35490093096833
:1057200004F127034A4604F1570000F0D1FF002896
:105730007FF451AF0A21384614F0DFF8B3680899B6
:10574000D4F8EC0098470D21204614F0D6F810212B
:105750006AE72046FEF7F4FD054600287FF441AFD6
:105760000321204614F0C9F814F025F90546002855
:105770007FF437AF94F8DC300133DBB2142B84F8BC
:10578000DC3005D10D21204614F0B7F81021A5E733
:10579000102104F1270007F039FD051E18BF01256F
:1057A000ED001EE7102104F1270007F02FFD05464C
:1057B00000287FF410AF96B1F36883B10E4B08A9AF
:1057C0001B88ADF82030204613F0D0FF0C21C4E92F
:1057D0003855384614F091F8F36808A956E70225C1
:1057E000FFE600BF622E070028DA0600122F07002E
:1057F00044830020F92C07000AE306002DE9F04F4E
:1058000089B0D0F8EC60D6F8B85000AF0446C5B9FE
:1058100006F18800F6F722FA6C4688B06A466C4BAF
:10582000C2E905304FF4007393836A4B42F8103F8E
:1058300069482B464FF4E251F2F710FCA5460820C8
:105840001EE000F104090521484613F0AEFF90B9AF
:1058500094F8E830DA070ED5D4F8EC301A21381D68
:10586000D3F8B85007F0D2FC824668B15B4A5A4878
:10587000012113F098FF94F8E8309B0760D40020D2
:105880002437BD46BDE8F08F0621204614F05AF8B3
:10589000804608B9524AEAE710210C3015F0A9F900
:1058A0002A7B391D834617F044FD287B0F2805D835
:1058B000C0F110025146584417F063FD41460022E2
:1058C0002046FEF799FD0721204614F03BF880465C
:1058D00008B9444ACBE70A210C3015F08AF907F1E0
:1058E0001402034603CAC3F80200C3F80610BA8BB9
:1058F0001A80414620463C4AFEF77EFD0D2148466F
:1059000013F053FF07F114080028B4D001212846F2
:1059100014F09DFB3B1D05F14A0C1A4603CA424593
:10592000CCF80000CCF8041013460CF1080CF4D1AC
:10593000434603CBBB8B28646964A5F848309AE7DB
:105940000821204613F0FEFF054628B9274A2248C1
:10595000012113F028FF72E710210C3015F049F9EE
:10596000327ADFF88C804FF4B47303EB02134344B4
:10597000024603F1100E9C46BCE80300F44510609B
:105980005160634602F10802F5D129460022204603
:10599000FEF732FD0921204613F0D4FF054608B971
:1059A000144AD4E707210C3015F023F9337AC3EBFE
:1059B000C30308EB030258F8033003609388838025
:1059C000937983710C4A29462046FEF715FD56E768
:1059D000272F07000300000128DA06003C2F0700EC
:1059E000572F07007E2F0700B99F0600A62F07003C
:1059F000B8070020CB2F0700A99F0600F8B5D0F804
:105A0000EC40D4F8B8300646051D002B32D10221F7
:105A1000404A414813F0C7FE0721404B5F5CD4F871
:105A2000B8304BB11B7B002B5CD1D4F8B80014F01C
:105A300012FB0023C4F8B8300221284613F0B5FE4B
:105A400040B9072F96BF364B1F21D95D3A462046F5
:105A5000FAF708FB0321284613F0A7FE68B3314B81
:105A60001B6853B31D6805B10C3D53F8083C002B6F
:105A700041D143E081BB0D21284613F096FE074635
:105A800020B1D4F8B80008B100F0A2FD254B1B6886
:105A90009BB11D6805B10C3D53F80C3C13B1394660
:105AA000204698474DB12B46ED681B681DB10C3D53
:105AB000002BF4D1F7E7002BF1D1304613F0E3FFD0
:105AC000637B072B24D1627AA37A9A4220D02046A6
:105AD000BDE8F84014F05EB90139C9B20E299CD96D
:105AE00009279CE70221284613F05FFE00289CD17D
:105AF000A2E70C3D23B1394620469847002DDCD063
:105B00002B46ED685B68002DF3D1002BF3D1D4E771
:105B1000F8BD00BFF52F070028DA06008631070020
:105B200075310700D4810020031DF7B506460F46E6
:105B30001846022113F039FE044620B1B6F8E840B9
:105B4000B4FA84F464090321184613F02EFE88B1D8
:105B500039463046FFF752FFCCB11B481B4A0221A1
:105B600013F021FED6F8EC00052112F083F9002095
:105B700003B0F0BD0121184613F017FE0028E7D14D
:105B80000F21184613F011FE0028E1D1E4E70521AA
:105B9000304613F0D7FE054690B101210C3015F0C8
:105BA00028F807700094D6F8EC0023462A46062110
:105BB00012F0F3FA0028DAD0284601F0EFFCD6E71D
:105BC0006FF06800D4E700BF28DA06001F30070036
:105BD0002DE9F3410B8A04460E4643B92D4A2E485F
:105BE000012113F0E0FD002002B0BDE8F0810121A9
:105BF00006F10C0015F02EF8A4F1EC05E83C074680
:105C00000421204613F0D1FD3B7828B1234A2248D5
:105C1000022113F05EFEE6E70E2B01D9204AF6E7DB
:105C2000DFF8808058F833204AB902211E4A1A480A
:105C300013F04FFE07212846FFF776FFD3E71946FA
:105C4000284613F0F4FE3B7860B91348174A022146
:105C500013F03FFE0321204613F0A7FD0028C2D019
:105C60000821E8E708EBC301328A0979914208D09C
:105C700001210093084813460D4A10F094FD0A21B3
:105C8000D9E7314658F8333028469847014600286E
:105C9000A9D0D0E77730070028DA06009230070055
:105CA000C33007003CED0600E5300700FF30070079
:105CB0002727070038B5134C00250621201D13F0B7
:105CC00074FD78B1D4F8EC30DB78204683B9FEF768
:105CD000D7FC014610B12046FFF726FF0C212046D5
:105CE00013F00BFE04F5AC7405B138BD0125E4E7F3
:105CF000FEF7F2FC01460028F4D02046FFF714FF1F
:105D0000F0E700BF905E002008B5084B186030B97E
:105D1000BDE80840064A0748022113F044BD064882
:105D200009F0F4FFBDE80840FFF7C4BF448300203A
:105D30001A31070028DA0600EC1C00202DE9F04794
:105D400082B090F8E930D1F80C80D0F8EC6023F004
:105D5000020380F8E93098F8003000AF044606F1FD
:105D60008809BBB398F8063003F0C003C02B31D0CC
:105D70004046F5F773FF6E4688B06C46604BDFF81F
:105D8000848125464FF4007AC4E90530A4F81CA0AC
:105D900045F8108F00232A464FF4E2515A48F2F793
:105DA0005DF94846B546F5F759FFA546574BA4F8A7
:105DB0001CA0C4E90530C4F81080534800232A46CB
:105DC0004FF4E251F2F74AF90A20B5460837BD46CA
:105DD000BDE8F08707224146484617F05FF968B1F1
:105DE000307A414600F02CFB054638B1014620468A
:105DF00013F01BFD28B3284614F02DF90D21201DAA
:105E000013F0D3FC002857D0317A4A46022014F010
:105E10000EF90546B8B94846F5F720FF6C4688B03C
:105E20006A463B4BC2E905304FF400739383354B10
:105E300042F8103F34482B464FF4E251F2F70EF986
:105E4000A5460820C2E7F378002B44D106F196035B
:105E50001878012828D19A7902F0C002402A23D16B
:105E6000D3F80120C5F83A20B3F80530EB8796F84F
:105E70008830CBB196F88E3003F0C003C02B13D01E
:105E800024493A46C7E90098F9F7E8FFD8F8003006
:105E9000C5F80130B8F80430A5F8053098F8063098
:105EA000EB713046FAF7B0F82846F8F7F5F9A8B1E3
:105EB000FEF796FA002889D194F8E9305B0703D5FC
:105EC0000A21204613F019FDF3785BB1B4F8E8100D
:105ED00091B100207AE706F18F03B9E72846F8F779
:105EE000EBF9E9E794F8E930002BEFD12046FFF712
:105EF00085FC0028EAD069E72046FFF77FFDE8E748
:105F0000333107000300000128DA0600342F0700B0
:105F1000F82E07005B9A06002DE9F8430446D0F8F6
:105F2000EC6000AF0B4604300D2113F03EFC68B36B
:105F300006F18809317AD3F80C804A46042014F01F
:105F400076F80546C8B94846F5F788FE6C4688B02D
:105F50006A46214BC2E905304FF4007393831F4B0F
:105F600042F8103F1E482B464FF4E251F2F776F804
:105F70000820A546BD46BDE8F883424632F8023BFC
:105F80000383D8F8023003615368436194F8E93021
:105F900023F0010284F8E9209A070AD50821204657
:105FA00013F0ABFCF37843B1B4F8E81079B10020FA
:105FB000E0E75B07F6D50A21F1E794F8E930002B1A
:105FC000F2D12046FFF71AFC0028EDD0D2E7204698
:105FD000FFF714FDEBE700BFF82E070003000001F8
:105FE00028DA06002DE9F0410E460446D0F8EC8090
:105FF000FEF7E4F8F668114A337801210546271DBB
:106000000F4813F066FC0A21384613F010FD38B132
:106010006DB920463178FFF7F1FC0020BDE8F08132
:106020000B21384613F003FD0028F1D1F1E72B696D
:10603000002BEED040469847EBE700BF4731070002
:1060400028DA06002DE9F0410546A0F1E8060446ED
:1060500088463046012155F8EC7913F0E8FC002819
:106060006FD0B8F1000F19D00321304613F09DFB1B
:10607000002866D04046F7F715F90138C0B2082865
:106080009ABF394B1C5C00240221304613F035FCCA
:1060900021462846BDE8F041FFF7B0BCFB7A002B53
:1060A0004FD00321304613F080FB20B92846BDE8CD
:1060B000F04113F0E8BC0521304613F076FBB8B18F
:1060C00014F8043C1A0707D514F8033C1B0703D542
:1060D0001121304613F011FC14F8043C23F008039E
:1060E00004F8043C14F8033C23F0080304F8033CD0
:1060F00014F8033CD80726D50621284613F0FDFBEB
:10610000FB786BB914F8033C9B0709D4D7F8B88027
:106110004046F8F7C1F8F0B1FEF762F90146F0B970
:106120000221304613F0E9FBFB7813B914F8033C65
:106130003BB92846FFF762FB18B934F8041C002964
:10614000A7D0BDE8F081990701D50821D5E75A0706
:10615000D6D50A21D1E74046F8F7AEF8E0E7284661
:10616000FFF74CFCDCE700BF7D31070010B5094AA2
:1061700004460121084813F016FBA4F5907008218D
:10618000FFF73CFCA4F58E700421BDE8104013F02D
:10619000B4BB00BF6931070028DA06002DE9F843D7
:1061A00000AF044613F097FB054670B3061D0321AC
:1061B000304613F0FAFA40B3D4F8B80008B113F03F
:1061C0004AFF04F18809207A494600F09DF880468C
:1061D000C4F8B800E0B94846F5F740FD6C4688B011
:1061E0006A463B4BC2E905304FF400739383394B49
:1061F00042F8103F38484FF4E2514346F1F72EFF82
:106200000821A5462846FFF78FFCBD46BDE8F88368
:106210000E21304613F0C9FA28B1D4F8B820537BC8
:1062200043F0020353732A7AD4F8B810032A4B7B45
:106230003AD8002A3FD0D4F8B820537B43F001036A
:1062400053732B7D697BD4F8B8208B4228BF0B4653
:1062500013730521304613F0A8FAD4F8B8305A7BEE
:1062600090B342F010025A730D21304613F09DFA9C
:106270000028CAD0D4F8B800202113F0E8FED4F8E2
:10628000B83005F147021A33573552F8041B43F86A
:10629000041BAA42F9D1D4F8B8200023136153613A
:1062A000D4F8B8201383B0E7053A012A03D843F0A5
:1062B00020034B73BFE723F020034B73D4F8B820BF
:1062C000537B23F00103BBE722F010025A739CE7D3
:1062D000F82E07000300000128DA060008B5074B76
:1062E000074893F8A23003F006039A1F5342534124
:1062F000044A1370F9F70CF8002008BDB807002015
:10630000741800204F9D002070B50F4C14F8013B0D
:10631000834206460D4604D10722204616F0BEFEF3
:1063200068B10A490A48072216F0B8FE48B904F8CD
:10633000016C2B682360AB88A380AB79A371024802
:1063400070BD0020FCE700BF488300202312070037
:106350004983002010B40B461146044AD4890442F4
:1063600002D010BC1046184710BC7047488300206C
:1063700008B5034900223F20FFF7ECFF002008BDCD
:106380002BA00600F8B50C4CE389074620463B409D
:106390000D464FF00006114610F8012B07D095422C
:1063A00003D1072216F07AFE18B1304600E01846F5
:1063B000F8BD2046FCE700BF48830020F8B50B7805
:1063C000012B06460C4601D00020F8BD8B7903F066
:1063D000C003402BF8D1174DEF892946BF0711F8AC
:1063E0003A2B4FF0000304F1010006D5B24204D16C
:1063F000062216F053FED0B10023EA89297802F074
:106400000202002BE0D1002ADED0B142DCD1671CB1
:106410000948394611F093F801230028EDD0D4F84B
:106420000130C5F83A30054BB4F805209A80014890
:10643000CBE700BF488300207283002082830020C6
:1064400010B5074C2378834208D10722601C16F050
:1064500025FE00280CBF2046002010BD0020FCE7D0
:1064600048830020F0B59BB0144602AF064650B9F1
:106470004E4A4F48012110F083F96FF01505284668
:106480006437BD46F0BD502207F110011846A04701
:10649000041E06DA474A23464548012110F079F9DF
:1064A000EBE707F10801304611F073F8054698B1A3
:1064B0006C4688B002AA404BC2E905364FF400731F
:1064C00093833E4B42F8103F394800234FF4E2518A
:1064D000F1F7C4FDA546D0E7391D304610F052FB58
:1064E000786838B10A2229460DF0D2FD034608B17A
:1064F000334AD1E71CBB07F1080221463F20FFF7D2
:1065000041FF20B15C22214616F03BFFB7E707F1BF
:106510000800F5F7A3FB6E4688B002AA294BC2E932
:1065200005304FF400739383244B42F8103F20480A
:1065300023464FF4E451F1F791FDB5469FE707F18B
:1065400008010020FFF7E0FE0646C8B907F1080081
:10655000F5F784FB6C4688B002AA1B4BC2E90530F4
:106560004FF400739383154B42F8103F10483346A5
:106570004FF4E251F1F772FD6FF00B05A5467EE78F
:10658000502C0BD050230093104A09482346012178
:1065900010F009F9304613F05EFD6EE7224607F170
:1065A00010010C3016F0C5FE69E700BF4E1207005F
:1065B000D8D90600CE310700AC280700030000013F
:1065C000C8280700ED310700103207002F320700FE
:1065D00010B501460246502311F8010B0C32F5F7B5
:1065E00059FD044628B1044A03460121034810F02E
:1065F000D0F8204610BD00BF4D320700D8D90600A4
:106600002DE9F0479AB01D46DDE923972E4B16463B
:106610000CAA84468A4603F1300E904618685968E1
:10662000144603C4083373452246F7D118681B7912
:10663000206023716146202204A813F01FFD234827
:106640006B46202204A913F031FD0446C0BB102282
:1066500051460DF1350013F011FD102231460DF1B8
:10666000450013F00BFD2946062211F8013B8DF879
:1066700055300DF1560013F001FD2299062211F854
:10668000013B8DF85C300DF15D0013F0F7FC4B46DB
:1066900035224146684613F009FD044680B9484654
:1066A00013F0F6FC01238DF8303035223B4641468D
:1066B000684613F0FBFC044610B9384613F0E8FCBA
:1066C00020461AB0BDE8F0870CE306007A320700D6
:1066D00070B598B00E4614460146202204A81D4607
:1066E00013F0CCFC202231460CA813F0C7FC10227A
:1066F000294614A813F0C2FC10222146684613F064
:10670000BDFC6B46502204A9184613F0CFFC40B9DB
:10671000039B054A1BBAB3FBF2F102FB11331C9A2F
:10672000136018B070BD00BF40420F00F8B590F87C
:10673000DC10036E01295A68B0F8B83000AF044687
:1067400004D002292DD00020BD46F8BD190102EB6E
:106750000313B0F8DE0051589D880144B4F8DE60A0
:106760002068AE1BB6B2324613F0F3FE00281EDCE2
:10677000E9D06C468AB06B46124A5A61124A1862D6
:10678000C3E906264FF400729A841A460F4B42F86A
:10679000103F0F4800234FF43151F1F75FFCA5463D
:1067A000D1E7B0F8DE30416B058F1944D6E7B4F875
:1067B000DE30184480B28542A4F8DE008CBF002091
:1067C0000120C1E794320700B03207000500000144
:1067D000C0DA0600F8B50D4600AF0446002851D0D7
:1067E000036E002B4ED0B1B16E4688B01B680129F4
:1067F0006A460CBF24492549C2E905134FF40073CA
:106800009383234B42F8103F224800234FF4E45176
:10681000F1F724FCB546236E5B691BB1626829461B
:1068200020469847D4F8202100233AB1B4F8282113
:10683000012A9CBFC4F82031A4F82431C4E91333E1
:106840002366A36504F1780016F075F804F1E00002
:1068500016F021F804F1F00016F06DF8BFF35B8F2D
:1068600004F1BC0353E8001F21F0010143E80012CA
:10687000002AF7D1BFF35B8F84F8C05004F1C40045
:1068800009F044FABD46F8BDB9320700C532070029
:1068900003000001C0DA06002DE9F04FA0F5967460
:1068A000A0F58E7185B005462022206813F078FE91
:1068B000002840F35A8100272086B846228EBBB2BA
:1068C0009A4205D8284605B0BDE8F04F09F004BC4F
:1068D00014FA87F3B4F840101A7C0023DEB28E421B
:1068E00010D3E389A189994214D1A14AA148022178
:1068F0000FF046FF0023E3816387A4F84A30C4F811
:10690000203105E0E06B805D824203F10103E5D1B7
:106910000137D3E7B4F84A00B4F84810884201D1EF
:10692000954AE3E7A168CA54E389B4F838B0009304
:106930005E1CB6B25E45E681C0F08980D4F808904E
:10694000616BA6EB0B0A5A4609EB0A0016F0A6FB90
:1069500000287CD15E450AD1A5F596730022DA8124
:1069600025F8F22C25F8E22C45F80C2CD0E7D4F8C9
:1069700020316BBB09F80A30A5F1D600C5F1C80C6F
:106980004FF0140E30F8026F002291B28E4204D8FC
:1069900001339BB2032BF5D1DEE75CF810100EFB40
:1069A0000211013291F80490B9F1000FEDD1A4F871
:1069B0002831636C714AC4F820111A60636CA268B4
:1069C0005A600223A4F84A30204613F068FCC3E75B
:1069D000B4F8263193B1B4F84A10626CAAEB030AFA
:1069E00009EB0A0342F82130228FE3899B1AA2683F
:1069F000D054B4F84A300133A4F84A30204613F09A
:106A00004EFCA4F80E80A4F83A80A4F84A80C4F89A
:106A100020817DE7626B515CA2683244013312F839
:106A2000012C8A423FF474AFD9B25945F2D355F8DC
:106A30000C2CA5F5967362B9C5F1C801A5F1D60A6B
:106A400003913AF8021F02914FF0000E68E0002314
:106A5000EAE792F80CC0002081B261456AD30021B8
:106A6000B3F8262100297ED0B3F84AC0586C002A1A
:106A70006CD1424A40F82C20B3F84A200132A3F8E6
:106A80004A200022A3F8262142E7039951F81A1060
:106A9000142000FB0E1999F8041001918E423DD18B
:106AA00099684FF0000CDDF804B01FFA8CF05845DF
:106AB00022D3A4F82821009AA389C4F82091023295
:106AC00092B29B1A0B44A4F824211846013A16F0FE
:106AD00030FCB4F84A10626C42F82100A289A36825
:106AE0001344002203F8012CB4F84A30A4F82621FC
:106AF0000133A4F84A300BE7D9F8000011F80CB0C4
:106B000010F80C00834506D099F80DB01BF0010F6A
:106B100004D03F2802D10CF1010CC4E70EF1010EA4
:106B200002981FFA8EF18842AFD8013292B2032A3E
:106B300087D1EDE6916811F800E0996831440130A1
:106B400011F8011C714587D1012189E79968B21AB2
:106B5000013A114440F82C10D9899A680A4400215E
:106B600002F8011C88E701328CE705B0BDE8F08F20
:106B7000D3320700C0DA0600EA320700913B070073
:106B800038B50D4604464FF4A072002116F0F9FB0B
:106B90002B6863606B68A3602B89A381EB696364D6
:106BA0002B8CA4F84830EB6863632B7C23876B69DC
:106BB000E3632B7EA4F840306B6A63652B8DA4F8E9
:106BC0005C30002504F1BC03BFF35B8F53E8002F5A
:106BD00043E800510029F9D1BFF35B8F0122294618
:106BE00004F1C40015F07EFD04F596700E4915F011
:106BF000FCFD04F168000D4915F0F7FD04F1780083
:106C00000B4915F08AFE04F1A8000A4915F0EDFDC4
:106C100004F1E000084915F0E8FD04F1F00007492F
:106C200015F07BFE284638BD9968050011A30600C3
:106C300031A2060021A2060069A306008FA2060069
:106C400010B50246002408461160D48104495487D7
:106C5000A2F84A40C2F8204113F054FC204610BD6F
:106C6000D3A1060010B550F8083C50F8040C196880
:106C70008C880834224613F06CFCA042034606DAE6
:106C8000034A0448BDE8104001210FF082BD10BD49
:106C900014330700D0DA06002DE9F041044630F83D
:106CA000282C50F82C1C50F8140C13F079FC0028F8
:106CB00048DCBDE8F08134F81E2C54F8241C8B54B9
:106CC00034F81E5C2D490135ADB2062D08BF54F8CD
:106CD000242C24F81E5C02BF928808320A800A889D
:106CE000AA4248D154F8188C54F8246CD8F80810EB
:106CF000B3888A889A4210D10832304616F0CEF90D
:106D0000074650B904F1100009F000F804F81C7CA3
:106D10002046BDE8F04109F0DFB9D8F80030B1787D
:106D20009A78914203D1F278DB789A4203D000231B
:106D300004F81C3CECE7D8F804002A46314616F06B
:106D4000F8FAF4E754F82C3C14F81C2C1B78002AB1
:106D5000B1D10B4A1278B52A0DD1622B0BD101218A
:106D600004F81C1C54F8241C0A7054F8242C53708A
:106D7000022224F81E2C024A1370C9E7E09B00206F
:106D8000529D00202DE9F84F0B689B88B3F5807F5A
:106D900005460E464ED8BFF35B8F4368BFF35B8F4B
:106DA000DA074AD500F15C074FF0FF324FF0FF33AE
:106DB000384608F0CFFF041E2ADB4FF0000BEE61CF
:106DC00005F14408D94605F1240AB3895B4508DC7E
:106DD000002C1ADA1A4A1B485B4601210FF0D9FC35
:106DE00013E02B6A1BB3404608F0DAFF85F81890D1
:106DF000504609F071F9EB699B6863B9124A114872
:106E00005B4603210FF0C5FC0024384608F07EFFE6
:106E10002046BDE8F88FD6E90423404608F09AFFE3
:106E2000041EEBDA631CD5D00BF1010BCDE74FF05C
:106E3000FF34CFE76FF01A04EAE74FF0FF34E7E7DB
:106E40006D330700D0DA06004033070038B504463A
:106E5000231D0846BFF35B8F53E8002F42F001016A
:106E600043E80015002DF7D1BFF35B8FD30708D49B
:106E700005492062224613F045FB04F15C0008F04E
:106E800045FF002038BD00BF6DA7060038B50D4690
:106E900004467422002116F074FA2B6823606B6894
:106EA000A3602B89A381EB6823612B8AA38204F161
:106EB00024000B4915F099FC0A4904F1340015F03F
:106EC00094FC0122002104F1440015F00BFC012286
:106ED000114604F15C0015F005FC002038BD00BF30
:106EE000656C0500996C050070B5E82204460D46F6
:106EF000002116F046FA20462B6840F8383B0B4933
:106F000015F00BFD0A4904F1680015F06EFC2046EF
:106F100000F02EFA261D294620B1204600F03AFA4C
:106F2000304670BD204600F0B1F8F9E73DA80600F4
:106F300037A806002DE9F74306460C4683689B6F89
:106F4000002B75D09847002872DDB3689B6E93BB09
:106F500094F8E0904FEA491808F1780727444FF079
:106F6000FF3201A938460FF098F80546C8B9454ADE
:106F7000454802210FF004FC294638460FF0ACF8D2
:106F800004EB4913A044C8E920554FF0FF32C3E990
:106F90002355DD67C3F8885001A938460FF07DF806
:106FA00005462068019983689B6CDBB9002138464F
:106FB0000FF092F803E0304698470028C8D1B36834
:106FC0009B6D8BBBD4F8C820D4F8C0309A4232D124
:106FD00054F8680B13F03FFC204603B0BDE8F043C3
:106FE00009F07AB82A469847011EDFDD38460FF0CF
:106FF00073F804EB49131421D3F89420DD6FD3F810
:107000008C30B2FBF1F1EB1AD21A914204F1380044
:1070100005D24FF42472002309F0CCF8CFE7002208
:10702000002309F0FBF8CAE7304698470028C9D189
:1070300003B0BDE8F08304F1B8064FF0FF3201A9B8
:1070400030460FF07DF802462068019983681B6C7A
:1070500023B9002130460FF093F8E9E79847051E61
:10706000F7DB29463046D8340FF08AF8BFF35B8F40
:1070700054E8003F5B1B44E80032002AF8D1BFF31C
:107080005B8FD5E7AC330700B8DA060010B50B69A3
:10709000A3EB9303C0F8E4304B688A68836700234E
:1070A000C0E92033C0E923335208C0F89420C367F5
:1070B000C0F8883004464868C4F8B420C4E92833CE
:1070C000C4E92B331044C4F89800C4F89C30C4F8C9
:1070D000A830D1E90320C4F8B82004F1D802C4E9EB
:1070E0003033C4E93333C4F8D400C4F8BC30C4F836
:1070F000C830BFF35B8F52E8001F42E80030002821
:10710000F9D1BFF35B8F206813F0AAFB206813F05E
:10711000A2FB2068836823B1DB6F13B104492246C8
:1071200098472146201D034ABDE8104013F0A1B93D
:10713000356F05007C180020F8B5D0F8A83004465B
:107140009A4228BF1A4600AFD0F8A400154616F0A0
:10715000F0F82068D4F8A41083682A465C68104BC5
:10716000A0470446C8B16E468AB06B460D4A5A61C4
:107170000D4A1862C3E906254FF400729A841A4634
:107180000A4B42F8103F0A4800234FF43151F0F700
:1071900065FFB5462046BD46F8BD2C46FAE700BF60
:1071A00040420F0094320700DA3307000500000167
:1071B000B0DA060073B50B780D46144602F1BC0632
:1071C000062B1BD8DFE803F01204854575BDBF0010
:1071D000BFF35B8FD4F8BC30BFF35B8FDA0605D505
:1071E0008B685D4A5D4802210FF0D3FA30460021DA
:1071F00013F00AFC04F1680008F06EFFBFF35B8F28
:10720000D4F8BC30BFF35B8FD80700F1A380BFF385
:107210005B8FD4F8BC30BFF35B8F990700F19A8085
:10722000BFF35B8FD4F8BC30BFF35B8F5A0700F11C
:107230009180BFF35B8FD4F8BC30BFF35B8F1B072B
:1072400000F1888004F1AC0002B0BDE8704008F0A5
:1072500043BFBFF35B8F56E8003F43F0040246E8AC
:1072600000210029F7D1BFF35B8F5B0707D42068AB
:10727000D4F880208368A16F1B699847BEE7BFF3ED
:107280005B8F56E8003F43F0080246E800210029E2
:10729000F7D1BFF35B8F1D0705D420688368D4E95D
:1072A0001F121B69E9E72E4A2C4802210FF068FAE9
:1072B000A4E74B68A26F934204D10221304613F039
:1072C000A3FB9BE7E26F934201D10321F6E7254A36
:1072D000EAE7EFF31186402383F31288BFF36F8F41
:1072E000D1E90113EA68194404F184000EF009FFA2
:1072F000EB6883421AD9D4F89420D4F88C309B1AC6
:107300000022C4E92322C4E92622C4F88820C4F854
:10731000942086F31188BFF36F8FEA6802210092F0
:107320001B1A114A0D480FF03EFA67E786F31188E1
:10733000BFF36F8F0022002304F1380008F03AFFFA
:107340005CE70121BAE70B79084A044802210FF0F3
:1073500020FA53E702B070BDF3330700B0DA06003D
:107360000F3407002B3407004B3407007434070038
:1073700008B50246006883681B682BB1044998472A
:10738000B0FA80F0400908BD6FF05700F8E700BF81
:10739000B571050010B58B689B08C0F880304A684D
:1073A00082671A44C2674A68044602EB43025800E7
:1073B0000023C4E92333C4E92633C4F8A000C4F889
:1073C0008420C4F88830C4F89430CB68C4F8A43062
:1073D0000B69C4F8A83004F1AC00054915F005FAB2
:1073E0002146201D034ABDE8104013F042B800BFFB
:1073F00003AA06008C18002070B54169867A0B4DEF
:10740000044659B1437ADB0706D42C2303FB065309
:107410005B6A1B689B689847002363612C202146A8
:1074200006FB0050BDE8704015F04EB94C1D002021
:10743000024B2C2202FB0030704700BF4C1D002085
:10744000827A064B2C2101FB02339A6A1B7F1B3385
:10745000801A23F00303B0FBF3F070474C1D0020AB
:1074600038B5074B827A2C2404FB02335B6AD3E9DC
:1074700001240C601568FFF7E3FF04FB005038BDE2
:107480004C1D00202DE9F04F85B00546684603915C
:1074900091461C4690469A4615F016FCDDE90067B9
:1074A000EFF3118B402383F31288BFF36F8F698B47
:1074B000002942D02B8B8B4226D90022002328465C
:1074C00008F0F2FB0446F8B18BF31188BFF36F8F1D
:1074D000039B002B4FD032463B46684615F018FC04
:1074E000A27A2A4B2C2101FB023320465B6A1B68DF
:1074F00003A91D68DDE90023A847606100283BD18E
:107500002046FFF779FF31E0698B4B1E6B838BF3CD
:107510001188BFF36F8F2B7F2A8BAC6A1B3323F04C
:107520000303521A02FB0344184B194AEB1A9B102F
:107530005343A3722B7FE372CAE78BF31188BFF327
:107540006F8F54EA090409D015F0EAFF114A124B73
:1075500012589A420ABF8846C846C2464246534617
:10756000284608F0A1FB04460028B1D1002420469B
:1075700005B0BDE8F08F63610023012263602281C2
:107580002382039A63696282E360F0E74C1D002066
:10759000A38B2EBA080000008875002070B50C4C33
:1075A0002C2500B970BD037A4668013BDBB203723B
:1075B000002BF7D1C3604360837A05FB03431B6A4A
:1075C00013B198473046ECE7FFF716FFFAE700BF24
:1075D0004C1D0020020600F07F0312D5082B05D1B8
:1075E000010700F00F0306D50E48704710F0780F22
:1075F00012D100F00F034C2000EB43100A4B18444B
:107600007047082B05D1020700F00F0306D5074885
:10761000704710F0780FF6D000207047044800EB58
:1076200043107047F0840020A483002010860020BF
:10763000108500200149024815F002B9CC830020D2
:10764000406100200146014815F033B8341D002088
:1076500002480022002308F027BB00BF341D002091
:1076600013B5124800F09AFF114B98421AD11148F5
:1076700006F05AFE0024104806F09CFE0F49104800
:1076800000944FF0FF334FF4806208F02BFD0D495A
:107690000B4815F09DF90C480C4915F0A6F820464A
:1076A00002B010BD6FF00400FAE700BF5D7C05007A
:1076B0000000AD0BF5360700C0ED060000BB002052
:1076C00040610020C4340700CC8300204D780500C1
:1076D00010B50E49BFF35B8F002351E8002F012A3C
:1076E00003D141E800300028F7D1BFF35B8F0CD104
:1076F00051F8044C143920460EF087FC783004D140
:107700002046BDE810400EF05CBC10BDC4830020D4
:1077100038B5002464F07F00C0B2FFF75BFF01348E
:1077200013F0BCFA082CF5D10E4D0024E0B2FFF79F
:1077300051FF036903B90561013413F0AFFA082C56
:1077400005F14005F2D1084813F0A8FA074BD3F829
:107750007C2212B9064AC3F87C22064813F09EFA2E
:10776000002038BD348A0020F0840020A48300204B
:10777000348600201086002010B5054CFFF768FF06
:1077800020B14168204614F0D8FEF7E710BD00BFD5
:10779000BC1B002007B500231448002201A908F0F3
:1077A000A1F9E8B1124A1348012113F08AFAFFF750
:1077B000E3FF0E480022002301A908F093F930B13D
:1077C0000D4A0C48012113F07CFA00200AE00198D0
:1077D000042340600374FFF735FFFFF72BFFF4E746
:1077E0000198406003B05DF804FB00BFBC1B0020A3
:1077F000CF34070070DB0600ED3407000346024A71
:10780000024801210EF0C5BF0935070070DB0600F4
:10781000022810B511D80B4A145CFFF7BBFF80B1EA
:10782000002202740472FFF70DFF074B93F8243017
:107830003BB1BDE81040FFF7FDBEBDE81040FFF7CB
:10784000DDBF10BDF2360700A48300202DE9F04310
:10785000A24CDFF88C9285B08046FFF7F9FE074610
:1078600010B905B0BDE8F08394F825203B7C3AB907
:10787000002B00F09A807968994814F05EFEECE7DE
:10788000042B00F27581DFE813F09000050012016F
:107890003D015E0118F8043C33B9BB685B7A914A3C
:1078A000914801210EF075FF3B7BBD68032B37D853
:1078B000DFE803F0023D63686E698C4B00223260A2
:1078C0007260D3F880143170D3F884147170D3F8D7
:1078D0008814D3F88C0441EA00217180D3F8901405
:1078E000D3F8940441EA0021B180D3F89814D3F876
:1078F0009C3441EA0323F3800823EB60306871680D
:107900007B4B03C311462B68687A984796F9003081
:10791000002B08DBF38833B1A4F88C3201F08EF928
:1079200079684846A9E70023A4F88C32F8E76B7F12
:10793000002BF5D02B7F002BF2D000264FF0FF322A
:107940006C486E774FF0FF332E7713F0BCF96B69FC
:1079500001936B68CDE9023601A9687A00F074FEE4
:10796000654A9042034604D0644A5F4801210EF004
:1079700010FF604813F0A9F9D2E72B680121687A5B
:107980009847CDE7AB7A6BB9EB7F5BB959484FF0BD
:10799000FF324FF0FF3313F096F901F055F95548D7
:1079A00013F093F92B680221E9E73B7A042BB7D84F
:1079B000DFE803F059032367730000F0BDFD0546BF
:1079C0000028ADD100F0F8FCBFF35B8F4C490123D8
:1079D00051E8002F002A03D141E800300028F7D1F8
:1079E000BFF35B8F9CD141F8085C41F8105CE06903
:1079F000636114390EF08EFA92E7002565F07F007E
:107A0000C0B2FFF7E7FD037A13B1407A01F080FAC4
:107A10000135082DF2D194F854311BB194F8550179
:107A200001F076FA0025E8B2FFF7D4FD037A13B12E
:107A3000407A01F06DFA0135082DF4D194F87432D2
:107A40001BB194F8750201F063FA002000F058FDB4
:107A5000012384F825302368002B3FF461AF002117
:107A6000022098475CE7002584F8255001F0B6F91C
:107A7000FFF72EFE2368002B3FF452AF2946042067
:107A8000EFE7002A3FF44CAF00F060FD2368002BC5
:107A90003FF446AF00210520E3E72368002B3FF4C5
:107AA0003FAF002A3FF43CAF00210620D9E708F1A0
:107AB00010054FF0FF334FF0FF32284613F003F963
:107AC000FFF726FE284613F000F958F8283C002B53
:107AD0003FF426AF00210120C3E700BFA4830020AC
:107AE000BC1B00202435070070DB0600007002403C
:107AF000A8830020DC8300200000AD0B4A3507007E
:107B0000C483002094F8743263B1012584F889524B
:107B100084F88852FFF73EFE60B9184A1848294693
:107B200013F0CFF858F8283C002B3FF4F9AE0021B1
:107B30000A2096E7134A057405738260FFF782FDF9
:107B4000FFF778FDEEE7104A0D48012113F0B9F870
:107B500014F0CBFA01F042F900F024FCFFF70CFE20
:107B6000FFF7D6FD14F0BAFA084800F017FDD7E683
:107B7000074A034801210EF00CFED1E670350700DC
:107B800070DB060010860020843507005D7C050050
:107B90009B350700F7B5877806463846FFF71AFD8C
:107BA0003B06F47805461DD554B1032C06D0284A6F
:107BB00028480097234601210EF0F5FD03B0F0BDE3
:107BC000FFF7E8FD03460028F8D00122AC770274E5
:107BD000032202739D60FFF735FD03B0BDE8F0405E
:107BE000FFF728BD54B1012CE1D1FFF7D3FD0346C7
:107BF0000028E3D06C7704740473EBE7FFF7CAFD49
:107C00000028DBD0B278144B12F0800F02F008018C
:107C100011D041B1D3F8A836EB60012303740223DD
:107C200003738560D7E702F00F02142101FB0233D2
:107C3000D3F80836F0E711B1D3F8A837ECE702F033
:107C40000F02142101FB0233D3F80837E4E700BF29
:107C5000B335070070DB060000700240F0B5142257
:107C60008BB0064600210DEB020015F08AFB33783D
:107C7000013B052B21D8DFE803F08B0314147B169E
:107C800003238DF81C300024FFF784FD0346A0B1C8
:107C9000047400F10802DDE9070182E803001846D8
:107CA00026E00423EDE7B7783846FFF793FC837AA4
:107CB000054623B1013B022B54D90BB0F0BD3B0666
:107CC000F4781CD54CB1032CF7D0324A32480097D7
:107CD000234601210EF067FDEFE7FFF75BFD03464A
:107CE0000028EAD00122AC770274032202739D605F
:107CF000FFF7A8FC0BB0BDE8F040FFF79BBC54B108
:107D0000012CE2D1FFF746FD03460028D5D06C7761
:107D100004740473EBE7FFF73DFD04460028CCD064
:107D200002230127037307748560B07805F10C0105
:107D300013F002F8034620B1184A174839460EF0EE
:107D400028FD174AE968B2F88C328B4206D95B1AD3
:107D5000A2F88C3200F072FF2046C9E70023A2F897
:107D60008C32F9E730460BB0BDE8F040FFF712BFA8
:107D700003A800F041FF9DF80D30052B04D19DF8BC
:107D80000C3013F0600F98D0064B079301247BE76B
:107D9000022479E7B335070070DB0600DF35070002
:107DA000A48300201085002038B5164D95F8244096
:107DB0002CBB05F1380014F0F8FB204601F0F6FB6F
:107DC00022460121E8612720F3F752FC14F086F9DE
:107DD000FFF79EFC044610B9012385F824300A4BB6
:107DE0001B680BB1FFF726FC4FF08043D3F8383403
:107DF000DB0702D50020FFF70BFD204638BD00242D
:107E0000FBE700BFA4830020341D0020074B93F83C
:107E100024203AB193F82530002B14BF00206FF0D6
:107E2000120070476FF01200704700BFA48300205B
:107E300008B50378027903F00F0142B991B10D4AF8
:107E400001210D4812F03DFF4FF0FF3008BD082919
:107E500001D90A4AF4E7012A04D11B0707D4084ACA
:107E60000221EEE713F00800F0D0064AF8E7002000
:107E7000ECE700BFFF35070070DB06001E36070089
:107E80003D3607005336070038B5134B93F82430BE
:107E90000446EBB105782846FFF79CFB88B1457294
:107EA00023798372638843602078618810F0080F1B
:107EB0000AD14B1E0B4207D0084A0948012112F093
:107EC00000FF6FF0150038BD12F031FF0020FAE717
:107ED0006FF01200F7E700BFA483002070360700A0
:107EE00070DB060038B5154B93F8242005460AB31D
:107EF00093F82530F3B1FFF76DFB044610B96FF02E
:107F0000150038BD817A01290FD007D9023901291E
:107F100007D96369A3610020E060F2E700F09AFEF0
:107F2000F7E7284600F03CFEF3E7054A054812F063
:107F3000C8FEE4E76FF01200E3E700BFA48300206F
:107F40009836070070DB060038B50E4B93F82420F6
:107F5000054682B193F825306BB1FFF73BFB68B162
:107F600015F008040AD1284600F03CFE284601F02E
:107F700007F8204638BD6FF01200FBE76FF01500E0
:107F8000F8E700BFA483002038B50C4B93F82420F9
:107F900005460C4662B193F825304BB1FFF71AFB4A
:107FA00048B144B1284600F003FE2070002038BDDF
:107FB0006FF01200FBE76FF01500F8E7A4830020D4
:107FC00070B5134E96F824300446C3B1FFF702FB98
:107FD0000546B8B1230705D4204600F003FE20462D
:107FE00000F0CEFF2B7A83B901232B7296F825304F
:107FF0000BB9002070BD204600F08AFFF9E76FF052
:108000001200F7E76FF01500F4E76FF07700F1E783
:10801000A48300202DE9F043DFF8F4801E4698F891
:10802000243085B0074689461546002B6DD098F858
:108030002530002B69D003060BD5FFF7CBFA044699
:1080400038B1037A5BB9334A33483B4601210EF01D
:10805000A0FB6FF01504204605B0BDE8F0834FF09B
:10806000FF334FF0FF3208F1380012F02CFEA37FEF
:1080700033B108F1380012F028FE6FF00A04EAE785
:10808000A37A05B37BB30123A3774FF0000801A9BE
:108090003846CDE90195CDF80C8000F0D5FA1F4A9D
:1080A000904203462DD084F81E800EB1C6F80080A1
:1080B0001B4A194801210EF06CFB6FF004041948AB
:1080C00012F003FEC7E7E27F02B1E577002BDAD1B9
:1080D00000F0C6FD8742D6D000F0B6FD114812F080
:1080E000F4FD0024B7E7B8F80A309D42F0D2626888
:1080F000B5FBF2F302FB1353002BE9D10123E37725
:10810000E6E706B135600024D9E76FF01204A2E774
:10811000A4830020BA36070070DB06000000AD0B18
:10812000D9360700DC8300202DE9F0411D46254BA0
:10813000174693F8242080460E46002A3FD093F835
:108140002530002B3BD010F0800F0ED101B967B95C
:108150004046FFF73FFA044638B1037A43B91A4A5A
:108160001A48434601210EF014FB6FF0150013E08E
:108170004FF0FF3316484FF0FF3212F0A4FDE368D2
:108180009F42B84628BF984646B93FB905B12B6013
:108190000F4812F09AFD0020BDE8F081A169424627
:1081A000304615F0C6F8A3694344A361E368A3EB26
:1081B0000803E360002DEBD0C5F80080E8E76FF01E
:1081C0001200E9E7A4830020BA36070070DB06003E
:1081D000DC83002070B5224D95F824300646002B34
:1081E0003AD095F82530002B36D003060BD4FFF794
:1081F000F1F9044638B1037A43B91A4A1A483346AA
:1082000001210EF0C6FA6FF0150070BD4FF0FF337C
:108210004FF0FF3205F1380012F055FDE368B3B9B5
:10822000012663692677A361637F83B1FFF7B2FA02
:1082300030B905F1380012F048FD6FF00B00E4E7AB
:10824000067484600673FFF7FDF9FFF7F3F907483A
:1082500012F03BFD0020D8E76FF01200D5E700BF19
:10826000A4830020BA36070070DB0600DC83002000
:1082700010B5084B93F824300C462BB1FFF7AAF940
:1082800028B10460002010BD6FF01200FBE76FF012
:108290001500F8E7A4830020014B1860704700BF69
:1082A000A483002008B5074B93F8243023B1FFF7CF
:1082B00091F920B1406808BD6FF01200FBE76FF044
:1082C0001500F8E7A48300204FF08053D3F8302145
:1082D000082A06D1D3F83431052B04D8034AD05CE0
:1082E0007047002070470120704700BFFF3607002D
:1082F000064B10F0800FA3F1D80208BF134600F020
:108300000F00182202FB0030704700BF4C8D002088
:10831000EFF31180402383F31288BFF36F8F0A4B72
:10832000D3F8001C032261B949F27531C3F8001C6F
:10833000C3F8142DC3F8001C80F31188BFF36F8FAE
:108340007047C3F8142DF7E700E00640EFF3118003
:10835000402383F31288BFF36F8F0A4BD3F8001CBE
:1083600061B949F27532C3F8002CC3F8141DC3F883
:10837000002C80F31188BFF36F8F70470022C3F881
:10838000142DF6E700E006404FF08053D3F830316B
:10839000082B02BF024B0022C3F81C2C704700BF01
:1083A00000700240024A00231360024A13707047B3
:1083B0002C8E0020579D002008B54A4B4FF40062D8
:1083C000C3F80024FFF780FF08B1FFF7A1FF4FF0CB
:1083D0008053D3F83031082B18D1EFF311804023AC
:1083E00083F31288BFF36F8F3F4BD3F8001CC0227A
:1083F00000296ED149F27531C3F8001CC3F8142C62
:10840000C3F8001C80F31188BFF36F8F354B012236
:10841000C3F80025D3F800241205FBD54FF4006201
:10842000C3F800244FF08053D3F83031082B17D114
:10843000EFF31180402383F31288BFF36F8F2A4B31
:10844000D3F8001C002947D149F27532C3F8002C3B
:10845000C3F8141CC3F8002C80F31188BFF36F8F8E
:10846000FFF732FF30B1FFF771FFFFF72DFF08B1C3
:10847000FFF74EFF4FF08053D3F83031082B194BE4
:108480000AD140F2E372C3F800284022C3F804285E
:10849000BFF36F8FBFF34F8F8022C3F81C250122DB
:1084A000C3F83025114B40F2FF121A60104B002127
:1084B0001960104B1970FFF767FF0F4B19700F4BC6
:1084C00002221A70FFF700FF50B1BDE80840FFF725
:1084D0003DBFC3F8142C95E70022C3F8142CBBE76A
:1084E00008BD00BF0070024000E00640288E00205A
:1084F000248E0020539D0020559D0020579D002074
:10850000094B002210B51A70084A094B094C002883
:1085100008BF1346C4F800332720F3F779F8012386
:10852000C4F8043510BD00BF569D0020FDFFDF01DB
:10853000FDFFFF0100700240034B1878012894BF33
:1085400000200120704700BF579D002010B5EFF3B9
:108550001181402383F31288BFF36F8F0D4B1B787B
:1085600003F0FF0083B10C4BD3F8002412F4007227
:108570000AD10124C3F82C45D3F82C45D3F8004484
:10858000A40502D5C3F82C25002081F31188BFF380
:108590006F8F10BD569D002000700240F8B51C4B37
:1085A0001C7894BB1B4A106001221A7040F2FF171E
:1085B000264664F07F0514F0080FEDB214BF39466B
:1085C0004021284612F0B3FB2846FFF791FE013404
:1085D000092C867506730661EBD1002440F2FF1763
:1085E000254614F0080FE6B214BF39464021304644
:1085F00012F09DFB3046FFF77BFE0134092C857598
:1086000005730561EDD10448F8BD0448FCE700BFDF
:10861000579D00202C8E00200000AD0B0500AD0BF7
:10862000084B10F0800F00F00F0114BFD3F8102595
:10863000D3F8142501238B40134214BF01200020DE
:10864000704700BF007002402DE9F8430246EFF387
:108650001187402383F31288BFF36F8F030703D181
:10866000184B1B78834229D1174B184E1C6835686C
:10867000104612F054FBE443A4B24FF001092C431E
:1086800009FA00F814EA08041AD11046FFF730FE80
:1086900080F80C90034607C91C6183E807009C75AD
:1086A0000B4B0C4845EA080580223560C3F80421CD
:1086B00087F31188BFF36F8FBDE8F8830648F7E7AB
:1086C0000648F5E7559D0020288E0020248E0020C6
:1086D00000E100E00000AD0B0A00AD0B0B00AD0B9C
:1086E00010F0080F074B06D0D3F8C00410F4803FF9
:1086F00018BF0020704700F00F0000F5947053F889
:1087000020007047007002402DE9F74FA84BD3F8C6
:10871000604134B10022C3F86021D3F86C44C3F83F
:108720006C44D3F828214AB10022C3F82821A14B78
:10873000187812F0F4FA012383401C439E4F9F4E99
:108740003D7897F9008015F0080143D1B8F1000F8A
:1087500005F00F032EDA9A4A52F8230020B342F8AC
:1087600023101422534303F1804303F51C33D3F841
:108770000836944A117803F001034B401370FFF759
:1087800003FE914807F0C2FA2846FFF7B1FD837D4A
:10879000032B37D1284612F0C2FA012303FA00F066
:1087A000336823EA00033360DFF82092DFF8208289
:1087B00001255FE0874A52F823000028F4D042F8F0
:1087C00023101422534303F1804303F51C33D3F8E1
:1087D0000837CEE7B8F1000F754B09DBD3F850210D
:1087E000002AE1D00022C3F85021D3F8A837C0E70F
:1087F000D3F82C21002AD7D00022C3F82C21D3F89B
:10880000A836B6E7037BDBB9284612F088FA0123C5
:1088100003FA00F03368B8F1000F23EA0003336075
:1088200001DA882DC0D106238DF8043000238DF89D
:108830000730674B8DF806501B6801A89847B3E7CF
:10884000002DB1D15A4B0122DA64ADE794FAA4F0BD
:10885000D9F80020B0FA80F005FA00F31A430F2887
:10886000C9F8002024EA0304326840F3B7801342B9
:1088700000F0C580002CE9D14D4BD3F800215AB14E
:10888000C3F80041544B1C704A4B1C7001230193E8
:108890004F4B01A81B689847454BD3F85421EAB1C8
:1088A0000022C3F85421D3F80413890216D58DF899
:1088B0000420D3F82025ADF80620D3F8C034002BCF
:1088C000D9F8003014BF4FF001224FF480721343E7
:1088D000C9F800303E4B01A81B689847344BD3F8C9
:1088E0005821002A2ED00022C3F85821D3F8004482
:1088F000C3F80044E30508D5374B01221A70022360
:108900000193334B01A81B689847A50508D5324B46
:1089100000221A70032301932D4B01A81B6898476E
:1089200060050FD52C4B1A7862B100221A70204BCB
:108930000122C3F808259A6504230193244B01A85A
:108940001B6898471A4BD3F85C310BB31E4B9B68DE
:1089500013B93B7859061BD0154B0022C3F85C2194
:10896000D3F88034134A23F07F031370336823F065
:1089700001133360D9F8003023F4803343F001034E
:10898000C9F8003005230193114B01A81B689847D3
:108990003268D9F800301A4207D00B480022002371
:1089A00007F0D8F9002800F09F8003B0BDE8F08FF1
:1089B00000700240559D0020549D0020248E002010
:1089C00008710240539D0020BC1C0020288E00200E
:1089D0002C8E002030710240569D002013407FF401
:1089E00049AF062260F07F018DF804208DF8061053
:1089F0008DF80730D8F8003001A898473AE70623E9
:108A0000A0F110018DF804308DF806108DF8075094
:108A1000F0E718F0012314BF93FAA3F898FAA8F826
:108A2000B8FA88F8B8F10F0F18D9A8F11005EDB20F
:108A30002846FFF75DFC04462846FFF751FE6368B1
:108A4000B4F814C02268984230D81B1A00EB020E0A
:108A500011466360C4F800E082462AE048F08005D1
:108A60002846FFF745FC4368B0F814A001689A4512
:108A700028BF9A4601F06043B3F1005F044604D07A
:108A80004348524614F055FC4149226863685244F9
:108A90002260A268A3EB0A03D20768B2636033D5F1
:108AA000BAF1000F32D1002323732FE011464FF0AB
:108AB000000A604525D1003B18BF01231AB3504579
:108AC00021D9012303FA08F32BEA030333600623B9
:108AD0008DF804302F4B8DF8065002221B68A275CA
:108AE0008DF8072001A89847D6F800B0D9F80030D3
:108AF0001BEA03088DD1284803B0BDE8F04F07F00A
:108B000005B90023DAE768B2002BCCD04FF08053D0
:108B1000D3F83031082B02BF204B8222C3F81C2C23
:108B2000D9F800303D70012202FA08F823EA080360
:108B3000C9F80030236915F0080F53442361174B1F
:108B400017D1002805F00F054FF0140000FB053089
:108B5000B5BF03EB85030A35C0F80016C0F800174F
:108B6000B5BFC0F804A6C0F804A75A6043F8252092
:108B70001BE70028B5BFC3F8A016C3F8A017C3F8B9
:108B8000A4A6C3F8A4A7B4BF5A629A640DE700BFB5
:108B9000348C00202C8E0020BC1C00200070024071
:108BA000024B40F48070C3F8180570470070024013
:108BB000030713D400F00F0310F0800F084A0BBF17
:108BC00003F5887303F5847302EB830252F82300E4
:108BD00008BF5068003818BF012070470020704758
:108BE00000700240034BC3F80C0540F48070C3F8DA
:108BF0000C057047007002400023036043600E4B79
:108C0000D3F880240270D3F884244270D3F88824E7
:108C1000D3F88C1442EA01224280D3F89024D3F88E
:108C2000941442EA01228280D3F89824D3F89C3429
:108C300042EA0323C380704700700240014B0122C7
:108C4000DA64704700700240014B01221A657047D8
:108C500000700240014B01225A65704700700240CB
:108C6000014B1878704700BF559D002010B5024693
:108C7000EFF31184402383F31288BFF36F8F12F058
:108C80004EF80B49012303FA00F00B6823EA0003B6
:108C90000B6012F0080101BF02F00F02054B02F554
:108CA000947243F8221084F31188BFF36F8F10BDC4
:108CB000288E002000700240F7B50146EFF31185C1
:108CC000402383F31288BFF36F8FFFF711FB064633
:108CD000084612F024F8012211F0800F02FA00F287
:108CE0002D4818D1036832EA03040AD00846FFF77A
:108CF000BDFF0323B37585F31188BFF36F8F03B0F6
:108D0000F0BD2649347323EA020303600B6823EAAB
:108D100002030B60EDE70B0715D48029204B2FD001
:108D200001F00F0404F2DA346400C3F80048D3F809
:108D30000448D3F80478E4B244F002043C43C3F896
:108D40000448D3F80438154F04683B6864EA030C00
:108D50001CEA020FCFD013433B600023337303237D
:108D6000B3758DF807300F4B8DF8061024EA020416
:108D7000062204601B688DF8042001A89847BAE712
:108D800040F2B474C3F80048D3F80448D3F8047828
:108D9000E4B244F00404D1E7248E0020288E0020A1
:108DA000007002402C8E002038B50446094D4FF06B
:108DB000FF324FF0FF33284606F0CCFF2046FFF786
:108DC0007BFF284606F0A2FF034B8022C3F8042154
:108DD00038BD00BFBC1C002000E100E0F8B54FF03A
:108DE000FF324FF0FF332B4806F0B4FF2A4B8022AE
:108DF000C3F884212720F2F72DFC98B1274E284B89
:108E000034681B68240C24041C43012764BB254DD3
:108E100040F2FF1333602720C5F80445F2F706FC43
:108E2000C5F80043204A13788BB11E4B0021C3F8CC
:108E300008110121C3F80026C3F804165960D3F8BD
:108E400008110029FBD00021C3F808111170154B3F
:108E50000022C3F80025FFF797FA0E4806F056FFE8
:108E6000124B01221A70F8BD94FAA4F5B5FA85F5F3
:108E70000F2D2846C6BFA5F11000C0B240F08000FB
:108E8000030701D4FFF718FF07FA05F524EA0504E4
:108E9000BCE700BFBC1C002000E100E0288E0020E1
:108EA000248E002000700240539D0020579D00201A
:108EB00010B504464FF0FF324FF0FF33114806F073
:108EC00049FF2046FFF7F8FE04F00F02012393400C
:108ED0000D4A14F0800F14BFD2F81015D2F81415F3
:108EE0006FEA030315BF0B400B40C2F81035C2F800
:108EF0001435044806F00AFF044B8022C3F804210D
:108F000010BD00BFBC1C00200070024000E100E06A
:108F100070B50446FFF784FB68B904F00F02012521
:108F200014F0800F144B05FA02F205D0D3F8101597
:108F30000A43C3F8102570BDD3F814150A43C3F8CB
:108F40001425631E062BF6D8EFF31186402383F316
:108F50001288BFF36F8F2046FFF788FE204611F07E
:108F6000DEFE064A1368854023EA0503136086F394
:108F70001188BFF36F8FDEE700700240248E00205F
:108F8000030610B5044605D4FFF712FE10B12046C3
:108F9000FFF76CFE014BC3F8184510BD007002408E
:108FA000054B0122C3F8002590F8861009B1DA605C
:108FB00070471A605A60704700700040F8B50B792E
:108FC0008D7903F01F02072A1DD80C780B2C15D8B9
:108FD000DFE804F007070707140614140E10141234
:108FE00004244878032811D0042821D02A4A06E016
:108FF0000524F6E70624F4E70724F2E7274A284881
:1090000001210DF0BDFB6FF01500F8BD0126488869
:1090100044F20A07B84239D00CD844F20307B842E8
:1090200016D044F20507B8422ED078B31D4AE6E7C1
:109030000026ECE744F21407B84229D044F228078E
:10904000B84227D044F20F07B842EFD1032000E026
:1090500000204F7914491144C3F3401381F8A070E4
:109060001B05110143EA042301F1804101F5E041B0
:1090700043EA063343EA00430020C1F81835C1F83B
:109080001455C1F81005C0E70120E2E70220E0E72F
:109090000420DEE70520DCE734370700153707003A
:1090A00068D906005837070068090020F7B50D4653
:1090B0004FF0FF3363484FF0FF3206F04BFE6E680F
:1090C000731EFE2B05D9604A604801210DF058FB44
:1090D00012E000235E485F4F1A4626FA03F111F0B2
:1090E000010134D017F803C0BCF1000F0CD15A4A6B
:1090F000564801210DF04DFB6FF01504514806F064
:1091000005FE204603B0F0BD00EB031E6C7CDEF8CC
:109110001815003C18BF012421F0807141EA046158
:10912000CEF8181503F151010901013240F801C0D0
:10913000D2B20133082BD0D12B7CA3F10801062930
:1091400016D8DFE801F0171519150915130003F1FA
:10915000510424010151ECE702233D49012AC1F8E1
:10916000F0356B7C0AD95BB13C4AADE70323F4E7E9
:109170003B4ABDE70023F0E70123EEE7082B10D8B8
:10918000C1F8F4352B6851006BB9EB688B420ED2F5
:10919000344A00912D4801210DF005FB6FF00B04BE
:1091A000ACE7314AA4E79B8903FB0111EDE7284BAB
:1091B000A968C3F82C162F46C3F830260FCF2B4CC6
:1091C00004F174060FC63B683360002626672B68DF
:1091D00027469BB30FCB04F1880585E80F00656730
:1091E000A4F8986050B3BFF35B8F57E8003F47E89F
:1091F0000062002AF9D1BFF35B8F1D49D4F8885073
:109200001C4A4FF400400F463146E5FB0071002335
:109210003846CEF7E3FB0022CDE90001002304F13C
:10922000080007F0FDFD14484FF0FF324FF0FF3308
:1092300006F090FD00B12067246F5FE70B48FFF751
:10924000AFFEF0E7A80900208337070068D90600C1
:1092500000700040080A0020A1370700E03707002F
:10926000BB370700353807001238070068090020AF
:109270003F420F0040420F00C009002010B50E4BC6
:109280000024C3F80441D3F80421C3F81041D3F8F3
:1092900010211222C3F804230720F2F7B9F922465D
:1092A00001210720F2F7E4F90448836C13B9403038
:1092B00006F02CFD002010BD007000406809002061
:1092C00038B52F4BD3F80421002A4CD00022C3F824
:1092D0000421D3F804112B4C01219960C3F8002517
:1092E000636F2546D3B3D4F88C30B4F8982033B1EB
:1092F00004F174019847012814D0022828D0B4F84A
:109300009830B4F894209A4222D90133A4F89830C6
:109310001B4BD3F82C26D3F8341689B202EB41024A
:10932000C3F82C26D4F8883023B9BDE83840154856
:10933000FFF736BEBFF35B8F55E8003F5A1E45E886
:1093400000210029F8D1BFF35B8F012BEDDC38BD84
:10935000D4F8883013B10C4813F007FD0B48BDE872
:10936000384006F0D3BCD3F810110029EFD0C3F871
:109370001021D3F8102101229A601A605A60E6E7A2
:10938000007000406809002070090020C00900201A
:10939000084B70B5C31A0D4607499B100446594344
:1093A0000648402211F0FEFC2B4601462046BDE84F
:1093B00070401847448E0020B76DDBB64CD60600CF
:1093C00073B50C4C0C4A4023041B00930D460B460E
:1093D0000A49A41061430646094811F00EFD011E1A
:1093E00005DA30462B4602B0BDE87040184702B09F
:1093F00070BD00BF448E002063AE0600B76DDBB6C3
:109400004CD6060010B5EFF31184402383F3128885
:10941000BFF36F8F074A136823F00201DB07116067
:1094200002D4012012F06FFD84F31188BFF36F8F17
:1094300010BD00BF948E0020002270B501210446AB
:109440001046F2F715F90F4804F0FAF80E4B98425F
:1094500015D112F05DFD26690C4930460CF047FD30
:1094600000280BDB012535642469084904F11C0040
:109470000CF03DFD002801DBE564002070BD6FF0BD
:109480000400FBE7919505000000AD0BD0ED060050
:109490007FB500220123CDE9022304ABCDE90433DB
:1094A000094ACDF800D06B46CDF804D011F0D2FCBB
:1094B000002805DB4FF480420023684606F04AFC92
:1094C00007B05DF804FB00BF81AE060030B4104B5E
:1094D0000C2202FB003301460020D3E90E529863B0
:1094E000EFF31180402484F31288BFF36F8F1C6C5C
:1094F00004F0C00444F002041C6480F31188BFF33C
:109500006F8F1DB12B46034830BC184730BC7047E5
:10951000448E00204CD6060010B4EFF31182402395
:1095200083F31288BFF36F8F1748016841F002047C
:109530000460C80707D482F31188BFF36F8F01203E
:1095400010BC04F06DB84FF08041D1F80C04D1F894
:109550000C14C907EFD5EFF3118083F31288BFF322
:109560006F8F0A490B6C03F0C00343F002030B64D6
:1095700080F31188BFF36F8F82F31188BFF36F8F71
:10958000002010BCFFF7A2BF948E0020448E002064
:1095900010B1012804D07047034B1B6C5B0701D14D
:1095A000FFF794BF704700BF448E0020024AC3B249
:1095B0001C2003FB00207047448E00202DE9F04161
:1095C0003849BFF35B8F0746012251E8003F41E86D
:1095D00000200028F9D1BFF35B8F33B932493348FB
:1095E0004B60CB608A600CF095FC7B1E012B2BD866
:1095F000012F07D14FF08043D3F81C3403F003034D
:10960000012B21D013F0DEF90546F8B9284B1B7861
:10961000E3B14FF080430222C3F808230646DFF887
:1096200094804FF08044D4F81824D4F81834D2032E
:1096300015D503F00303012B01D0012F0FD155B332
:1096400086F31188BFF36F8FBDE8F081EFF31186C9
:10965000402383F31288BFF36F8F0125DFE7ADB19D
:1096600030460DF024FFD4F81835002BDBD1D4F8A8
:109670000421002AD7D0C4F80431D4F804310123DE
:10968000C4F81835C8F88031A360CCE70021212048
:1096900007F008F9E7E74FF080430222C3F80423FC
:1096A000D2E700BF408E0020308E0020608E002068
:1096B0008D9E002000E100E008B5074812F085FE0D
:1096C00038B10648F2F7FEF90448EDF7C7FD00206F
:1096D00008BD6FF01200FBE788D60600E196050092
:1096E0000A2838B5074D044604D1AB680D219B6AA2
:1096F00028469847AB6803489B6AE1B298472046E2
:1097000038BD00BF88D60600EFF31182402383F3F3
:109710001288BFF36F8F0A4BD3F8001161B100219B
:10972000D3F80805C3F80011D3F80031C0B282F3B2
:109730001188BFF36F8F70476FF00A00F7E700BF23
:1097400000D00040F0B5034610469C7893F803C063
:10975000EFF31182402585F31288BFF36F8F1F78D6
:1097600093F801E0E41B04EA0C04A04288BFA0B215
:109770003E180CEA06063D461E7082F31188BFF3C0
:109780006F8F0A188A4216D177450CD1EFF31182F8
:10979000402181F31288BFF36F8F1978597082F3DB
:1097A0001188BFF36F8F1B79241AA34222BF064B87
:1097B00001221A60F0BD5E190135767901F8016B5E
:1097C00005EA0C05DEE700BF00D00040DB432DE9D1
:1097D000F04713F001050E46144604D02248FFF767
:1097E000B1FFBDE8F0879AB3EFF31188402383F30C
:1097F0001288BFF36F8F0D20F1F72CFF07460D2065
:10980000F1F714FF88F31188BFF36F8FDFF85CA0C6
:10981000DFF85C80CAF80051DAF800314FF40059E3
:109820000123CAF800302546C8F88091DAF80031E3
:1098300083B1FFF769FF031EC8F88091F6DB013D95
:10984000ADB27355002DF1D117B10D20F1F7E0FE47
:109850002046C6E7EFF31180402383F31288BFF35D
:109860006F8F0DF024FEE1E7C88E002000D000408D
:1098700000E100E02DE9F041124F0D46144607F1DA
:10988000450814B92046BDE8F0814FF0FF334FF092
:10989000FF32384606F05EFA224629464046FFF778
:1098A00051FF0646384606F031FA3EB94FF0FF3216
:1098B0004FF0FF33044806F04DFAE6E7A41BA4B2CC
:1098C0003544DEE7988E0020B08E002038B5194C64
:1098D00001221146204612F005FF0122002104F169
:1098E000180012F0FFFE40F20743A4F848304FF092
:1098F000706323630C2384F8343000250E4B84F806
:109900004550A4F84650D3F8042522F00102C3F8CC
:1099100004250121C3F80051D3F80021C3F8041332
:109920002A4619600D20F1F7A3FE0D20F1F770FE15
:10993000284638BD988E002000D0004010B5FFF7B3
:10994000E3FE002820DB174B93F8322093F83140D8
:1099500093F83310141B31EA0404C0B20DD193F80C
:10996000472093F8464093F84810141B31EA04044A
:109970000BD10D4B01225A600EE09C1801321140B0
:1099800084F8350083F8321010BD9C180132114064
:1099900084F84A0083F847100448BDE8104006F0F8
:1099A000B5B900BF988E002000D00040B08E0020D6
:1099B00000F1744000F5A6000A289ABF024B33F963
:1099C00010006FF00F00704774F50600024B0B603B
:1099D00001231360704700BFA8EE060000487047DF
:1099E00028EE06000268154BFF2A08BF4FF0FF3231
:1099F000C3F824254268FF2A08BF4FF0FF32C3F89E
:109A000028258268FF2A08BF4FF0FF32C3F83025AF
:109A1000C268FF2A08BF4FF0FF32C3F8342502693D
:109A2000FF2A08BF4FF0FF32C3F838254269FF2AEA
:109A300008BF4FF0FF32C3F83C257047009002404A
:109A4000054B994206D14FF0FF324FF0FF333030D3
:109A500006F080B9704700BF0000AD0B30B50D4671
:109A6000416885B0B9B1D1E900138468ACB1D4E9DB
:109A700000249CB193B19C4209D15C1C092C037851
:109A80000FD9124A1248009402210CF08CFE6FF09C
:109A9000150005B030BD0B46E7E7224601331C44F4
:109AA000ECE78DF8083040F20113ADF80A3002A857
:109AB00000238DF809408DF80C308DF80D5005F01D
:109AC00053F805B0BDE83040FFF772BFCE3807004D
:109AD00020DB06002DE9F04F91B043685D6B00AFCD
:109AE000804607F128020021284611F0FEFE041EE0
:109AF00073DBBB6A2A681979186801F087FC041EB9
:109B00006BDB002201212920F1F7B2FDD8F8049087
:109B1000D8F810207F49484605F006F8FFF748FFBF
:109B2000041E55DB7C4D0FCD07F128040FC495E8CA
:109B3000030007F1040A002584E803007D60AB23DD
:109B4000CAE901553B71754BD3F82425D2B23A616D
:109B5000D3F82825D2B27A61D3F83025D2B2BA61CF
:109B6000D3F83425D2B2FA61D3F83825D2B23A62AA
:109B7000D3F83C35DBB27B6207F12800FFF732FFF8
:109B8000012005F047F807F1100601463046FFF7BF
:109B900029FF634B994225D129465046FFF75EFFC6
:109BA000041E15DB082012F00BFC4FF0030B9F2363
:109BB000C7E90A55C7F810A0C7F814B087F82830CD
:109BC0003E63294607F12800FFF748FF041E0CDA20
:109BD00005F03EF808B105F029F820464437BD46A7
:109BE000BDE8F08F6FF00404F2E75A46514609F1E0
:109BF000300013F053FA18B36C468CB097F804E0B9
:109C000097F805C0BE7999F8300099F8311099F8A5
:109C100032306A46DFF80C81D3620823C2E9058E30
:109C2000C2E907C6C2E9090142F8103F3E482B4687
:109C300044F24001EEF712FAA5466FF01204C7E7AE
:109C4000D8F80420537F023B012B11D9157F023D28
:109C5000022D8CBF00250125022011F06DF9041E94
:109C600008DA324A3048234601210CF092FDAFE772
:109C70000125F1E7E3B2C4F34004A54201D1002479
:109C8000A6E783F002034FF000080120A7F8008048
:109C90007B7011F051F9041E1FDA254A2248234631
:109CA00001210CF076FD234A234B002D18BF1346EB
:109CB0006D468AB06A462149D461C2E905134FF462
:109CC000007313841E4B42F8103F174800234FF4D3
:109CD0001151EEF7C3F9AD467AE702230121C7F827
:109CE00028803F617B61C7F8308087F82810FE62CA
:109CF00007F128003C70FFF7B1FE041E07D10120D8
:109D000011F01AF9041ECEDBE307F8D4B7E7BFF66B
:109D10005FAFC8E703AF060018DD06000090024001
:109D20000000AD0BF738070020DB060029390700DB
:109D300039390700D4220700F138070052390700EB
:109D4000040000012DE9F74F0B460F464668804698
:109D5000C1F30B0114462AB96FF01506304603B063
:109D6000BDE8F08FC2F30B0252EA0105F4D1002BDB
:109D700003DBF16A1A198A4206D9314A3148009444
:109D800001210CF010FDE7E711F009F92846D8F899
:109D9000049011F0BCF80646D0B9DFF8ACA0D9F8B1
:109DA0002C309C4218D112F015FAA3460546D8F87B
:109DB00010002946FFF744FE554534D1B4EB0B049F
:109DC0005F44ECD1012011F0A2F8002E08BF064636
:109DD000404611F0CFF8C1E7B4F5803F09D3BBB2DC
:109DE00053B93946012004F03DFF4FF4803B05464E
:109DF000DDE7B4F5805F09D3C7F30B0030B939460E
:109E000004F030FF4FF4805B0546D0E70F4A0D4861
:109E100000943B4601210CF0C6FC0D49D8F8100017
:109E20000B4DFFF70DFE07480A4A00943B460121FF
:109E30000CF0B9FC2846FFF7BBFD0646C2E700BFA1
:109E40006339070020DB06000000AD0BAD390700C9
:109E50000400AD0BCB3907002DE9FF470E4607463E
:109E600041681D469046A2B19BB1042B01D9AB07B6
:109E70000FD116F003040CD1002E03DBCA6A73194C
:109E800093420CD9394A3A480095334601210CF0E7
:109E90008AFC6FF01504204604B0BDE8F087384610
:109EA00011F07DF8204611F032F8044630B101205F
:109EB00011F02DF8384611F05DF8ECE7032D1CD8B1
:109EC0003246042103A812F082F90446014638699B
:109ED000FFF7B6FD274B9C4234D12A46414603A8E2
:109EE00013F027FA3246042103A812F06DF9044654
:109EF00001463869FFF7A4FD24E008F06043B3F1A0
:109F0000005F02D118F0030F2BD0DFF868A0042DFA
:109F1000A94628BF4FF004094A46414603A813F05A
:109F200008FA3246494603A812F04EF904460146A3
:109F30003869FFF785FD544504D1B5EB0905C844E0
:109F40004E44E4D12046FFF733FD0446012010F0D3
:109F5000DEFF0546384611F00DF8002C08BF2C46F0
:109F600099E7324629464046BFE700BFE939070076
:109F700020DB06000000AD0B2DE9F04F824687B0D4
:109F80000E461C46904682B1002B00F08F800029BF
:109F9000426803DBD26A0B4493420BD9444A4548DA
:109FA0000094334601210CF0FEFB6FF0150007B062
:109FB000BDE8F08F754205F0030510F0F0FFA542F3
:109FC00028BF2546D8F1000303F0030308F0030778
:109FD00058BF5F427F4207F00307A74228BF2746CA
:109FE000631BE41B24F0030423F00309A145C8BF4D
:109FF000A14603F0030BC8BFA3EB040BB9F1000F9C
:10A0000019D008EB0703721949461846039312F05A
:10A01000DEF804460146DAF81000FFF711FD264A83
:10A02000944238D1BD4206D0039B4A46194608EBFC
:10A03000050013F08CF9ADB1C5F10407F21B042142
:10A0400004A812F0C4F804460146DAF81000FFF73D
:10A05000F7FC194B9C421ED104AB2A46D919404645
:10A0600013F067F9BBF1000F1ED072194A440821A2
:10A0700004A812F0ACF804460146DAF81000FFF725
:10A08000DFFC0D4B9C4206D109EB05005A4604A9A2
:10A09000404413F04EF9504610F06CFF204607B0D4
:10A0A000BDE8F04FFFF784BC034CF4E718467EE7A9
:10A0B000333A070020DB06000000AD0B024B0B60BB
:10A0C00001231360704700BFEC8E002000487047EA
:10A0D000C4EE060007B50346054A00910548012174
:10A0E0000CF061FB6FF0150003B05DF804FB00BFDE
:10A0F0008F3A070048DA060010B5012211460748DA
:10A10000074C12F0EFFA03F0E5FA11F0D7FF2060E8
:10A1100011F0D0FF6060002010BD00BFF48E002061
:10A12000EC8E00204FF08042D2F81015D2F8103596
:10A1300001F01E0123F01F030B4343F00103C2F89B
:10A140001035024B00221A70704700BF589D002046
:10A150004FF08053D3F83031082B20D14FF080429C
:10A16000D2F81015CB071AD5D2F8103501F01E0120
:10A1700023F01F030B43C2F81035D2F808315BB14E
:10A18000D2F8103523F01F030B4343F00103C2F84C
:10A1900010356FF08B007047024B01221A700020BF
:10A1A000704700BF589D0020F8B5044611F082FFAB
:10A1B000237B05460BB111F0BAFE134F0026FFF7C3
:10A1C000C7FFE8B9606804F081F8A3685B1BA3606F
:10A1D00063682B4463603B780BB1FFF7A3FF237BDD
:10A1E00001363BB9A368002BE9D1A068003818BF3D
:10A1F0000120F8BD304603F0FBFA0028F2D0F4E766
:10A200006FF08B00F5E700BF589D002070B5037B11
:10A2100004460BB111F08BFE194E0125A368032BE8
:10A2200006D8184AD2F80034DB07FBD5002070BDF1
:10A23000FFF78EFF08BB23686068196804F066F8B2
:10A2400033780BB1FFF76EFF6368043363602368F4
:10A2500004332360A368043BA360237B0135002BF8
:10A26000DCD0284603F0C4FA0028D7D0054AD2F83B
:10A270000034D907FBD50120D9E76FF08B00D6E772
:10A28000589D002000E00140F0B589B00E4615460B
:10A2900011F010FF29460746304610F08FFE60B3DC
:10A2A000B6FBF7F307FB136323B9B5FBF7F407FB22
:10A2B00014545CB11F4A009533461F4801210CF02D
:10A2C00072FA6FF01504204609B0F0BDAF42FAD81B
:10A2D0004FF0FF334FF0FF32184805F03BFD11F00F
:10A2E0001AFE04AB014660B91022184613F049F873
:10A2F000CDE90565FFF758FF16E0114A0095334692
:10A30000DBE710222146184613F03BF801228DF8B6
:10A310001C200C4ACDE902200B48CDE9056503F06D
:10A32000E1F902A803F0E4F90446044805F0EEFC64
:10A33000C9E700BFAC3A070048DA0600F48E0020F7
:10A340008F3A0700A9A10500645E010070B50D46B3
:10A3500088B01946284616461C4610F02FFE58B9FC
:10A360001D4A00942B461D4801210CF01CFA6FF089
:10A370001504204608B070BD45EA04039B0703D0CE
:10A38000174A00942B46EEE7002CF2D04FF0FF3333
:10A390004FF0FF32134805F0DDFC11F0BCFD034621
:10A3A000CDE9046504A806948BB101238DF81C3017
:10A3B0000D4BCDE9023041F64C5003F093F902A861
:10A3C00003F096F90446074805F0A0FCD1E78DF8A4
:10A3D0001C30FFF71BFFF5E78F3A070048DA06004D
:10A3E000CB3A0700F48E00200DA20500F8B5054613
:10A3F0000E460D480D4C0E4F4FF0FF324FF0FF331D
:10A4000005F0A8FCBC4204D30748BDE8F84005F0BD
:10A410007DBC23680BB1AB4203D16368314628464B
:10A4200098470834EEE700BF041D002008DC060052
:10A4300010DC06002DE9F04105460E4617460E4891
:10A440000E4CDFF83C804FF0FF324FF0FF3305F049
:10A4500081FC444504D30848BDE8F04105F056BCF2
:10A4600023680BB1AB4204D163683A4631462846B3
:10A4700098470834EDE700BF041D002010DC0600FB
:10A4800010DC06002DE9F84F0746884600235DB230
:10A490007A5D0ABB4FF0FF3597F800903148A9F17B
:10A4A0002D020021013BD2F1000E5BB24EEB020EF9
:10A4B0000C460E464FF00A0A5AB2724512DA002DC7
:10A4C0002DDAB9F12D0F02D1644266EB4606C8E9D8
:10A4D00000460020BDE8F88F2E2A03F10101DBD0F1
:10A4E0000B46D4E7FA5C303A5FFA82FCBCF1090F04
:10A4F00003F1FF3332D802FB01FC4FEAE27B00FBA1
:10A500000BCCA2FB00B294441BEB040B0AFB01F240
:10A51000A0FB0A015C464CEB06061144CCE7013572
:10A5200011486DB200217B5D002BCAD0303BDAB2FE
:10A53000092A13D803FB01F24FEAE37C00FB0C224B
:10A54000A3FB003C1B19624442EB06061C460A2290
:10A5500000230135CDF7F2F96DB2E4E76FF0150095
:10A56000B8E700BF00CA9A3B00E1F50510B50C46FC
:10A57000FFF788FF002808DBD4E90001034A002325
:10A58000CDF7DCF9C4E90001002010BD40420F0006
:10A590002DE9F04707468A4600244FFA84F917F858
:10A5A000093013B96FF015004EE02E2B04F10102B3
:10A5B00001D01446F1E7B9F1000FF3DDB9F1010F55
:10A5C00005D007EB090313F8023C352BEAD8E4B2B7
:10A5D0000021661C294876B20D468846BB5DABBBA0
:10A5E000013C274ADFF89CC064B203210A26A9EB8C
:10A5F0000403032B3B5DA3F13003D8B204BF6246D2
:10A60000E8210928CED803FB01F04FEAE37E02FBE4
:10A610000E00A3FB023E5B1904F1FF3470441D469B
:10A6200064B206FB01F3A2FB062140EB08081944C3
:10A63000631CDCD14FF47A72002328464146CDF7E3
:10A64000CDF9CAE900010020BDE8F087303BDAB25D
:10A65000092AA7D803FB01F24FEAE37C00FB0C2296
:10A66000A3FB003C5B19624442EB08081D460A222A
:10A6700000230136CDF7B2F976B2AFE7AA5057639F
:10A68000AA2669E10010A5D410B50C46FFF7FAFE22
:10A69000002808DBD4E90001034A0023CDF74EF976
:10A6A000C4E90001002010BD35A91D007FB51F4B76
:10A6B00000241B88ADF8003006460D468DF8024098
:10A6C000EAF7B5FD052803D86FF0150004B070BD9A
:10A6D0003388ADF8003001AA0A21684610F0F7FC73
:10A6E0000028F1DB019B172BEED82B707388ADF897
:10A6F000003001AA0A21684610F0E9FC0028E3DBDB
:10A70000019B3B2BE0D86B7002A9301DFFF72EFF99
:10A710000028D9DB029B4EF660229342039A72F125
:10A720000002D1D26B802046D0E700BF41E3060093
:10A7300073B51F4B00241B88ADF8003006460D464C
:10A740008DF80240EAF773FD062803D06FF015007C
:10A7500002B070BD3388ADF8003001AA0A21684606
:10A7600010F0B5FC0028F1DB019B5A1E1E2AEDD823
:10A770002B717388ADF8003001AA0A21684610F0E9
:10A78000A6FC0028E2DB019B5A1E0B2ADED86B7167
:10A79000B388ADF8003001AA0A21684610F097FC92
:10A7A0000028D3DB019B632BD0D8AB712046CFE7C9
:10A7B00041E30600092973B50546144603D86FF036
:10A7C000150002B070BD83681B78562B58D0412B02
:10A7D000F5D102F12C0640683146FFF767FF0028EB
:10A7E000EDDB2B691B784E2B01D0532BE7D1AB69E6
:10A7F0001B78452B01D0572BE1D1E8682146FFF7A4
:10A80000C7FE0028DBDB686904F10801FFF7C0FE22
:10A810000028D4DB296909784E29D4E9003202D016
:10A820005B4262EB4202C4E90032A969097845291A
:10A83000D4E9023202D05B4262EB4202C4E9023246
:10A840006946E869FFF720FF0028B8DBDDE9003240
:10A85000002AB4DC6361286A6946FFF787FE002896
:10A86000ADDB084A009B01999A424FF000028A41F1
:10A87000A5D32361686A3146FFF75AFF00289EDBA3
:10A8800000209EE73F7E0500F8B5064607690C46A6
:10A89000EFF31185402383F31288BFF36F8F0022FB
:10A8A0003E23114610F022FE00280EDB07F505615D
:10A8B000304610F0A4FE002807DBD7F854680023C8
:10A8C00023603246717A994204DC85F31188BFF324
:10A8D0006F8FF8BDD2F80E10C90709D5917A0629F5
:10A8E00009D8064840560028EFDB21680143216063
:10A8F00001330832E6E76FF01500E6E7923B070008
:10A90000F8B5044606690D46EFF31187402383F33B
:10A910001288BFF36F8F00222423114610F0E6FD4A
:10A92000002810DB06F50561204610F068FE0028BF
:10A9300009DBD6F854381B7A0A2B09D8064AD056B8
:10A94000002800DB287087F31188BFF36F8FF8BDF4
:10A950006FF01500F7E700BF993B07002DE9F843BA
:10A96000064605698846EFF31187402383F3128872
:10A97000BFF36F8F00223E23114610F0B7FD041E77
:10A980007ADB05F505694946304610F038FE041EAD
:10A9900072DBD5F85448002394F809C022461846C3
:10A9A00019469C451FDC3420F1F7D6F80623C37006
:10A9B000054600F049FA00221346012404FA02F188
:10A9C00011F05F0F3FD011EA080F14BF01200020E3
:10A9D000082923DC0139072924D8DFE801F02654AF
:10A9E00023592323235E957A062D64D8DFF8CCE023
:10A9F0001EF90550002D5EDB15EA080F05D0D57A4B
:10AA00002944157B284489B280B2257A8D4252D3DD
:10AA1000854202F108024ED30133C2E7042A41D035
:10AA2000062A44D06FF0150423E005EBC3014FF074
:10AA3000000C81F804C005EBC30C40F480300133F6
:10AA4000CCF80800DBB20132082AB7D13E23342209
:10AA50002946304610F04AFD041E0ADB49463046BE
:10AA600010F0CDFD041E04DB4FF44030002105F052
:10AA700019FF2846F1F78AF887F31188BFF36F8F23
:10AA80002046BDE8F88305EBC3014FF0060CD0E784
:10AA900005EBC3014FF0020CCBE705EBC3014FF010
:10AAA000030CC6E705EBC3014FF0050CC1E705EB4E
:10AAB000C3010C71BFE76FF01504DDE7923B07009F
:10AAC000F0B50546076989B00C46EFF311864023BF
:10AAD00083F31288BFF36F8F684600F09DF9032C53
:10AAE00020D8124B1C57002C15DB24231A4669462C
:10AAF00028468DF8024010F0F9FC041E0BDB07F528
:10AB00000561284610F07BFD041E04DB4FF4403045
:10AB1000002105F0C7FE86F31188BFF36F8F204632
:10AB200009B0F0BD6FF01504F5E700BFA43B0700C6
:10AB30002DE9F04104468EB000214FF4004005F0AD
:10AB4000B1FE2069039400F15803049303A918236C
:10AB5000ADF8143010F09EFC0028C0F28180204631
:10AB600010F0ACFC2069039000F5896304934FF466
:10AB70008073ADF81430744B069302238DF81C30AB
:10AB800000F5A9630A932023ADF82C306F4B0C938A
:10AB90000025032303A900F5427008958DF8245081
:10ABA000ADF83430FBF7ECFF002859DB2069039047
:10ABB00000F23C6300F24472049303A94FF48473DF
:10ABC00000F5B960ADF814300692ADF81C30FCF712
:10ABD0005DF9002844DB206910F0C3FC00283FDB4E
:10ABE00063685B4F5E6857F8041B204610F0CFFC8B
:10ABF00000280CDB02223146204610F07BFD10B10C
:10AC00000135092DEFD13146204610F0C0FC082156
:10AC1000204610F097FD00281BDB2669EFF3118515
:10AC2000402787F31288BFF36F8F03A810F0C0FD91
:10AC30000823062203A9204610F058FC031E12DA4E
:10AC400085F31188BFF36F8F424A434801210BF00F
:10AC5000A0FD0921204610F075FD0028F9DB002039
:10AC60000EB0BDE8F08106F50561204610F0C7FC86
:10AC7000034685F31188BFF36F8F0028E4DB636818
:10AC80000A225968204610F035FD031E01DA334AC6
:10AC9000DBE72569EFF3118687F31288BFF36F8F27
:10ACA00001A810F092FD01238DF806302C4B1A8874
:10ACB0009B78ADF808208DF80A3002AF4FF00008FD
:10ACC00005F5056517F8013B8DF8053003220123D2
:10ACD00001A9204610F00AFC031E2DDB2946204660
:10ACE00010F08DFC031E27DB08F10108B8F1030FFB
:10ACF000E8D11C4A10685168128903AB03C34FF0B6
:10AD000000088DF806801A8003AF17F8013B8DF814
:10AD100005300322012301A9204610F0E7FB031EA2
:10AD20000ADB2946204610F06AFC031E04DB08F10A
:10AD30000108B8F10A0FE8D186F31188BFF36F8FCD
:10AD4000002B86DA084A80E71D1B0020CCEE0600A7
:10AD500010EF06000D3B070058DB0600333B0700F1
:10AD600044E30600873B07005D3B070070B4BDF875
:10AD70001040039D7CB3B4F5807F03D8052A05D02D
:10AD8000062A08D04FF0FF3070BC7047012BF9D86D
:10AD9000022C20D0F6E7082B16D8082BF2D801A6F3
:10ADA00056F823F0E5AD0500F5AD050085AD0500CD
:10ADB00085AD0500EDAD050085AD050085AD05004F
:10ADC00085AD0500E1AD0500242B11D03E2BD9D176
:10ADD000261F7607D6D1CDE9035470BC0FF0CDBC49
:10ADE000062CD6E7012CF6D0142CD2E7042CD0E7A1
:10ADF000242CCEE7032CCCE74FF40C630122C0E9EE
:10AE00000023044B4FF41641C0E9021300230382D0
:10AE10008374704707002300084A0023C0E9002319
:10AE2000074A83610121C0E90212064A83834FF079
:10AE3000641CC0E904C28377704700BFFF050003AC
:10AE4000050364005E01003C70B54FF44453038079
:10AE5000C678084C312383700022031D964200DC23
:10AE600070BD94E8030003EBC20585E803000132DE
:10AE7000F4E700BF08EF0600F0B54068057B01F07D
:10AE80001F0444EA4514056987B0002D64D0B2F56B
:10AE9000001F00F1100506D12146284611F0FFF8E9
:10AEA000002007B0F0BD01AE0027B2F5800F01977A
:10AEB000776039D1B3F1007F14BF052304238DF8E7
:10AEC00004300023CDE904630393836823FA01F17E
:10AED00011F001011AD1B2F1A07F17D104F01F03C4
:10AEE000620903F5E0732AD0012A3BD11F4A52F8C8
:10AEF0002330DB070AD40DF10306324621462846EB
:10AF000003F03EF81A4B98421CD0029603AA214641
:10AF1000284602F0F7FE174B984220D10122214625
:10AF2000284603F091F8BBE7B3F1C06F05D0B3F149
:10AF3000007F14BF01230223C1E70323BFE74FF0C3
:10AF4000A042D4E73146284603F078F8094B9842EE
:10AF5000DBD06FF00B00A4E76FF08500A1E76FF086
:10AF600015009EE751F82330FFDE00BF00030050BC
:10AF70000400AD0B0000AD0B38B545682B69B3B1CB
:10AF80001035284603F04AF8044680B901462846A1
:10AF900003F010F8084B98420BD108492246284686
:10AFA00002F0E8FF224605210620F0F761FB0020B1
:10AFB00038BD6FF00400FBE70000AD0BC1AF05002A
:10AFC000420970B5034602D0012A17D070BD0D4E5C
:10AFD000326951680029F9D003F01F0301250C687C
:10AFE0009D400029F2D08A682A4002D04B68304642
:10AFF00098472CB1236821461C46F2E7024EE7E74A
:10B000002346F8E774D6060060D606002DE9F04323
:10B01000466840F20635D006337B87B002EA050564
:10B0200054BFC2F34010032001F01F07B5F5837F22
:10B03000144647EA43178DF8030044D00FD8062D75
:10B0400018D007D8B5B1022D3FD06FF0150007B06A
:10B05000BDE8F083B5F5807FF7D101250AE040F225
:10B060000222954233D0B5F5407F32D0B5F5007F4E
:10B07000EBD1022522032ED5726801238B40C2F842
:10B080000835326992BB07F01F037F092BD0012FCF
:10B0900079D13F4A02EB830284F48033D2F800175F
:10B0A000C3F30043C4F3404444EA430421F4E161A0
:10B0B00044EA800421F0070144EA05230B43C2F867
:10B0C00000370020C3E70725D4E70425D2E705258C
:10B0D000D0E70325CEE7630341BF012372688B40AD
:10B0E000C2F80C35CDE74FF0A042D3E710360DF192
:10B0F00002023946304602F043FF14F4403F8046D6
:10B100000CD13946304610F0C8FF224B9845D8D1B3
:10B110009DF80210304602F08BFFD2E701AB4FF0F2
:10B12000000903AA39463046CDE90439CDE9019931
:10B13000CDF80C9002F0E6FD164B984285D114F440
:10B14000003315D09DF803308DF80E3084F4803430
:10B15000C4F300444B4603AA394630468DF80C50E0
:10B160008DF80D4002F088FE0A4B9842CDD06CE776
:10B17000CDE9043303AA0DF10303394630460393A6
:10B1800002F0C0FDF0E703F5E07352F82330FFDE74
:10B19000000300500000AD0B02780B69012A08D0B3
:10B1A000022A08D04AB9064A5A6303F11C0004F087
:10B1B000ADBD044AF8E7044AF6E7044AF4E700BFE5
:10B1C0000000AD0B0100AE0B0200AE0B0100AD0B99
:10B1D0002DE9F04FD0F81090D0F8048085B00546E6
:10B1E0000C461746029309F1040A4FF0FF324FF064
:10B1F000FF33504604F0AEFD09F11C0B0023002282
:10B20000584604F0A7FD404604F014F97B1E0026C2
:10B210000393B74201D8002322E0039B217AB34273
:10B2200083BF237D83F00403C3F3800300230193D2
:10B23000029B0093D4E90023284600F08FF80346D0
:10B2400070B94FF480420023584604F083FD98B152
:10B25000404604F0FFF8284600F06EF86FF0040353
:10B260004046029304F0F6F8504604F04FFD029B6E
:10B27000184605B0BDE8F08FD9F83430034A934240
:10B2800004F10C04EAD10136C3E700BF0000AD0BA6
:10B2900098B5044640682346826900AF00F1080172
:10B2A00004F084F80E4B984217D023686C4688B09F
:10B2B0006A460C49C2E905134FF4007393830A4BA5
:10B2C00042F8103F094800234FF4E251ECF7C6FE64
:10B2D0006FF00F00A546BD4698BD0020FBE700BFFC
:10B2E0000000AD0B053C07000300000170DA06000A
:10B2F00008B5CA07436800690AD4C1F34202012AAB
:10B3000009D0022A0FD00A4A0A4801210BF038FA64
:10B310006FF0150006E01B684FF0CC72C3F82425CF
:10B320000160002008BD1B684FF0CD62F6E700BF4A
:10B33000253C070070DA060008B543681B68D3F89F
:10B340000805D3F80C1504F08BF9034B984214BF91
:10B350006FF00F00002008BD0000AD0B2DE9F0419B
:10B3600086B00C4647689DF83480154600211222AD
:10B370000DF106001E4612F004F8BDF830208DF8DD
:10B38000052004F0010314F008028DF80430029641
:10B39000049509D0124A134801210BF0F1F96FF01E
:10B3A000850006B0BDE8F081A10705D4B8F1000F13
:10B3B00011D1002BF3D1202201A9384604F066F800
:10B3C000094B984209D00B3398420CBF6FF00F0025
:10B3D0006FF00400E5E74022EEE70020E1E700BF60
:10B3E000373C070070DA06000000AD0B036803F07D
:10B3F0001F025B09026004D0012B034818BF002024
:10B4000070474FF0A0407047000300502DE9F04F07
:10B41000DFF89491DFF894A185B01546834600EBE0
:10B42000810140F2FF18594503D1002005B0BDE865
:10B43000F08FDBF800305E04C3F3C322C3F30804CB
:10B4400000F1AC805B0C19F80270444508BF4FF066
:10B45000FF34222B00F2A580DFE803F012191F222F
:10B46000252B22A3A3A3A33B68A3A3A3A3A3A3A3C6
:10B47000A3A36B818487A3A3A38A9194979A9D0029
:10B48000C5F80C45601C5ED10BF1040BCBE7C5F889
:10B490001445621CF8D000265FE0C5F80845F1E7C6
:10B4A000C5F81045F5E7631CC5F80845ECD0002643
:10B4B00004E0661CC5F80C45E6D0012603A80394F9
:10B4C000FFF794FF039B012202FA03F3C0F80C3547
:10B4D00008E0C5F80845002FDBD1631CD4D0002656
:10B4E00032460627DBF80030019303F400400028C1
:10B4F00018BF002203A8009218BF01260394FFF78B
:10B5000075FF039C019B009A00EB8400C3F3412C60
:10B51000D0F800473B0243EA8C03134304EA0A04D1
:10B52000234343EA4603C0F80037ADE7C5F80C45AE
:10B53000D1E7C5F86045601CDBF80030A4D0C3F348
:10B540000043002BB9D003A80394FFF74FFF039BE0
:10B55000012606FA03F3C0F808353246C2E7C5F8FB
:10B560006445E8E7C5F86845E5E7C5F86C45E2E7F6
:10B57000C5F82445621C87D000220126B2E7C5F831
:10B5800028457FE7C5F83045F4E7C5F83445F1E7CD
:10B59000C5F83845EEE7C5F83C4573E76FF0150090
:10B5A00044E76FF0850041E75D3C0700F0F8FCFFE1
:10B5B000036803F01F025B09026004D0012B0348FB
:10B5C00018BF002070474FF0A040704700030050A4
:10B5D00002480021C2E90001002070470024F40065
:10B5E0002DE9F04182B04568AE6B00AF04463A1DCC
:10B5F0000021304610F079F9002854DB7B6832686E
:10B6000019791868FFF702FF00284CDB0026314645
:10B610004FF001082B6801F5AC7253F82230002B73
:10B620000EDB7B60381DFFF7C3FF7A68D0F8043566
:10B63000D34013F0010318BF08FA01F33343DEB21D
:10B6400001310429E6D1002301206268916A00FAE1
:10B6500003F232420CBF01220022D20321F8132050
:10B660000133042BF1D100231A4605F108012846C5
:10B6700002F09EFF0F4B984219D023686C4688B0A9
:10B680006A460D49C2E905134FF4007393830B4BCF
:10B6900042F8103F0A4800234FF4E251ECF7DEFC79
:10B6A0006FF00F00A5460837BD46BDE8F0810020C9
:10B6B000F9E700BF0000AD0B053C070003000001E7
:10B6C00018DB06002DE9F341BDF820E04668046967
:10B6D00003290D460EF0010E06D94D4A0B464D4882
:10B6E00001210BF056F818E0B17F012908BF5B0873
:10B6F0004FF0010108BF520801FA05FC002B5FD092
:10B700009A4260D92768BA421BD0277937EA0C07DA
:10B7100008D0414A3F480BF033F86FF0150002B0F3
:10B72000BDE8F0811146B1F5004F41D2226067714A
:10B73000326896F81E80C2F80C75C2F80485C2F80B
:10B740000815627923FA02F292B2012140688EF064
:10B750000107806A42EAC73220F815205FFA8CF7A9
:10B7600000293ED1326805F5AC7552F82520002A33
:10B770000FDBBEF1000F47D0B3FA83F35B0933BB95
:10B7800001A80192FFF714FF019A01239340C0F82A
:10B790000C35217921EA0701217131B3A3795BBB13
:10B7A0000023012206F12801304602F027FF21E0A4
:10B7B0000137082F4FEA5101B5D11346174A8EE7DA
:10B7C00019461A46C2E7002147F6FF72BEE701A8F4
:10B7D0000192FFF7EDFE019A01239340C0F808356E
:10B7E000D7E723793B432371D8E7304602F044FF83
:10B7F0000123A371002092E70023A371304610F0CB
:10B80000E1FC0028FAD0CBE7003B18BF0123B6E7E4
:10B81000653C070018DB06007A3C07008F3C0700F8
:10B82000F0B54B79012B26D0032B21D110258B7934
:10B83000032B1DD1CE790EB1012E19D10A7912B187
:10B84000022A15D10E220B684468B3F5164F2768FB
:10B8500067D02DD8B3F5165F66D016D8B3F5966FBE
:10B8600064D00AD8B3F5967F63D0B3F5167F63D062
:10B870006FF0850054E00025D9E7B3F5166F5ED070
:10B88000B3F5965FF4D1384B3CE0B3F5E14F59D0B6
:10B8900007D8B3F5615F57D0B3F5964FE8D1334B76
:10B8A00030E047F61224A342E2D14FF4000329E02E
:10B8B000B3F5613F4AD013D8B3F5963F49D009D8C4
:10B8C0004DF6C024A34246D0B3F5614FD0D14FF41A
:10B8D0006B0317E0B3F5E13FCAD14FF0EB7311E012
:10B8E000B3F5612F3AD008D8214CA34239D0B3F533
:10B8F000E12FBDD14FF0E86304E01E4CA342B7D165
:10B900004FF080530469C7F82435436835431B68FA
:10B910002A43C3F86C2503C9231D83E803000020D4
:10B92000F0BD4FF41D03EDE7134BEBE74FF49E23FF
:10B93000E8E74FF4A033E5E74FF41C33E2E74FF4B8
:10B940001D23DFE70D4BDDE70D4BDBE74FF06C739D
:10B95000D8E70C4BD6E74FF46503D3E74FF070639D
:10B96000D0E74FF08063CDE700B0130000A04E0099
:10B9700090D0030040420F000050270000C0750027
:10B9800000F03A0000903A012DE9F743804600228A
:10B9900001210220EFF76CFE0220EFF739FED8F804
:10B9A0000470D8F810603C680021C4F80015C6F88F
:10B9B0000080D7F80C9001AA48460FF096FF051EAC
:10B9C0001FDB019BD9F8002019791868FFF71EFDCD
:10B9D000051E16DB311D4046FFF722FF054680B9E4
:10B9E0007B6899071DD506F11C0002F03DFD214B37
:10B9F00098420AD0204A214801210AF0C1FE6FF086
:10BA00000405284603B0BDE8F083307F04F10C0242
:10BA100004F5907110F0AAFA337F0120984002F0EB
:10BA200053F80823C4F800353B7A53B9C4F81031F1
:10BA3000D4F81031B369C4F834350123C4F838356B
:10BA400023607B689A075CBF4FF48073C4F80433AB
:10BA50007B68DB0644BF4FF48003C4F8043373698A
:10BA6000C4F844350023C4F848350123A360E360DB
:10BA7000C7E700BF0000AD0BCF3C070050DB06005E
:10BA80002DE9F041044607690D4610F09BFF4FF089
:10BA90004008B0B91F4B1B789BB16426606810F05A
:10BAA00005F8F0B9012010F05FFA013EF6D100214F
:10BAB000212004F0F7FEF0E781F31188BFF36F8FC8
:10BAC000F5E7EFF311810E4688F31288BFF36F8F0D
:10BAD00060680FF0EBFF80B981F31188BFF36F8FBF
:10BAE000EFE7EFF311810E4688F31288BFF36F8FF3
:10BAF00060680FF0DBFF0028DED07B691D7079697C
:10BB0000012220460FF013FF86F31188BFF36F8FD9
:10BB1000BDE8F0818D9E00202DE9F04383B045689B
:10BB20000669D5F8208000AF3A1D002140460FF08D
:10BB3000DCFE041E1ADB7B68D8F80020197918682F
:10BB4000FFF764FC041E11DB696A481C1BD005F179
:10BB5000280000F023FB10F1130F04460BD1314AEB
:10BB60003148012110F04BF86FF0120420460C37D9
:10BB7000BD46BDE8F083411D05D12C4A2A4801216C
:10BB800010F03DF8F2E7EB699847B5684FF001080F
:10BB9000D6E9023203EBC2039D4204D3304610F0D3
:10BBA0005CF80024E2E7286810F00FFC0346B0B907
:10BBB0002A68297910686C468AB06A461C4DD161A2
:10BBC0004FF4007111841B49C2E9055042F8101F5F
:10BBD00015484FF41151ECF741FAA546C4E728681F
:10BBE0002979EB88D0F810C0D0F80890DCF8004034
:10BBF000DA0754BF43F4B01383F4D01323F4801254
:10BC000008FA01FEDB074CBF44EA0E0424EA0E04E6
:10BC1000CCF80040D9F800309847041EA6DB083560
:10BC2000B6E700BF0C3D070040DB0600373D0700CC
:10BC3000543D0700040000017FB5054640682969AE
:10BC40008A6D0B6E0ABBABB14C6D8B6616461A46FD
:10BC5000C96D0291CDE9004611B3002B18BF134600
:10BC600000226946039303F0CDF90E4B98420AD0A7
:10BC70006FF004032C69236404F1280004F046F8F3
:10BC8000002384F86C3004B070BD4C6D13B19A423F
:10BC900028BF1A46002C8A6614BF16460026D7E72E
:10BCA0000B46DDE70000AD0B38B503780C4663B9F1
:10BCB0008D6E5DB94B6E1C696FF07303236404F1E4
:10BCC000280004F023F884F86C5038BD8B6D33B134
:10BCD0009D4213D9224A234801210FF090FF236E81
:10BCE000A26E33B19A4221D91D4A1E4801210FF09C
:10BCF00086FF606EBDE83840FFF79EBF5B1B8B651B
:10BD000073B94B6C08334B648B6C013B8B6401F152
:10BD1000580204F1440048310FF078FF6065DEE717
:10BD20004B6D002BDBD02B444B65D8E79B1A236669
:10BD30007BB9E36C0833E364236D013B236504F1B5
:10BD4000600204F1500104F14C000FF05FFFE06568
:10BD5000CFE7E36D002BCCD01344E365C9E700BF08
:10BD6000783D070040DB06002DE9F04F8BB000AFB7
:10BD7000C7E9023243687B608B8804699E04804671
:10BD8000894630D44FF0FF324FF0FF3304F11000FA
:10BD900003F0E0FFC4F80490D8F810A0D8F804B07D
:10BDA0009AF86D3023B1DAF80030994500F0DD8063
:10BDB000B9F8046016F400631CD0B34AB3480121FB
:10BDC0000FF01DFF6FF0850523689B8813F4005367
:10BDD00004D1636004F1100003F098FF28462C376B
:10BDE000BD46BDE8F08FA369002BCBD163689942B3
:10BDF000C8D1D1E7F50716D56D4688B0D8F8001040
:10BE00006A46A348C2E905014FF400719183A14934
:10BE100042F8101F9D484FF4E251ECF71FF9AD4670
:10BE20006FF01505D0E7300705D59B4A97480121EB
:10BE30000FF0E5FEF4E7C6F34513082B01D0974A4F
:10BE4000F4E7D9F80050964B9D4201D8954AEDE7AA
:10BE50000BF1080EBEE80F0007F1140CACE80F0060
:10BE6000DEF80030CCF800308F4B9D4254D98F4B18
:10BE70009D4254D98E4B9D4254D98E4B9D4254D9EC
:10BE80008D4B9D4254D98D4B9D422CBF4FF00045A8
:10BE90004FF08045B107FD6106F004034BD5002B40
:10BEA00014BF0323022387F82030C6F3001387F85A
:10BEB0002130DBF80030D3F8083516F0020F4FEAD6
:10BEC0005312C6F3400103F01F033BD1BAB3012A5A
:10BED00040F03C817A49012202FA03F3C1F80C35A3
:10BEE0009AF86D302BB1584603F054F800238AF8C5
:10BEF0006D30744A534607F11401584603F016F8A2
:10BF0000714A904203462BD0704A604801210AF0E2
:10BF100040FC6FF0040557E74FF00075BAE74FF0AB
:10BF20008065B7E74FF00065B4E74FF08055B1E7A3
:10BF30004FF00055AEE7003B18BF0123B3E74FF0C9
:10BF4000A041C8E74AB1012A40F003815C490122BF
:10BF500002FA03F3C1F80835C2E74FF0A041F6E753
:10BF600001238AF86D30CAF80090012384F86C3000
:10BF70007B68596A4A1C0AD003F128000FF097FE2B
:10BF8000743004D1524A414802210FF038FEFB6858
:10BF9000002B40F0A18063640023A36404F15802E5
:10BFA00004F1480104F144000FF030FEBB68606505
:10BFB000002B40F09A80E3640023236504F16002C3
:10BFC00004F1500104F14C000FF020FEE065206800
:10BFD0000023236448B183683BB1012108300FF08E
:10BFE00028FE2368186910F0EBF94046FFF724FE9D
:10BFF0000022A06C1346834240F080800023256D10
:10C000001946A94240F081809342264638BF134624
:10C010004FF4FA5202FB03F556F8283B4FF4004C5C
:10C020001B68B5FBF3F540F2E730C83500214FF44B
:10C030007A720023E5FB0C01CBF7D0FC02460B46DD
:10C04000304603F087FE002866D0224A0F480121BF
:10C050000FF0D5FD4FF000097868C4F8689002F041
:10C0600099FF84F86D90D8F810506FF07308C5F8F8
:10C07000408005F1280003F049FE85F86C903046B9
:10C0800003F08EFE45464BE0963D070040DB060080
:10C09000B03D070003000001D23D0700F13D07005D
:10C0A00047E80100203E07008FD003001FA10700D2
:10C0B0003F420F007F841E00FF083D0000127A00FF
:10C0C00000030050A9BC05000000AD0B513E070065
:10C0D000783E0700A23E0700FB681B686364002BE4
:10C0E0003FF45AAFFB685B6857E7BB681B68E364C3
:10C0F000002B3FF461AFBB685B685EE7616C01EBEE
:10C10000C301013349680A4475E7E06C00EBC100E4
:10C1100001314068034474E7256C15F1740F99D020
:10C120002368002B3FF450AE9A68002A3FF44CAECF
:10C13000998811F480567FF447AE186910F040F9E1
:10C140002068314608300FF074FD3DE6C1F80C154B
:10C15000FFDE0023C3F80835FAE700BF00F01F0236
:10C1600040090DD001280ED10A4B03EB82030A4A85
:10C17000D3F80007024042EA8102C3F80027704763
:10C180004FF0A043F1E702F5E072002353F82230AC
:10C19000FFDE00BF00030050F0F8FCFFF0B587B0F1
:10C1A00001238DF8023002238DF804306B44039391
:10C1B0000F4601AB0DF103010024049305460291E3
:10C1C000059401F03BFF0C4B984206460FD103AAA1
:10C1D0003946284601F096FDB0420BD09DF8031079
:10C1E000284601F025FF6FF0040007B0F0BD6FF0A6
:10C1F0001200FAE72046F8E70000AD0B70B5012306
:10C2000083400E4ABFF35B8FDC4352E8001F01EA14
:10C21000040542E80056002EF7D1BFF35B8F4FF4C0
:10C22000803282400648C0F80823BFF35F8FBFF317
:10C230006F8F0B4214BF0120002070BD308F002093
:10C240000010014070B40E49D1E90034D01AC3186F
:10C2500044F1000422F07F46C1E90034A6F5001342
:10C26000B3F5400F09D2074B1B681A0A1B069C192D
:10C27000054B42F10005C3E9004570BC04F0E0BC89
:10C28000F0610020348F0020F861002011B3BFF36B
:10C290005B8F0123104A834052E800CF4CEA030C25
:10C2A00042E800C10029F7D1BFF35B8F0B4A4FF47E
:10C2B00080338340C2F80433094BBFF35B8F1B68A4
:10C2C000BFF35B8FC340DB0742BF064B4FF4003226
:10C2D000C3F80021704700BF308F002000100140DC
:10C2E0002C8F002000E100E00D4B1868010A0006C9
:10C2F000BFF35F8F0B4BD3F80435181841F10001E1
:10C30000B3F5801F0AD2084BD3E90023904271EBAA
:10C31000030303D210F1807041F10001704700BFA8
:10C32000348F002000100140F86100202DE9F04F0B
:10C3300085B016461F469DF840A00446FFF75EFFF5
:10C340000190FFF7D1FFB04271EB070354D23E4B8F
:10C35000301A67EB0101984271F100014FD23B4B5B
:10C3600003EB0413D3E902239F4208BF96425ED039
:10C3700037494FF4803804F1500508FA04F8AD004D
:10C38000C1F848832046ADB20FF0B9FC26F07F4BD0
:10C3900005F1804504F5A87305F58835DC464FF0B6
:10C3A00003090293029A2CF07F4341F82230C1F82E
:10C3B0004483D1F80435274A6FF00200C01A604464
:10C3C00020F07F40904232D9286868B1D1F8043516
:10C3D0000393A3EB0B0020F07F40B0F5000F26D9AC
:10C3E00020460FF08CFC039BBAF1000F07D109EB3C
:10C3F000030C09F10109D5E7BAF1000F09D06FF07C
:10C40000150520460199FFF741FF284605B0BDE814
:10C41000F08F0123104ABFF35B8FA34052E8000F57
:10C42000184342E800010029F8D1BFF35B8F0749A8
:10C430000E98230101EB0412C8500F9B5360C2E910
:10C4400002670025DDE700BF01008000E0610020F9
:10C4500000100140FDFF7F002C8F00207FB51C4C99
:10C460001C4BC4F80833C4F848331B4B00254FF06D
:10C47000FF304FF0FF31C4F80855C3E902014FF413
:10C480008033C4F80433154B02264FF400320121E7
:10C49000C4F804631120C3F880212A46EFF7E8F8B6
:10C4A0001120EFF7B5F80E4A0123A3602360136053
:10C4B0000C4B0D4A0093CDE9015500232846FFF7A8
:10C4C00035FF3046FDF77AF8284604B070BD00BF4E
:10C4D0000010014003000F00E061002000E100E0D7
:10C4E000308F002045C20500FFFF7F002DE9F74394
:10C4F0002B4CD4F8043399070BD5D4F8043143B14D
:10C50000284A0023C4F80431D4F8043113680133F5
:10C510001360D4F80433DA0323D5BFF35B8F224BC7
:10C5200053E8002F22F0010143E800100028F7D162
:10C53000BFF35B8FD30702D4D4F840318BB1002511
:10C54000C4F84051D4F84031FFF7CEFEEFF310822B
:10C5500072B6164BD3E90267B042B94104D282F3F6
:10C56000108803B0BDE8F0834FF0FF384FF0FF397B
:10C57000C3E90289D3E900101D604FF48033C4F889
:10C580004833C4F84051D4F8403182F31088002970
:10C59000E7D0009032463B4628468847E1E700BF97
:10C5A00000100140348F00202C8F0020E06100201B
:10C5B00030B5431C124C85B005D08442A8BF044658
:10C5C000012CB8BF0124FFF78FFE0E4B0C4DD3E9B1
:10C5D0000013401AB0F5000F10D22218AA4228BF4B
:10C5E0002A4652184FF0000007490091CDE901009A
:10C5F00043F10003FFF79AFE05B030BD2A46F0E78D
:10C60000FFFF7F00F061002045C2050008B5FFF77D
:10C610006BFE024B1B68C01A08BD00BFF061002012
:10C620002DE9F041114E07468846002527FA05F20C
:10C6300012F0010211D128FA05F3DB070FD5317989
:10C6400030680FF06CFB044648B1094A09480121E3
:10C650000AF096F82046BDE8F0810122EFE70135A7
:10C66000032D06F10806E1D10024F3E744F10600AA
:10C67000E23E070040DA060008B5044A04480121FA
:10C680000AF07EF86FF0150008BD00BFF83E070005
:10C6900040DA0600F8B5164C00260127E38820682A
:10C6A000217943F400320569D0F808E013F0010F56
:10C6B0002B6807FA01FC14BF4CEA030323EA0C03BE
:10C6C0002B60DEF800309847054648B90136032E46
:10C6D00004F10804E2D1BDE8F8400F21FFF7A0BF44
:10C6E000044A054801210AF04BF82846F8BD00BF6E
:10C6F00044F10600133F070040DA0600022810B597
:10C700000A4603D9BDE81040FFF7B6BF084B03EB5C
:10C71000C00153F8300009790FF001FB044620B145
:10C72000044A054801210AF02BF8204610BD00BF3D
:10C7300044F10600E23E070040DA060002460B46DE
:10C74000014803F0FDB900BF1C1C0020014803F0A4
:10C750006FBA00BF1C1C002030B5424887B0F1F70B
:10C7600087F84148CBF7CAFECCF71CF818B16FF038
:10C77000850007B030BDCCF729F80028F7D1CCF7F9
:10C7800039F80028F3D1CCF761F80028EFD1CCF7C5
:10C790004FF80028EBD1CCF767F80028E7D1CCF7A9
:10C7A00071F80028E3D1CCF77BF804460028DED1ED
:10C7B000012503AA29468DF80C50CBF7EFFE00287F
:10C7C000D7DB03AA022120468DF80C50CBF7E6FEFA
:10C7D0000028CEDB082303AA07210020ADF80C3087
:10C7E000CBF7DCFE0028C4DB204B039303AA032114
:10C7F0000020CBF7D3FE0028BBDB03AA04210020D6
:10C800008DF80C50CBF7CAFE0028B2DB1F2303AA19
:10C8100006210020ADF80C30CBF7C0FE0028A8DBC5
:10C82000032303AA052100208DF80C30CBF7B6FEB8
:10C8300000289EDB41F26813984210DD0C4A0090FC
:10C8400029460C4809F0AFFF002383F31188BFF39A
:10C850006F8F0423184602DF6FF00B0089E700207A
:10C8600087E700BF5CF10600A1C80500646403020D
:10C87000413F070018DA0600014902480FF0E0BF07
:10C88000388F0020E873002010B403460A4603489E
:10C8900081680C681946234610BC1847C4D60600A8
:10C8A00098B500AF6C468AB06A460D4BD161C2E9BB
:10C8B00005304FF4007313840A4B42F8103F0A48C6
:10C8C00000234FF41151EBF7C9FB0023A54683F376
:10C8D0001188BFF36F8F0323184602DFBD4698BD52
:10C8E000633F07000400000118DA0600B0B588B005
:10C8F0003549364800AF0FF078FF00F08DFD07F1A5
:10C900000C00CBF73DFF6C4688B06A46304B536154
:10C91000304B93614FF4007393832F4B42F8103FD9
:10C920002E492F4807F10C03EBF798FBA5462D483D
:10C930000FF04BFD50B92C4A2948012109F020FF86
:10C940006FF0120420462037BD46B0BD274B7B60F8
:10C95000381DCBF7B3FF034638B1254A20480121E3
:10C9600009F017FF6FF01504ECE74FF0FF304FF0C0
:10C97000FF31FFF7E3FE04460028E3D11D491E48BE
:10C98000CBF7C2FE044610B1FFF7E0FEDAE741F64E
:10C990004C55BD6007F10800E3F703FB20B1FFF73A
:10C9A000D5FE6FF08504CDE7012338463B70E3F7F1
:10C9B000F0FA0028F3D1BD6007F10800E3F7F9FAB7
:10C9C0000028E1D0EBE700BFCFBD0600388F002084
:10C9D000DBFA0600883F070003000001C01C40018D
:10C9E00018DA0600C4D60600AF3F070089C8050064
:10C9F000CF3F07000062002079C8050073B54FF0F3
:10CA0000FF304FF0FF31FFF799FE002861D1324D22
:10CA10000DF10701284600F0E3FB0446FFF796FE00
:10CA2000002C56D19DF80730042B2CD128783E28B5
:10CA300015D0FF281AD04FF0FF324FF0FF332146B8
:10CA4000EFF7E4FB0646A0B924B9244A24480121A3
:10CA500009F096FE02B0BDE87040FFF70DBFAB785D
:10CA6000022BE8D1002200230124E8E7AB78802BD9
:10CA7000F7E76A78184902320C300EF0C0F83046F9
:10CA8000F0F7C8FEE6E7022B0AD14FF0FF324FF075
:10CA9000FF330320EFF7AAFB044658B9114AD5E744
:10CAA000082B10D14FF0FF324FF0FF330520EFF786
:10CAB0009DFB04466A882946043204F10C000EF0FE
:10CAC0009EF82046DCE7084A0548012109F061FE8E
:10CAD000C0E702B070BD00BF7B9D0020F33F0700A0
:10CAE00018DA06000D40070026400700F7B5774D1D
:10CAF0002B780446002B40F06C8304238DF807301C
:10CB0000734B06881F68B7B10DF106030DF10702DC
:10CB1000691CB84701280ED09DF80630002B40F064
:10CB2000B9829DF80730AB700E2201236A70EB705A
:10CB3000AE80A871B7E2B6F5105F4FEA96230BD22C
:10CB4000002B00F02783013B072B08D8DFE803F018
:10CB500009073476070707C63F2B00F03B82012008
:10CB600098E2204640F2064230F9033B93420ED051
:10CB700040F21D42934213D0012040F206439E42F0
:10CB800000F0888240F21D439E422BD182E2E3F7FF
:10CB900088FA42F226039E4204D942F23203F3E7B6
:10CBA000E3F781FA42F20C039E42E6D9A6F5005360
:10CBB0000D3B484A9BB2F4E2204640F6634230F90E
:10CBC000033B93422ED010DC40F6034293421DD02B
:10CBD00040F62D4293421CD040F601429342BED112
:10CBE000E3F7BDF801289CD1B9E740F67B429342B8
:10CBF0001BD040F67C429342B1D19DF807303649B4
:10CC000002338DF80730E3F7B8F8EBE7CBF736FFE0
:10CC1000E8E79DF80730304903338DF80730E3F734
:10CC2000A3F8DFE7E3F7A2F8DCE79DF807302A492D
:10CC300004338DF80730E3F79EF8D3E72388A3F594
:10CC40008053013B082B8AD801A252F823F000BF81
:10CC500075CC050087CC05009BCC05005FCB05009B
:10CC60005FCB05005FCB05005FCB05005FCB050008
:10CC7000BBCC05009DF80730174808338DF8073006
:10CC8000E3F7B0F9AEE79DF80730134840338DF86D
:10CC900007300FF09EF8002043E79DF80730083377
:10CCA0008DF807300C4B00221A605A60EB7A23F0A3
:10CCB000600343F06003EB72EDE79DF80730064830
:10CCC00006338DF80730E3F78FF98BE7E49D0020FA
:10CCD000488F002041120003EB9D0020204630F8D1
:10CCE000033BA3F50053013B7B2B00F25182DFE8AD
:10CCF00013F07C00890092004F029C009F00A2006C
:10CD0000AB00AE00B100B700BA00BD00C000C30068
:10CD1000CC00CF00D200D500D800DB00E400E70053
:10CD2000F000F900FC0005010E014F024F024F0216
:10CD30004F024F021701200129012C012F0135015B
:10CD400038013B013E014F024F0247014A014D01AC
:10CD500056015F0162014F024F024F024F024F0224
:10CD60004F024F024F024F024F024F024F024F023B
:10CD70004F024F024F024F024F024F024F024F022B
:10CD80004F024F024F0265014F024F026E014F02E8
:10CD90004F024F024F024F024F024F024F024F020B
:10CDA0004F024F024F024F024F024F0232014F0219
:10CDB0004F024F024F024F024F024F024F024F02EB
:10CDC0004F024F024F024F024F024F024F024F02DB
:10CDD0004F024F024F024F024F024F024F024F02CB
:10CDE0004F024F024F024F02B400E3F7FFF842F246
:10CDF00044039E4200F2DC8142F242039E427FF6EF
:10CE0000C8AE47E19DF80730B44803338DF80730CA
:10CE1000E3F7F1F8EBE79DF80730B04808338DF8F9
:10CE200007300FF010F80020E1E7E3F7E6F8DEE75F
:10CE3000E3F7E5F8DBE79DF80730A84801338DF804
:10CE40000730E3F7DEF8D2E7E3F7DDF8CFE7E3F703
:10CE5000DCF8CCE7E3F7DBF8C9E7E3F720F9C6E74E
:10CE6000E3F7D7F8C3E7E3F7D6F8C0E7E3F7D5F879
:10CE7000BDE7E3F7D4F8BAE79DF8073097480133E8
:10CE80008DF80730E3F7CDF8B1E7E3F7CCF8AEE77C
:10CE9000E3F7CBF8ABE7E3F7CAF8A8E7E3F7C9F89D
:10CEA000A5E7E3F7C8F8A2E79DF807308B490733F9
:10CEB0008DF80730E3F7C1F899E7E3F7C0F896E794
:10CEC0009DF80730854910338DF80730E3F7B9F83E
:10CED0008DE79DF80730814808338DF80730E3F778
:10CEE000B2F884E7E3F7B1F881E79DF807307B49B2
:10CEF00002338DF80730E3F7AAF878E79DF807309A
:10CF0000764902338DF80730E3F7A5F86FE79DF80F
:10CF1000073008338DF80730FF23EB71EB7282E79F
:10CF20009DF807306D4902338DF80730E3F797F825
:10CF30005DE79DF80730694804338DF80730E3F763
:10CF400090F854E7E3F78FF851E700F095FA4EE7D1
:10CF50000EF097FF4BE70EF097FF48E7E3F785F8F1
:10CF600045E7E3F784F842E7E3F783F83FE79DF806
:10CF700007305A4801338DF80730E3F77CF836E77D
:10CF8000E3F77BF833E7E3F77AF830E79DF807300B
:10CF9000524808338DF80730E3F773F827E79DF818
:10CFA00007304E4904338DF80730E3F76CF81EE77D
:10CFB000E3F76BF81BE7E3F76AF818E79DF807302B
:10CFC000464802338DF80730E3F763F80FE7E3F7DD
:10CFD00062F80CE720464FF60B4230F8033B9342D1
:10CFE00011D8B3F57C4F7FF6BAADA3F57C43013B76
:10CFF0000A2B00F2DC80DFE803F02431DADADA6DA4
:10D00000DADA5B64730003F5407292B21D2A26F0EF
:10D0100008023FF6A4ADA3F57D431D2B00F2D78097
:10D02000DFE803F067898C8F9295D5D5D598D5D553
:10D030009BD5D5D5D5D59ED5A1D5AAD5D5D5D5AD98
:10D04000B0B39DF8073025480C338DF80730E2F770
:10D0500096FE26F008034FF60252B6E09DF8073020
:10D0600040338DF807301D4B00221A80EB7923F0F6
:10D07000230343F02303EB712B7A23F0070343F0E0
:10D0800007032B724FF6025226F0080393427FF4F7
:10D0900002AE00200F236B700423AB700123E870F5
:10D0A0002B71A5F8056001232B70002003B0F0BDA3
:10D0B0009DF80730094817338DF80730E2F77CFEFA
:10D0C000C7E79DF80730054820338DF80730E2F7B1
:10D0D000C5FEBEE7E2F76EFEBBE700BFEB9D00209A
:10D0E0009DF807303C4801338DF80730E2F707FF21
:10D0F000AFE79DF8073040338DF80730364B0021FD
:10D100001960EB7923F03F0343F03F03EB712B7A77
:10D1100043F080032B726B7A23F00A0343F00A0377
:10D120006B72AB7A23F0030343F00303AB724FF649
:10D1300002539A42ABE7E2F7F8FE8AE7E2F7F7FE1E
:10D1400087E7E2F726FF84E7E2F725FF81E7E2F7CA
:10D1500028FF7EE7E2F727FF7BE7E2F728FF78E783
:10D16000E2F727FF75E79DF807301B4904338DF878
:10D170000730E2F720FF6CE7E2F72CFF69E7E2F700
:10D180002BFF66E7E2F72AFF63E7E2F729FF60E794
:10D1900001202CE6012025E5A6F50153283B0F4A86
:10D1A0009BB222FA03F3DB077FF51CAD72E7012087
:10D1B00042F285039E423FF64CAF42F267039E4225
:10D1C000EAD826F0020342F264029342DDE4012031
:10D1D0003FE74FF0FF3069E7EB9D00202F800020F4
:10D1E00038B5094C23780D461BB9BDE83840E2F745
:10D1F000A6BDA278611C023210F09BF80020042327
:10D2000020702B7038BD00BFE49D002070B505462E
:10D210000E46084C20460FF0D8F838B1A368B2B2D9
:10D22000294620461B68BDE8704018476FF0120081
:10D2300070BD00BFC4D606001E4B1F4903F120027B
:10D24000002808BF194670B5104603F0DDFE0346FE
:10D2500050B31A4A1A48012109F09BFA12244FF0E0
:10D26000FF324FF0FF330120EEF7C0FF00F10C0654
:10D270000221054630460DF0BCFC3E2303702223FC
:10D280004370012130460DF0B4FC092303702121C5
:10D2900030460DF0AEFC00F8014B3CB12022FF21DE
:10D2A00010F06FF8284670BD0446D8E705490EF027
:10D2B000DEFDF7E72C9E0020D340070095400700D5
:10D2C00010DA06004C9E0020F8B53D4CBFF35B8F92
:10D2D0002368BFF35B8F022B274659D0042B5CD009
:10D2E000012B5CD1374C384E20212046FFF78EFFB2
:10D2F000002842D12022314620460FF0CFFE0028E0
:10D30000F2D03248214603F06BFE05460028EBD1EF
:10D310004FF0FF324FF0FF330120EEF767FF00F1CF
:10D320000C060221044630460DF063FC3E230370D8
:10D3300042234370012130460DF05BFC082303704B
:10D34000412130460DF055FC064600F8015BB5B1B1
:10D350004022002110F015F8BFF35B8F002357E83F
:10D36000002F47E800310029F9D1BFF35B8F34B3B8
:10D370002046BDE8F840F0F74DBA1F25C8E713492D
:10D380000EF075FD203106F121000EF070FDE3E78F
:10D390000020FFF751FF0446DEE70120F9E70C4AC1
:10D3A0000C48022109F0ECF9BFF35B8F002354E82D
:10D3B000002F44E800310029F9D1BFF35B8FF8BD9D
:10D3C0005C8F00202C9E0020D34007004C9E002044
:10D3D000B640070010DA060010B586B01022002112
:10D3E00001A80FF0CEFF0B4C059401238DF81130EE
:10D3F0004FF0FF324FF0FF33012101A803F04AFD47
:10D4000020460FF019FE049B6FF394330493FFF74B
:10D410005BFFEDE74C8F002010B588B00E480FF091
:10D4200006FE0E4C0E4900220023CDE90623002300
:10D430000A22CDE90323CDE9013300934FF4707242
:10D44000084B204602F07EFF0749204608B0BDE8A1
:10D4500010400FF0BDBA00BF4C8F00206873002051
:10D4600040BF0020D9D30500C64007000148EEF7B1
:10D4700053B800BF6873002008B50B4BBFF35B8F38
:10D48000012253E8001F002903D143E800200028AF
:10D49000F7D1BFF35B8F05D10448002103F052FDA3
:10D4A000002008BD0C20FCE75C8F00204C8F002082
:10D4B00010B50029114BBFF35B8F04460CBF02224D
:10D4C000042253E8001F002903D143E8002000286C
:10D4D000F7D1BFF35B8F0ED1214609480EF0C7FC90
:10D4E000084804F120010EF0C2FC0748002103F0B7
:10D4F00029FD002010BD0C20FCE700BF5C8F002040
:10D500004C9E00206C9E00204C8F002037B53223AB
:10D51000ADF80430134A00230125192168468DF81F
:10D520000630ADF800508DF80230E1F73BFA0446C2
:10D53000A0B90D482946E7F7B2FC044670B9014688
:10D540002A460820EEF794F82A4621460B20EEF7EB
:10D550008FF82A4621462846EEF78AF8204603B07F
:10D5600030BD00BF7DD50500608F00200149024815
:10D570000FF066B9908F0020E873002098B500AFD7
:10D580006C468AB06A460D4BD161C2E905304FF452
:10D59000007313840A4B42F8103F0A4800234FF4EB
:10D5A0001151EAF75BFD0023A54683F31188BFF311
:10D5B0006F8F0323184602DFBD4698BDFF4007006A
:10D5C00004000001D8DA060037B50D4D0D490024DE
:10D5D00000946FF009034FF48062284602F082FD48
:10D5E000094928460FF0F4F9084909480FF0FDF8F9
:10D5F000224604211920EEF73BF8204603B030BD47
:10D60000E873002040C3002013410700B3BE0600AA
:10D61000908F0020014B00201B681847A08F00202E
:10D6200020B1012806D10448DEF766B8034B01207B
:10D630001B681847704700BF15D60500A08F002053
:10D64000014B186001487047A08F00200000AD0B0F
:10D6500010B51D48BFF35B8F0368BFF35B8F23B921
:10D66000062904D8042923D839B1002010BD072980
:10D67000FBD1403802F04AFBF7E750F8203CA0F11C
:10D680004004D3E900209047012805D00223E0633D
:10D6900084F834300D48E9E747F23053236303231D
:10D6A00084F8343004F1240384F82900A363F1E7FB
:10D6B00000F8173C064B40F8103CA0F11C01403824
:10D6C000007EE7F72DFCD0E7E48F0020D88F002004
:10D6D000FF3F420F0248012200210FF003B800BFB4
:10D6E000A48F0020014BD861704700BFA48F002099
:10D6F00038B54FF0FF3105464FF0FF30FFF71EF809
:10D7000034493548DDF700FE0446FFF71FF8002CCA
:10D7100008DA3248324A2346012109F03AF86FF01C
:10D720000B0038BD2F4C40F201132385E3692562BD
:10D730006433E36247F23053236300226FF07303D4
:10D7400084F82420E36304F14005BFF35B8F55E8C0
:10D75000003F45E800210029F9D1BFF35B8F4FF06E
:10D76000FF314FF0FF30FEF7E9FF04F12401207E86
:10D77000E7F7D6FBFEF7EAFF1B4A0023204602F03C
:10D78000E9FA00280FDA194A1448012108F0F8FFD5
:10D79000BFF35B8F012355E8002F45E800310029D6
:10D7A000F9D1BFF35B8F4FF0FF314FF0FF30FEF741
:10D7B000C5FF207EE7F796FBFEF7C8FFBFF35B8F40
:10D7C000236CBFF35B8F13B1064802F0E9FAE06BFC
:10D7D000A7E700BFBC8F002051D6050050DA060035
:10D7E00027410700A48F0020447B0B001023070073
:10D7F000074B01221A64D3F84035B3FBF0F018440C
:10D80000044BDB69984234BF00200120704700BF01
:10D8100000800040A48F002010B50C29036912D1AC
:10D8200018680A4C80EAE073A3EBE073990803F0F0
:10D830000303002804FB03F3BCBF49425B42C2E977
:10D840000013002010BD6FF08500FBE790D00300AF
:10D850004FF08053D3F83021082A06D1D3F8343161
:10D86000052B02D8024AD05C70470020704700BFE9
:10D8700080410700024AD2F80034002BFBD07047E9
:10D8800000E0014010B54FF08053D3F83021082A52
:10D890004ED14FF080420021C2F80C11C2F8101195
:10D8A000C2F8381502F54042D3F80414C2F8201526
:10D8B000D3F80814C2F82415D3F80C14C2F82815AC
:10D8C000D3F81014C2F82C15D3F81414C2F830157C
:10D8D000D3F81814C2F83415D3F81C14C2F8401544
:10D8E000D3F82014C2F84415D3F82414C2F848150C
:10D8F000D3F82814C2F84C15D3F82C14C2F85015DC
:10D90000D3F83014C2F85415D3F83414C2F86015A3
:10D91000D3F83814C2F86415D3F83C14C2F868156B
:10D92000D3F84014C2F86C15D3F84434C2F87035FB
:10D93000FFF78EFF18B13A4B3A4AC3F88C26FFF72F
:10D9400087FF18B1384BFB22C3F81825FFF780FF7B
:10D9500070B14FF080414FF08053D1F8E42ED3F8EE
:10D96000583222F00F0203F00F031343C1F8E43ED4
:10D97000FFF76EFF20B12D4B4FF40072C3F8402625
:10D980004FF08053D3F83031082B1AD14FF0804339
:10D99000D3F80024D20744BF6FF00102C3F800247B
:10D9A0004FF08053D3F83431052B02D8204AD35C92
:10D9B0003BB14FF01023D3F808224FF08043C3F857
:10D9C00058254FF01023D3F80022002A03DBD3F8A8
:10D9D0000432002B22DA174901234FF01020C1F83E
:10D9E00004351224FFF746FFC0F80042FFF742FF5C
:10D9F000C0F80442FFF73EFF0023C1F80435FFF7EB
:10DA000039FFBFF34F8F0C490C4BCA6802F4E06238
:10DA10001343CB60BFF34F8F00BFFDE710BD00BFC6
:10DA2000005000404881030000F000400090024098
:10DA30007A41070000E0014000ED00E00400FA0533
:10DA400030B50468CCB1BFF35B8FB4FA84F3C3F193
:10DA50001F03DBB201229A4024EA020250E8005F71
:10DA6000A54204D140E8002CBCF1000FF6D1BFF371
:10DA70005B8FE6D102480B7030BD0248FCE700BF67
:10DA80000000AD0B0200AD0B10B50368CB40DB0707
:10DA900014D401238B400268BFF35B8F43EA020179
:10DAA00050E8004F944204D140E8001CBCF1000F44
:10DAB000F6D1BFF35B8FEED1014810BD0148FCE702
:10DAC0000000AD0B0400AD0B014BC3F8040570471B
:10DAD00000F00140036803F01F025B09026004D0FC
:10DAE000012B034818BF002070474FF0A04070473B
:10DAF00000030050034A430900F01F00D35C1844A0
:10DB0000C0B270478641070070B50546FFF7F2FFC7
:10DB10000C4C08300E4634F81030DA0508D5C3F343
:10DB2000432304EBC302284654F833305268984725
:10DB3000A3682BB1E26831462846BDE8704018471B
:10DB400070BD00BFF019002008B5FFF7D3FF034BED
:10DB5000083033F81000400B08BD00BFF01900205A
:10DB600008B5FFF7C7FF034B083033F81000C0F3C8
:10DB7000400008BDF019002008B5FFF7BBFF034BBC
:10DB8000083033F81000C0F3401008BDF019002031
:10DB9000034611F0010010B5CCB20DD1A207C4F3B9
:10DBA000400012D5094AD2F820055860C2F8200575
:10DBB000003818BF012008E04FF0A041D1F820251F
:10DBC0001A60C1F82025002AE8D010BD00030050DB
:10DBD00010B5FFF78FFF124A083032F81030D90520
:10DBE0001CD5C3F3432123F4F85322F8103002F17B
:10DBF0000E04002034F8023F13F4807F03D0C3F3F7
:10DC0000432399420AD001303028F3D1002342F84F
:10DC100031300448BDE81040FFF736BF10BD00BFEB
:10DC2000F0190020681A0020F0B5054600200446CF
:10DC3000012607468C420BD1114BD3F87C2132B11F
:10DC40000022C3F87C21D3F87C3140F00040F0BDC5
:10DC5000E3B29B0003F580729B0806FA03F31D42B2
:10DC60000BD002F1804202F5C042D2F800C0BCF1F4
:10DC7000000F02D01760126818430134DAE700BFC2
:10DC800000600040F7B506460846FFF733FF194F1E
:10DC900000F108050C4637F81530DB0727D530466C
:10DCA0000EF0D7F92046FFF767FF40B12046FFF797
:10DCB0004BFF316800F5A270002341F82030204668
:10DCC000FFF786FF002301A827F815300194FFF71E
:10DCD00001FF019B00EB8300074BD0F800271340A6
:10DCE00043F00203C0F80037044803B0F0BD044815
:10DCF000FBE700BFF0190020F0F8FCFF0000AD0BBF
:10DD00000400AD0B2DE9FF41164680460846FFF79B
:10DD1000F1FE0D463168044609B32846FFF720FF9F
:10DD200018B12846FFF728FF10BB0023CDE90033C8
:10DD30008DF80E308DF80F300DF10F020B4628468E
:10DD40000DF10E010EF01CF9474A04F1080132F8FA
:10DD5000113023F0020343F0010322F811307368FD
:10DD600063B328461F785968FFF7FAFE10B1D1B1A6
:10DD70003E4826E03C4A04F1080032F8103023F017
:10DD80002003DB04DB0C22F8103061B1032FEFD845
:10DD90007168496891F800C0D8F80010A7B90CF56F
:10DDA000A27C41F82C70304A04F1080132F811309D
:10DDB00023F01C0343EA870322F81130B3684BBBFE
:10DDC0002B4804B0BDE8F08101EB8C0143EA4C33F1
:10DDD000D1F810E52EF0030EC1F810E5D8F80010C8
:10DDE00001EB8C0E43F02003DEF8101522F8103002
:10DDF00021F44F3121F44071CEF810152902DEF8DC
:10DE0000108501F47C5141EA074141EA0801CEF84E
:10DE10001015C8E7D3E900672846FFF7D9FE002EA2
:10DE2000CED0114DD5E90023964203D19F4201D1B6
:10DE3000002209E00F480DF10F01FFF701FE0C4B26
:10DE40009842BED19DF80F2045F8326005EBC20321
:10DE500008345F6035F8143043EA422343F480739A
:10DE600025F81430ACE700BFF01900200400AD0B1A
:10DE70000000AD0B681A00202DE9F0430C4685B078
:10DE80008046204611461E46FFF734FE054629B35C
:10DE90002046FFF765FE18B92046FFF76DFE18BB58
:10DEA000314F05F1080937F8193013F01C0F02D073
:10DEB0004B78012B18D001238DF80F300023CDE9CA
:10DEC00000134A1C8B1C20460DF10F010EF058F870
:10DED00037F8193043F0030327F81930002E41D0EA
:10DEE0002046FFF73DFE18B9204805B0BDE8F08395
:10DEF00096F800C0D8F800301B4F0CF5A272002134
:10DF000043F8221005F1080237F8121021F0200121
:10DF1000C904C90C27F8121075781DB3D8F8000091
:10DF2000B67800EB8C002D04D0F8103523F499134B
:10DF300023F4F853C0F81035230203F47C5305F49E
:10DF400040353605D0F810E52B4306F4801641EA3B
:10DF50004C31334341F0200143EA0E0327F81210FD
:10DF6000C0F810350248C0E7F01900200400AD0BDE
:10DF70000000AD0B014BC3E902127047F0190020FD
:10DF800010B508461446FFF7F7FD50B10846FFF7F5
:10DF9000B1FD054B083033F8103004485B0B23709B
:10DFA00010BD0348FCE700BFF01900200000AD0BD6
:10DFB0000400AD0B70B5164D95F8804006462CBB9D
:10DFC0002146602205F110000FF0DBF930682E6F5A
:10DFD00021468E420ED10023C0F87C31D0F87C312E
:10DFE00040F30730EDF714FB01230A4885F8803031
:10DFF000AB6770BDCBB29B0003F580727C2B08BF72
:10E00000845001F1010108BF8358E2E70248F0E7BC
:10E01000F01900200000AD0B0C00AD0B034B93F882
:10E020008000003818BF0120704700BFF0190020A1
:10E030000148FFF729BD00BF641A00200148FFF71F
:10E04000FFBC00BF641A002073B503681646D3F8FE
:10E050000423002AA8BF4FF000420546A8BFC3F81A
:10E06000042308460C46FFF787FD00B30846FFF778
:10E0700077FD0146D8B92046FFF766FD04B2A4003B
:10E0800004F580720346286881502968825821442B
:10E09000D1F8102542F00102C1F810252EB12968EF
:10E0A000012202FA03F3C1F8043302B070BD204626
:10E0B000FFF720FD0F4B083033F81030C3F3820315
:10E0C000042B12D0052B12D001A80194FFF702FDFA
:10E0D000019AD0F81035D34003F00103991C204673
:10E0E00002B0BDE870400DF094BF0321F7E70221B4
:10E0F000F5E700BFF01900202DE9F04F694BDFF87C
:10E10000A881D3F80403D8F87010C0B289B040F0E9
:10E110000040FFF789FD051E2FDAC24600235AF89A
:10E120007C1F06A8CDE90633FFF732FD5F4B019354
:10E130000DF118094FF0000B019A12F8013B019202
:10E14000DA0803F007031AF8022022FA03F3DA07C9
:10E150001CD409F10409BBF1000F14D0D8F87010D9
:10E160004FF00040FFF760FDD8F87C1006A8FFF7DD
:10E170000FFD0028DAD125F000450124002D79D1CA
:10E1800009B0BDE8F08F4FF0010BD5E7484B5B4479
:10E190000293D9F800100029DBD0029B91FAA1F17B
:10E1A0001C78B1FA81F141EA44142046FFF7A2FC41
:10E1B0000830059438F81070C808BB0819F800201A
:10E1C000039301F00701012303FA01F122EA01029E
:10E1D00009F8002005A8FFF77DFC059A039B02F5CE
:10E1E000E072C7F3820650F822205B073746C2F37D
:10E1F000014224D520463946D6B2FFF785FC05A852
:10E200000594FFF767FC059B03F5E07350F8233096
:10E21000C3F301439E4207D1002120460DF0F9FED1
:10E22000314620460DF0F5FE05A80594FFF752FC97
:10E23000059B012202FA03F3C0F82035A9E7022A60
:10E240000CD1032120460DF0E4FE06F00503012B5E
:10E25000EAD139462046FFF757FCE5E70221204680
:10E2600003920DF0D6FE032EF3D0039A032ADBD1DE
:10E27000022EEDE795FAA5F3B3FA83F304FA03F25D
:10E280009B0003F1804303F5C04325EA0205D3F860
:10E290001005D3F81015C0F30520C1F30141FFF7B5
:10E2A00033FC6BE700600040F01900209641070046
:10E2B00096410700044AD2F80034DB07FBD5016021
:10E2C000BFF35F8F704700BF00E001404FF0805305
:10E2D0001A69B0FBF2F302FB130373B9084B022275
:10E2E000C3F80425C3F80805D3F80024D207FBD5EA
:10E2F00000220448C3F8042570470348704700BF54
:10E3000000E001400000AD0B0A00AD0B10B5054C5C
:10E310000123C4F80435FFF7CDFF0023C4F804350A
:10E3200010BD00BF00E0014010B5184C237853BB6E
:10E330000278C2F34003920712D54FF08053D3F80E
:10E340003021082A0BD1D3F83431052B07D8104AD5
:10E35000D35C23B14FF080430122C3F83826012358
:10E360004FF08042C2F88035037803F00103C2F811
:10E3700078350020EDF76EF908B9EDF749F901237A
:10E380000448237010BD0448FCE700BF8C9E0020A9
:10E39000984107000000AD0B0C00AD0B4FF080431F
:10E3A0004FF46072C3F80823014B00221A607047D3
:10E3B000EC8F002008B5FFF7F1FF03680BB1014AAD
:10E3C000136008BDEC8F002010B54FF08043D3F8E8
:10E3D0000443620707D54FF484700DF073FE10B14B
:10E3E0001E4B1B689847A30608D54FF48A700DF0A2
:10E3F00069FE18B11A4B00201B689847600608D5C3
:10E400004FF48C700DF05EFE18B1154B01201B68A7
:10E410009847210608D54FF48E700DF053FE18B1C1
:10E42000104B00201B689847E20508D54FF4907008
:10E430000DF048FE18B10B4B01201B689847A3054F
:10E440000AD54FF492700DF03DFE28B1054BBDE8A2
:10E4500010401B680220184710BD00BFF48F002039
:10E46000F08F0020EC8F002001460148FFF7E8BA4A
:10E47000741A0020036803F01F025B09026004D0D5
:10E48000012B034818BF002070474FF0A040704791
:10E490000003005070B505790A4C14236B43E6184D
:10E4A000E35833B9006802210DF062FE08B1012380
:10E4B0003372142303FB0544207A023818BF01206D
:10E4C00070BD00BFF88F00202DE9F3470B7F044695
:10E4D0006BBBDFF8D8900D1F01F1100601F10C089D
:10E4E000012755F804AFBAF1FF3F1CD03378CDF8BF
:10E4F00004A001A8002B50D0FFF7BCFF019B07FA36
:10E5000003F3C0F8083501A8CDF804A0FFF7B2FF67
:10E51000019B00EB8300D0F8003703EA090343F0C6
:10E520000303C0F80037A84506F10106D9D191F8D8
:10E530001DC00D8B4F7D8E7D8A7EC87E2368BCF109
:10E54000000F0BD1D1E9008ED1E902C1C3F860857B
:10E55000C3F864E5C3F868C5C3F86C1542EA002245
:10E56000C3F80C75C3F80465C3F80855C3F8102543
:10E5700020680023C0F81031D0F81021C0F808310D
:10E58000D0F80821C0F80C31D0F80C3140F3073036
:10E5900002B0BDE8F047EDF73BB8FFF76BFF019B1A
:10E5A00007FA03F3C0F80C35ADE700BFF0F8FCFF45
:10E5B0002DE9F04190F804800D4C142606FB08F676
:10E5C000A71997F808C0BCF1000F0ED1A2517B60CB
:10E5D00019B10B7F3B74FFF777FF142303FB08444B
:10E5E000044801232372BDE8F0810348FBE700BF24
:10E5F000F88F00200000AD0B0C00AD0B70B40C4682
:10E600000179266815461A461A4B01EB810103EB86
:10E6100081010368C3F82065A688C3F82465A6684D
:10E62000C3F82865E668C3F82C6503682668C3F854
:10E630004065A688C3F84465A668C3F84865E468E1
:10E64000C3F84C45046805F0010303EB5505C4F815
:10E650001455D4070CD412F0020403D0002B14BFBD
:10E66000082404240568C5F8004270BC0DF04BBDB9
:10E670001024F7E7F88F002038B5036805790022E9
:10E68000C3F800220368012204465A6071B1204693
:10E69000FFF700FF0028FAD023680022C3F8002506
:10E6A000054B142202FB053301221A722046BDE8F5
:10E6B0003840FFF7EFBE00BFF88F002070B5104D57
:10E6C0006C6B9CB14FF47A735C430A23B4FBF3F494
:10E6D0000C4ED6F8003163B995F839304BB90A20A1
:10E6E0000DF042FC013CF4D1074870BD4CF25034AF
:10E6F000EEE795F83930002BF6D10448F5E700BF76
:10E700000C900020009002400700AD0B0000AD0B04
:10E71000094B10B500220124C3F80045C3F80021BD
:10E720001C6038B1FFF7CAFF044B984203D1044B79
:10E7300083F83840014810BD009002400000AD0B46
:10E740000C90002070B500F06044B4F1005F5DD122
:10E7500084075BD12F4C94F83050012D05D09D4299
:10E7600056D194F83850002D52D02B4D022B0BBFB0
:10E77000C5F81025C5F80425C5F81405C5F8080521
:10E780000CBFC5F81815C5F80C154FF0000684F835
:10E79000396026680CBF08250425BEB994F83830C6
:10E7A0006BB11D4B05F1804505F524350022C3F8FA
:10E7B000002101232B60BDE87040FFF77FBF0120DF
:10E7C000FFF7A6FF154B9842EBD170BDA66826B1A6
:10E7D000E0606161E2611248F7E7A2610E4A84F8E5
:10E7E00030300123A0602161C2F80061C2F8043317
:10E7F00094F8382002F0FF0012B9FFF789FFEAE72A
:10E8000005F1804505F524352B60E4E70548DCE794
:10E810000548DAE70C900020009002400700AD0B9D
:10E820000000AD0B0A00AD0B0B00AD0B084B9A6856
:10E830005A621A699A629A69DA62DA689A6032B13F
:10E840005A691A61DA699A610022DA607047704782
:10E850000C90002000F01F0340090FD0012810D1B8
:10E860000B4A02EB83020B4BD2F80007034043EA4A
:10E87000012343F00203C2F8003770474FF0A04273
:10E88000EFE7002203F5E07352F82330FFDE00BF0C
:10E8900000030050F0F8FCFF10B50E4B0238D3F81F
:10E8A0003C26D3F83836072813D8DFE800F0110FDC
:10E8B0000D0B0A080604100EC871100C8871100A9E
:10E8C00048710A711A0ECA701A0C8A701A0A4A70B4
:10E8D0000B7010BD00900240023807281FD8DFE8F7
:10E8E00000F02927251123211F04CB791B068A79E3
:10E8F00043EA02434A7943EA02230A7913430E4A60
:10E90000C2F83C36CB781B068A7843EA02434A7841
:10E9100043EA02230A781343074AC2F8383670479D
:10E920000023E4E70023E5E70023E6E70023EBE725
:10E930000023ECE70023EDE7009002400268154B4E
:10E94000FF2A08BF4FF0FF32C3F824254268FF2A90
:10E9500008BF4FF0FF32C3F828258268FF2A08BF9E
:10E960004FF0FF32C3F83025C268FF2A08BF4FF0CE
:10E97000FF32C3F834250269FF2A08BF4FF0FF3287
:10E98000C3F838254269FF2A08BF4FF0FF32C3F8A9
:10E990003C257047009002400A4B002283F8382043
:10E9A000094B01214FF08050C3F808131961D0F8CA
:10E9B0003001082808BF5965C3F80025C3F80021B5
:10E9C000704700BF0C9000200090024030B5194DF8
:10E9D0000FCD8DB006AC0FC495E8030084E80300AA
:10E9E0001549D1F82435DBB20093D1F82835DBB2D4
:10E9F0000193D1F83035DBB20293D1F83435DBB274
:10EA00000393D1F83835DBB20493D1F83C3506A82E
:10EA1000DBB20593FFF792FF0023C1F80031012319
:10EA20000B60D1F80031002BFBD06846FFF786FF62
:10EA30000DB030BD30DD06000090024070B590F89A
:10EA40002930044613B190F82A204ABB6068FF2899
:10EA500060D0A268FF2A5DD0E268FF2A5AD02269FE
:10EA6000FF2A57D0B3B90321FFF7F4FEA068FFF7E0
:10EA7000F1FEE068FFF7EEFE2069FFF7EBFE60694C
:10EA8000FF2801D0FFF7E6FEA069FF2802D003218E
:10EA9000FFF7E0FE94F82A3013B9201DFFF74EFF70
:10EAA0001D4E636A73631D4D94F8293086F83A3021
:10EAB0000123C5F80833FFF789FF2368C5F84035FF
:10EAC000A37F617F227F9B0143EAC1031343E27F5F
:10EAD00043EAC213C5F84435D5F8002694F820302F
:10EAE00022F07F4222F0FF02134394F8212043EAF0
:10EAF000026394F8222043EA426394F8232043EA15
:10EB00000273C5F80036336813B12920ECF780FD95
:10EB1000034870BD0348FCE70C90002000900240C1
:10EB20000000AD0B0400AD0B38B50C4C94F8305020
:10EB300095B9C4E9001248B90023C4E9023301229F
:10EB4000074884F8302084F8383038BDFFF776FF66
:10EB5000034B9842F9D1EFE70248F6E70C9000200A
:10EB60000000AD0B0C00AD0B2DE9F843DFF89090E1
:10EB7000074699F830000128884614463DD199F897
:10EB80003830204E6BB3204D0123C5F80833FFF712
:10EB90001DFFB8F1000F2BD14FF0000889F8398024
:10EBA000C5F80081BB787A781B0343EA02233A78E0
:10EBB0001343FA7843EA42333A7943EA82337A7963
:10EBC00043EAC233C5F83436FFF778FDB0420CD0C3
:10EBD000C5F800811CB178782146FFF75DFE0B482F
:10EBE00004E0FFF795FDB042CDD10648BDE8F883BB
:10EBF00078784146FFF770FECEE70548F6E700BF9C
:10EC00000C9000200700AD0B009002400000AD0BFF
:10EC10000B00AD0B034B93F838300BB9FFF778BD01
:10EC2000014870470C9000200C00AD0B08B5054B57
:10EC300093F83030012B03D1FFF7AEFE024808BD38
:10EC40000248FCE70C9000200000AD0B0B00AD0B60
:10EC5000034B93F83000003818BF0120704700BF05
:10EC60000C90002038B511F0030539D11E4B1A68FD
:10EC7000D2B193F83040012C34D11C4AC2F81C1593
:10EC80000421C2F8200583F8395083F83010C2F807
:10EC90000051C2F8044393F8383003F0FF00EBB999
:10ECA000FFF736FD124818E0104CC4F81C15C4F8E4
:10ECB000200583F8392093F8383043B10023C4F895
:10ECC00000310123E360BDE83840FFF7F7BC0120C5
:10ECD000FFF71EFD074B9842F0D138BDD460E1E745
:10ECE0000548FAE70548F8E70C900020009002403C
:10ECF0000000AD0B0700AD0B0A00AD0B0B00AD0B18
:10ED000010B5224BD3F8002192B1214C0022C3F858
:10ED1000002194F8381094F8302071B90121032AA9
:10ED200084F8381005D0042A05D0022A00D1996051
:10ED300010BD5960FCE7D960FAE7032A19D0042A0C
:10ED400019D0022A04D1012384F82030FFF76EFD88
:10ED5000A36813B9012384F8303094F8393003F0F4
:10ED6000FF0013B9D4E900319847002384F820301C
:10ED7000DEE70223E8E7032284F82020D3F81C25ED
:10ED80006262D3F8203584F82830E1E70090024031
:10ED90000C900020036803F01F025B09026004D09E
:10EDA000012B034818BF002070474FF0A040704768
:10EDB0000003005007B5019001A8FFF7EBFF019B8E
:10EDC00000EB8300054BD0F80027134043F003030A
:10EDD000C0F8003703B05DF804FB00BFF0F8FCFF9B
:10EDE00073B5CB7B0446002B38D10B7B0878012B05
:10EDF00077D80DF000FA0B78019301A8FFF7CAFF4E
:10EE0000019B00EB83003C4BD0F80027134043F0FC
:10EE10000103C0F800374878FF2804D00DF0EBF963
:10EE20004878FFF7C7FF8B78FF2B0FD001A88D7BA9
:10EE30000193FFF7AFFF019B00EB83002E4BD0F84F
:10EE40000027134043EA8503C0F80037C878FF283D
:10EE500004D00DF0C3F9C878FFF7ACFF2379274839
:10EE6000CA78282505FB03039A770B7C9BB94B785E
:10EE700025680E78FF2B18BF1A468B78C5F80865F1
:10EE800008BF4FF0FF32FF2B08BF4FF0FF33C5F82C
:10EE90000C25C5F8103523688A68C3F824254B7BF8
:10EEA0000A7B2568003B18BF0123022A1CD0032AD5
:10EEB0001DD0012A01D143F00203C5F8543523794E
:10EEC0004979282202FB0303D97723795343C35896
:10EED00083B1206840F3073002B0BDE87040ECF722
:10EEE00097BB0DF07BF986E743F00403E5E743F0B9
:10EEF0000603E2E702B070BDF0F8FCFF4890002086
:10EF000007B5019001A8FFF745FF019B00EB8300C7
:10EF1000054BD0F80027134043F00203C0F8003738
:10EF200003B05DF804FB00BFF0F8FCFF2DE9F041F1
:10EF300090F80480144C4FF0280C0CFB08FC04EBF8
:10EF40000C06074696F81CE0BEF1000F19D144F8F4
:10EF50000C20736041B1CB7B86F82530CB78B3773A
:10EF60004B79F377FFF73CFF3A6808480123C2F872
:10EF70000035282202FB0844002262772377BDE88F
:10EF8000F0810348FBE700BF489000200000AD0B74
:10EF90000C00AD0B70B50679194C05682823734336
:10EFA000E35833B145F30730ECF740FB0423C5F8D1
:10EFB00008330023C5F80035282303FB064393F8E4
:10EFC0002530BBB9D5F80805FFF79AFFD5F810052D
:10EFD000421C01D0FFF794FFD5F80C05431C01D06B
:10EFE000FFF78EFF282303FB0643987FFF2801D0FD
:10EFF000FFF786FF282303FB06440023237770BD19
:10F00000489000202DE9F8430779394C28237B43A9
:10F010009046E2180E46517F8146002966D1E3589A
:10F020000BB10123537796E80F00282505FB074510
:10F0300005F10C0C8CE80F00A87F0023FF2885F851
:10F04000243001D00DF0D7F82823B8F1000F06D0F6
:10F0500003FB0743002227485A77BDE8F883D9F815
:10F06000005003FB07430422C5F80823C3F820809F
:10F07000C5F80881D5F8082172689AB133681B7801
:10F08000C5F81C357368012B0ED933685B78C5F859
:10F090001C3528237B43E65876B10423C5F8043396
:10F0A0001548DAE7DB7FEBE7F368012BF1D928237A
:10F0B00003FB0743DB7FEAE707EB870104EBC101B2
:10F0C000D5F80831002BFBD0C5F808612846D5F8E3
:10F0D00008310DF09DF80028F2D1282303FB0744E6
:10F0E000A07FFF28DCD00DF079F8D9E70348B4E71A
:10F0F000489000200300AD0B0000AD0B0B00AD0BE2
:10F1000010B50C480C490023C0F80831D0F808317C
:10F110000DF07EF868B9887FFF2801D00DF05EF809
:10F1200000234B770B72BDE81040D1E90031034852
:10F13000184710BD00300240489000205090002039
:10F1400030B500F01F04400911D0012812D10C483D
:10F1500000EB84001B02D0F800570A4C43EA8202FD
:10F160002C4042EA41012143C0F8001730BD4FF066
:10F17000A040EDE704F5E074002353F82430FFDEEF
:10F1800000030050F0F8FCFFCB7B10B433B9D1E999
:10F1900000420368C3F80845C3F80C2503688A6871
:10F1A000C3F8242503793C225343054AD3582BB195
:10F1B000006810BC40F30730ECF72ABA10BC704767
:10F1C0007090002013B53B4B01930023C0F804312D
:10F1D000D0F80421C0F82431D0F82421C0F81C3123
:10F1E000D0F81C21C0F80831D0F80821C0F800324E
:10F1F0004B6381F82F300123036291F82D209A424E
:10F2000018BF83604B6B8A6A934204460ED24A6AE7
:10F21000D35CC0F81C350B6803B340F286238B60C7
:10F220008B682548C4F8043302B010BD91F82C3027
:10F2300013B10123C361EEE70B6A13F0400F4FF0E7
:10F24000010316BFC361436181F82D30E3E7204617
:10F250000DF011F828B1019B013B0193019B002B9C
:10F26000F5DC91F82F305BB91348019B002BDBDCF8
:10F270000023C4F8003505231048C4F80035D3E74F
:10F28000D4F8C434C4F8C4348BB10D4A0B4813F01D
:10F29000010F18BF104613F0020F02F1010218BF50
:10F2A000104613F0040F074B18BF1846DDE703485C
:10F2B000DBE700BFA08601000000AD0B0100AD0B35
:10F2C0000000AE0B0200AE0B13B5334B01930023CD
:10F2D000C0F80431D0F80421C0F82431D0F824213A
:10F2E000C0F81C31D0F81C21C0F80831D0F8082132
:10F2F0004B6381F82F308B6A012B044617D10B6AC0
:10F300005B0614D40223C4F800320123236291F86F
:10F310002D20022A18BF23600B688BB140F2862390
:10F320008B608B681D48C4F8043302B010BD012304
:10F33000E9E720460CF09FFF28B1019B013B0193B8
:10F34000019B002BF5DC91F82F305BB91348019B32
:10F35000002BEADC0023C4F8003505231048C4F86C
:10F360000035E2E7D4F8C434C4F8C4348BB10D4A94
:10F370000B4813F0010F18BF104613F0020F02F1F3
:10F38000010218BF104613F0040F074B18BF1846B0
:10F39000DDE70348DBE700BFA08601000000AD0BFE
:10F3A0000100AD0B0000AE0B0200AE0B2DE9F843DF
:10F3B00090F804901C4E07463C2000FB09F03518DD
:10F3C0000C4695F82E1061BBA96032506B6085F831
:10F3D0002D1085F8311085F83010CCB1637B85F89D
:10F3E000383094F80E8085F83980B8F1000F0BD1D1
:10F3F0002068062303224146FFF7A2FE6068062329
:10F4000003224146FFF79CFE21463846FFF7BCFE2B
:10F410003C2303FB09660548012386F82E30BDE82E
:10F42000F8830348FBE700BF709000200000AD0B9D
:10F430000C00AD0B036802790521C3F80015044BDD
:10F440003C2101FB0233022283F82E20704700BFCB
:10F450007090002003680B4A0179C3F80823D3F8A1
:10F46000002222F00302C3F800220022C3F8002584
:10F47000054B3C2000FB0133012183F82E1083F85B
:10F480003020704786420400709000202DE9F0473C
:10F49000314F0479D0F800903C2303FB04730D46F0
:10F4A00093F82D30012B944604D10B78012B06D113
:10F4B0002A4811E0022B02D10B78012BF8D13C260F
:10F4C000274BC9F8083306FB047696F830302BB189
:10F4D000B3682448C9F80433BDE8F0878CF004030E
:10F4E000C3F3800386F83030C6F820C0A846B8E8D9
:10F4F0000F0006F10C0EAEE80F00D8F80030CEF881
:10F5000000306B68B362EB6873626B78C9F888355A
:10F510002B78C4EB041A012B07EB8A0A17D09BB98E
:10F52000CCF3401C3C2303FB04735146484683F84C
:10F530002CC0FFF747FE3C235C433A193B59002B94
:10F54000CAD182F83030C7E74FF0010CEAE75146E4
:10F550004846FFF7B9FEEEE7709000200500AD0BBE
:10F56000864204000B00AD0BF0B5334C87B021464A
:10F570004FF040200CF07FFE00285BD194F82F70F4
:10F5800007BB227B931E012B1CD8606AA36998429B
:10F5900018D1E36963626369A362236A84F82D70FA
:10F5A000C3F34013032A84F82C304FF0402004D1D9
:10F5B00007B0BDE8F040FFF705BE07B0BDE8F0407A
:10F5C000FFF782BE1D4E0FCE01AD0FC533682B6015
:10F5D0004FB34FF04022D2F8C434C2F8C43413F011
:10F5E000020106D001238DF80030002384F830306A
:10F5F00007E013F0040209D002238DF8003084F8EC
:10F600003010D4E900316846984713E013F0010345
:10F6100005D003238DF8003084F83020F1E7042270
:10F620008DF80020E2E7236A8DF800705B0784F80C
:10F630003070E6D507B0F0BD709000207C900020BF
:10F64000036803F01F025B09026004D0012B03482A
:10F6500018BF002070474FF0A040704700030050D3
:10F66000F7B506460CF09FFE08460CF09CFE01A87C
:10F670000196FFF7E5FF019B2E4D00EB83000C4642
:10F68000D0F80037019440F20D612B400B43C0F8D5
:10F69000003701A8FFF7D4FF019B00EB830001278F
:10F6A000D0F800372B400B43C0F8003704200CF093
:10F6B0005BFC092501A80194FFF7C2FF019AD0F86D
:10F6C0001035D340DB0715D401A80196FFF7B8FF2A
:10F6D000019B07FA03F3C0F80C3504200CF044FC3E
:10F6E00030460CF060FE013D04200CF03DFC15F0AE
:10F6F000FF05DFD101A80194FFF7A2FF019A0123C2
:10F700009340C0F80C3504200CF02EFC20460CF081
:10F710004AFE04200CF028FC01A80194FFF790FF9A
:10F72000019AD0F810350448D34003F00103C01A01
:10F7300003B0F0BDF0F8FCFF0100AD0B10B50446BE
:10F74000E8F7A8FB0348044A012107F019F820460E
:10F750000CF046FE10DB06009E4107002DE9F84341
:10F76000044600AF0D46EFF31188402383F312885F
:10F77000BFF36F8F0428294A98BF294B9668117CE4
:10F7800094BF53F82030274BE9468AB06A46264892
:10F79000C2E9073140F201339384244BC2E90504E6
:10F7A00042F8103F224800234FF43151E8F756FC4D
:10F7B000CD4645B1EB69C3F3080323B11D4A1C488C
:10F7C000012106F0DDFF2EB130460DF004F908B13D
:10F7D000037803B91848E9468AB06A46174BD061E6
:10F7E000C2E9053640F201331384154B42F8103F4D
:10F7F00000230F484FF41151E8F730FC2946CD465D
:10F800002046FFF79BFF88F31188BFF36F8F3046C8
:10F81000EBF782FEBD46BDE8F88300BFAC90002048
:10F8200090F10600AD410700BB4107000500000153
:10F8300010DB0600E341070023190700044207001C
:10F840000400000138B5094B53F82040013053F84B
:10F850002050A54200D838BD636823B120460CF083
:10F86000C7FD0834F5E723689847FAE7A4F10600D6
:10F8700070B52A4B2A4C2B4D012286B003201A70FA
:10F88000FFF7E0FFEAF708FB0420FFF7DBFF26465F
:10F89000AE4204F1300410D300F046FF204C224E5B
:10F8A000AC4226D300F054FFE6F718F81F4A137B4A
:10F8B00023F00103137306B070BD54F80C3C05939C
:10F8C00054F8103C049354F8143C039354F8183C37
:10F8D000029354F81C3C019354F8203C009354E9E3
:10F8E0000A2354E90C0100F0E1FC54F8303C5E6559
:10F8F000CDE7D4E90A23B3F1FF3F08BFB2F1FF3FE0
:10F9000005D052EA0301206803D10DF066F83034C7
:10F91000C6E73146183001F019F9F8E78D9E00204E
:10F920000CD906000CD906001BCB06000875002078
:10F9300008B50348034A0021121A0CF071FD08BDF6
:10F94000481F0020909E002070B5002386B0012241
:10F95000CDE90423134E144D01930F22CDE9023259
:10F960001249142303FB005506EBC01604464FF45E
:10F97000C07000FB04110E4B00954FF4A07230468E
:10F9800000F094FC737B0B4AEE6023F00403737366
:10F990004FF4046304FB033313442C746B6006B010
:10F9A00070BD00BF88740020AC900020C0CF002044
:10F9B00085C5060080C70020BFB50020FFF742FFC5
:10F9C0002E4B83F308882E4C2E4E63692E4F43F442
:10F9D00000736361E02384F8223000252023E3775D
:10F9E00025766576A57684F82050636A43F4E02393
:10F9F000636284F82350EBF70FFDEBF7C3FE4FF083
:10FA0000FF33A362E362214CEBF796FFEBF7DEFED8
:10FA1000E8F7ACF940F201132046A381C4E9195577
:10FA200001F0C0FAB4600CF0CFFC0120FFF70AFF30
:10FA30000220174CFFF706FF00F0AAFE154B746179
:10FA40000593012314490095CDE903534FF48052E7
:10FA50003B46CDE90155204600F028FC627B064676
:10FA600022F00402204662730CF0FCFF2846FFF7E8
:10FA70006BFF3A4631462046EBF762FEC0CF0020CE
:10FA800000ED00E0AC90002071F805002876002021
:10FA9000087500206642070040D1002038B5064CAA
:10FAA000064DAC4201D3002038BDD4E901122046F6
:10FAB0000CF0BAFC1434F4E7F41B0020081C0020FE
:10FAC00038B5064C064D0020AC4200D338BD204668
:10FAD0000CF00FFD0028F9DB1C34F5E7841B002037
:10FAE000F41B002073B50C46EFF31181402585F31C
:10FAF0001288BFF36F8FC5685DB125602B68C36046
:10FB0000836901338361002081F31188BFF36F8F14
:10FB100011E052EA030603D125606FF00B00F3E712
:10FB2000CDE900230246083000F04AFD18B9034B26
:10FB30009B685B69236002B070BD00BFAC90002081
:10FB40002DE9F341044617461E46EFF31188402382
:10FB500083F31288BFF36F8FC368334A7BB1806829
:10FB60009168884219D057EA060318D188F31188A2
:10FB7000BFF36F8F6FF00F0002B0BDE8F0819168A6
:10FB800091F90E1021610133E3609368A36088F35B
:10FB90001188BFF36F8F0020EEE72169F2E791F93A
:10FBA0000E1090F90E309942A8BF19466FF07E02F0
:10FBB0009142B8BF11468B422DDD0CF0EEFC05469C
:10FBC000CDE9007619482246414600F0F9FC0028AC
:10FBD000E1D0EFF31186402383F31288BFF36F8FD8
:10FBE000A068D0B1236821699C420AD04BB193F937
:10FBF0000E309942A8BF19466FF07E039942B8BFF4
:10FC000019460CF0CAFC40B10848314600F048FDE6
:10FC10006FF00A00B0E70025D2E7002DF4D186F39B
:10FC20001188BFF36F8FF3E7AC9000208E9E002009
:10FC300038B58368044663B3194A926893422BD15E
:10FC4000C368012B03D9013BC360002038BDEFF32B
:10FC50001185402383F31288BFF36F8F0169806899
:10FC60000CF09BFC20460CF072FFA06058B190F99C
:10FC70000E2022610022C2670CF0F4FE09482946DA
:10FC800000F00EFDE1E7E06085F31188BFF36F8FB0
:10FC9000DBE76FF01500D9E74FF0FF30D6E700BF84
:10FCA000AC9000208E9E002037B51146EFF31185F1
:10FCB000402282F31288BFF36F8F04689CB12368DF
:10FCC000426823F003039442036008BF43600121AC
:10FCD00020460CF0D6FC044685F31188BFF36F8FE5
:10FCE000204603B030BD51EA0302F5D000F108020E
:10FCF000CDE900131046294600F062FC0028EFD140
:10FD0000014B9B685C69EBE7AC90002038B504467A
:10FD1000EFF31185402383F31288BFF36F8F0CF04C
:10FD200016FF48B10022C2670CF09CFE2946084825
:10FD3000BDE8384000F0B4BCD4E902329A4218BFA2
:10FD40000133A360022104F110000DF056F9EDE734
:10FD50008E9E002013B5EFF31181402484F31288A6
:10FD6000BFF36F8F846844B1013C846081F31188D4
:10FD7000BFF36F8F002002B010BD52EA030406D11A
:10FD800081F31188BFF36F8F6FF00F00F3E7CDE9B8
:10FD900000230246014800F013FCECE78E9E002091
:10FDA00070B50446EFF31185402383F31288BFF347
:10FDB0006F8F6FF00A0620460CF0C9FE18B1C667B7
:10FDC0000CF050FEF7E7A060022104F110000DF0E6
:10FDD00014F929460248BDE8704000F061BC00BF3C
:10FDE0008E9E00201FB5094A92E8030002AB83E80B
:10FDF00003004FF480520093054906484FF0FF334B
:10FE000000F070F9002005B05DF804FB48DD060045
:10FE100080E10020887500202DE9F043DFF834816F
:10FE200085B005464FF0FF364FF0FF37EFF31189ED
:10FE3000402383F31288BFF36F8FD5F880408CB9CD
:10FE4000022105F198000CF05DFC002860D1002330
:10FE5000CDE90067029305F1880249463E4800F06B
:10FE600063FDE3E7D5F884202368C5F88030944229
:10FE700008BFC5F88430D5F8983043F00203C5F8C0
:10FE80009830E36823F0040343F00103E360636800
:10FE900089F31188BFF36F8F20469847EFF31189DC
:10FEA000402383F31288BFF36F8FE368D90623F0F2
:10FEB000010237D4E260E3689A071AD5D8F8000047
:10FEC00023F00203E360A0B10268002188B1436817
:10FED0009C4237D1036869BBD8F80420C8F80030C9
:10FEE000824201D1C8F80430002340F8083BFFF7F4
:10FEF0000DFFD5F8983023F00203C5F8983089F348
:10FF00001188BFF36F8FDB0590D400F049FC8DE7BB
:10FF100005F190040022012120460CF07CFE00280F
:10FF2000F8D194E723F01103E36004F11000FFF728
:10FF3000EDFEC0E70B60D8F80430834208BFC8F874
:10FF40000410D1E722B11368014610461A46BDE7F6
:10FF50001346F9E7CC9000208E9E002070B5C36850
:10FF6000C3F340069B0705460C460DD50122002130
:10FF700004F108000CF0B6FB00232360054B65601C
:10FF80005A681AB9C3E90044304670BD14605C6019
:10FF9000FAE700BFCC900020F8B5C3689A07044682
:10FFA0000F46C3F340062CD45B071AD40B680BB979
:10FFB00083680B60E368DD0744BFA3683B603D686E
:10FFC0004CBF02260126002D3AD01F4B9B68AB4246
:10FFD0000AD0D5F89830D807C3F3800214D46FF054
:10FFE000120600233B6025E00CF0ECFCD5F89830BD
:10FFF0000028F0D1D907C3F3C002F0D552B15B0796
:0200000260009C
:1000000008D46FF00F06ECE7002AFAD1C3F3C0035F
:10001000002BF6D100232360D5F8843063B9C5E9FD
:10002000204428460CF089FBE36843F00403E360B6
:100030003B68A3603046F8BD1C60C5F88440F0E71B
:100040006FF01506CDE700BFAC9000202DE9F04120
:10005000C36803F00503002B07460C4614BF4FF09E
:1000600001084FF0000822D08668D6F8805025B1EC
:10007000AF4201D02D68FAE701250122002104F1E9
:1000800010000CF02FFB134920460CF0AEFBE36888
:1000900043F01003E3609DB13B68236073B9D6F869
:1000A00084303BB9C6E9204430460CF046FB40465C
:1000B000BDE8F0811C60C6F88440F5E73C60F3E7DA
:1000C000D6F880302360D6F88430C6F88040002B04
:1000D000EAD1F0E71BC70600014601480CF0B0BBAF
:1000E00088750020F0B589B004460020C4E92000DE
:1000F0000E9D04F18800C4E9220004F19000C4E9D7
:1001000024004DB32879002840F2011008BF0120D7
:10011000C4F8980000204FF0FF364FF0FF37CDE9CC
:100120000330CDE90100CDE906670C4B0094204671
:1001300000F008F955B1296811B120460CF048FCCF
:100140006B791BB1237B43F001032373204609B075
:10015000BDE8F0400CF041BC0120D9E719FE0500D4
:1001600037B501900846EFF31184402181F31288DE
:10017000BFF36F8FC16811F01E0F16D153EA02054D
:1001800008D101A9FFF708FF84F31188BFF36F8F2F
:1001900003B030BD41F00801C160019981621030A7
:1001A000034900F0D3FC0120EEE70020ECE700BF9C
:1001B000AFC7060001460148FFF7D2BF887500208F
:1001C000F7B50C46019016461D46EFF31187402304
:1001D00083F31288BFF36F8F08460CF09FFA55EA3D
:1001E000060309D101A92046FFF7D6FE87F311883F
:1001F000BFF36F8F03B0F0BDE368074943F0080316
:10020000E360019BA36204F1100032462B4600F02C
:100210009DFC0120EAE700BFAFC706000146014888
:10022000FFF7CEBF8875002010B5EFF3118440238F
:1002300083F31288BFF36F8F0CF089FC48B1002262
:10024000C2670CF00FFC0548214600F029FA002097
:1002500010BD84F31188BFF36F8FF8E78E9E0020E6
:100260002DE9F34105460C4617461E46EFF311886B
:10027000402383F31288BFF36F8F0846FFF7D8FC43
:100280002A46CDE900764146074800F099F905462F
:100290004FF0FF324FF0FF332046FFF751FC284666
:1002A00002B0BDE8F08100BF8E9E00202DE9F04332
:1002B000073285B022F007020E461F4610990173DF
:1002C00000F158037F32C0E916330446002322F0C0
:1002D0003F020421836041733F2A0F98A073C4E951
:1002E0000633E37306F14009A2F1400805D883F311
:1002F0001188BFF36F8F084602DFB51829462046E4
:10030000EAF72EFE07300E9B20F00700E066C4E9F6
:10031000199802930D9B01932D1A0C9B00932A466A
:100320003B4631462046EBF7D9F900236365044B81
:100330009B6803B11B6F2367284605B0BDE8F083B7
:10034000AC900020F0B587B000250595109D049570
:100350000F9D03950E9D0295DDE912760D9D019589
:100360000C9D00950446FFF7A1FFB6F1FF3F08BFC3
:10037000B7F1FF3F05D056EA070305D1204600F04C
:10038000A1F9204607B0F0BD03493A46334604F1CF
:10039000180000F0DBFBF4E71BCB060038B50D4D71
:1003A0002B4653F8184F9C4200D004B9EC68AB6858
:1003B00038B95A7BD20604D1A26912B9DA897F2AE8
:1003C00005D89C4202D0204600F0EEFA23466B612D
:1003D00038BD00BFAC90002008B590F90D20437BDC
:1003E000002A014604DA03F07F0343730CF0F7FAA6
:1003F000044B9868431A58425841BDE80840FFF73B
:10040000CDBF00BFAC90002070B490F90D30427B9E
:10041000002B29DBD30627D183692BBB134962F05C
:100420007F0242730A4652F8184F944218BF23467F
:10043000CC6923B9C0E900242060C8610CE090F9C0
:100440000E5093F90E60B5420AD0AE4208DD5A68EC
:10045000C0E900321060586070BC0020FFF79EBFFA
:100460009C42E7D01B68E4E770BC7047AC9000206A
:100470002DE9F041002A427B0E460CBF10210821D5
:10048000114204460FD141EA0203D20918D1437345
:1004900008291BD00120FFF781FFBFF35F8F637B2B
:1004A00023F060036373274B9B68A34243D1EFF3B0
:1004B0000583002B3FD13046BDE8F041EBF742B851
:1004C00003F07F0343730CF08AFAE1E7A36813B1EA
:1004D00020460CF08CFA04F118000CF0BEFB04F17D
:1004E00058074FF00008A56DBD4200D0B5B9154FB3
:1004F000BB689C42CED1EFF30583002BCAD0124DCE
:100500000120FFF74BFF40F20113AB812846002387
:10051000C5E9193300F046FDBD60BEE728460CF082
:1005200066FA05F118000CF098FBC5F87C802846A7
:10053000FFF76AFFD7E786F31188BFF36F8FBDE837
:10054000F08100BFAC9000202876002070B590F9B3
:100550000D20437B002A014604DA03F07F03437336
:100560000CF03DFA4B7B154A63F07F0310464B734A
:1005700050F8183FD469834208BF002323B9C1E96A
:1005800000042160D1610CE091F90E5093F90E60E6
:10059000B5420ED0AE420CDD5868C1E900300160B2
:1005A00059609068431A5842BDE870405841FFF7BF
:1005B000F5BE9C42E3D01B68E0E700BFAC90002092
:1005C000F8B5124B0C461146114A98681060DDE9E7
:1005D0000676EFF31182402282F31288BFF36F8F09
:1005E0009D6828460CF00DFAB6F1FF3F08BFB7F141
:1005F000FF3F06D007493A46334605F1180000F0A0
:10060000A5FA2046BDE8F840EAF79CBFAC90002070
:10061000D49000201BCB0600F8B50446EFF31186FA
:10062000402383F31288BFF36F8F437BDA0649B20E
:1006300019D18569BDB903F07F0343730CF0CFF97D
:10064000437B164A817363F07F034373134653F869
:10065000180F984218BF0546D0695DB9C4E900304B
:100660000460D46111E0A173002086F31188BFF308
:100670006F8FF8BD95F90E70B9420BD08F4209DD2E
:100680006B68C4E900531C606C600120FFF786FEB4
:100690000120EAE7A842E1D02D68DEE7AC90002017
:1006A00049B9EFF3058030B9054B5A699B689A4206
:1006B00001D0EAF747BF81F31188BFF36F8F70470E
:1006C000AC90002010B5EFF31184402282F3128821
:1006D000BFF36F8F427B510704D484F31188BFF3BB
:1006E0006F8F10BD22F004024273FFF78DFE21468A
:1006F0000248BDE81040FFF7D3BF00BF8E9E002028
:10070000034648B9EFF3058232B9064A5169926847
:10071000914201D0EAF716BF83F31188BFF36F8FC0
:10072000704700BFAC900020EFF31181402383F3AA
:100730001288BFF36F8F054B9A68D37B013BD3734D
:1007400081F31188BFF36F8F704700BFAC9000201A
:1007500038B5EFF31185402484F31288BFF36F8F0F
:100760000A4B9A68D37B0133D3730020FFF716FE40
:1007700085F31188BFF36F8FEFF3118084F3128834
:10078000BFF36F8FBDE83840FFF7BABFAC900020D1
:10079000024B03F11802C3E906227047AC90002017
:1007A000F8B5EFF31185402383F31288BFF36F8F01
:1007B00019498868437B03F07F0343730CF00FF9FA
:1007C0008B685A7B084662F07F025A7350F8182FE4
:1007D000CC69824208BF002222B9C3E90004236029
:1007E000CB610CE093F90E6092F90E70BE420ED010
:1007F000B7420CDD5168C3E900210B605360012052
:10080000FFF7CCFD2846BDE8F840EAF79BBEA242C0
:10081000E3D01268E0E700BFAC90002050EA01038B
:100820002DE9F04105460E4603D1FFF7B9FF002040
:100830002BE0831C71F1FF3329DB0CF03FFA2C18FD
:10084000EFF31188402383F31288BFF36F8F124FA9
:10085000124BB8681860FFF7BFFDB86810492A4608
:100860003346183000F072F9BA68537B43F0100336
:1008700053734046EAF766FE0CF020FA201A63EB49
:100880000303012873F10003D1DBBDE8F0816FF0B1
:100890000104241AD4E700BFAC900020D4900020BB
:1008A0001BCB0600B1F1FF3F08BFB0F1FF3F08B519
:1008B00006D10A4B98680CF0E4F84FF0FF3008BD01
:1008C000FFF7ACFF4FF47A7147F6FF730022C0FBCD
:1008D0000132D80B40EA4240F1E700BFAC90002063
:1008E0000C490D4A38B500244FF400458C4621468A
:1008F000C0FB05C100236046C7F770F8C117FFF7BA
:100900008DFF054A47F6FF73C0FB0234DB0B43EA59
:10091000444038BD3F420F0040420F00014B9868F1
:10092000704700BFAC900020D3B5DDE90667089C96
:10093000CDE90067FFF744FE1CB1034B9B685B6980
:10094000236002B0D0BD00BFAC900020044BC01AA1
:10095000044BC0105843044B01221A54704700BF87
:10096000A8760020ABAAAAAA8E9E0020C3897F2B5E
:1009700012D80A4B1B6863B1094B90F90E201B6813
:100980009A4209DB437BDB0606D1064BC31A18BF2C
:10099000012303F0010070470023FAE7DC900020F8
:1009A000D89000208874002070B50E4B0E4C1E7C31
:1009B00006EB460304EBC304054620460CF04DF954
:1009C0000A4B002228469A55FFF7D0FF48B1084B42
:1009D00008491A68013A2046D317BDE8704000F074
:1009E000B5B870BDAC900020A87600208E9E002087
:1009F000DC9000204D09060038B5EFF31185402347
:100A000083F31288BFF36F8F104B114A9C681068F4
:100A1000A04206D1FFF7C8FF85F31188BFF36F8F9F
:100A200038BD00211B7C11600A4AD35C002BF3D037
:100A30002046FFF79BFF0028EED0637BDB0602D148
:100A40002046FFF783FD2046E4E700BFAC9000207E
:100A5000D49000208E9E002008B50648064A07491B
:100A6000121A0BF0DFFCBDE80840054A05490648AC
:100A70000BF0D8BC00000020481F0020E442070013
:100A800000000000E442070000000020034B1B6848
:100A90000BB9FBF7BBBD0020704700BFE090002002
:100AA00030B570B10B4B5B6898420AD0036843B114
:100AB000D3E90421D0E90445121941EB0501C3E94A
:100AC0000421D0E9003213605A600023C0E90033EA
:100AD00030BD00BF781A002070B50B490B684D6817
:100AE000024600208B4208BF0023014603B970BDB7
:100AF000D3E90446001941EB06019342F7D09D4229
:100B0000F5D01B68F2E700BF781A002010B50E4B35
:100B10001C689C4204D1FFF7B9FF6FF0004010BD84
:100B2000FFF7B4FF002CF8D0D4E904321B1A62EBB3
:100B3000E072B3F1004F72F10001EEDA002AACBFAF
:100B400018460020EBE700BF781A0020B3F1FF3F02
:100B500008BFB2F1FF3FF8B504461D4616465ED009
:100B60008160EFF31187402383F31288BFF36F8F07
:100B7000013275F1FF3324DA2E49D1E900206FF0FC
:100B800001039B1A4FF0FF3262EB00009E1B60EBEB
:100B90000500012E70F1000301DA01260020C4E9EE
:100BA0000460254ED6F800C07568B44508BF4FF004
:100BB000000CBCF1000F0DD1C4E900652C6074601D
:100BC0001CE0FFF763FF013645F10005361845EBE1
:100BD000E070E4E7DCE90420D4E90431934271EBEE
:100BE000000E1DDAD21ADCF8043060EB0100CCE90B
:100BF0000420C4E900C31C60CCF804403368B3424D
:100C000009D09C4207D10D4B1C6824B9FFF77EFF29
:100C10002146FBF7CDFC87F31188BFF36F8FF8BD3A
:100C20009B1A61EB0001AC45C4E90431C4D0DCF887
:100C300000C0BEE7C0760020781A0020E0900020B7
:100C40002DE9F84FEFF3118C402383F31288BFF3A3
:100C50006F8FDFF8B0A0DFF8B0902C4FC9F800001C
:100C6000DAF800000024504508BF00200025D7E92D
:100C70000021D9F80030E04678B3D0E9046C4FEA9F
:100C8000E37EB3427EEB0C0B05DAF61A6CEB0E0436
:100C9000C0E9046421E0B21841EBE671C0E9044503
:100CA000C7E90021FFF7FCFE88F31188BFF36F8FBF
:100CB00083689847EFF31188402383F31288BFF3CA
:100CC0006F8FD9F80030DAF800009B1B5045C446FE
:100CD000C9F80030CBD1D7E900219A1841EBE37372
:100CE0000024C7E90023C9F80040FFF70FFF2146A1
:100CF000FBF75EFC88F31188BFF36F8FBDE8F84FF8
:100D0000FFF77ABE781A0020E0900020C07600201D
:100D100010B5EFF31184402383F31288BFF36F8F74
:100D2000FFF7B4FE054A0346D2E90001181841EB6B
:100D3000E37184F31188BFF36F8F10BDC07600207C
:100D4000F8B50446EFF31187402383F31288BFF30D
:100D50006F8F026822B187F31188BFF36F8FF8BDE0
:100D6000D0E90A36581C46F10001022871F1000151
:100D700027D3012B76F10001BCBF012316465D1E6F
:100D800046F1FF360BF09EFF013041F100014019A2
:100D900046EB0101012871F1000139DB0BF092FFF4
:100DA000013041F100016FF00102401946EB0103EF
:100DB000121A4FF0FF3161EB030318492046FFF789
:100DC000C5FE236B01332363236A6BB187F311885C
:100DD000BFF36F8F236A20469847EFF311874023B4
:100DE00083F31288BFF36F8F54F8185FA542B2D017
:100DF000002DB0D028460BF05EFE0023EB6787F392
:100E00001188BFF36F8F2846BDE8F8400BF02ABE6B
:100E10006FF001024FF0FF33CFE700BF410D060036
:100E20002DE9F04105461C4690461F46EFF311861A
:100E3000402383F31288BFF36F8FB4F1FF3F08BFE5
:100E4000B2F1FF3F05D186F31188BFF36F8FBDE884
:100E5000F081531C74F1FF3309DB012A74F10003A4
:100E6000BCBF0122002412F1FF3844F1FF372846AD
:100E70000BF0F3FEDDE906010023C5E90A012B634F
:100E8000034942463B462846FFF760FEDBE700BFCA
:100E9000410D06002DE9F74F1D46274B9F680123A2
:100EA00087F8603087F8613052EA050316460CBFB8
:100EB0000123002307F1600280460BF0D1FF814639
:100EC000EFF3118B4FF0400A8AF31288BFF36F8F54
:100ED00097F860404CB901465A4640460BF061FF16
:100EE0008BF31188BFF36F8F0BE0002387F860301E
:100EF00056EA050309D18BF31188BFF36F8F6FF0AA
:100F00000A04204603B0BDE8F08FCDE900650B4A26
:100F10000B485946FFF754FB0446EFF311858AF35B
:100F20001288BFF36F8F2A46494640460BF039FFBF
:100F300085F31188D6E700BFAC900020801A00200E
:100F40008F9E002038B50346EFF31185402282F3CF
:100F50001288BFF36F8FC1600121816000688342F6
:100F600006D185F31188BFF36F8F0024204638BD6A
:100F7000D0E9003213605A600023C0E900330BF05F
:100F8000E7FF294604460248FFF78AFBEEE700BF69
:100F90008F9E00200A46014601480CF050B800BF61
:100FA000F41B0020014B0367704700BFF41B0020B7
:100FB00038B504460D460BF005FD20B9064B9B687D
:100FC0001B6F0BB938BD054B2A4621461846BDE8B4
:100FD00038400CF034B800BFAC900020F41B002067
:100FE00030B599B00546684600F028F869460446D1
:100FF00008A800F053FA08A90443284600F08AF92B
:10100000204619B030BD00BF70B598B0054668469F
:10101000164600F013F83146044608A800F046F9D9
:1010200008A96A460443084600F082F908A9044367
:10103000284600F06DF9204618B070BD70B50B68F9
:10104000124E1BBAC3614B681BBA83618B681BBA13
:101050004361CB681BBA03610B691BBAC3604B6960
:101060001BBA83608B691BBA4360CB691BBA3246DB
:10107000036001460446C6F7EBFC314605460246CE
:101080002046C6F705FD681E70BD00BFBCF1060016
:101090002DE9F04188B00C46064602F12001684671
:1010A00006F120079046C6F7CDFF6A4669466846B6
:1010B000C6F7EAFE69463846C6F7C4FF3A463946DF
:1010C000384604F12005C6F7DFFE6A4669466846E1
:1010D000C6F7DAFE41462846C6F7B4FF6A464146DF
:1010E0003046C6F797FF2A4629466846C6F7CCFE23
:1010F0002A4669466846C6F7C7FE124A69466846E8
:10110000C6F7C2FE69462046C6F79CFF3246214616
:101110002046C6F7F7FE324621462046C6F7F2FEC5
:10112000224631462846C6F7EDFE6A46294628463D
:10113000C6F770FF3A4629462846C6F7E3FE08B0D0
:10114000BDE8F0819CF20600F0B599B004460D466A
:101150000A4601466846C6F7D5FE69466846C6F7A0
:1011600071FF6A46214608A805F1200604F1200710
:10117000C6F750FF6A4629466846C6F74BFF324617
:10118000394610A8C6F780FE324639463046C6F7C3
:10119000B9FE31462846C6F755FF6A4608A92046DB
:1011A000C6F772FE224629462846C6F7ABFE6A46B7
:1011B00008A96846C6F7A6FE6A4639463846C6F705
:1011C00029FF2A4608A96846C6F79CFE6A463146AA
:1011D0003046C6F71FFF3A4631463046C6F792FE04
:1011E00010A96846C6F72EFF224669462046C6F774
:1011F00089FE08A922460846C6F784FE10A908AA57
:101200000846C6F707FF3A4610A93846C6F77AFEE1
:1012100019B0F0BD2DE9F04188B00C460546904666
:101220000A4601466846C6F76DFE69466846C6F737
:1012300009FF6A462946284604F12006C6F7EAFE59
:1012400005F120076A4621466846C6F7E3FE3246A6
:1012500039463046C6F756FE31462046C6F7F2FEFE
:101260002A4621462046C6F74DFE6A4621462046BC
:10127000C6F748FE6A4629464046C6F743FE424640
:1012800039463846C6F7C6FE224629466846C6F79E
:1012900039FE6A4631463046C6F7BCFE3A4631460C
:1012A0003046C6F72FFE08B0BDE8F08170B500F1FA
:1012B000200690B00D46044600F014F905F1200117
:1012C000304600F00FF9214608A8C6F7BBFE08A972
:1012D00008460D4AC6F7D8FD08A922460846C6F7B3
:1012E00099FE08A9094A0846C6F7CEFD3146684668
:1012F000C6F7A8FE202269460DEB0200C6F796FD50
:10130000013810B070BD00BF9CF206007CF20600F0
:1013100000F002B938B504460D4600F0FDF805F1BD
:10132000200104F12000BDE8384000F0F5B800BF0E
:101330002DE9F0471346B8B0544A8946804619460D
:1013400010A8C6F785FB5249024610A8C6F7A0FBB5
:10135000179E4E4900EAD6760746C6F1010210A84C
:10136000C6F796FB179B4A466FEA030A28A918A8F6
:10137000FFF78EFE4FEADA7A20A9CAF10102084689
:1013800000F092F8C7F10107FE246A4618A928A8C0
:10139000FFF740FF631138AA02EB830304F01F023A
:1013A00053F8A03CD340554603F0010A8AEA0505EC
:1013B0002A4628A918A8C6F7C7FB2A4630A920A89C
:1013C000C6F7C2FB013C28A918A8FFF7BDFE631CA5
:1013D000DBD1CAF1010220A908A800F065F886EA6D
:1013E0000A066A4618A928A8FFF714FF28A932465A
:1013F00018A8C6F7A9FB324630A920A8C6F7A4FB57
:1014000008A96A460846C6F705FE08A9084600F07E
:101410009DF808A908F1200409F120020846C6F742
:10142000F9FD20A908AA2046C6F7F4FD08AA18A9C4
:101430006846C6F7EFFD69466846C6F703FE18AA78
:10144000694608A8C6F7E6FD21466846C6F7FAFDD4
:1014500008AA69461046C6F755FD0E4A08A968460F
:10146000C6F750FD20462021C6F7F4FC08A9024625
:1014700044426846C6F768FB4046074A6946C6F7D5
:10148000C9FD3C43204638B0BDE8F087FCF10600BA
:101490001CF206007CF20600DCF106000A46014957
:1014A000FFF746BF3CF2060070B588B004460D4613
:1014B00016460021202268460BF063FF00232946D0
:1014C0002022204600930BF034FF2A4669466846E6
:1014D000C6F718FD324669462046C6F735FB08B008
:1014E00070BD00BF0B681BBAC3614B681BBA836138
:1014F0008B681BBA4361CB681BBA03610B691BBACB
:10150000C3604B691BBA83608B691BBA4360CB69AC
:101510001BBA0360704700BFCB691BBA03608B69BD
:101520001BBA43604B691BBA83600B691BBAC3606B
:10153000CB681BBA03618B681BBA43614B681BBA4B
:1015400083610B681BBAC361704700BF70B598B068
:101550000D46064610A8C6F775FD2A4610A968462E
:10156000C6F758FD694610A8C6F76CFD10A90846D5
:10157000C6F768FD6A4610A908A8C6F74BFD08A97A
:1015800010A8C6F75FFD10A90846C6F75BFD10A9B5
:101590000846C6F757FD10A90846C6F753FD10A91F
:1015A00008AA0846C6F736FD10A90846C6F74AFD40
:1015B00010A90846C6F746FD10A96A4608A8C6F74E
:1015C00029FD052408A910A8C6F73CFD10A9084666
:1015D000C6F738FD013C10A9F5D108AA0846C6F7A0
:1015E00019FD052410A90846C6F72CFD10A90846C8
:1015F000C6F728FD013CF5D110A908AA0846C6F790
:1016000009FD10A908A8C6F71DFD08A90846C6F7D8
:1016100019FD08A96A466846C6F7FCFC102469460D
:1016200010A8C6F70FFD10A90846C6F70BFD013C30
:1016300010A9F5D12A460846C6F7ECFC402410A9AB
:101640000846C6F7FFFC10A90846C6F7FBFC013C9C
:10165000F5D110A96A460846C6F7DCFC102410A98B
:101660000846C6F7EFFC10A90846C6F7EBFC013C9C
:10167000F5D110A96A460846C6F7CCFC102410A97B
:101680000846C6F7DFFC10A90846C6F7DBFC013C9C
:10169000F5D110A908AA0846C6F7BCFC2A4610A92D
:1016A0003046C6F7B7FC18B070BD00BF10B50C4C83
:1016B000236813B10B4B1B682BB900F029FE30B91E
:1016C000084B01221A6001232360002010BD01385D
:1016D000062801D9044810BD044B53F8200010BD62
:1016E000E8900020E4900020FE8FFFFFBCF206008F
:1016F000BFF34F8F0549064BCA6802F4E0621343FB
:10170000CB60BFF34F8F00BFFDE700BF00ED00E0EF
:101710000400FA0510B4094B09490A4C4FF0FE3297
:10172000C3F800244968C3F80424C3F80824C3F8A4
:101730000C240023C4F8003510BC084700B0025048
:10174000881A002000A00250D0E90012014BC3E922
:1017500000127047881A00202DE9F043134B144EF5
:10176000002814BF04461C4683B02368B34219D036
:101770000D4620464FF4E07104F10409174604F5C4
:101780008E7800F0E9F8484600F0ACFC404600F0E6
:10179000DBFA084900972B464A46404600F0EAFA31
:1017A00008B92660002003B0BDE8F083EC9000206B
:1017B000A5BCC95A6D21060070B51D460C4B00280A
:1017C00018BF03460B481E68864282B00DD1002622
:1017D00003F58E7000963346144600F017FB002880
:1017E00018BF34462C6002B070BD0348FBE700BF51
:1017F000EC900020A5BCC95AE88FFFFF10B5044645
:1018000050B1636813F0685F05D0064A934202D076
:1018100000232360626010BD034B04485B68984757
:10182000EFE700BF2C5F5CA9881A0020D8F2060001
:10183000C8B143680D4A934213D013F0685F0ED0CD
:10184000012350E8002F194640E8001C9CF0000FCF
:10185000F7D1012AF5D0BFF35F8F0020704704480D
:101860007047044870476FF4E04070472C5F5CA9F4
:10187000E98FFFFFEA8FFFFF80B14368094A934277
:101880000AD013F0685F05D0BFF35F8F00230360B9
:101890001846704704487047044870476FF4E040AA
:1018A000704700BF2C5F5CA9E98FFFFFEA8FFFFF45
:1018B00010B5044620B1044B63600022226010BDC5
:1018C0000248FFF727FFF6E73A00003A00F3060068
:1018D00070B5D0E90023174C174D6360D0E9023092
:1018E000C4E9023022604868D1F800C0134BC3E954
:1018F00000C0D5F81801D1F808C0C3F808C010F02E
:10190000685FD1F80CC00969C3F80CC0196110D028
:101910000B49C5F8BC110023C5E9453105F58A70AE
:10192000C5F8B8319047236805F5DC70BDE8704014
:10193000184770BDA41A0020EC900020901A0020D7
:101940002C5F5CA938B131B101440022034601305B
:1019500081421A70FAD1704738B131B10144002286
:101960000346013088421A70FAD170472DE9F04FD2
:10197000B2F5C07FB5B000F2D780DFF8B49114465D
:101980000D464FF4D07200210DF15C080746484621
:101990000BF0F7FC404601F051F9002309F118065D
:1019A000A9F8103063BA29462246A9F81230304609
:1019B000202389F817300BF0BCFC5E4B079303F132
:1019C00004338022089303F104330993325503F161
:1019D000043307A940460A9301F046F982460028DD
:1019E0007FD104F119030BAE0FAC0293039701965C
:1019F00004940198DFF840B1102200210BF0C1FCE3
:101A0000DDF808A005940E9B5BF8044C5BF80C7C99
:101A10000B995BF8100C5BF8085CDDE90C625C402C
:101A2000019B7E40554081EA00071A46012140464D
:101A3000CDE90B76CDE90D5401F030F9BAF1100F74
:101A400094BFAAEB0A0AAAF1100A0BF1100B0028A6
:101A500065D1BAF1000FD6D1059C0199204610221C
:101A60000BF067FC99F8033010340133A04589F876
:101A70000330BED1049C039F019E80222146404634
:101A800001F0F2F8824670BB07F120093D4613AB26
:101A90001A460121404601F001F91022824613A99D
:101AA00028461544BAF1000F1DD10BF042FC4D45FC
:101AB000EDD1404601F0D2F81D484FF4D071FFF748
:101AC0004BFF20462021FFF747FF07A81021FFF713
:101AD00043FF30461021FFF73FFF504635B0BDE8C9
:101AE000F08F0FAC0BAE404601F0B8F810484FF441
:101AF000D071FFF731FF20462021FFF72DFF07A807
:101B00001021FFF729FF10213046FFF725FF202184
:101B10003846FFF721FF504635B0BDE8F08F039FF0
:101B2000019E049C8246DEE76FF0370AF3E700BFB0
:101B3000BC92002000010203CC9200202DE9F0416C
:101B400088B004460D462022002168460BF019FC9F
:101B500004F120066F46E27B0132D2B2E273002A22
:101B60004DD1A27B0132D2B2A273002A47D1637B4E
:101B70000133DBB26373002B41D1237B0133DBB232
:101B80002373002B3BD1E37A0133DBB2E372002BEA
:101B900035D1A37A0133DBB2A372002B2FD1637A44
:101BA0000133DBB2637253BB237A0133DBB223729E
:101BB0002BBBE3790133DBB2E37103BBA3790133C0
:101BC000DBB2A371DBB963790133DBB26371B3B903
:101BD00023790133DBB223718BB9E3780133DBB2B4
:101BE000E37063B9A3780133DBB2A3703BB96378C8
:101BF0000133DBB2637013B92378013323703B46A2
:101C000022460121304601F049F8804650BB10378A
:101C100008AB9F429FD1029AAB68039F079953403C
:101C200002933046EE68009B7E400396049F2E6927
:101C30007E4004966E69059F7E400596069FAE69BC
:101C40007E400696EE697140079129684B400093EB
:101C500001996B6880224B406946019301F004F8BA
:101C6000804638B168462021FFF776FE404608B02E
:101C7000BDE8F08110220DEB020120460BF059FB6C
:101C8000F0E700BF2DE9F84304468069B0F5C07F56
:101C900052D81D46C0F5C073AB424DD3C5F5C073D5
:101CA0001B1A9342164647D3DFF898904FF4C07240
:101CB0000F46484600210BF064FBD4F89430A2692B
:101CC000D4F8980049469847002838D1D4F81880AD
:101CD0003DB1D4E925302A4609EB0801984770BB8D
:101CE000A84407B1C6B9174942460846FFF73EFE69
:101CF000054638B113484FF4C071FFF72DFE284652
:101D0000BDE8F8830F492046FFF718FF0546002875
:101D1000F0D101232361EDE709EB08003946324693
:101D20000BF007FB0749B04442460846FFF71EFE8A
:101D300005460028DED1E5E76FF03705DFE76FF0F5
:101D40003305DCE75C94002010B5A4220446002192
:101D50000BF017FB064B4FF0FF314FF6F07221618D
:101D6000E26104F19C001B68BDE81040184700BF09
:101D7000F41A00202DE9F04385B005460F461646BB
:101D800000211022684699460BF0FBFA1D4B05F125
:101D90009C081B684046984720B10446204605B081
:101DA000BDE8F08305F12004204600F047FFAA6952
:101DB000C5E925762E69E2B92022002EAA611FDB33
:101DC00020466946802200F04FFF044630B90C9A45
:101DD000334649462846FFF755FF04460A4B40461E
:101DE0001B689847002818BF0446204605B0BDE888
:101DF000F083002EE4DA172A02D801325608DFE712
:101E00000026DDE7F01A0020EC1A00202DE9F04F43
:101E10008DB0B2F5806F169F00F2E380B7F5807F3A
:101E200000F2DC80044615460E462022002104A85C
:101E300098460BF0A6FA6C4B04F19C091B684846C7
:101E400098478346002840F092802269E3699A42CD
:101E500000F391806369002B40F08D80002F40F0EB
:101E6000A980DFF888A16F46002D00F0988004F16A
:101E700020086F460EE0102DAB4628BF4FF0100B28
:101E800030465A4639460BF054FAB5EB0B055E4422
:101E900000F08580E37B0133DBB2E373002B4DD18F
:101EA000A37B0133DBB2A373002B47D1637B0133E8
:101EB000DBB26373002B41D1237B0133DBB223738D
:101EC000002B3BD1E37A0133DBB2E372002B35D137
:101ED000A37A0133DBB2A372002B2FD1637A0133D3
:101EE000DBB2637253BB237A0133DBB223722BBBA9
:101EF000E3790133DBB2E37103BBA3790133DBB2D6
:101F0000A371DBB963790133DBB26371B3B92379B0
:101F10000133DBB223718BB9E3780133DBB2E370B9
:101F200063B9A3780133DBB2A3703BB963780133A3
:101F3000DBB2637013B92378013323703B4622462A
:101F40000121404600F0AAFE8346002893D0DAF82B
:101F50000030484698472021034604A8002B18BFAC
:101F60009B46FFF7F9FC10213846FFF7F5FC584671
:101F70000DB0BDE8F08F3A46414600232046FFF7FA
:101F800081FEDFF868A000283FF46DAFDAF800307A
:101F900048469847834600283FF465AFE7E704A921
:101FA0002046FFF7CBFD83460028D0D123690133BB
:101FB0002361CCE73A46414604A8FFF7D7FC8346A5
:101FC00018B1DFF828A06F46C1E704A92046FFF743
:101FD000B5FD834600283FF444AFF2E76FF0370BBE
:101FE000C5E76FF0350BC2E7F01A0020EC1A0020AD
:101FF0002DE9F043202B8BB01D46064688469146BE
:1020000026D8DBB202AF8DF80480B0468DF80530DB
:1020100058F8041B21B9404600F084FE044640B93C
:1020200001233360022201A9404600F08FFE0446DE
:1020300038B138462021FFF78FFC20460BB0BDE8B1
:10204000F0832A464946404600F080FE0446F0E709
:1020500002AF1946104600233A4600F0FDFF044641
:102060000028E6D12023B9461D46CCE7F0B5D0F8CC
:10207000F830A7B0002BD8BF02AE2CDDD0F80C4151
:102080000546002302AE0193A4F10107D0F8000138
:10209000D5F8FC4001AB90223146A047B7FA87F74C
:1020A0007F09044610B9019B3BB9A7B13046902186
:1020B000FFF752FC204627B0F0BD014632462846C5
:1020C000FFF796FF50B9D5F80431019A1344C5F8CB
:1020D0000431002FEAD16FF03C04E7E704462046C4
:1020E00027B0F0BD70B50025044604F588761422AB
:1020F0002946C0F8F850FC300BF043F90822294675
:1021000030460BF03EF9154B30461B689847204689
:1021100040F8045B00F0ECFD114B30461B6898471B
:10212000D8B9D4F8F830AB4211DC03EB830204EBEE
:1021300082022021C2F808110121C2F80C110133DA
:102140000849C2F80001C2F8FC10C4F8F830064B88
:1021500030461B68BDE87040184770BDF41A002077
:10216000F01A0020412B0600EC1A00202DE9F04760
:10217000202A88B079D83E4B00F588791B68044640
:1021800048461746884698470546F8B9D4F8F830C7
:1021900040F20116002B64D02046FFF767FF05468A
:1021A00038B9D4F8F830002B14DC013EF2D16FF0CE
:1021B0003B056E4620213046FFF7CEFB2D4B4846AF
:1021C0001B689847002818BF6FF01D05284608B007
:1021D000BDE8F087D4E94132934203D3D4F80C210F
:1021E000012A02D0013ED7D1E1E71F2BFAD96E4672
:1021F00001462022304604F1040A0BF0C2F83146B1
:10220000504600F0CDFD05460028D3D1504600F0E1
:1022100083FD504600F06CFD2946504600F082FDDB
:1022200005460028C6D150462022314600F08EFDDA
:1022300005460028BED1034632462021304600F034
:102240000BFF05460028B5D1D4F8F830002BC4BFE9
:102250000023C4F804313A46404631460BF069F891
:10226000A8E76FF03F056E46A4E76FF03B05ADE7CA
:10227000F01A0020EC1A002030B58DB00021282281
:1022800002A801910BF07DF802A800F00DFF0446B2
:1022900010B120460DB030BD174D4FF0FF3128680A
:1022A00000F044F9044620B11448FFF733FA012C3A
:1022B00018D0002000F06AF9D0B9114A02A901A88B
:1022C00000F030FC0446012000F060F960B9286895
:1022D00000F034F90028DCD00A48FFF71BFA20464A
:1022E0000DB030BD0524F2E70748FFF713FAEEE71B
:1022F0000648FFF70FFAE0E7D81A002024F306009B
:10230000DC9500207CF306005CF306003CF306003D
:1023100030B583B000F05CF828B100F0ABF80324CE
:10232000204603B030BD00F077F8D8B900F02EF9A0
:10233000E0B9224CD4F828391B0EF02B0AD1D4F87E
:10234000242A1F4B9A4231D000F044F8072400F0B1
:1023500091F8E5E700F03EF800F08CF806242046FE
:1023600003B030BD0424204603B030BD00F032F885
:1023700000F080F8FFF780FF044698B9114D2B68F4
:10238000002BCDD102460146FFF7E6F950B90E49C0
:1023900001AB6822FFF710FA20B90C4B2B602046E6
:1023A00003B030BD0524204603B030BD012000F04D
:1023B000EDF80028DAD1C4F80C0ADBE700B00250CF
:1023C0000000E020FC970020009800205AEA5A5AAA
:1023D0000020704700207047430504D5044B4FF0A0
:1023E000FF32C3F80821024BC3F8080A704700BF48
:1023F00000B00250014BC3F8040A704700B002500D
:1024000008B100F06BB84FF47500704708B100F0E8
:102410004FB84FF47500704710B5114800F072F8CE
:1024200000B110BD0F4800F06DF80028F9D10E4C36
:10243000204600F067F80028F3D10C4B0C481C60D4
:1024400000F060F801460028EBD100F02DF80446BA
:1024500008B1204610BD00F07BF82046FAE700BF27
:10246000E81A0020E41A0020E01A0020D81A002000
:10247000DC1A002008B5084800F04EF8074800F0C4
:102480004BF8074800F048F8064800F045F8BDE86A
:10249000084000F00BB800BFE81A0020E41A002042
:1024A000E01A0020DC1A002000207047704700BFAF
:1024B00010B4094C0246D4F8003A1342FBD021B1C3
:1024C000D4F804310B60C4F80831034BC3F8082A70
:1024D000002010BC704700BF00B00250044AD2F880
:1024E000003A1842FBD0C2F8080A0020704700BF2B
:1024F00000B002500AF02BBF0AF043BF0A46002189
:102500000AF03FBF08B5034B02681B681068984784
:10251000002008BDA41A002008B5034B02685B68C0
:1025200010689847002008BDA41A0020024B0268DA
:102530009B681068184700BFA41A002008B5034B19
:102540000268DB6810689847002008BDA41A0020C4
:1025500070B5094C094D2069AB68984718B1084B14
:1025600008485B689847084AEB68206900211160B9
:10257000BDE87040184700BF901A0020A41A002040
:10258000881A002094F3060068980020F8B51A4DC8
:102590001A4E0446B26828699047E8B9184F3B685C
:1025A0004CB1A3B1012B19D0013B3B602869F36802
:1025B00098470020F8BD43B9124A0121C2F800151E
:1025C0001149D1F81029002AFBD101333B60F3688F
:1025D000286998470020F8BD0C48F8BD0A4AD2F88F
:1025E0001039002BFBD1074A6FF07E40C2F800354E
:1025F000FFF700FF3B68D7E7901A0020A41A0020DD
:102600006898002000A0025000B00250E98FFFFF40
:10261000014B1B68184700BFA41A0020014B9B68A0
:10262000184700BFA41A0020014BDB68184700BF01
:10263000A41A00202DE9F047002878D00C46002984
:1026400075D01D46002B72D007461AB10122002317
:102650002A6003602B68002B64D02946204600F0D6
:10266000DBFD804600285FD12868214600F0BAFDD6
:102670008046002858D12B68082B6CD0042B6DD0D5
:10268000A3F10209B9FA89F94FEA5919354E012126
:10269000C6F8C411C6F84011C6F8C411636AC6F87A
:1026A0003031D6F830219342F6D14FF0000A4FF086
:1026B000FF30C6F82CA1FFF78FFE6FF01B03C6F8A2
:1026C00000315046FFF796FEC6F80C91D6F8040A82
:1026D00040F48060FFF78EFE0A23C6F83831089B6D
:1026E000012B29D02369204AA2FB03231B09626A1C
:1026F00002FB03F303EB43031A4ADB039B09C2F813
:10270000D8310123C2F82C313B682A6823F07F437B
:1027100043EA02633B602A6843EA02233B60404687
:10272000BDE8F087DFF844804046BDE8F087DFF879
:1027300040804046BDE8F0874FF08053D3F80C2C22
:10274000013206D0D3F80C3C074AA2FB03231B0935
:10275000CDE71623CBE74FF0030997E74FF00209C7
:1027600094E700BF00B00250ABAAAAAA310CF10056
:10277000350CF10050B34B1EB3F5047F26D24FF059
:10278000000C30B5CD00E6466446630904F01F0135
:1027900050F823301F2923FA01F306D003F0010378
:1027A0001CB901249E46A446EFE79E4504F10104AE
:1027B00006D09E464FF0010CAC42E6D1002030BD61
:1027C0000CF1010C9445F7D1014830BD0048704729
:1027D000360CF100C8B32DE9F0434C1EB4F5047F6C
:1027E0001CD2DBB1D2B14FF0000ECF007646F046DE
:1027F000754603F1FF396C0905F01F0150F82440BC
:102800001F2924FA01FC0CD00CF0010C4DB9012653
:10281000E0463546B646EEE7964218D90D48BDE883
:10282000F08373450CD0C44508BF0136F145F3D0A1
:102830000EF1010E0135BD42DDD10020BDE8F0836F
:102840004FF0010EE0467646F4E7024870479E4698
:10285000F0E700BF370CF1002DE9F04F91B00D46C5
:10286000DDE91B41824600296ED1286906901A983D
:102870001C6000230360002A00F02E819C4B6A6AD2
:10288000D3F83811D3F830319A4269D10A2967D187
:102890009AF80330089304F1080306990793954BBF
:1028A000934CA3FB01239B0803EB4303A1EB4303DE
:1028B0000393042305931A9B069E1E60002E00F0CE
:1028C000E980002700F0B8FC0997BAF1000F00F08A
:1028D000D580DDF81C804FF00109002D00F0CE807E
:1028E000089B002B3ED008A9284600F095FC002844
:1028F0003AD0814B984220D0089B082B00F0E4800E
:102900005B0000220893009208AB29465046FFF76F
:1029100091FE7A4B984200F0D38070B9DAF800202B
:10292000130A03F47F03134323F07F43CAF80030F4
:10293000059B013B0593BED10020039000F07CFC79
:10294000039811B0BDE8F08F4FF08050D0F80C6CB8
:10295000013614BFD0F80C0C4FF40470069086E7D3
:102960006748EAE76548C4E70898294600F03AFC5A
:102970000028BED1089B082B00F0A880042B00F093
:10298000A880A3F10203B3FA83F35B090493C4F8AC
:10299000C491C4F84091C4F8C4916B6AC4F8303152
:1029A000D4F830219342F6D14FF0000BC4F82CB18B
:1029B0004FF0FF30FFF710FD6FF01B035846C4F8CF
:1029C0000031FFF717FD049BC4F80C31D4F8040A5A
:1029D00040F48060FFF70EFD0A23C4F838312B69FC
:1029E000ABF1553BABFB03236A6A1B0902FB03F304
:1029F00003EB4303DB039B09C4F8D831C4F82C91E3
:102A0000DAF80030089923F07F420B0243EA0163B1
:102A10001343CAF8003009A800F0D4FB099B03F067
:102A20001A0303437FF468AFABFB063BD4F81431C1
:102A30000A93D4F818310B93D4F81C310C93D4F8C2
:102A400020310D93D4F824310E93D4F828310F930C
:102A5000B7EB9B0F01D1039B93B9404618220AA9FB
:102A6000183EFFF747FD08F11808013796B100F04E
:102A7000E3FB00230993002D7FF432AF214838E7B0
:102A80004046F61A1A460AA998440137FFF732FD64
:102A9000002EECD1069F079E6A6939463046FFF743
:102AA00069FEAA6940B94FF4806339463046FFF7A2
:102AB00091FE00283FF440AF1A9A0023136018E7F4
:102AC0002B6A002B3FF439AF0F4836E703230493FA
:102AD0005DE7022304935AE7009108AB01222946DF
:102AE0005046FFF7A7FD00283FF4D5AE25E700BF0D
:102AF00000B00250ABAAAAAA020CF100310CF100FE
:102B0000300CF100350CF100320CF10010B4DDE9AD
:102B100001340194039C02940024039410BCFFF739
:102B20009BBE00BF10B586B005AB0124CDE90124E2
:102B30000093002204ABFFF78FFE06B010BD00BF6C
:102B4000F0B587B0002966D01E46002B63D014462E
:102B5000002A60D0314F0D4638684FF0FF31FFF743
:102B6000E5FC00284DD10020FFF710FD002844D1DE
:102B70002B4800F099FA0346D8B101204FF0FF35F9
:102B8000FFF704FD002834D126484FF40871FEF702
:102B9000D9FE25480421FEF7D5FE21482821FEF75D
:102BA000D1FE3868FFF7CAFC00282ED1284607B0AE
:102BB000F0BD1C4A029205AA019204AA0390009259
:102BC000174919481A46FFF7A1FF03460028D4D138
:102BD00028461D46059B04999C42224628BF1A465A
:102BE00032600831FFF786FC0120FFF7CFFC002898
:102BF000CAD00E48FEF78EFDC6E70D48FEF78AFDE7
:102C0000B6E70C48FEF786FDADE70B48FEF782FD00
:102C1000284607B0F0BD4FF0FF35C7E7D81A0020AF
:102C200070980020989800206C9800205CF30600B3
:102C30003CF3060024F30600B4F3060010B5044686
:102C400030B1002201236265A265E365236610BDF1
:102C50000148FEF75FFDF4E7CCF3060018B17422DB
:102C60000021FFF749BC704790B1A1B110B5802A8F
:102C70004FF00004846380F83C4006D110220463C6
:102C80001044FFF737FC204610BD6FF01F0010BD49
:102C90006FF0210070476FF01F00704728B322B318
:102CA0001BB3012921D870B50446816B86B017D0BB
:102CB000012917D1102500210DEB0506616310468F
:102CC0000095019602AA294600F0C2FA50B92B4697
:102CD000324602A9204600F043FD18B906B070BD87
:102CE0000029E7D06FF02100F8E76FF0210070476E
:102CF00010B5044628B12046F421BDE81040FFF786
:102D0000FDBB0448FEF706FD2046F421BDE8104057
:102D1000FFF7F4BBE0F3060010B1F421FEF712BE9A
:102D2000704700BF08B521B1012908D06FF0360007
:102D300008BD012100F058F80028F7D108BD022194
:102D400000F052F80028F9D0F0E700BF30B5054692
:102D50008818B0F5801FA1B00B46144601D8802A10
:102D60000CD9B3F5801F17D922461946284600F022
:102D70007DF8044684B9204621B030BD6846FFF78F
:102D8000B9FB22466946284600F070F880210446C7
:102D90006846FFF7B3FBEDE76FF03604EBE700BFE3
:102DA00070B5E8B10E46D9B1044600F031F80546D9
:102DB000B0B92368012B0BD0022B01D0284670BD7F
:102DC0001C2204F108013046FFF794FB284670BD31
:102DD000202204F108013046FFF78CFB284670BD25
:102DE0006FF03605EAE700BF78B138B504460D4606
:102DF000F021FFF783FB40232560E365204600F0C8
:102E00005BFA003818BF012038BD0120704700BFB1
:102E100070B5056EA4B0044604AEE5B901220023E6
:102E200062603046CDE9003302AA294600F010FA6C
:102E300010B1012024B070BD2A4602A9204600F03E
:102E400063FA0028F5D1204600F074FB0028F0D189
:102E5000206624B070BD802D2A4600F1640128BF91
:102E600080223046FFF746FB256ED7E7002800F0AA
:102E7000AE802DE9F04F1446A5B0002A3DD00F4694
:102E8000002949D0B2F5803F0546006E20D34FF6A9
:102E9000FF7805F1640AEB6D1A1AB2FBF3F103FB3C
:102EA0001122002A65D18342B9464FF6FF7672D0CF
:102EB000B6FBF3FB03FB0BFBBBF1000F30D1002E85
:102EC00045D1A4F57F44FF3CB4F5803F4744E2D2AE
:102ED000EA6D161AB6FBF2F302FB1366A64228BF90
:102EE0002646002E75D1824200F08D80B4FBF2F6AA
:102EF00002FB06F62EB9002C79D1002025B0BDE8E2
:102F0000F08F0023CDE9003302AA3146384600F0A5
:102F10009FF9002800F09580012025B0BDE8F08FD2
:102F20000023CDE9003302AA5946484600F090F943
:102F30000028F1D102A95A46284600F0E5F90028F8
:102F4000EAD1A6EB0B06286ED944002EB9D0193071
:102F5000494605EB80003246FFF7CCFAA4F57F44E2
:102F6000286EFF3C3044B4F5803F4744286692D237
:102F7000AEE7424528BF4246504439461646FFF761
:102F8000B9FA286EEB6D3044834207EB06092866D8
:102F9000A8EB06068CD1802B28BF80231A46514609
:102FA00004A8FFF7A7FA0023CDE9003302AAE96DD0
:102FB00004A800F04DF90028AED1EA6D02A9284618
:102FC00000F0A2F90028A7D1EB6D286670E7012078
:102FD000704705F16403394632461844FFF78AFA10
:102FE000286EEA6D3044A41B374428667BE72B6EBD
:102FF000193305EB830022463946FFF77BFA2B6E27
:1030000023442B6679E7802A28BF802205F16401DA
:1030100004A8FFF76FFA0023CDE9003304A8E96D97
:1030200002AA00F015F900287FF476AFEA6D02A934
:10303000284600F069F900287FF46EAFEA6D286633
:1030400054E702A93246284600F05EF900287FF4D2
:1030500063AF3744A41B4EE7F8B51C46054611483C
:103060000E461746FFF744FE21460E48FFF75AFE6C
:10307000044620B10B48FFF74FFE2046F8BD094833
:1030800032462946FFF762FE04460028F2D139464F
:103090000448FFF785FE04460248FFF73DFE204640
:1030A000F8BD00BFB89A002030B583B01C2301A939
:1030B0000546019300F032F8044638B9019B1C2BF9
:1030C00007D0144C1C212846FFF718FA204603B0FD
:1030D00030BDD5E90112131E18BF012300392A683B
:1030E00018BF01219B0043EA4103002A18BF43F0A7
:1030F0000103EA680120E8612AB9C5E90834002B18
:10310000E4D1054CDEE743F008032046C5E9083466
:1031100003B030BD370CF0000E0CF00018B111B147
:103120000B681C2B01D0012070474FF08053D3F85F
:10313000102C013214BFD3F8102C41F25C224FF056
:1031400080530260D3F8142C013214BFD3F8142C2E
:1031500041F664124FF080534260D3F8182C0132CC
:1031600014BFD3F8182C40F6D8624FF08053826019
:10317000D3F81C2C013214BFD3F81C2C41F2883236
:103180004FF08053C260D3F8002C013214BFD3F843
:10319000002C90224FF080530261D3F8042C0132AE
:1031A00014BFD3F8042C51224FF080534261D3F85E
:1031B000082C013214BFD3F8083C40F23733836146
:1031C0000020704708B501464FF48060FFF71EF9F4
:1031D000034B0022C3F8C821C3F82C2108BD00BF4F
:1031E00000B002500138072805D8DFE800F0100EC3
:1031F000040A0404040607487047CB684B620020A9
:1032000070478B684B62002070474B68F6E70B688D
:10321000F4E700BF310CF1000B6802E0082B0B60F3
:1032200006D8026A13424FEA4303F7D000207047E2
:1032300000487047310CF100044B0022C3F82C21E8
:103240004FF48060C3F8C421FFF7C6B800B0025045
:10325000F0B583B01D46B0F1005F4FF000038DF86C
:10326000073024D38C468444BCF1804F04461ED8DA
:1032700017460DF10703012200F064FE0646B0B9BF
:10328000099A9DF807303C603B7192B14DB10246FE
:1032900008990DF10703284600F054FE38B99DF84F
:1032A0000730099A30461560137103B0F0BD4FF432
:1032B0007506304603B0F0BDD8B108B50368012BE0
:1032C00004D0022B0FD043B10B4808BD0B4920227C
:1032D0000830FFF70FF9002008BD09491422083013
:1032E000FFF708F9F7E7074920220830FFF702F94E
:1032F000F1E74FF4730070470100F300F0F30600AC
:1033000030F4060010F406002DE9F843002900F01F
:10331000F9800446002800F0F980036890460F46C3
:10332000002B00F0C380013B012B00F2D7807948CD
:103330004FF0FF314FF00209FFF7F8F8002840F096
:10334000BF800020FFF722F90646002840F0C28027
:10335000714AD2F81C39002BFBD16F4DD5F8203CB7
:10336000002BFBD14FF0FF30FFF736F8D5F8040AF9
:1033700020F04000FFF73EF801230722C5F8183877
:10338000C5F80029C5F8C437A36CC5F8CC37E36C81
:10339000C5F8D037C5F8C09723685BB1013B012B56
:1033A00018D8636AC5F85C36236AC5F85836E369ED
:1033B000C5F85436584BA269C3F850266269C3F861
:1033C0004C262269C3F84826E268C3F84426A2685E
:1033D000C3F84026504AD2F81039002BFBD1B8F17F
:1033E000000F5FD06368012B08BFC2F884364A4BD8
:1033F0003A68C3F8282C4020C3F82C8CFFF700F85B
:103400000646454AD2F81039002BFBD1424AD2F881
:10341000203C002BFBD123685BB1013B012B18D86A
:10342000D2F85C366362D2F858362362D2F854364A
:10343000E361394BD3F85026A261D3F84C26626180
:10344000D3F848262261D3F84426E260D3F8403608
:10345000A360314AD2F8CC17A164D2F8D017E16446
:1034600000230121C2F8C417C2F88436C2F8C83755
:10347000D2F81039002BFBD1C2F81838002E3BD1FE
:10348000254BD3F8040A40F04000FEF7B3FF0120BB
:10349000FFF77CF860BB1F48FFF750F810BB3046C1
:1034A000BDE8F8830423C2F8C837AAE719484FF0EB
:1034B000FF314FF00109FFF739F800283FF441AF21
:1034C0001648FEF727F90020FFF760F806460028A7
:1034D0003FF43EAF1248FEF71DF939E7114E304672
:1034E000BDE8F8831048FEF715F93046BDE8F883CB
:1034F0000E48FEF70FF9CEE7102104F10800FEF7A1
:10350000FDFFBDE70A4E3046BDE8F8834FF4730671
:10351000C5E700BFE81A002000B0025024F30600FF
:103520003CF306000100F3007CF306005CF30600A8
:103530000300F30098B370B4D0E90241D0E904234A
:1035400026BA0DBA14BA19BAD0E9062312BAC0E9DC
:1035500004418261D0E90842C0E902651BBA25BA7C
:10356000C0E9073514BAD0E90B23816A12BA09BA47
:10357000C0E90941C262D0E90D421BBA25BAC0E9CF
:103580000C3514BAD0E91023C16B12BA09BA1BBAB0
:10359000C0E90E41C0E91023002070BC70474FF411
:1035A00073007047002847D090F83C30002B34D08F
:1035B000032B10B513D02248224C2268224B1268EC
:1035C000C3F8002422685268C3F804242268926871
:1035D000C3F808242268D268C3F80C2410BD016B1C
:1035E000006C184C00F0A8FB0028E6D12268164BAE
:1035F0001268C3F8002422685268C3F804242268C1
:103600009268C3F808242268D268C3F80C2400F03A
:10361000A1FB0028D1D1002010BD0B4B0269C3F8DB
:1036200000244269C3F804248269C3F80824C269EB
:10363000C3F80C24002070474FF47100704700BF9E
:103640000900F100D41A002000B00250374A38B502
:103650000446D2F81039002BFBD1344AD2F870342A
:10366000002BFBD1314AD2F8203D002BFBD12F4A51
:10367000D2F8203C002BFBD12C4AD2F8383D002B4D
:10368000FBD12A4DD5F8383C002BFBD14FF0FF3051
:10369000FEF7A2FE636BD5F8040A23F00403032BA4
:1036A000E36D39D0012B0CBF20F0800020F020000A
:1036B000FEF7A0FE1D4A0123C2F80039D2F81039E6
:1036C000002BFBD1194AD2F87034002BFBD11749DB
:1036D000C2F8BC34D1F81039002BFBD1134AD2F810
:1036E0007034002BFBD1626B22F00401032918BF58
:1036F000A36B0E494FEA820218BF03F0010302F0E8
:103700001C021A43C1F8C024636B072B04BF0123BA
:10371000C1F87C34002038BD012B0CBF20F04000E4
:1037200020F01000FEF766FEC4E700BF00B00250B4
:10373000094A0A4B11680968C3F8001411684968FE
:10374000C3F8041411688968C3F808141268D268B1
:10375000C3F80C24704700BFD41A002000B00250F8
:103760002DE9F04F85B0002900F0EC809046002A4A
:1037700000F0E8800546002800F029819946C36DD5
:103780000E46002B52D1B9F5805F54D295F83C30EB
:10379000042B00F0FF800027AD484FF0FF31FEF70B
:1037A000C5FE002840F0D5800020FEF7EFFE00287F
:1037B00040F0D880A7480123C0F81038D0F810494D
:1037C000002CFBD16B6B032B3ADC002B3BDAA24CB9
:1037D000A04AD2F81039002BFBD1002F40F0D18045
:1037E0006B6BEA6D23F00403032B9A4BD3F8040AA6
:1037F00000F09F80012A0CBF40F0800040F02000C4
:10380000FEF7F8FD934B0022C3F810280120FEF7C5
:10381000BDFE002840F0B1808D48FEF78FFE0028E5
:1038200040F0A480204605B0BDE8F08F012BADD15B
:10383000B9F5803FAAD3894C204605B0BDE8F08F8A
:10384000063B012BC3D8AB6B012B00F2BE80EB6DA6
:10385000012B7CD82B6E012B00F2E8802846FFF765
:10386000F5FE04460028B3D12846FFF79BFE044628
:103870000028ADD16B6B072BA9D801229A4012F01A
:103880008A0F40F0D58012F0440F40F0BA80D20782
:103890009DD523F00403032B32680DD02B6ED8F88E
:1038A0000010012B6B4B0BBFC3F8281DC3F8301D54
:1038B000C3F82C9DC3F8349DEB6D012B654B0BBFFA
:1038C000C3F8282CC3F8302CC3F82C9CC3F8349CC4
:1038D0006B6B23F00403032B00F0A2802B6E012BF3
:1038E00014BF20208020FEF78BFD044600287FF4C3
:1038F0006FAF584BD3F81049002CFBD1696B0729E7
:1039000014D801228A4012F08A0F40F0BB8012F0D6
:10391000440F0BD0D3F860242A60D3F864246A6083
:10392000D3F86824AA60D3F86C34EB600123AB654C
:103930004EE7012A0CBF40F0400040F01000FEF7B7
:1039400059FD5FE7464C204605B0BDE8F08F454C79
:103950003EE74548FDF7DEFE0020FEF717FE002893
:103960003FF428AF4148FDF7D5FE23E74048FDF777
:10397000D1FE204605B0BDE8F08F3E48FDF7CAFEF7
:103980004AE7042385F83C30202105F11000FEF7BA
:10399000B5FD25E7296B286C00F0C0F998B9364FC2
:1039A0002C4C3B681B68C4F800343B685B68C4F867
:1039B00004343B689B68C4F808343B68DB68C4F88F
:1039C0000C34296B31B10127E6E62C4C00E74FF4AB
:1039D000710427E72B6D0193EB6C009305F1100A3E
:1039E0004FF0100BCDF808A0CDF80CB0D5E911239D
:1039F000286C00F0B9F9002851D1002385F83C303B
:103A0000E1E7144B2A68C3F860246A68C3F86424A9
:103A1000AA68C3F86824EA68C3F86C246B6B38E7BB
:103A2000EB6D012B14BF102040205CE7144CCFE657
:103A3000084B2A68C3F840246A68C3F84424AA687B
:103A4000C3F84824EA68C3F84C246B6B21E700BF35
:103A5000E81A002000B002500100F1000500F1005A
:103A60000B00F1000300F10024F306003CF3060014
:103A70007CF306005CF30600D41A00200200F1007B
:103A80000400F100D3F840242A60D3F844246A608B
:103A9000D3F84824AA60D3F84C34EB6046E73B687F
:103AA0001B68C4F800343B685B68C4F804343B68A6
:103AB0009B68C4F808343B68DB68C4F80C3459468A
:103AC0005046FEF71BFD98E72DE9F04109B302B31C
:103AD0000446002800F0AF801D46436B072B0E46BE
:103AE0001BD05DB9032B10D1836D73B900F1640352
:103AF00045668566C56605670B6010252B46314611
:103B00002046BDE8F041FFF72BBE2F463846BDE802
:103B1000F081764F3846BDE8F081C36D002B40F050
:103B20008D80B5F5805F80F090801DB9A36D002B6E
:103B300040F08B806E484FF0FF31FEF7F7FC002815
:103B400040F08F800020FEF721FD002840F08580A6
:103B5000684A0123C2F81038D2F81039002BFBD183
:103B6000636B032B4FDD063B012B4ED8A36B012B60
:103B70006DD8E36D012B78D8236E012B77D82046C2
:103B8000FFF764FD0746002840D12046FFF70AFDF5
:103B9000074600283AD1626B072A36D801239340A2
:103BA00013F08A0F40F0818013F0440F6FD1DB07D0
:103BB0002BD5504B0122C3F87C24C3F8BC54316888
:103BC000002D56D1A16D09B9C3F82425494BD3F86E
:103BD0001079002FFBD1616B072917D801228A4089
:103BE00012F08A0F6FD112F0440F0FD0D3F8602477
:103BF0002260D3F864246260D3F86824A260D3F80A
:103C00006C34E36002E0002BB0DA3B4F394AD2F863
:103C10001039002BFBD1C2F810380120FEF7B6FC9A
:103C2000B8B93348FEF78AFC00283FF46FAF334839
:103C3000FDF770FD6AE74FF4710767E7012B7FF42A
:103C400074AFB5F5803FFFF470AF2D4F5EE72D4F99
:103C5000DCE72D48FDF75EFDE3E72C48FDF75AFD54
:103C600076E72B48FDF756FD6CE72A4FCEE72A4F43
:103C7000CCE7E26D012A33D0C3F8301C1020C3F822
:103C8000345CFEF7BDFB074600289FD0BEE7194B0A
:103C90002268C3F860246268C3F86424A268C3F889
:103CA0006824E268C3F86C2483E7124B2268C3F8E7
:103CB00040246268C3F84424A268C3F84824E26838
:103CC000C3F84C2475E7D3F840242260D3F8442489
:103CD0006260D3F84824A260D3F84C34E36095E7DF
:103CE000C3F8281C4020C3F82C5CCAE70B00F10085
:103CF000E81A002000B002500100F1007CF3060039
:103D00000500F1000200F1005CF306003CF3060040
:103D100024F306000300F1000400F10029B9044B6C
:103D2000002814BF1846002070470248704700BFA3
:103D30000100F7000300F70029B9044B002814BF65
:103D40001846002070470248704700BF0100F70086
:103D50000300F700034B00200122C3F8380AC3F820
:103D60007824704700B002502DE9F047CCB0002411
:103D7000579DDDF8588182468946164621467422B1
:103D80000EA81F4609F0FDFA802221462CA82B948C
:103D900009F0F7FA8423B5F57F6FCDE90A44CDE940
:103DA0000C44059363D8FFF7C3FC05AB30462BAE3C
:103DB00001930295DDE954233946009600F062F83C
:103DC00000284FD103238DF813309DF813308DF860
:103DD0007430072300221C9010210EA81B9301248D
:103DE0000123CDE92423CDF86890CDF878A026945E
:103DF0000DF12009FEF782FB102200920599CDF803
:103E000004900AAB304606AAFFF722FA074670B1C3
:103E10001DE00EA908EB0700FEF76CFB10210EA8B1
:103E2000FEF76CFB0134AD1B3744E4B224D0102DF7
:103E30004A46059B8DF8AC4006A90EA82E4628BF21
:103E40001026FFF741FE32460028E2D007460EA8B2
:103E500074220021FEF750FBFFF76AFC38464CB095
:103E6000BDE8F087054F38464CB0BDE8F087044FF9
:103E700038464CB0BDE8F0872F46E8E70E00F10069
:103E80000F00F1002DE9F04182B01E460A9D00238B
:103E9000B5F57F6F01933ED8ED00B5F5807F1746ED
:103EA00001F1FF3234BF032304233F2A0C46009361
:103EB00031D880B366BB089A6AB3099A116851B3C6
:103EC000A2191344994226D3089B01462246581C46
:103ED000FEF710FB089B04F102081C4400236370EA
:103EE00026BB089B0095FF2D03EB080017D92B027A
:103EF0009BB243EA1523022201A90193FEF7FAFAC5
:103F000008F10203099A0020136002B0BDE8F081B5
:103F10000FB1402ECFD90A4802B0BDE8F08101228E
:103F20006946FEF7E7FA08F10103EBE7089B324622
:103F300003EB08003946FEF7DDFAB044D1E700BFD5
:103F40000600008000201870704700BF0CB430B528
:103F500089B005460C461C22002101A809F011FA7F
:103F600002238DF806300E4B0293059523462CB1A3
:103F7000B4F1004F28BF4FF00043013B1D440DAA90
:103F80000C99069501A8009200F084F914B1059BE4
:103F900000221A7009B0BDE8304002B0704700BF7F
:103FA0000FD50600242A2DE9F041044601D8012A44
:103FB0004CD109F0B5FA354B16221A5001B10C60FC
:103FC00000273846BDE8F08135462E4616F8010B2D
:103FD0002028F9D0A0F10907042F0346F4D92B2893
:103FE00036D02D2837D14FF0010C6B78AE1C302B1A
:103FF00038D1307840F0200078282FD132F01000EE
:104000002CD173783446102202360CF1004001386E
:104010000027B0FBF2FE02FB1E08392B82BF03F122
:10402000FF3343F02003263B303B9A421ED97745AD
:1040300002DC03D1984501D24CF0020C354607FB57
:10404000023715F8013B34462E46E6E70546BCE745
:104050004FF0000CC9E74FF0000CC8E7002A08BF7A
:104060000822D2E7002A08BF0A22CEE701B10C607D
:104070001CF0010F18BF7F421CF0020FA1D00746B1
:1040800009F04EFA014B22221A509AE70C00000068
:10409000242AF0B5044601D8012A40D109F040FA9B
:1040A0002D4B16221A5001B10C600020F0BD2F4696
:1040B0003D4615F8010B2028F9D0A0F10906042E81
:1040C0000346F4D92B282CD02D282CD101267B781F
:1040D000BD1C302B2DD1287840F02000782824D129
:1040E00032F0100021D16B782C46102202350020CE
:1040F000392B82BF03F1FF3343F02003263B303BD3
:104100009A421AD9A0FB02040CB9C01801D346F098
:1041100002062F462C4617F8013B3D46E8E70746C6
:10412000C6E70026D3E70026D3E7002A08BF082207
:10413000DDE7002A08BF0A22D9E701B10C60F207C7
:1041400048BF4042B307B1D509F0EAF9024B222239
:104150001A504FF0FF30A9E70C0000002DE9F041A4
:1041600001260746B24201DCBDE8F0813B461F460E
:1041700013F8014B002CF7D0252CF8D11C78252CF6
:1041800007F10207F2D00023DFF804819C461D46A8
:104190001F2D18D8A4F1200EBEF1100F09D9A4F1DB
:1041A000300EBEF1090F1ED80A2404FB03E32025BC
:1041B00004E028FA0EFE1EF0010F06D017F8014B9E
:1041C000002CE5D128E07F2D1CD8A4F1300EBEF1E3
:1041D000090FE9D9242C10D1BCF1000F46D0B3420D
:1041E00046D00023EAE724F0040EBEF12A0FF8D0EF
:1041F0006C2C09D145F08005E0E724F0040EBEF1F7
:104200002A0FEED06C2C22D06C2C1BD8682C23D01B
:104210006A2C28D04C2C26D0BCF1000FA4D0B44579
:10422000A0D144F02007A7F1650CBCF1020F0B6888
:1042300001D9612F1ED1073323F0070308330B6028
:1042400001368EE7742CB9D07A2CB7D0E4E72C066F
:1042500048BF45F40075CDE7EC0548BF45F400754F
:1042600045F48075AAE745F42075A7E79C46B8E7B2
:104270006324D6E7692C02D007D8632C03D02F061D
:1042800001D5AC05D7D40433D9E7732CF6E700BFCA
:10429000892801002DE9F04F95B043680393837896
:1042A00080469807CDE9081217D50D920B460025D8
:1042B0001F78A7B1252F16D001330793039B4146E2
:1042C00038469847002805F1010580F2558498F892
:1042D000023043F0040388F802304FF0FF352846DF
:1042E00015B0BDE8F08F5F789A1C252F0792E5D0B6
:1042F00000242646A246A346BBF11F0F32D8A7F1E1
:104300002003102B0AD8DFE803F02409092A090941
:10431000091B09090922092709091900A7F1300316
:10432000092B2DD92A2F39D154B90D9B1BF0400FE1
:1043300053F8042B0D9329D0164601E04BF0010BE6
:10434000079B13F8017B0793002FD5D15BE04BF05F
:10435000020B4BF0040BF3E74BF0080BF0E74BF0CC
:10436000100BEDE7BBF17F0F3FD8A7F13003092B0E
:10437000D8D81BF0400F03D00A2202FB0636DFE735
:104380000A2202FB0A3A4BF0200BD9E7B2F1000AED
:10439000F9DACAF1000A4BF0280BD1E72E2F05D12C
:1043A0001BF0400F9BD14BF0400BC9E7242F1CD1D1
:1043B000002C00F04481099B0D931BF0400F0AD1A3
:1043C000524608980DA9FFF7C9FE0D9B1A1DD3F898
:1043D00000A00D92B4E7324608980DA9FFF7BEFE83
:1043E0000D9B1A1D1E680D92AAE76C2F00F0148118
:1043F00000F20B81682F00F017816A2F00F01C81FA
:104400004C2F00F0198134B1099B08980D93224676
:104410000DA9FFF7A3FE002E47F02003B8BF2BF035
:10442000400B0593A3F16503BCBF1FFA8BFB00266D
:10443000022B40F2098147F02003612B40F0848277
:10444000FF4307F0200306930D9B073323F0070378
:104450001BF0400FD3E9000103F10802069B009313
:104460000D9214BF33464FF0FF330EAA08F091FFB0
:10447000431CDBB24BF4C0540493DDF83890702336
:104480000646A3460127059309F10903122B0CD90F
:1044900009F16303C62B40F2138109F2E73340F2BE
:1044A000CE72934294BF032704279DF83C2002F06C
:1044B0000C0312F0010240F01E811BF0020F40F0CD
:1044C00017811BF0040400F0FD80002B40F01681E2
:1044D00020231BF4405F21D1049A5032002E6A44FD
:1044E00008BF0126133A049921B112F8011D3029A1
:1044F00000F03B811BF0100F049A18BF324619F1EF
:10450000040FC0F23781B14580F234814A454BF443
:10451000005B40F3318109F10106961B1BF4005248
:104520000A9200F02B8129EAE974013403B10134C5
:10453000002E00F02A81721C1444A245CCBFAAEBC5
:10454000040400241BF0090F04D12C44A54240F0C0
:104550002181002443B118464146039B9847002817
:1045600005F10105FFF6B3AE1BF4006F13D0039BFA
:104570004146302098470028FFF6A9AE069BC3F1BC
:1045800078004146039B00F0F8009847002805F1A9
:104590000205FFF69CAE1BF0080F05D12C44AC427F
:1045A00040F00481254600240A9B002B00F02E8158
:1045B00029EAE97AA9EB0A027642049B0592934222
:1045C00084BF0EABD3180AF1FF3A8CBF5879302064
:1045D000564505F1010700F3F380039B41469847D8
:1045E000059A002802F10102FFF671AEBAF1FF3F11
:1045F00009D1039B059241462E2098470028FFF6DB
:1046000066AE059AAF1C3D46D7E7742F3FF498AECF
:104610007A2F3FF495AEF6E61BF0800F18BF4BF4EF
:10462000007B4BF0800B8BE61BF4807F18BF4BF4B4
:10463000007B4BF4807B83E64BF4207B80E62646B0
:10464000B3465446B2467BE6FF4307F02003069389
:104650000D9B073323F0070303F10802D3E90001A0
:10466000059B0D921BF0400F08BF0626652B13D14A
:10467000731C0022DBB24BF4805B1446112BCDE996
:10468000002428BF11230EAA00F014FBC3B2DDF8EA
:10469000389004930227F7E6059B662B05D14BF46F
:1046A000005B344601221123E8E7F3B2012B4FF0FF
:1046B00000024FF0650738BF012314460597DDE778
:1046C0000227F2E6002B3FF404AFBAF1030F3BDC04
:1046D0009DF83C309A4E13F0080F9A4B08BF1E46C7
:1046E000B1464F4619F8010BB0BBAE1B374488E00A
:1046F00033BB2B23EDE62BBB2D23EAE62022BAF1B8
:10470000040F13DD1BF0080FAAF104040FD12C4491
:10471000039B0492414620209847002805F101059B
:10472000FFF6D5ADA542049AF2D19AB10024039BBD
:10473000414610469847002805F10105C8DAC6E54C
:104740002B22DCE72D22DAE71BF0080FAAF1030485
:10475000BED1DCE71446BBE7069BC01A4146039B6B
:10476000C0B298470028BCDAB1E504990139C9B252
:104770000491B8E6561ED1E60026CFE61BF4006F82
:104780000CBF032405243C44D0E61BF0100F18BFD7
:104790000134D2E60B934146039B20209847002822
:1047A0000B9B05F10105BFF6D1AE90E5039B414699
:1047B00030209847002805F10105BFF6F0AE86E5E8
:1047C000D1450AD19DF83D30352B1DD805D19DF836
:1047D0003C3013F0100F08BF3120039B414698472F
:1047E0000028FFF674AD1BF0100F0AD0BAF1FF3F9E
:1047F00007D1AF1C41462E20039B98470028FFF6A7
:1048000066AD3D463C443DE23120E6E79DF83D0083
:1048100031281EBF9DF83C3023F010038DF83C304A
:104820004146039B98470028FFF651AD002E6BDDF3
:10483000039B41462E2098470028FFF648AD4FF0D5
:10484000010A049B9A45BBBF0EAB534430205879F4
:10485000039B414698470028D346FFF638AD0AF13E
:10486000010A5645EDDA02355D44DDE90532981A54
:104870004146039BC0B298470028FFF628ADB9F126
:10488000000F04DB4ED19DF83C30DB064AD5C9F160
:1048900000092D20039B414698470028FFF617ADDD
:1048A000042F41D14FF47A7799FBF7F606F13000E7
:1048B000039B4146C0B29847002805F10305FFF667
:1048C00006AD07FB1699642799FBF7F606F1300051
:1048D000039B4146C0B29847002805F10105FFF649
:1048E000F6AC07FB16990A2799FBF7F606F130009C
:1048F000039B4146C0B29847002805F10105FFF629
:10490000E6AC07FB169915E01BF0100F01D101353D
:10491000ABE7039B41462E209847002805F102058E
:10492000A3DAD4E42B20B5E7032F05F10205CAD0A2
:10493000012FD8D109F130006F1C4146C0B25BE7AE
:10494000D9420700DD040700A7F16303122B00F230
:10495000FB80DFE813F013005300F900F900F900C1
:10496000F9005300F900F900F900F900F900140109
:10497000F400F900F9002800F900B5000D9B1A1D9C
:104980001B680D928DF8383001240EAF1BF0080F14
:104990002AD007EB04093E464E4527D1EF1B37448A
:1049A000AAEB04042DE70D9B1A1D0D921F68AB4B5B
:1049B000002F08BF1F461BF0400F14BF31464FF0B9
:1049C000FF31384608F08CFB0446DFE7039B414685
:1049D000202098470028FFF67AAC013EB442F5D378
:1049E0005544AD1BB246D4E75646F7E716F8010B1F
:1049F000039B414698470028CEDA68E41BF0800FFD
:104A00000D9B35D01BF4007F2DD0073323F0070317
:104A1000D3E9000103F108020D922BF010090029DF
:104A20001FFA89F936DA404261EB410149F48069A5
:104A30000DF1380B0A235A4608F05EFB19F0400FBF
:104A4000A0EB0B0B65D029F001025E4592B240F35A
:104A5000B380002F00F0AA8019F01003344691466D
:104A600026D002345CE01A1D18680D92C117D4E7F5
:104A70001A1D1BF4807F19680D9201D10846F5E7D5
:104A80001BF4007F15BF48B208B241F3C01141F3D7
:104A9000C031C2E750EA0103CAD11BF0400FC7D0B2
:104AA000002EC5D12BF0110B1FFA8BF93446B346FB
:104AB00040F2064319EA03031CBF013400232FE030
:104AC0002BF0100B1FFA8BFB0A231BF080040D9AAE
:104AD00058D01BF400711DBF073222F0070202F10B
:104AE0000801101D19BF0D91D2E900010D90106849
:104AF00050EA010253D12BF016091BF0400F1FFAA8
:104B000089F950D0002E4ED12BF0170B1FFA8BF9DC
:104B1000B34619F0100353D0002F4FD10BF101040D
:104B200019F0080F5FD119F0010F06D0A2456EDD14
:104B3000AAEB040404EB0B06544622464EE04BF06D
:104B4000100B10237827C0E747F02003782B04D1FF
:104B5000C7F1780343F01003B7E7039B41462520D4
:104B600098470028FFF6B3AB039B41463846984769
:104B70000028FFF6ACAB0235079BFFF799BB082373
:104B80000027A2E7111D0D911BF480711068AFD0B2
:104B90001BF400711ABFC0B2214680B2A8E72BF007
:104BA000060B1FFA8BF90DF1380B44E729F01109B8
:104BB0001FFA89F934467BE79146AAE75C4650E73D
:104BC0005C4675E7CDE904234146039B20209847C6
:104BD0000028FFF67CAB049A059B01329245F1DC7C
:104BE0002C1BA5181446EBB1039B41463020984777
:104BF0000028FFF66CAB67B901352F462E44F31B36
:104C00005B4521DC5D460EAE55BB5F44C8E65E46A3
:104C100093E7023541463846039B98470028ECDA73
:104C2000FFF755BB40F2064319EA030FE5D019F030
:104C3000020F14BF2B20202019F4806F05F101050D
:104C4000414618BF2D20E7E7039B41463020984797
:104C5000002807F10107D2DAFFF739BBDD42070070
:104C6000013D039B705D414698470028CCDAFFF771
:104C70002EBB039B414620209847002805F10105E3
:104C8000FFF625AB631B002BF3DC75E71FB502AB0A
:104C90000093074A4FF0CC3308F011FBDDE9020125
:104CA000C00840EA4170C90805B05DF804FB00BFC8
:104CB000CDCCCCCC2DE9F04F9BB0044605920A46F2
:104CC0000A93C2F30A559DF890300B93D20FC1F3AB
:104CD00013030992090D7DB950EA03021BD1059A0D
:104CE00030235371099B156043F0020313710127B0
:104CF00038461BB0BDE8F08F40F2FF7295424AD1B2
:104D00000343099B059A14BF43F0080343F00403CF
:104D100013710027ECE700F0010208924FEA8308C4
:104D20000122AC4D48EA907887009A461646C5F1B4
:104D3000000B5846069200F011FAB5F1FF3FACBFE8
:104D40008146A0F10109ABEB090B09EB05035846BD
:104D5000049300F009FA16A9A0F17D05584600F069
:104D600023FA12AB069A0193A9EB050510AB029248
:104D7000009320462B4616AA514608F0E5F9B9F1F2
:104D8000010F04460D4600F2D280089B002B40F034
:104D9000C58001276BE043F4801A00F001024FEA5E
:104DA0008A080343A5F23545089248EA90784FEA0D
:104DB000800749D140F2FE7319420CBF012600263C
:104DC000002D3246B3DB284600F0C2F9032DC8BFE0
:104DD0000138049000F0C8F9049B7C305D1B054449
:104DE00016A9184600F054FA12AB019310AB0093C9
:104DF00020462B46029616AA514608F0A5F9049BB8
:104E0000152B04460D4600F2868014AB724A0093BF
:104E100038464FF0CC33414608F051FA149B159AAE
:104E20009B0843EA827303EB8303BB42DDE9109ADC
:104E30000CD13846414600F09FF9049B83428CBF59
:104E400000270127002612E00126B9E7089B002B66
:104E500051D1013F48F1FF31B81B61F1000100F071
:104E60008BF9049B089F83428CBF002601260B9B75
:104E7000002B40F09080DDF828B04FF00008CDE91D
:104E800006884FF00A0ADDE91001FFF7FFFE129BCA
:104E90000E93CDE90C0118461399FFF7F7FE0C9B12
:104EA0000D9A0F9198420B469341814680F08D8078
:104EB00020462946FFF7EAFE0E9A0AFB09F39342C1
:104EC00014BF002606F001060C9B10930D9BCDE944
:104ED00011390F9B1393079BB8F1000F14BF0027E4
:104EE00007F0010701330AFB10485FFA88F80793BF
:104EF00004460D46C7E7B81C48F1000100F03CF934
:104F0000049B83428CBF00200120B9EB00006AF1B2
:104F10000002CDE9100200273E46A8E7109B119A37
:104F2000013B42F1FF32CDE9103201278AE7B9F1A6
:104F30003E0FF0D84FF0FF33A9F1200003FA09F239
:104F400003FA00F0C9F1200123FA01F102430A43F8
:104F500003FA09F327EA030728EA020857EA0807D1
:104F60000CBF012700276DE700FB02FCA1FB00122C
:104F7000013362448C4275EB020CF5D2049ADDF8E1
:104F800028B01344259A1344012BB8BF01239B4535
:104F9000A8BF9B4671E70A21002201230846E9E7E2
:104FA0000AFB03F0A2FB0A2301310344944275EB90
:104FB0000300F5D2594511DDBBF1000F02D154EACF
:104FC00005030BD00123069372E70A220023012177
:104FD000ECE700BFCCFBFFFFCDCCCCCC002E2FD01C
:104FE0004FF00A0A129B13990D931846FFF74EFED5
:104FF0000D9B0C910AFB00F29A42814620D1DDE91B
:105000001001FFF743FE0E900D9120462946FFF751
:105010003DFE0D9B0E9A1092CDE911390C9B139316
:10502000079BB8F1000F14BF002707F001070133F9
:105030000AFB10485FFA88F8079304460D46D1E74B
:10504000DDF81090079B9944002F59D0B8F1050F57
:1050500056D114F0010349D1069A32B9DDE9122381
:105060009D4208BF94425ED0069B18194FF00A0477
:1050700045F10001002201262546A04271EB0207FE
:1050800054D2E3B1B3451ADA0B9B63B1259ADDF82C
:1050900028B006EB0903134423EAE3739B45A8BF3A
:1050A0009B465E450BDD05304FF00A024FF00003D2
:1050B00041F10001C2F792FC09F10109013E5E4590
:1050C000A8BF5E4637B20FFA89F9059B09FA86F642
:1050D00007F10508013E98444FF00009B9452CDB63
:1050E000059B1A461E60099B137101E6069B2BB9AE
:1050F000DDE912239D4208BF944209D00123B4E7A1
:10510000069B53B9DDE912239D4208BF944204D1A6
:10511000089B002BF2D1002EF0D0B8F1040F94BF01
:1051200000230123A1E74FF00408F1E705FB02F794
:10513000A4FB054201363A449FE70A220023C2F746
:105140004DFC303208F8012D09F10109C6E700BF16
:10515000014B5843800C704741340100014B5843C8
:10516000000D7047FB2E0B00024B5843C00C013062
:10517000704700BF4F9312000A4A70B503464FF0C4
:10518000CC3600204FF0333506FB03F402FB01441C
:10519000A3FB023121449D4275EB010401D3013090
:1051A000F2E770BDCDCCCCCC2DE9F04F1A23354EB3
:1051B000B0FBF3FA03FB1A0389B004460D4606EB75
:1051C0000A1653B9D6E90023C1E90023D6E9020142
:1051D000C5E9020109B0BDE8F08F2B4A02EBC30319
:1051E000D3E9008904AB0093D6E90223404649463F
:1051F00008F065F806AB0093D6E9002383460F4616
:105200004046494608F05BF8DDE9066216EB0B06FE
:1052100052EB07084FF0000328BF0123814633B14A
:10522000049B059A013342F10002CDE90432204685
:105230000391FFF799FF07461A2000FB0AF0FFF7DA
:1052400093FF3F1A3246434603990097484608F0B9
:1052500051F84FEA141C0D4A640004F01E0352F882
:105260002C40DC4004F00304241841F10001C5E99E
:105270000041DDE9042300973046414608F03AF842
:10528000A6E700BF28E4060058E3060044F4060041
:105290002DE9F04F1A27DFF8E4A000F11905B5FB5E
:1052A000F7F56F433A1A4FEA051B89B004460E46DC
:1052B0000AEB05150AD1D5E90023C1E90023D5E998
:1052C0000201C6E9020109B0BDE8F08F2C4B03EBE7
:1052D000C203D3E9008904AB0093D5E90223404619
:1052E000494607F0ECFF5AF80B206B68013ACDE90C
:1052F000020106A963F1000300914046494607F008
:10530000DEFFDDE906528A4602996D18039952EBD9
:1053100001084FF0000328BF0123814633B1049BED
:10532000059A013342F10002CDE904323846FFF715
:105330001BFF07462046FFF717FF3F1A2A46434642
:1053400000974846514607F0D5FF4FEA141C0D4A16
:10535000640004F01E0352F82C40DC4004F0030407
:105360000134241841F10001C6E90041DDE90423BC
:1053700000972846414607F0BDFFA2E7F8E4060083
:1053800058E3060098F4060070474379014623B1BC
:1053900051F8060B83681B6818476FF0850070474B
:1053A00001F0F7B901F0ECB907F00FB801F0F1B96D
:1053B00001F0E6B930B404698568012303FA01F20B
:1053C000236823EA020323602B684FF4803230BC49
:1053D000184701F0D5B901F0DCB9704710B50224C7
:1053E0008C5204688C508B1844685C6082689A60A8
:1053F000C268DA6002691A61027D1A75427D5A75C7
:10540000C28ADA8210BD00EBC100408840087047B4
:10541000F8B50346FFF7F7FFB0FA80F0C0F11F00C0
:1054200003EB800CCA00DCF81060171D0C46063236
:105430008DB256B9012101FA00F0D9680143D96053
:10544000CCF81040DD539D52F8BDF1000431585A9C
:10545000D85303EBC0009E52C5805D52F4E710B5EF
:1054600000EBC104E388994202F104010AD101234F
:1054700003FA02F2C36823EA0203C360002340F880
:10548000213010BDA28840F8213000EBC20100EBB2
:10549000C300CB808280F4E708B50346FFF7B3FF73
:1054A000B0FA80F2C2F11F021846BDE80840FFF7CB
:1054B000D6BF2DE9F843B1FA81F5C5F11F0900EB1C
:1054C00089080346D8F810200E46C2B10327D8F841
:1054D000104018462146FFF796FFB04206D34A46D1
:1054E0001846FFF7BCFF2046BDE8F88303EBC40471
:1054F000013FE088C8F8100001D08242E7D1C5F131
:1055000020024FF0FF349440DA681440EBD094FA54
:10551000A4F2B2FA82F2111D53F821402146DFE7CE
:1055200038B50346FFF76FFF0D460446114618468F
:10553000FFF769FF03EBC505044460006880184667
:10554000FFF761FF014423F8314038BD38B5034609
:10555000FFF759FF0C46A51A511A03EBC404054482
:105560004800608003EBC2006C00448023F83210D6
:1055700018461146FFF747FF014423F8315038BD64
:1055800038B50546FFF73FFF0C46014405EBC10364
:105590005B88DA070AD42846FFF77EFF21462846B3
:1055A000FFF731FF22182846FFF7BAFF35F834100D
:1055B000611A05EBC1035B88DB070CD42846FFF7B3
:1055C0006BFF35F834102246611A2846FFF7A8FF12
:1055D00035F83430E41A21462846BDE83840FFF754
:1055E00017BF61B100680439091A21F007030344A9
:1055F000C9085A8822F001025A80FFF7C1BF7047DC
:1056000070B5056809B9002070BDAB68B3EBD10F68
:10561000F9D90B31CC0821462846FFF74AFF064648
:105620000028F0D001462846FFF7EDFEA04207D93A
:1056300032192846FFF78AFF11462846FFF7E8FE91
:1056400005EBC6021046538843F001035380043033
:10565000DAE72DE9F84301F1FF3919EA0109066893
:105660000F4614460CD04B420B40042B1A464F46B3
:1056700028BF0422994664B900252846BDE8F8836E
:10568000042904D8BDE8F8431146FFF7B9BF042246
:10569000F1E7B368B3EBD40FEED904F10B01394451
:1056A000891AC9083046FFF704FF80460028E3D076
:1056B00009F1040505EBC0057B1E35441D44B5FB0F
:1056C000F7F57D43A5EB09052C442B1F07349B1BE5
:1056D00024F00704A41BB0EBD30F4FEAD3074FEA23
:1056E000E40408D201463A463046FFF72FFF414610
:1056F0003046FFF78DFE39463046FFF784FE3844CA
:10570000844207D230462246FFF720FF214630462A
:10571000FFF77EFE06EBC706738843F00103738034
:10572000ABE7043A2DE9F041CC1D114424F0070405
:1057300021F007010E1BF708B7FA87F2C2F1240522
:10574000AD004FF000080735C2F12002ED080460FB
:105750004146A760C4F80C80920004F1100007F0E5
:1057600010FE6B0043F00103638004EBC5027B1B5A
:105770005900A4F800805180A21924F83550A2F8ED
:105780000280A35304EBC70329465A8842F0010262
:105790005A802046BDE8F041FFF73ABE2DE9F047B8
:1057A00006460D46174698462BB398F8004093F8E6
:1057B0000190DB78A40004EB430498F802301C4409
:1057C00044444FF0000ACA4509D3D8F8042008F130
:1057D000080339463046AC46BDE8F047604714F848
:1057E000013B48F823402046DFF721FD0130044407
:1057F0000AF1010AE7E76FF01500BDE8F08770B520
:10580000002502462846144614F8013B0BB91846F9
:1058100009E098B18D4207D1702B04D0A3F140026A
:105820003A2A0BD8002070BDA3F140063A2E05D8C5
:1058300053780135941C002BE9D00020252B08BF9C
:1058400080F001002246DEE70020704700F01FBF15
:105850000FB407B504A951F8040B019100F017FF2C
:1058600003B05DF804EB04B070470FB407B504A9AA
:1058700051F8040B0191FFF7E9FF03B05DF804EB69
:1058800004B0704710B50369024613F0080009D14F
:105890001368D4689C4297BF126AE31AD31A012096
:1058A0000B6010BD00231846FAE713B501A90446A2
:1058B000FFF7E8FF20B1019BE268013B134401932D
:1058C000206A019BC01A013802B010BD10B5044611
:1058D00050182269236AD20702D5013B184010BD37
:1058E000984228BFC01AFAE710B504460A46C168B4
:1058F000FFF7ECFF2369E06023F00803236110BD8C
:1059000038B50D46C2698B00016843F0020342F8C6
:105910002130044601682A46FFF7D8FFE368616832
:105920002060984202BF236943F0080323612A469E
:105930002046FFF7CBFF606038BD2DE9F74FC76801
:10594000C6699B4616F8273003F00303022B044672
:105950008846914606EB870A4FF0000309D0136092
:10596000CBF800302369990710D4002003B0BDE8BC
:10597000F08F56F8271013608908CBF80030F1D06B
:10598000FFF7B2FFE368A3600120EFE7A369504689
:10599000984716F82730DA070546E6D513F00203D4
:1059A0001DD0B8F1000F03D041462046FFF7A8FFF5
:1059B00061682A462046FFF789FFD4E902319942FF
:1059C000606004D12A462046FFF780FFA060A368EC
:1059D0002360E360236943F008032361D4E70146B1
:1059E00020460193FFF780FFE268A260B8F1000F44
:1059F00004D02168E269019B42F8213005EB0802DE
:105A0000CBF8002021682046FFF760FF2369206063
:105A100043F00803236116F827306FF3000306F8FC
:105A20002730C9F800A0AFE770B504461546FFF768
:105A30004DFF2368834205D12369216023F00803C9
:105A4000236170BDE269AB0043F0020342F82130EC
:105A5000204661682A46FFF739FF6060F1E738B5F4
:105A600003695B07044606D5456AFFF71EFF8542BA
:105A70002CBF6562606238BD38B50D4604461C22F5
:105A8000002107F07EFCEB68A361AB6863612B68C3
:105A9000E3616B682362002262622A6923B1591EA6
:105AA000194208BF42F001022261012204F12800DC
:105AB0000021BDE8384006F015BE2DE9F04F87B053
:105AC00000250093036A03958B4204460E469246D6
:105AD0000595A94639D3EFF3118B402383F3128840
:105AE000BFF36F8F059AD8462AB129462046FFF7A3
:105AF0009BFF0023059304A92046FFF7C3FE0499EA
:105B0000B14207462AD32268E36913F8221021F034
:105B1000030103F8221003EB820921683246204674
:105B2000FFF7D4FEE3682060984212D0002788F384
:105B30001188BFF36F8F039929B162690AB12046BA
:105B4000904700230393002FC5D1484607B0BDE816
:105B5000F08F236943F008032361E7E718B120467B
:105B6000FFF7CEFEE3E7009B5AEA030319D0019149
:105B700006F028FF0199A0B98BF31188BFF36F8F4E
:105B8000009B524604F12800FAF7E4F8EFF311887D
:105B9000402383F31288BFF36F8FB0FA80F77F0939
:105BA000C5E705AB03AA20462568FFF7C6FE0746F2
:105BB000BDE770B50446836908460D46984702461E
:105BC000EFF31186402383F31288BFF36F8F2B7896
:105BD00043F001032B7061682046FFF777FE606099
:105BE0002046FFF73CFF86F31188BFF36F8F70BD2F
:105BF0002DE9F04104464027EFF3118687F3128820
:105C0000BFF36F8F236913F0080FA36802D1626896
:105C1000934200D9226AE169D21A32B986F3118817
:105C2000BFF36F8F4FF0000833E011F8232012F01C
:105C3000030001EB8308F1D0022803D151F823506F
:105C4000AD0805D1D00712D4A36940469847054650
:105C5000A1682A462046FFF739FE2946A060204663
:105C6000FFF742FE86F31188BFF36F8FC4E742F05F
:105C7000020201F823204046A369A56898472946F7
:105C800002462046FFF722FEA06086F31188BFF38C
:105C90006F8F4046BDE8F081F8B504468369084639
:105CA0000D4698470646EFF31187402383F3128889
:105CB000BFF36F8F2B786FF300032B7023699B0763
:105CC00005D5E268E36903EB82039D421AD12B7884
:105CD0006FF341032B70D4E90231994204D132466B
:105CE0002046FFF7F3FDA06031462046FFF7FCFD9C
:105CF00087F31188BFF36F8F04F12800BDE8F840E7
:105D0000FAF704B82B6860F39F032B60F0E7026991
:105D10008368120702D442689A4200D2026AD31AF8
:105D2000181E18BF01207047F0B5642305460426ED
:105D300000200A2769B9F0BD9A42B2FBF3F40CD2F5
:105D4000012B0AD048B903FB1422D2B20A24B3FBB8
:105D5000F4F3013EF0D12E70EDE7303405F8014B3D
:105D6000B2FBF3F4013903FB14220130B3FBF7F368
:105D7000C9B2C0B2D2B2DBB2DCE7A0F13003DBB211
:105D8000092B02D80B7000207047A0F16103052B8E
:105D900002D85738C3B2F5E7A0F14103052B01D86B
:105DA0003738F7E76FF015007047F7B5054601F093
:105DB000010000EB51069E424FEA510703D900262D
:105DC000304603B0F0BD58B128780DF10701FFF758
:105DD000D4FF0028F3DB9DF8073002F8013B0135C2
:105DE00001351744BA42EBD015F8010C0DF107014B
:105DF000FFF7C3FF0028E2DB9DF807402401E4B26F
:105E0000147015F8020BFFF7B8FF0028D7DB9DF8D8
:105E100007301C4402F8014BE4E7036800220BB989
:105E2000184670478B4210D10B6842B94268036034
:105E3000914200D1436000230B6001207047136042
:105E40004368994208BF4260F5E71A461B68E6E7D7
:105E5000038B13F0070305D10368002B0CBF002050
:105E600003207047022B05D1408BB0FA80F0400927
:105E700080007047012B05D10368002B0CBF002068
:105E8000052070470020704710B50C4600B111B9CD
:105E90006FF0150010BD081D00F0D2F80028F9D1F0
:105EA000A368032BF6D9F3E72DE9F0410D46074629
:105EB0001946281D90461E4600F0D6F8044638B113
:105EC0003346424629463846A446BDE8F04160477D
:105ED000BDE8F08110B4EFF31182402484F31288FE
:105EE000BFF36F8F416110BC0121E1F7D7B938B51D
:105EF0000C46054658B151B10B6843B14B6833B1FC
:105F00001C22002107F03DFA2C61002038BD6FF003
:105F10001500FBE770B505460E46FFF7B5FF041EFA
:105F200014DBEFF31182402383F31288BFF36F8FEA
:105F30006B8B2C8B4FF6FF718B4204F0070407D15B
:105F400082F31188BFF36F8F6FF00A04204670BD93
:105F5000022C0CD101336B8382F31188BFF36F8F56
:105F60000023224631462846FFF79EFFEEE7062C27
:105F700014D8DFE804F004131313041A04000023F8
:105F800033606B683BB9C5E90066ACB902212846AD
:105F9000E1F784F9DAE71E606E60F6E782F31188B4
:105FA000BFF36F8F6FF00404D0E782F31188BFF363
:105FB0006F8F6FF08504C9E782F31188BFF36F8F8D
:105FC000C4E710B5EFF31182402383F31288BFF3C7
:105FD0006F8F048B04F00704022C0AD0012C0CBF35
:105FE0006FF004006FF0850082F31188BFF36F8FAC
:105FF00008E0438B013B9BB2438323B92146E1F781
:106000004DF9204610BD2046EEE738B5A8B1A1B144
:10601000EFF31185402282F31288BFF36F8F048B58
:10602000FFF7FBFE30B104F0070085F31188BFF3E2
:106030006F8F38BD6FF07700F7E76FF01500F8E766
:10604000034640B1426802F00302022A06D0032A46
:1060500004D0012A05D06FF0150070471A68002A95
:10606000F9D000209860704710B54268816002F056
:106070000302022A03464FF0000407D0032A02D08D
:106080005C60002001E018685C6010BD18685C600E
:106090000028F6D0FAF756FFF3E7F0B5C668456872
:1060A000C369AF1B04464069BB4298BFFF1AA5EB0A
:1060B0000000944698BFF6181A1AD81B2368AD1B27
:1060C00062452B4428BF62460B606368904228BF3C
:1060D000104603446360F0BDD0E90123D21A8A421E
:1060E0000CD31944C368C269C0E90111C91A8A42B4
:1060F00001D9002070471344C360FAE76FF0150020
:1061000070472DE9F34180460E46154600272A4682
:1061100001A94046FFF7C1FF3146044602460198F7
:1061200007F007F92D1B2744264401D0002CEED19F
:1061300039464046FFF7D0FF384602B0BDE8F0814F
:10614000F0B5044686690569C069A368AF1BB8420B
:10615000944698BF3618A3EB05022368A5EB060505
:1061600098BF3F1A2B446245A0EB070028BF624648
:106170000B602369904228BF104603442361F0BDA1
:10618000D0E90423D21A8A420CD31944D0E906324A
:10619000C0E90411C91A8A4201D90020704713448A
:1061A0008361FAE76FF0150070472DE9F3418046EF
:1061B0000D4616460027324601A94046FFF7C0FFAC
:1061C00004462DB102460199284607F0B2F825444D
:1061D000361B274401D0002CEDD139464046FFF74D
:1061E000CFFF384602B0BDE8F081704770B4066852
:1061F0008489806A0D0C16FA81F105FB041184680C
:106200002468A44670BC60472DE9F0431C46C36A6D
:106210001D686D4289B006468846174605F0200580
:106220001CB9204609B0BDE8F083AC42A14628BFA6
:10623000A9464B466A4641463046FFF7D7FF00283D
:10624000F0D16B46484502D1241A8044E8E713F8A0
:10625000012BBA4201D10130F4E70120E2E738B561
:10626000828903680D0C090C04462D04806A02FB28
:10627000013183689B68984750B9E26AA389127913
:1062800029462046FFF7C0FF002818BF6FF0050021
:1062900038BD0B6803F580330B60C0891A0CB0EB76
:1062A000134F04BFA3EB02430B60704700F068BAC2
:1062B00010B5014604460722FF20E0F707FCE07115
:1062C00010BD0378012B81BF01F1FF31C9185B427A
:1062D00019400846704770B50C4605460821C06A4B
:1062E000FFF7EFFF072206462146FF20E0F7EEFB0F
:1062F000E379834207D1AA896388901B83422CBF2C
:106300000020012070BD0020FCE738B505460C4692
:10631000FFF7E1FFA0B1A08898B922884FF6FF737C
:106320009A420DD1E86A0821FFF7CBFF6288AB895A
:106330009B1AB3FBF0F202FB1030B0FA80F0400978
:1063400038BD0020FCE7F7B504460D46C06A0821B9
:10635000FFF7B7FF2968074608232046FFF746FFE7
:106360000646002836D12B683B442B60A28999B29F
:10637000D21B91422ED11A0C03BFE28902F1FF32E7
:1063800003EB0241A3F58031296008236A462046C9
:10639000FFF72CFFE8B9E36A1A796B4613F8011B83
:1063A0008A420CD101300828F8D1636805E02B68D7
:1063B000BDF802201B0C1B0413442B600AE0694645
:1063C0002046FFF7A2FF0028F1D129462046E1F739
:1063D00073F80646304603B0F0BD2DE9F04307469A
:1063E00089B090461E461BB9002009B0BDE8F08375
:1063F0003C688389080C14FA81F100FB0314FB6AE2
:106400001D686D4235400CD0B86A83682146D3F8C8
:1064100004902B46C8470028E7D1761BE4D02C44D3
:10642000A84432464146684606F083FFFD6A2A6862
:106430002979921B0DEB060006F0A3FFB86A2B68C2
:106440008268214655686A46A847CEE710B50A46D5
:10645000082341680446FFF7C0FF08210246E06AAE
:10646000FFF72FFF63681B1A6360104610BD13B55A
:106470004FF6FF7300220446ADF800308DF8063069
:106480008368ADF804206846ADF80230FFF710FFCE
:1064900069462046FFF7DAFF02B010BD2DE9F04F44
:1064A000044695B0C06A0821FFF70BFF63681B0C18
:1064B0001B04054603A920460393FFF7EAFEDDF817
:1064C0000CB0A6895E44761B06AA082331462046F6
:1064D0000496FFF78BFE021EC0F2A980E36A06AAAB
:1064E0001979002312F8010B814240F08F800133AB
:1064F000082BF7D1A36862682B449A427ED2594692
:106500002046FFF7ACFE024691E0BDF81A30360C8B
:1065100036041E44049608AA04A92046DDF810A0FB
:10652000FFF711FF0246002840F0818008A92046AD
:10653000FFF7D1FE18B9019B9A45ECD1DAE7636801
:1065400005930AAA05A92046059EFFF7FCFE024610
:1065500000286CD1BDF82820BDF820309A4227D001
:106560006268059B9A42ECD15645E4D1BDF82430CF
:10657000002BE0D0BDF822704FEA1A431B041F44E1
:1065800008A8A368ADF82230FFF792FEE36ABDF8D1
:1065900024901E68764206F02006B9F1000F0ED155
:1065A00008A92046FFF752FF02460028C3D03EE06C
:1065B0000AA92046FFF78FFE0028D1D0D4E74E4528
:1065C000B04628BFC8460CAA434639462046FFF7C6
:1065D0000DFE024658BB4346A1680CAA2046FFF7B1
:1065E000FCFE41460246E06AFFF76BFEA3680344E7
:1065F000A360E2B9A9EB08094744CEE72046FFF7BC
:1066000036FF024600283FF47AAF10E0731B06A95C
:1066100020460193FFF779FE00287FF476AF04A9A6
:106620002046E0F749FF024600283FF474AF1046C9
:1066300015B0BDE8F08F00231A46E1F715B913B580
:1066400000240094E1F708FA02B010BD03785B075C
:106650005FBF03684288C3F34A2303EB12105DBF98
:10666000173020F007008008002070470020704796
:1066700005F051BB0346BFF35B8F53E8000F421C8C
:1066800043E800210029F8D1BFF35B8F70471FB5A5
:106690000023CDE90201CDE900331A461946184618
:1066A000E1F760FD05B05DF804FB0120E1F70EBBEA
:1066B0000020704770B5D2E901369B1B8B420C4617
:1066C00015460AD313680A460146981906F031FEAA
:1066D000AB682344AB60204670BD6FF01B00FBE746
:1066E00070B50E4615461946044618B9BDE8704007
:1066F000E1F7ECBA33B1C2F34A231030120D18445B
:1067000006F017FEC4E900562046BDE87040E1F7E8
:1067100071BC2DE9F3415F1C4FEA8708064608F17A
:10672000170020F0070080080C461546E1F738FBFB
:106730000023ADF805308DF807308DF8047068B18E
:106740000346019A43F8102FA8F104012A46294470
:1067500052F8045B43F8045F8A42F9D1A20102F4C3
:10676000E07242EA482222F07F4222F470020023C3
:1067700022F03F02314602B0BDE8F041FFF7B0BF62
:1067800007B50123019201AAFFF7C3FF03B05DF82B
:1067900004FB07B5CDE9002302236A46FFF7B9FFE2
:1067A00003B05DF804FB1FB5CDE90123069B0393FD
:1067B00001AA0323FFF7ADFF05B05DF804FBF8B5B0
:1067C00006460D4614461F4604B9F8BD2146284624
:1067D0003A46B047241A0544F6E710B54268816886
:1067E0000446D2E900230068FFF7E9FF636800224E
:1067F0001A6010BD38B54B681A68CB689A420546D6
:106800000C4602D10846FFF7E8FF6368BFF35B8FD1
:1068100053E8002F511C43E800100028F8D1BFF3C3
:106820005B8FA3689D54002038BD0A2838B5044604
:106830000D4602D10D20FFF7DDFF29462046FFF768
:10684000D9FF002038BD2DE9F043054687B0084642
:106850000E8891F80090D1F808800C461746E1F7B1
:10686000C7FC011EC6F38216C9F3C2091EDB4846E7
:10687000E1F7D2FB03462146608851F8102B0196C0
:10688000C2F34A22002A01EB0204C0F30B1008BF36
:1068900000210022CDE90407CDE90214009241460F
:1068A0002846E1F7D1FC07B0BDE8F0830023E2E71A
:1068B00043681B685B6800209961704743681B68E8
:1068C0001A6852685360704743681B685A68012110
:1068D00011771868FFF781BF43681B681868E1F7F4
:1068E0001DBE70B543681D686B6898690C46E1F77A
:1068F000C9F9214603460F222868BDE870401847B1
:10690000704770B54C680368A34201D2012070BD86
:106910008A682244934201D30020F8E7D1E9032595
:106920004E69B54203D36FF00B038B61F4E71B1B79
:1069300042F835304368086902EBC00253600B69C6
:1069400001330B61E2E7FFF724BF10F0700F00F096
:106950007F0201D0E1F726BF10F0800F18BF103280
:106960000120904070470020E2F7C2BA006840B1B1
:1069700050F8043C5B688B42A0F1040001D04068F1
:10698000F5E77047006850B150F8043C5B685B68FD
:106990009B788B42A0F1040001D04068F3E7704778
:1069A00030B5006888B150F8043C5B681A6A1D7FF6
:1069B00004380023043ADCB2A54201D84068F1E76C
:1069C000013312F833408C42F5D130BD08B5E2F7FF
:1069D000AFFC28B1406810F1100F14BF0020012057
:1069E00008BD4B1CDBB28170817680F82530C37600
:1069F00000F8061C704750E90231D0F89C00184797
:106A00000369002283F84A207047036993F84A001B
:106A100008B193F8480070470369002283F84B20BF
:106A20007047036993F849007047036993F8482059
:106A300012B193F84A202AB993F8490018B193F893
:106A40004B00704701207047012070470369C3E97C
:106A500000127047CB7902690BB1012B03D182F888
:106A6000A130002070476FF08500704710B50369B2
:106A7000D3F894200A6093F898206AB1012A0CBFD9
:106A8000022203224A7193F89920501E032805D848
:106A9000DFE800F0050505050122F3E700220A7191
:106AA00093F89A20062A0BD0072A0BD0052A0CBF90
:106AB000002203228A7193F8A130CB71002010BD0F
:106AC0000122F7E70222F5E770B504690546D4F81C
:106AD0008C00FFF76AFBD4F88C309A6819699142F0
:106AE00004BF002284F8492094F8A02006469AB1F9
:106AF0005A685969DB69521A9B1A3F2B0CD994F8D2
:106B00009E3033B16B681B6A2246187B0021E2F786
:106B100009FF002384F8A030304670BD08B501227B
:106B2000FFF7D2FF013818BF4FF0FF3008BD00203B
:106B3000E2F7C8BF00221146E2F78ABF034610B54C
:106B400008460AB10021116053B1D0B1411E11F8BD
:106B5000010F80B113F8014BA04201D13D28F6D1BD
:106B600000200EE0013313600AE03D2808D0B0FA9F
:106B700080F0400905E018782F28F6D1002AF1D1DD
:106B8000012010BD10B509B100230B6058B10346B8
:106B90001A781C4601332AB13D2A03D02F2AF7D197
:106BA00001B10B60201A10BD0830704710B51346B4
:106BB00014460A4681880068FFF741FDA042A8BF3D
:106BC000204610BD2DE9F04F97B0044601929A4639
:106BD000894600297CD0DAB1BAFA8AF67609258F7F
:106BE0000135ADB2A84604F1080B6F1EBFB2B7F570
:106BF000004F26D04A2303AA39465846FFF71FFD07
:106C0000002807DA10F1020F08BFB8463D46ECE74E
:106C10000126E4E700F158030DEB0300002300F820
:106C20004C3C03A94846DEF7F0FA0028EED126B323
:106C300039465846FFF7FFFC002805DA17B0BDE8D3
:106C4000F08FBEB30020F9E705F57F513F3189B2DF
:106C50005846FFF7F0FC0028F0DB238FBB42F1D150
:106C60002246013B22F8383F4FF4004102235846A8
:106C7000E0F7FAFD00EAE070E0E7B846B8F5404F0B
:106C800029D0238F434504F1080515D308F5804129
:106C9000019A534689B22846E0F7E6FD0028CDDB8D
:106CA000002ECFD04846DEF7C2FA4A460346414698
:106CB0002846DDE70126E1E72246022322F8388F45
:106CC0004FF400412846E0F7CFFD0028DEDAB5E7B3
:106CD0006FF01500B2E76FF00B00AFE773B5C36B51
:106CE00003630446C3B100F108063046E0F716FC22
:106CF000054670B902230DF106024FF400413046FB
:106D0000FFF79DFC0028ACBFBDF806304FF40043F0
:106D10002387284602B070BD6FF01205F9E770B501
:106D20000446D0F83401A8B1451E0026AE4201DD6C
:106D300000200FE0721902EBD2725210D01CC30077
:106D400004EBC0000089884201D2561CEEE702D84D
:106D50000433E01870BD551EE8E7002310B5044663
:106D6000C0F83431D4F8500110B9C4F8580110BD3E
:106D7000D4F854210368C4F85031904208BFC4F8D5
:106D8000543106F06FF9EDE710B50346BFF35B8FA2
:106D900053E8000F00EA010243E80024002CF7D179
:106DA000BFF35B8F10BD10B50446FFF7D6FF6FF041
:106DB000010104F59C70FFF7E7FFD4F85C315B68D4
:106DC00023B1D4E90001BDE81040184710BD70B5EB
:106DD00004460D46FFF7C1FF6FF0010104F59C70FA
:106DE000FFF7D2FFD4F85C319B682BB16268206852
:106DF0002946BDE87040184770BD37B54FF42053A1
:106E00000168ADF802300546002468468DF8004060
:106E100000F0E3FB18B92868083803B030BD42F62B
:106E2000010329688DF8044001A8ADF8063000F090
:106E3000D4FB0028EFD02046EFE737B542F6030336
:106E40000168ADF806300546002401A88DF804401D
:106E500000F0C3FB18B92868083803B030BD2046DD
:106E6000FBE7006870471C307047F7B500F11C0560
:106E700031B1A94203D20025284603B0F0BD0D462A
:106E8000D0F8343100EBC30000F11C04002642F6B8
:106E900003070835AC42EED929688DF8046001A8D3
:106EA000ADF8067000F099FB0028F2D1E4E770B568
:106EB00005460E46002421462846FFF7D6FF044625
:106EC00038B1FFF7BAFF0168304600F086FB0028B2
:106ED000F1D1204670BD034600F11C0219B1914268
:106EE00002D2002070471146D3F8342103EBC203CD
:106EF00001F108001C33984228BF0020704713B5E9
:106F0000FFF7E9FF044618B90024204602B010BD7F
:106F1000002301688DF8043001A842F60303ADF8A0
:106F2000063000F05AFB0028EFD1EDE770B50546BA
:106F300016460C4621462846FFF7E1FF044628B1D5
:106F40002168304600F049FB0028F3D1204670BD8F
:106F500038B500F59C7504466FF002012846FFF72E
:106F600013FF830709D52046FFF7F7FE6FF00101F5
:106F70002846FFF709FF002038BD6FF07700FBE7D8
:106F8000E8F794B910B50C461146A4F110001A4662
:106F900099B9A181A4F10C03BFF35B8F53E8001FE3
:106FA00021F0020143E80012002AF7D1BFF35B8F02
:106FB000636B03B19847002010BDE36A13B1BDE8CD
:106FC000104018470120F7E730B50246B8B1B1B11B
:106FD000BFF35B8F043050E8003F43F0010440E80A
:106FE0000045002DF7D1BFF35B8F13F0010009D1ED
:106FF0000B68D3634B6813648B68536430BD6FF0C8
:107000001500FBE76FF07700F8E738B50D46AB42A7
:1070100011461C4604D81A4606F08BF9204638BDA6
:107020000024FBE706F0ADB9C30903EB430303EB10
:10703000C30383EA4000C0B27047CB780278534064
:1070400003704B884278534043700A68837883EA20
:10705000122383700A68C3785340C370CB790279D6
:1070600053400371CB884279534043714A68837916
:1070700083EA122383714A68C3795340C371CB7A80
:10708000027A53400372427A4B89534043728A68B2
:10709000837A83EA122383728A68C37A5340C37265
:1070A000CB7B027B53400373CB89427B53404373BA
:1070B000CA68837B83EA12238373CA68C37B534005
:1070C000C37370471FB502788DF8002042798DF8A0
:1070D0000120827A8DF80220C27B8DF8032002798C
:1070E0008DF80420427A8DF80520827B8DF80620E9
:1070F000C2788DF80720027A8DF80820427B8DF83F
:10710000092082788DF80A20C2798DF80B20027B45
:107110008DF80C204278C37A8DF80D2082798DF895
:107120000E208DF80F3010236A461946FFF76DFFC9
:1071300005B05DF804FBF8B5064608780C46FFF785
:1071400073FF05466078FFF76FFFA27863785340BE
:10715000E27853405D406840307060782778FFF7F0
:1071600063FF0546A078FFF75FFFA3785F40E378F1
:107170005F407D406840707063782778A0785F40FA
:10718000FFF752FF0546E078FFF74EFFE3785F40D8
:107190007D406840B0702078FFF746FF6278237822
:1071A0005340A278534080EA0305E078FFF73CFFA4
:1071B000EDB24540F570F8BD70B5144688B005468F
:1071C000002849D0002949D0002A49D010230A4676
:1071D00068461946FFF719FF21466846FFF72DFF5D
:1071E000103401F1A0066846E3F710FD6846FFF78A
:1071F00069FF694604A8FFF79EFF01A905A8FFF7EC
:107200009AFF02A906A8FFF796FF03A907A8FFF7B0
:1072100092FF102319460DEB03026846FFF7F5FEB7
:10722000214668461034FFF708FFB442DBD1E3F78C
:10723000EDFC6846FFF746FF21466846FFF7FDFE76
:10724000102319466A462846FFF7DFFE68461022DB
:107250000021FFF7E7FE012008B070BD0846FBE7FC
:107260001046F9E710B50A460F3012F9103B002B13
:10727000ACBF0023872312F8014D83EA44038A42FE
:1072800000F8013902D01378DB09F4E710BD08B526
:1072900020B158220021FFF7C5FE012008BD10B51E
:1072A000044688B110220021FFF7BCFE102204F131
:1072B00030000021FFF7B6FE0023636400224FF484
:1072C0008033C4E91423012010BD70B504460D4677
:1072D000164610B311B358220021FFF7A3FE29462A
:1072E000A6643046E3F79EFC102200212046FFF7FB
:1072F00099FE04F11005A26C21462046FFF75CFFC1
:1073000021462846FFF7AEFF294604F12000FFF78B
:10731000A9FF2046FFF7C3FF012070BD0846FCE728
:107320002DE9F0410E4615460446002860D0FAB11A
:1073300000295DD0D0E9143253EA020158D0013B54
:10734000D0F8448042F1FF32C0E91432B8F1000FA6
:107350002CD0C8F1100708F13000BD4220440AD2F9
:107360002B4632462946FFF750FE636C2B4463647C
:107370000120BDE8F0813B4632463946FFF745FE25
:10738000103D0023636445443E44631E04F10F0135
:1073900013F8012F93F830008B4282EA00021A7032
:1073A000F6D1A26C21462046FFF706FF04F10F0735
:1073B000102D0AD8002DDBD02B463246294604F189
:1073C0003000FFF722FE6564D2E7631E711E13F8DA
:1073D000012F11F8010FBB4282EA00021A70F6D1A8
:1073E000A26C21462046FFF7E7FE1036103DDFE78E
:1073F0000020BEE770B50C460546E8B169B34A6C9B
:10740000102A1AD11031631E013904F10F0013F84C
:10741000012F93F83060724011F8016F984282EAB0
:1074200006021A70F3D1A26C21462846FFF7C4FE6B
:107430002046FFF72CFF012070BD02F13000002133
:10744000C2F110022044FFF7EDFD636C234480225B
:1074500083F8302004F12001D5E70846ECE7FEE789
:1074600001460068E3F71CBD08B5E3F775FDBDE80C
:107470000840E3F795BD0A460121FFF781B90021D5
:107480000120E3F70DBD61B662B680F31188BFF34A
:107490006F8F704772B6002383F31188BFF36F8F2D
:1074A000BFF34F8F30BF62B6BFF36F8F704772B6B6
:1074B000002383F31188BFF36F8FBFF34F8F20BF7B
:1074C00080F31188BFF36F8F62B67047202809D907
:1074D000B0F1004F08D80138B0FA80F0C0F11F00B9
:1074E00040007047082070473E20704708B5D1E93A
:1074F00004319847002008BD08B5E4F7DBFA002006
:1075000008BD30B585B014460A888B78ADF80020E8
:1075100005460D2200210DF103008DF8023005F023
:1075200030FF6A466946284604F09BFC28B9BDF83E
:1075300000209DF802302280A37005B030BD13B545
:107540000C4601AA0331FFF7DCFF48B9032201A969
:10755000204605F0A3FDB0FA80F0400902B010BD4E
:107560000020FBE770B5CE1C05460C4630460321D3
:10757000F5F74CFE60B9637903F03F0343F0400335
:107580006371224631462846BDE87040FFF7B9BF17
:1075900070BD70B50D4600210446FFF7F3FA0D28C3
:1075A00018D1237B302B13D0312B13D1012305F8B5
:1075B000063B04F10C062A46204601230221023430
:1075C000FEF7F3FBB44205F1FF35F4D1002070BDA6
:1075D0000023ECE76FF01500F9E710B50C460178D1
:1075E00022788A428AB00FD06946E4F78BFD05A95C
:1075F0002046E4F787FD10220DF115010DF1010081
:1076000005F04CFD0AB010BD012A06D0022A07D0B1
:1076100072B940886388C01AF4E740686368FAE783
:107620001022611C01300AB0BDE8104005F036BDE3
:107630006FF01500E6E7042A0AD0102A0DD0022ABE
:107640004FF0000315D103700B8843800120704771
:10765000012303700B684360F8E7022300F8013B45
:1076600001F1100351F8042B40F8042B9942F9D191
:10767000ECE718467047012310B50621044600F8D0
:10768000013BF5F7C3FD18B9A37963F03F03A3717C
:1076900010BD0B6803608B8883808B7983710378BE
:1076A00023F00203037070470078C0F34000704776
:1076B000D0F8B83083B15A7BD1070DD5D2060DD59D
:1076C0001B7B102B14BF032304234372807A984240
:1076D0008CBF0020012070470223F6E70323F4E764
:1076E0000F2807D80D280BD8052808BF032018BF7E
:1076F00002207047132803D01A2808BF0120F6E79C
:1077000001207047BFF35B8F0068BFF35B8F70474A
:10771000FFF73FB8FFF734B810B50346BFF35B8FF0
:1077200053E8000F40EA010243E80024002CF7D19F
:10773000BFF35B8F10BD0B6803608B8883808B79F0
:10774000837170470023E0F789BC38B504460D46C5
:10775000E4F7B6FD5F3005D129462046BDE8384044
:10776000E4F7F2BE38BDBFF35B8F50E8003F0B403B
:1077700040E80032002AF8D1BFF35B8F7047C0F3B6
:1077800007231070000E5370D0700023C1F3072040
:10779000090E9370137150719371D171704770B568
:1077A00006460D4640F206400321E5F7BBF90446C4
:1077B00068B103210C3003F01CFA06808570214665
:1077C0000022BDE8704040F20640E5F7E7B96FF0EF
:1077D000680070BDF8B507460E4642F22200062149
:1077E0001546E5F79FF9044678B106210C3003F001
:1077F00000FA3B8803804680858021460022BDE850
:10780000F84042F22200E5F7C9B96FF06800F8BD10
:107810002DE9F0478146884642F2320007219DF863
:1078200020A017461E46E5F77DF90546A0B10721C1
:107830000C3003F0DEF9B9F80030038080F80280E4
:10784000C7700671A0F805A029460022BDE8F047E0
:1078500042F23200E5F7A2B96FF06800BDE8F087A8
:10786000C068E5F707BB10B503884288934219D872
:10787000052B17D9B2F5486F14D88388B3F5FA7F72
:1078800010D2C088A0F10A0189B240F67644A14224
:1078900008D801339BB25343B3EB800F34BF0120B0
:1078A000002010BD0020FCE770B506460D4642F2F0
:1078B00021000321E5F736F9044618B9BDE8704008
:1078C000E4F708BE03210C3003F093F906808570BD
:1078D000214642F22100BDE87040E5F7ADBD002031
:1078E000704708B5EEF7ACFD18B1C089003818BF75
:1078F000012008BD08B5072205F0D0FBB0FA80F0E2
:10790000400908BDFEF73CBF0B6803608B8883808D
:107910008B7983717047BFF35B8F0068BFF35B8F18
:10792000704708B5FFF7F7FF084100F0010008BDF8
:1079300000F1100210B510460C460721FFF7F1FFC9
:1079400030B10D211046FFF7ECFF08B90123237079
:1079500010BD037A5B07024605D501462A3211F8AD
:10796000010BE6F749B9704738B50121054642F2E7
:107970002D00E5F7D7F8044658B129460C3003F03E
:1079800047F921460022BDE8384042F22D00E5F7D4
:1079900005B96FF0680038BDBFF35B8F50E8003F5A
:1079A0000B4340E80032002AF8D1BFF35B8F7047E9
:1079B00000F1100210B5072104461046FFF7B1FF91
:1079C00050B14FF400411046FFF7E6FF204600217A
:1079D000BDE8104000F074B910BD2DE9F041D1F8B8
:1079E000048086B004460D46B8F1000F1DD1037A1D
:1079F0005B071AD50E68411C701CFFF77BFF2A3607
:107A0000162241460746684605F0BBFC102269462F
:107A1000304605F043FB30B1102204F12A01304614
:107A200005F03CFB00B107B16C6006B0BDE8F08129
:107A300010B400F11003BFF35B8F53E8002F22F462
:107A4000004143E80014002CF7D1BFF35B8F13040F
:107A500003D510BC012100F033B910BC704700F110
:107A6000100208B506211046FFF75BFF80B90D2113
:107A70001046FFF756FF58B9BFF35B8F52E8003F3F
:107A800023F0100342E800310029F7D1BFF35B8FE8
:107A900008BD10B50C4630B919B1EEF78FFC00B136
:107AA000441C204610BD0024FBE718B111B1084664
:107AB000E6F75AB96FF01500704738B1836C1B03B5
:107AC00001D5E6F743B90078E6F7C6BA6FF01500BE
:107AD0007047037AD90704D523F001030372E6F750
:107AE000EBBB990704D523F002030372E6F7FEBB54
:107AF0007047034610F4004F0CBF07200620DA033E
:107B000048BF00F005009B0348BF00F0FB00704732
:107B1000BFF35B8F0068BFF35B8F704710B5034600
:107B2000BFF35B8F53E8000F00EA010243E8002433
:107B3000002CF7D1BFF35B8F10BD012310B403FA03
:107B400001F1044662B1BFF35B8F54E8003F0B4381
:107B500044E80032002AF8D1BFF35B8F10BC7047B5
:107B600010BCC943FFF7DABF2DE9F04F87B00546D7
:107B70009DF84860DDF840909DF844A00C46904682
:107B80000021102202A81F4605F0FBFBEEB9CDE94B
:107B90000248012202A942F20800E6F70DFE04465F
:107BA00078B9BAF1000F3ED11035BFF35B8F55E8BD
:107BB000003F43F0040345E80032002AF7D1BFF349
:107BC0005B8F204607B0BDE8F08FE5F7B7FF83462F
:107BD000E4B937BB5846DDF72AFB0923012ECDE96E
:107BE00001B48DF800308DF80100CDF80C80D0D1B3
:107BF000CDF810D005960222CCE714F83320083ACD
:107C0000012A25D901339845F7D1E2E70023FAE7A5
:107C100017F83320083A012A1AD901339945F7D1C8
:107C2000D8E70023FAE7022E4FF0010208BF0592C1
:107C300002A908BF324642F2090008BFCDF810D0B1
:107C4000CDE90279E6F7B8FD0028ADD00446B8E7E3
:107C50006FF01504B5E7436813F008000AD05A0323
:107C600007D403F4C063B3F5806F14BF0220012072
:107C700070470120704770B5064686B00D4642F247
:107C80000A000121E4F74EFF0446B0B10C3095B173
:107C9000012102F0BDFF06F1100203A92046009564
:107CA0000723E4F72DFF0022214642F20A00E4F701
:107CB00075FF06B070BD2946EBE76FF06800F8E786
:107CC000FFF7D9BF183004F036BE10B50346BFF336
:107CD0005B8F53E8000F40EA010243E80024002CC8
:107CE000F7D1BFF35B8F10BD10B50346BFF35B8FB9
:107CF00053E8000F00EA010243E80024002CF7D10A
:107D0000BFF35B8F10BDE7F79DB8036800220BB986
:107D1000184670478B4210D10B6842B94268036025
:107D2000914200D1436000230B6001207047136033
:107D30004368994208BF4260F5E71A461B68E6E7C8
:107D400010B50346BFF35B8F53E8000F00EA010252
:107D500043E80024002CF7D1BFF35B8F10BDBFF3C5
:107D60005B8F0068BFF35B8F7047FEF709BD283853
:107D7000E7F738BC01238B40BFF35B8F50E8002F3F
:107D80001A4340E800210029F8D1BFF35B8F704708
:107D900010B50446006918B1EFF700FC0023236119
:107DA00010BD2DE9F0410446002704F138060023F8
:107DB0000022304602F0BEFE034650B92046FFF7CF
:107DC000E7FF04F158000022BDE8F0410023F8F776
:107DD00025BA9D699F61EFF7E1FB002DE7D02946A9
:107DE0002046E7F74DFCE0E710B5034600F1BC0282
:107DF0001046FFF7B4FF80B1BFF35B8F411C52E820
:107E0000004F844204D142E8001CBCF1000FF6D1BF
:107E1000BFF35B8FECD1184610BD0346FBE72DE99D
:107E2000F84307460E46904600244FF0C009B4427E
:107E300003D100231846BDE8F88309FB0470FFF75F
:107E4000D3FF034658B1457B012D02D0073D012DDC
:107E500003D81A884245EDD01846E7F771FE013481
:107E6000E5E710B50446E8F717FC2046BDE81040EA
:107E7000E7F782BB10B5437B023B0446062B25D8AF
:107E8000DFE803F00D04242424170B000173002104
:107E9000E7F78CFE0020E7F753F8002010BD837849
:107EA000012BFAD1583004F046FDBDE81040E4F74C
:107EB000C7BF0088FFF773FC0028EFD1637B072B57
:107EC000EBD108212046E7F771FEE6E76FF07F006F
:107ED000E4E710B50446D0F8B80028B9207A04F1D8
:107EE0008801EEF7ADFA38B1E278C3892AB913F008
:107EF000210F14BF0120002010BD13F0240FF8E75C
:107F00002DE9F843089E102E81460C4690461F46E8
:107F10002ED81C2142F21900E4F704FE054658B39E
:107F20001C210C3002F065FE0346B9F8002023F84E
:107F3000022B2268C0F8022062685A60B8F800304C
:107F4000438100F10C0432463946204605F0F1F930
:107F5000102E05D0C6F110020021A01905F011FA6B
:107F600029460022BDE8F84342F21900E4F716BEA4
:107F70006FF01500BDE8F8836FF06800FAE738B5D8
:107F8000437B072B044626D10B0601F07F0513D552
:107F9000BFF35B8F031D53E8001F41F4006143E80A
:107FA0000012002AF7D1BFF35B8FA572204601F0C3
:107FB000F1FE68B9002038BD437AAB42FAD2837A29
:107FC000AB42F7D26FF400610430FFF7B9FEECE783
:107FD000637AA372EFE76FF07F00ECE7407A7047B7
:107FE00037B505460C46FFF75FFB2946A8B1684642
:107FF000FFF74FFB69460020E8F762F858B1238885
:10800000A0F8A0306388A0F8A230A388A0F8A4301C
:10801000E388A0F8A63003B030BDFFF73AFD034671
:10802000006800909A889B798DF80630ADF804209E
:10803000E0E738B5037A8B420446154615D100F1C6
:1080400088010722284605F029F880B1E378072245
:1080500043B904F19601284605F020F8B0FA80F003
:10806000400938BD04F18F01F5E70020F9E7012050
:10807000F7E788307047F8B507460D4642F213001F
:108080000E21E4F74FFD0646D0B10E210C3002F070
:10809000B0FD0E220446002105F073F93B882380D1
:1080A0002B8863806B88A380AB88E380EB88238177
:1080B00031460022BDE8F84042F21300E4F76EBDFD
:1080C0006FF06800F8BD7047F8B505460F461646D4
:1080D00000234FF4803204210020E7F7EBFE044632
:1080E00020B92846BDE8F840E8F79CBA04210C30D6
:1080F00002F07FFD0570477046802046F8BD70474E
:1081000070B5D0E90035044623B16B6803B19847D8
:1081100000232360E3680BB1204698472B6A1BB10C
:108120002046BDE87040184770BD38B5006D30B1CD
:1081300050F8084904B1083CFFF7E2FF04B938BD24
:10814000A5682DB12046083DFFF7DAFF2C46F7E77A
:108150002046BDE83840FFF7D3BF38B5036D0D4664
:10816000BBB1184650F8084904B1083C53F8043C28
:108170009B680BB1294698475CB12046A4684368C8
:1081800024B19B68083C002BF4D1F6E79B68002BD8
:10819000F0D138BD0431E7F78DBE2DE9F04114462A
:1081A00005460F4602F10C0004211E46DDF818803A
:1081B00002F040FD228A4780043A0280434632465C
:1081C00021462846BDE8F041E7F7E2BB37B500237A
:1081D0000A460D4600930521FFF7DFFF044610B164
:1081E0002846EFF7DBF9204603B030BD006D30B113
:1081F000838B8B42A0F1080001D08068F7E77047BD
:10820000006D30B183898B42A0F1080001D08068F5
:10821000F7E7704770470346006828B1596802685D
:108220001A60884208BF5A6070470346002003B9AD
:1082300070471A8A5B681044F9E710B5D468237850
:10824000023113B92170012010BD8B42FBD0038A8B
:10825000023B038200201061F6E706207047FEF71C
:108260008FBA08B503680A8A1868C968EBF794FDE5
:10827000002008BD38B5054601F10C000C4602F09F
:10828000F9FC2D68238AE2680146286801F0A2F90A
:10829000002038BD70B405686A6A52B3136803B130
:1082A000883BA2F188040022114600E0883B84420A
:1082B00007D0668D648BB14238BF3146A24238BFC9
:1082C00022461C462BB1D3F88830002BEED18442D5
:1082D000EFD1438D408B8B4201D890420BD9824223
:1082E00038BF02469942286838BF194670BCEBF780
:1082F000F9BD1146EDE770BC704773B514460146F1
:1083000005464FF49572206800F0D4FF207500BB3D
:10831000237A2068ABB1A3F11802534253419B006A
:108320000193638A0093AE68238AE2682946B047C6
:10833000002808DB238A98420ED1002323750120F0
:1083400008E00223ECE710F1FF0F05D34042C0B272
:108350002075002002B070BD0E20F9E71FB5CDE9F1
:108360000123002300931A46EAF768FA05B05DF886
:1083700004FBF8B59368166805460F46144663B9C2
:10838000506801210C3002F034FCA0602B681B788F
:10839000002B14BF022301230370A3681B78012B59
:1083A00003D0022B1FD000201CE02B681B78002B71
:1083B000F9D1606804210C3002F01BFCE0600780FA
:1083C0002A68E36852885A806168728D738B088AC4
:1083D0009A4294BFC0EB0200C0EB0300042894BF94
:1083E00000200120F8BD2B681B78022BDBD16068D0
:1083F00012210C3002F0FDFBE06007802B68E26880
:10840000591C0232113351F8040B42F8040B994203
:10841000F9D16168728D738B088A9A4294BFC0EB60
:108420000200C0EB03001228D9E7D06803780431BA
:1084300013B90170012070478B42FBD091680B8A01
:108440000020043B0B82106170472DE9F04F044679
:1084500085B0104690469946FFF7E7FE638B628D24
:10846000934228BF134683428B4640F29380636851
:108470000393404602F091FB4FF0000A0646404647
:10848000FFF7D3FE628B638D06F10C079A4294BF0F
:10849000C0EB0205C0EB0305384602F0F7FB85424E
:1084A00017D24046FFF7C1FE628B638D9A4294BF9C
:1084B000C0EB0205C0EB03058DBB98F80A00EEF790
:1084C000B7FF0022002302F031FB064630B95746C1
:1084D00036E0384602F0DAFB0546EDE70146404655
:1084E00002F06CFB4046FFF7A0FE628D638B06F145
:1084F0000C079A4294BFC0EB0205C0EB0305384657
:1085000002F0C4FB85421FD24046FFF78EFE628D0B
:10851000638B9A4294BFC0EB0205C0EB0305F16880
:10852000328ACDF80090DBF8047003980A44ABB2AD
:108530005946B847071E0CDABAF1000F18BF574664
:10854000384605B0BDE8F08F384602F09FFB05467F
:10855000E5E70E9BB3B9394606F10C0002F049FB82
:108560004046FFF762FE638D628B934228BF13463D
:10857000B9448342BA441FFA89F9A8D9AF423FF4FB
:108580007EAFA4E70F9A0E9B3946304698470028E5
:10859000E1D19CE70027D3E70368002203B97047C5
:1085A0008B420FD10B683AB942680360914200D107
:1085B000436000230B60704713604368994208BF13
:1085C0004260F6E71A461B68E8E706207047BFF3EB
:1085D0005B8F50E8003F43F0080240E8002100298B
:1085E000F7D1BFF35B8FC3F3C000704773B5166854
:1085F000054600237068137314462946952200F03F
:1086000059FE207380B9CDE900002946A388A268ED
:108610003046FFF71AFF002809DA10F1FF0F26BFD6
:108620004042C0B20E202073002002B070BD012075
:10863000FBE72DE9F34116680746002370681373C2
:1086400014463946952200F035FE0546207308BBD6
:10865000A068718D728B038A914294BFC3EB0103B2
:10866000C3EB0203012B15DD02210C3002F0C1FA2D
:10867000CDE900558046A388A26839463046FFF709
:10868000E4FE031E0ADA13F1FF0F26BF5B42DBB2E2
:108690000E232373002002B0BDE8F081A8F800305B
:1086A0000120F8E72DE9F04104468868FFF7BDFD99
:1086B000638D628B934228BF134683420D461DD3C0
:1086C000A163D1F8088000278F60F8F72DF84146A4
:1086D0002046E8F7DDFB064638B1C5F80880A763F9
:1086E000F8F736F83046BDE8F081618D638B99422A
:1086F00028BF19462846EBF73DFDF1E76FF07906F4
:10870000F0E738B5BFF35B8F0B68BFF35B8FDB0718
:10871000054617D550F8040CA0B16B6B93B9043023
:10872000FFF779FD044668B10146281FFFF7BAFF3D
:10873000002807DA55F8043C5A6822609A685C60A1
:1087400002B99C6038BD2DE9F041446A07463CB34C
:1087500054F8886906B1883E00231D4607F10408D5
:1087600001E034461646A26B9AB905B98BB940466A
:10877000FFF751FD054658B101462046FFF792FF2D
:1087800000280DDA7B682B60BB687D6003B9BD6093
:1087900023462EB1D6F88820002AE2D0883AE0E7B6
:1087A000BDE8F08170B500220446002308460E465D
:1087B00002F0C0F9054658B101462046E8F768FBCB
:1087C000044618B12946304603F07EFF204670BDAE
:1087D0006FF00104FAE7F8B50546071F00F1300312
:1087E00050F8044CBFF35B8F53E8001F21F00401E5
:1087F00043E80012002AF7D1BFF35B8F04B36B6B21
:108800008BB963687BB1201DFFF705FD0146064665
:108810003846FFF747FF002812DA63683360A36821
:10882000666003B9A66005F138013846FFF7BAFF64
:1088300030B104F10C013846BDE8F840FFF7B2BF93
:10884000F8BD38B504460D46E8F722FB30B129469D
:1088500004F13C00BDE8384002F099B938BD70B56C
:10886000044601F10C000D4602F004FA26682B8A3A
:10887000EA680146306800F0ADFE1E210022204665
:10888000E8F70AFA014610B12046FFF7DAFF0020A8
:1088900070BD2DE9F04188461746012104220546A6
:1088A0001E46E8F7F9F9044670B104210C3002F0D5
:1088B000A0F980F80080A0F80170C6702146284613
:1088C000BDE8F041FFF7BDBFBDE8F08137B50C460C
:1088D000054601F10C0002F0CDF9228A0192E2680E
:1088E00000920346132212212846E8F731FC03B018
:1088F00030BD37B50C46054601F10C0002F0BAF95F
:10890000228A0192E268009200220346114628461C
:10891000E8F71EFC03B030BD07B5CA68138852885B
:1089200000920C210D22E8F70FFE03B05DF804FB66
:1089300007B5CB6800221B8800920A210B22E8F7BA
:1089400003FE03B05DF804FB2DE9F041CB681F88FE
:10895000BBB2162B04462AD90321E8F7B1FC064620
:1089600038B302210C3002F044F94FF060080025C2
:1089700080F80080457031462046FFF762FF23688B
:10898000A4F81A8067851B68BFF35B8F043353E834
:10899000001F41F4805143E80012002AF7D1BFF3D1
:1089A0005B8F2046FFF776FC2846BDE8F081042067
:1089B000FBE70E20F9E7E9F7BDBE0A8AC968002384
:1089C000E8F736BFFFF7F9BFFFF7F7BFFFF7F5BFCF
:1089D000FFF7F3BFFFF7F1BFFFF7EFBFFFF7EDBF03
:1089E000FFF7EBBFFFF7E9BFFFF7E7BFFFF7E5BF13
:1089F00070B5CE6833889AB2162A04460D4606D85A
:108A0000002204231146BDE87040E8F711BF602240
:108A100042834385FFF73EFC2A8A002331462046E5
:108A2000F1E770B5054650F8043C55F80469044672
:108A3000002B32D031B1436B7BB31B7CDA072CD5D2
:108A400005231DE03046EBF761FA737A012B24D041
:108A5000646B14B3237CDB071FD5E368002BEFD0D6
:108A60006269617C2846E8F717F9064638B1D4E90F
:108A70000512E368984750B13046EEF78FFD0E239C
:108A8000002228461146BDE87040E8F7D1BE3146C5
:108A90002846E8F7FDF90028EED170BD70B50E4606
:108AA000E8F7B6FB044628B93046EEF777FD6FF0DD
:108AB0007F0070BD00F10C052846314602F067F8D2
:108AC000606A38B150F8884904B1883C2946FFF7FC
:108AD00069FE20B90020ECE71C466FF00100002C75
:108AE000F8D0D4F8883023B90230F5D020461C469F
:108AF000ECE7883BF8E738B505460C46F7F714FE77
:108B00002846E8F785FB20B9F7F722FE6FF07F00D3
:108B100038BD0023236083683BB9C0E90144FFF7F7
:108B200012FEF7F715FE0020F2E71C608460F6E7FE
:108B300010B50C46E8F76CFB98B1436A4BB153F89B
:108B4000502C9169A142A3F1880309D0D3F8883051
:108B5000F4E7406828B18369A34202D00068F9E7CE
:108B6000104610BD0120704708B5E8F751FB98B1D9
:108B7000436A8BB1BFF35B8F883B03F1340252E849
:108B8000000F20F0080042E800010029F7D1BFF3F0
:108B90005B8FD3F88830ECE708BD08B50421FFF7F8
:108BA0002FFB30B1BFF35B8F006BBFF35B8FC0F364
:108BB000C00008BD1060002070470B4609895A8A22
:108BC000914238BF11469A8A8A4203D099829B69A2
:108BD00003B11847704710B5029CA36833B1B1F5D3
:108BE000807F28BF0E21CAB221469847A37DE26844
:108BF000013BDBB2A37522B11BB92046BDE8104092
:108C0000104710BD10609180002070470020704711
:108C1000F0B507683D7889B006461446DDB97B8813
:108C2000B3F5245F04D010D8A3F52053032B12D83A
:108C3000ADF80A1002220DF10A012046FEF770FB82
:108C400068B96FF01502A26506E003F55643FF33DD
:108C50009BB2042B1ED90125284609B0F0BD7B88A4
:108C6000ADF80A3002220DF10A012046FEF758FB4A
:108C70000028E6D00020009003AA7768132331462D
:108C8000B847021EDFDB03A92046FEF749FB002898
:108C9000E1D1D6E7ADF80A1002220DF10A01204613
:108CA000FEF73EFB0028CCD07B88ADF80A300222CC
:108CB0000DF10A01E8E7FDF763BD08B5072204F0EE
:108CC000EDF9B0FA80F0400908BD70B50378934221
:108CD00004460E46154603D10130FFF7EEFF68B992
:108CE000A37AAB420CD1314604F10B00FFF7E5FF4C
:108CF00018B101230A2202FB034070BD0023F9E7EB
:108D00000020FAE710B50346BFF35B8F53E8000F6E
:108D100040EA010243E80024002CF7D1BFF35B8F47
:108D200010BD10B50346BFF35B8F53E8000F00EA98
:108D3000010243E80024002CF7D1BFF35B8F10BD84
:108D40000B6803608B8883808B7983717047FDF794
:108D500020BD11F1680F01D0E9F73EB87047BFF3AD
:108D60005B8F0068BFF35B8F704710B502210C303A
:108D7000144601F03EFF63890380002010BD10B54A
:108D800004210C30144601F034FF23890380E38969
:108D90004380002010BD10B502210C30144601F0B4
:108DA00028FF23890380002010BD10B504210C305A
:108DB000144601F01EFF238903806389438000204D
:108DC00010BD38B500F10C0404212046154601F011
:108DD00010FF2B890380EB8943802B7C33B94FF440
:108DE0002051204601F01CFF002038BD42F6010151
:108DF000F7E738B500F10C0404212046154601F0D0
:108E0000F8FE2B890380EB8943802B7C022B04D056
:108E1000032B09D02B68598801E042F60201204655
:108E200001F0FEFE002038BD42F60301F7E770B501
:108E30001446002500F10C066268EBB29A4205F177
:108E4000010501D8002070BDA268304632F8131029
:108E500001F0E6FEF0E7FFF7EABFF7B5089D06462A
:108E60002F680C4651B973B9002308932A46E1B222
:108E70003046BC4603B0BDE8F0406047B1F5807FA6
:108E800028BF0E24F0E7009313462A46B8470894FB
:108E90002F6823462A462146EAE7F0B587B00D46FB
:108EA0000C9C114606461A465DB983B92768002313
:108EB0002246E9B23046BC460C9307B0BDE8F0400C
:108EC0006047B5F5807F276828BF0E25EFE703A828
:108ED00001F085FEBDF81030012B08D80023009367
:108EE0002568224619463046A84707B0F0BD022142
:108EF00003A801F0AFFE0346BDF8102033F8027B53
:108F0000974228BF17460097256822460021304621
:108F1000A847394603A801F09DFEDBE738B5BDF848
:108F20001040A24215460AD8A41A8C42A8BF0C468B
:108F3000A4B22246591904F0FCF9204638BD6FF05E
:108F40000604FAE730B585B0C96814461D46E8F74F
:108F5000FDFE00B10089ADF80E0002230093BDF8BC
:108F600020200DF10E0329462046FFF7D7FF05B05C
:108F700030BD1FB50C461946E3681C781046BDF895
:108F800018203CB110240133069404B0BDE8104011
:108F9000FFF7C4BF5B88ADF80E30022300930DF1DC
:108FA0000E03FFF7BBFF04B010BD30B585B01D4602
:108FB000002314468DF80C30E8F7A6FE10B1037AB2
:108FC0008DF80C3001230093BDF8202003AB294617
:108FD0002046FFF7A3FF05B030BD2DE9F041144650
:108FE0001D46BDF81870E4F7A9FD0646DCF71FF929
:108FF00080B2069033463A4629462046BDE8F04105
:10900000FFF78CBF30B585B014461D46FEF767FCF0
:109010000223ADF80E000093BDF820200DF10E03E1
:1090200029462046FFF77AFF05B030BD1FB5194627
:1090300001238DF80F30009310460DF10F03BDF89A
:109040001820FFF76BFF05B05DF804FB38B500F1A1
:109050000C0506212846144601F0CBFD2389038028
:10906000E3894380237C002B42F6010308BF4FF4C1
:109070002053838021680B781BB1022B06D000207F
:1090800038BD4988284601F0CBFDF8E710220131B0
:10909000284601F0B4FDF2E738B500F10C040421D4
:1090A0002046154601F0A5FD2B8903806B8943807E
:1090B000E9680B782BB94988204601F0B1FD002002
:1090C00038BD10220131204601F099FDF7E7022A50
:1090D00010B508D1002300F188011A46007AE8F79C
:1090E0002DFF022010BDE9F727F8FAE72DE9F04738
:1090F00006460D464FF4702000219DF820A0DDF8B3
:10910000249090461F46E8F75BFB044688B1456013
:1091100080F811A0C0F81490C760C0F818804A46C3
:1091200051463046E8F79AF8054638B92046E8F740
:109130006FFB6FF00B052846BDE8F0870022114653
:109140000123E8F7E3FCA560284642464946B847B4
:10915000054618B12046E8F75BFBECE721463046B0
:10916000FFF7C9FC05460028E5D0F3E738B500F164
:109170000C0502212846144601F03BFDE3890380DB
:10918000218A284601F04CFD042104F11400FFF768
:10919000B9FD002038BD08B50C3029B10121FFF719
:1091A000B1FDC043084008BD6FF00101FFF7B9FDF4
:1091B00000F00100F7E710B50446FFF7ECFF38B107
:1091C00021460122BDE8104011F8010BE8F754BE1A
:1091D00010BD38B504461546FFF7C4FC48B120461B
:1091E000E8F792FD28B1037ADB0702D50121FFF7EA
:1091F000E2FF55B9207A04F18801E8F7D1FC20B1EB
:109200008560BDE83840E8F781BE38BD13B5044637
:1092100010B9002002B010BD00238DF804300068A2
:1092200042F6030301A9ADF80630FEF7D6F900288F
:10923000EFD1E36898880028ECD12046E9F7CEFA10
:10924000013080B2E6E770B5CC6888B008461E46AB
:10925000A3798DF80C301546FFF7D8FFADF80D0057
:10926000246823786BB96388ADF80F300523009329
:10927000BDF8302003AB31462846FFF74FFE08B05B
:1092800070BD631C0DF10F02113453F8041B42F83A
:10929000041BA342F9D11323E9E71FB5CDE901234C
:1092A000002300931A46E9F7C9FA05B05DF804FBFC
:1092B000E9F798BB38B5D4074B8A054604D513F0B7
:1092C000950F2BD0486848B3900704D513F4957FC9
:1092D00026D0896821B302EA030414F4DE7F0DD09E
:1092E000EB7A2BB92846FEF7F4FDD8B9052038BD36
:1092F00014F0300F04D114F4C07F07D10020F6E73A
:109300002846FEF76BFE0228F5D8EFE7D5F8B8300F
:10931000002BEBD05B7BDB06E8D5EFE70220E6E72E
:109320000320E4E70F20E2E72DE9FF41437B072B11
:1093300005460C46164610D100238DF80C302068E7
:1093400042F6030303A9ADF80E30FEF746F960B903
:10935000E3689B7913F0300F03D1002004B0BDE81F
:10936000F0812046E9F70CFC0446002320688DF8C4
:109370000C3003A942F60213ADF80E30FEF72DF9BA
:1093800018B12046E9F7FCFB0446002742F6021814
:1093900020688DF800706946ADF80280FEF71DF96F
:1093A00020BB002320688DF80C3003A942F602137D
:1093B000ADF80E30FEF711F90028CED1E468224650
:1093C000284612F8011BFEF734FE10B123891E4215
:1093D0000AD1A17A04F10B022846FEF72AFE0028E2
:1093E000BBD0638A1E42B8D00120B7E720688DF851
:1093F000047042F6030301A9ADF80630FEF7EDF85C
:109400000028CED020688DF808704FF4205302A9B0
:10941000ADF80A30FEF7E1F80028C2D020688DF8D8
:109420000C7042F6010303A9ADF80E30FEF7D5F833
:109430000028B6D02046E9F7A3FB04460028A7D1B0
:109440008BE770B50B460546144629B921462846D8
:10945000E9F7C0FE28B970BD4FF6FF72914207D1FF
:1094600021816368224628460021BDE870401847E4
:10947000E28901339BB29A422381E7D2F1E72DE9D9
:10948000F04F89B00646129F144611B913F0030835
:1094900007D07B683A460021304609B0BDE8F04F5E
:1094A0001847C3F3870302EB8305C14642F6010A5E
:1094B000AC4207D13A464146304609B0BDE8F04FCC
:1094C000FFF7BFBF3A7C6388ADF80830002A14BFAD
:1094D00052464FF42052ADF80220102200210DEB2D
:1094E00002001FFA83F83B68B4F800B001938DF8CE
:1094F000009003F046FF01AB0693CDF80CD07B68DB
:10950000ADF81CB03A4603A9304698470434002809
:10951000CED109B0BDE8F08FF0B58FB05389ADF86A
:109520000C309389ADF80E300546022304A8168945
:109530008DF81030144602900DF1110301F1100264
:1095400051F8047B43F8047B9142F9D12168C1B9F9
:10955000002142F6020310220AA88DF80410ADF88B
:10956000063003F00EFF01AB099302AB0C93ADF88C
:1095700034606368224609A92846984728B90FB085
:10958000F0BDFEF72AF80028E2D0218922462846BD
:10959000FFF757FFF3E773B504460D46F7F7C4F836
:1095A00029462046FFF7C4FA014620B902B0BDE8BB
:1095B0007040F7F7CDB846682046E8F77BFAF7F732
:1095C000C7F82EB1002300951A460E212046B04759
:1095D00002B070BD2DE9F0470646884691469A468E
:1095E000E8F7D8FB20B3846814B3256805B1183DAB
:1095F00034F80C3C434518D1183C07E02C46AD69C3
:10960000A389BDB14345A5F11805F7D1A27C737AB2
:109610009A420AD8276853464A4621463046B847F8
:1096200018B921463046EAF749FB2C46002DE6D111
:10963000BDE8F0874345E9D0FAE72DE9F04105465A
:109640008846E8F761FB0446E0B1037ADB0719D5E9
:1096500000F10C073846FFF782FB10F0010611D12C
:10966000B8F1000F0FD06FF002013846FFF759FB39
:1096700010F0020F284609D0FFF776FA01212046A4
:10968000FFF799FD01263046BDE8F081FFF76AFA41
:109690000028F8D02846FFF780FA0028F3D06FF0B2
:1096A00002013846FFF73DFB2846E5E7F8B50646D8
:1096B0000F46E8F759FA394604463046FEF711F9E5
:1096C00068B364B304F108056FF001012846FFF7A1
:1096D00028FBC20703D539463046EAF771FC6FF024
:1096E00002012846FFF71DFB830703D539463046A4
:1096F000E8F7DEFF2846FFF732FB80B9234603F880
:10970000010BC4F80100C3F80300BFF35B8F55E8F9
:10971000003F45E80002002AF9D1BFF35B8FF8BD96
:1097200010B50446A0F1270110F8280CFFF7BEFF82
:1097300014F81C0CA4F11B01FFF7B8FF14F8100C6F
:10974000A4F10F01BDE81040FFF7B0BF38B50446E3
:1097500059B100F188052946007AEAF731FC207AF0
:109760002946BDE83840E8F7A3BF38BDC27A837CFC
:10977000D0F8EC00C07802F0010203F0010340B918
:1097800012B101334B707047002B0CBF0323002331
:10979000F8E722B9002B0CBF03230123F2E75B009B
:1097A000F0E707207047FCF7EBBFBFF35B8F006863
:1097B000BFF35B8F084100F00100704738B50B2103
:1097C00004460430FFF7F1FF08B1002038BDD4F89B
:1097D000B83083B904F18805217A2A462020ECF7B5
:1097E000D1FDC4F8B80030B9217A2A460420ECF73C
:1097F000C9FDC4F8B800D4F8B830002BE5D0DA8938
:1098000012F0240FE1D0A17A02290CD9587BC007AD
:10981000DBD5032907D09206D7D5187BA0F110031A
:1098200058425841D2E70120D0E710B50346D9B1DC
:10983000C88910F0240F17D01A7D5C7B097BA242E7
:1098400028BF2246914201D9002010BD820604D4CF
:10985000187A003818BF0120F7E70521181DFFF717
:10986000A4FF0028F4D1EFE70120EEE708B5D0F817
:10987000EC20927A032A034615D004D8013A012A33
:1098800014D908200EE0042AFBD1027D417B8A42D4
:1098900028BF0A46102A0BD105210430FFF785FFA7
:1098A00008B9032008BD1B7A002BFAD00020F9E785
:1098B0000620F7E701238B40DB43BFF35B8F50E8C3
:1098C000002F1A4040E800210029F8D1BFF35B8F38
:1098D0007047FCF75EBF08B50621FEF791FC18B98A
:1098E000BDE80840EAF770BDEC3808BD4FF47022BF
:1098F000002300F59070F6F791BC01238B40BFF375
:109900005B8F50E8002F1A4340E800210029F8D16E
:10991000BFF35B8F704708B50E21FFF7EEFF002005
:1099200008BD10B5072104460430FFF7E6FF082004
:10993000EAF72AFC20B92046BDE81040EAF7C6BD88
:10994000002010BD70B5051D0E4628460421FFF706
:109950002CFF68B10022002100230846FEF71AFC04
:10996000044640B904212846FFF7C7FF204670BDD2
:109970004FF47022EFE701210C3001F03AF9067044
:10998000F4E738B502210446FFF7DCFF054680B155
:1099900006210C3001F02DF9D4F811300360B4F831
:1099A00015308380002220462946EAF725FD002055
:1099B00038BD0820FCE738B504210446FFF7C2FF94
:1099C0000546A0B110210C3001F013F904F1270372
:1099D00004F1370253F8041B40F8041B9342F9D1F9
:1099E000204600222946EAF707FD002038BD08205E
:1099F000FCE770B50C460D210646FFF7A3FF0546B0
:109A000098B110210C3001F0F4F8214604F1100354
:109A100051F8042B40F8042B9942F9D1304600222A
:109A20002946EAF7E9FC002070BD0820FCE730B5C4
:109A3000012303FA01F1CA43BFF35B8F50E8003FF3
:109A400003EA020440E80045002DF7D1BFF35B8F25
:109A5000194214BF0120002030BD70B500F1880606
:109A600004460D4607220968304603F017FB48B943
:109A70006B681A68C4F888209A88A4F88C209B79AF
:109A800084F88E3070BD70B5031D04460025D0F8F3
:109A9000EC60BFF35B8F53E8002F43E800510029CF
:109AA000F9D1BFF35B8F04F5907002F044FF25728B
:109AB000BFF35B8F54E8003F44E80052002AF9D11D
:109AC000BFF35B8FF3782BB90B212046BDE87040C4
:109AD000FFF713BF0121F8E7F0B589B0DDE90E67A4
:109AE000054630788DF8000038788DF80100106850
:109AF000CDF8020090889279109C8DF808201A68A1
:109B0000CDF809209A889B79ADF80600ADF80D20B4
:109B10008DF80F3001F1100C2246684611F8013B18
:109B200010F801EB614583EA0E0302F8013BF5D121
:109B300022462146284602F094F9034628BBB7F88E
:109B40000520ADF81420D6F80120D7F80100CDF893
:109B50001620B6F8052004900793ADF81A2004F1FA
:109B60001000234604A913F8016B11F8012B83425E
:109B700082EA060203F8012CF5D122462146284646
:109B800009B0BDE8F04002F06CB909B0F0BD7FB596
:109B90000321D0F8EC400546FFF7D4FE0646C0B1DD
:109BA00010210C3001F025F804F196038F34029057
:109BB0000193009405F1100305F1090205F1270155
:109BC00005F14700FFF788FF044628B13046EDF75E
:109BD000E5FC082004B070BD024631462846EAF78D
:109BE0000BFC281D2146FFF765FE2046F2E708B56D
:109BF000D0F8EC20D278034632B90321FFF77DFE7E
:109C0000BDE80840FFF7C3BF021D0A211046FFF759
:109C1000CCFD10B904211846F0E710460021FFF7EB
:109C20006CFE002008BD2DE9F7430B9FCDE9002312
:109C30000446FFF750FE0546002800F08580BDF879
:109C40002880061DB8F1000F2AD1DDE90032134348
:109C500026D103213046FFF7A8FD002858D0012166
:109C60003046FFF7A2FD002852D02C7D6B7B9C4232
:109C700028BF1C46224605F14701384603F059FB30
:109C80000F2C05D8C4F110020021381903F079FB1C
:109C900030460121FFF731FE012003B0BDE8F0831B
:109CA000D4F8B830BBB904F18809217A4A4620209B
:109CB000ECF768FBC4F8B80030B9217A4A460120B5
:109CC000ECF760FBC4F8B800B8F1000F03D1DDE990
:109CD0000032134320D0D4F8B880B8F1000F26D05A
:109CE000B8F80E30DB0722D50822694608F140009B
:109CF00003F0D4F9D8B902220AA908F1480003F008
:109D0000CDF9A0B998F80C4008F14A012246B4E711
:109D1000D4F8B830002BC6D0D4F8B8100029DAD067
:109D2000CB899A06D7D50C7B1A312246A5E70F219D
:109D30003046FFF73AFD20B1022206212046E6F721
:109D400091F92846FFF79FFE0020A6E76FF08500F7
:109D500070477FB500250C4610226946CDE90055B5
:109D6000CDE90255064603F099F978B10123224660
:109D70002146304623706570A570E5706560A5606A
:109D8000E56004B0BDE8704002F06BB86FF01500FC
:109D900004B070BD2DE9F743C67804463EB1012EEC
:109DA0003ED06FF01504204603B0BDE8F083FFF706
:109DB00092FD054610B96FF07F04F4E7061D0321FC
:109DC0003046FFF7F2FC10B16FF00F04EBE7012112
:109DD0003046FFF7EAFC0028F6D12046FFF7EEFCFC
:109DE00028B9204603B0BDE8F043EAF79DBFD4F898
:109DF000B8100B7B009301F1180201F11A03204601
:109E00001031FEF77DF804460028CCD10B212846FE
:109E1000FFF773FD01213046FFF76FFD0024C2E715
:109E2000FFF759FD05460028C5D000F104080421BC
:109E30004046FFF7BAFC002851D103214046FFF706
:109E4000B4FC0028C0D131464046FFF7AEFC0028E4
:109E5000BAD12846EAF742FA68B1D4F8B83083B9E3
:109E6000207A04F18801ECF74FFAC4F8B80040B941
:109E70006FF00B0497E72046FFF7A0FC0028ECD119
:109E80008FE72846EAF706FB074610B16FF0680433
:109E900089E70B212846FFF755FD06460028F5D037
:109EA00001210C3000F0A5FE092181462846EAF781
:109EB00007FF3B4689F800003246204600970621FE
:109EC000FEF76BF9044618B13046EDF767FB6AE719
:109ED0000F214046FFF711FD012128469CE76FF056
:109EE000040460E770B505460820EAF74DF904461A
:109EF000E8B1061D08213046FFF7DCFC002D3DD0FF
:109F00000721FFF7D7FC284604F1970305F120024B
:109F100050F8041B43F8041B9042F9D10A21304643
:109F2000FFF743FC68B109213046FFF7E6FC072044
:109F3000EAF72AF9044618B1EAF7C8FA0146B0B9B7
:109F400070BD10213046FFF730FC09210028EBD10D
:109F50003046FFF72AFC0028E9D0D4F8EC30DB7853
:109F6000204643B9EAF7E8FC01460028DFD0204646
:109F7000EBF7DAFDDBE7EAF74FFDF5E70B21F6E754
:109F800010B50C460621FEF731F910F8043C23EA1F
:109F9000040100F8041C30F8041C21B9BDE810408D
:109FA000EC38EBF72BBD10BD2AB98378012B02D119
:109FB0000221FFF7E5BF704722B98178012901D15D
:109FC000FFF7DEBF704770B50446A0F1EC0650F80D
:109FD000343BE83CD3F8B85002F0ADFC03212046F6
:109FE000FFF7E3FBA0B108213046EBF707FD3DB1D9
:109FF000EB8913B16B7B9B0702D5284600F02BF849
:10A0000030464FF4AC72BDE87040002103F0B9B99E
:10A0100001212046FFF7C9FB0028E4D10F2120468B
:10A02000FFF7C3FB0028DED1E1E7E4F745B970B5DF
:10A0300004460D461646ECF7A5F938B931462846D0
:10A04000ECF762F910B1C3891C43C48170BDC389A8
:10A050001943C181704710B5037A5B07044601D5E7
:10A06000E4F744F9214611F8010BE2F721F8204604
:10A070005C22BDE81040002103F083B9531E19444F
:10A08000024411F8013900F8013B9042F9D17047C0
:10A0900010B5431E00F11002073013F8011F12F82B
:10A0A000014D1C7083421170F7D110BD70B5C2B064
:10A0B0000D461646014616AA68461C46FDF705F9E8
:10A0C00018B96FF0040042B070BD324629466846A8
:10A0D000FDF726F90028F4D069462046FDF78AF9F5
:10A0E0000028EED00020EEE7F0B597B014460E46FB
:10A0F0002022014605A81D461C9FFFF7BFFF202216
:10A1000031460DA8FFF7BAFF2146102201A88DF8AD
:10A110005450FFF7B3FF3B46412205A901A8FFF7C2
:10A12000C5FF044610B93846FFF7B2FF204617B006
:10A13000F0BD2DE9F04397B00446164605A810225D
:10A140001D46DDE91F98219FFFF798FF1022314639
:10A1500009A8FFF793FF102229460DA8FFF78EFFED
:10A160001E99032211A8FFF789FF4946D9F801007B
:10A1700011F8013B8DF8473012908B88ADF84C30C8
:10A18000062212A8FFF77AFF4146062211F8013B8A
:10A190008DF84E30D8F80130CDF84F300DF14F002A
:10A1A0008B88ADF85330FFF769FF2146102201A8D4
:10A1B000FFF764FF3B46412205A901A8FFF776FFA0
:10A1C000044610B93846FFF763FF204617B0BDE8D4
:10A1D000F083012902D0022904D0704702F596705D
:10A1E000F5F77ABF02F1E000FAE710B5036EB0F8B8
:10A1F000B8205B6803EB02130446D88940F2E731CC
:10A200004FF47A72002301EBC0300021BDF7E6FB6A
:10A2100002460B4604F1F000BDE81040F5F7CABF56
:10A2200050F8483C1BB10121A838ECF7D3BA70476D
:10A2300002217838ECF7CEBA61B9B0F8B830013302
:10A240009BB2026EA0F8B8301189994204D1002166
:10A25000ECF7C0BA0023F4E7526802EB03139A88C4
:10A260005AB10023C364A0F85830A0F8DE300123AF
:10A2700080F8DC30E030F5F72FBF9A892AB19A6870
:10A28000C2649B89A0F858307047FFF7AEBF50F802
:10A29000903C1BB10021F038FFF7CEBF704770B57E
:10A2A000B0F82831012B044622D0022B14D073BB06
:10A2B000D0F820311D6925B14368B0F84A20416CBF
:10A2C000A847D4F82031597B11F002011FD1204654
:10A2D000BDE87040FFF7B0BFD0F820311D69B5B1BF
:10A2E000AC464368B0F84A20416CBDE87040604716
:10A2F000D0F820311D6925B14368B0F84A20416C7F
:10A30000A84720460121BDE87040ECF763BA70BD54
:10A3100070B550F8043C40F8083CDA6840F8182C56
:10A320001B8A20F80E3C044601216838FFF784FFA1
:10A3300054F8083CBBB19D694FF47A735D434FF408
:10A34000004640F2E73000214FF47A720023E5FB2B
:10A350000601BDF743FB02460B4604F11000BDE8C1
:10A360007040F5F727BF70BD38B550F8803C044603
:10A37000A0F1E00533B110F8043C012B03D0022B0F
:10A380000CD0ABB938BD2846ECF7D0F90028F9D08D
:10A39000002324F8023C022304F8043C2846ECF78E
:10A3A000C5F90028EED0002324F8023C04F8043C50
:10A3B00054F8803C34F8282C5B6803EB02139A892C
:10A3C00032B19A6844F8942C9B8924F8883CD9E7E8
:10A3D000D989284619B1BDE83840FFF706BFBDE866
:10A3E0003840FFF729BF30B5044600688BB008B18C
:10A3F00000F0FDF8694604F1680002F05BFA694676
:10A4000004F1A80002F056FA694604F5967000259A
:10A4100002F050FA694604F1E00002F04BFA2560C0
:10A42000E5812586A4F84A502566A4F8B85004F1C1
:10A43000BC03BFF35B8F53E8002F43E800510029B2
:10A44000F9D1BFF35B8F012384F8C03004F1C4005D
:10A45000F5F7A6FCC4E94855C4E9135584F8DC5067
:10A46000A4F8DE50A5650BB030BDF5F769BBF5F774
:10A47000DFBB10B50023C0E90233037490F830301D
:10A4800023F0030343F00203C0E90012044680F8FE
:10A490003030143002F089F804F12800BDE8104093
:10A4A00002F08CBA70B5044600F114064FF0FF3389
:10A4B0004FF0FF323046FFF7D8FF237C012B05D148
:10A4C0003046FFF7D4FF0025284670BD636820683A
:10A4D0001B689847051E03DA3046FFF7C8FFF3E70D
:10A4E000237C012BECD000234FF4A022314604F151
:10A4F0002800F5F7B5FE237C012B14BF6FF00A0589
:10A500000025E9E7F8B5044600F1140716464FF0B8
:10A51000FF334FF0FF3238460D46FFF7A6FF94F8A1
:10A520003030DA07C4E9025604D51DB132460121A4
:10A530002046A84794F830309B0705D5A3681BB187
:10A54000E2680221204698473846BDE8F840FFF708
:10A550008EBFF8B5044600F114064FF0FF331746DE
:10A5600030464FF0FF320D46FFF77FFF237C33B9B3
:10A570003046FFF77CFF4FF0FF352846F8BD636893
:10A5800020685B6829463A46984794F830306FF364
:10A590004103054684F830303046FFF768FFECE7AA
:10A5A000F8B5044600F114064FF0FF331746304665
:10A5B0004FF0FF320D46FFF758FF237C33B930468A
:10A5C000FFF755FF4FF0FF352846F8BD6368206858
:10A5D0009B6829463A46984794F830306FF3000359
:10A5E000054684F830303046FFF741FFECE738B5D8
:10A5F00000F1140504464FF0FF3328464FF0FF32B8
:10A60000FFF733FF0023C4E902332846BDE8384092
:10A61000FFF72DBF70B5044600F114064FF0FF336D
:10A620004FF0FF323046FFF720FF237C2BB9304636
:10A63000FFF71DFF0025284670BD63682068DB68B2
:10A640009847051E03DA3046FFF711FFF3E7237C36
:10A65000002BECD000234FF4A022314604F1280057
:10A66000F5F7FEFD237C002B14BF6FF00A050025D3
:10A67000E9E738B500F1140504464FF0FF334FF019
:10A68000FF322846FFF7F1FE01232374A36843B18C
:10A69000E268002120469847D4E902320221204690
:10A6A000984704F12800F5F7BFFD2846BDE838407B
:10A6B000FFF7DDBE38B500F1140504464FF0FF3357
:10A6C0004FF0FF322846FFF7D0FE0023237494F8A2
:10A6D000303023F0030343F0020384F83030A368E2
:10A6E0001BB1E26803212046984704F12800F5F7E2
:10A6F0009BFD2846BDE83840FFF7B9BE38B5044693
:10A7000000F114054FF0FF334FF0FF322846FFF7FA
:10A71000ACFE94F8303043F0010384F83030A36885
:10A720001BB1E2680121204698472846BDE8384021
:10A73000FFF79DBE38B5044600F114054FF0FF3316
:10A740004FF0FF322846FFF790FE94F8303043F088
:10A75000020384F83030A3681BB1E268022120466E
:10A7600098472846BDE83840FFF781BE012903D14C
:10A7700002F13400F5F7B0BC7047F8B50446A1F11A
:10A780000800B0F5807FBDF81C5024D8E81D884231
:10A7900021DAB5212170E37062212B0A6170A27069
:10A7A00063712A4606992571A01D02F0C2FD05F1CC
:10A7B000080080B20023871E02221E46A15C0132DF
:10A7C000314453FA81F3BA42CEB2DBB2F6D32C4411
:10A7D000A671E371F8BD4FF0FF30FBE710B5031D24
:10A7E0008AB00446BFF35B8F53E8002F22F00101CB
:10A7F00043E800100028F7D1BFF35B8FD30718D5CB
:10A80000206AFFF7F4FE694604F1240002F052F8D2
:10A81000694604F1340002F04DF804F14400F5F704
:10A82000BFFA04F15C00F5F7BBFA0023E38223765C
:10A8300023620AB010BD6438FFF77CBF3438FFF7DD
:10A840005DBF83681B6D03B1184770478368DB6D7C
:10A8500003B11847704783685B6D03B118477047B1
:10A8600083681B6E03B11847704710B50446006833
:10A87000FFF7F6FF54F8040BFFF7EDFF2046FFF754
:10A8800019FF002010BD2DE9F84390F8E060013E6B
:10A8900018BF01260446770107F1780027442044B9
:10A8A00091468846FBF781FCD7F88820D7F880309E
:10A8B0009A42054601D0BDE8F8832068FFF7D0FF33
:10A8C000206884F8E060FFF7C1FF94F8E030013BB6
:10A8D00018BF012304EB4314A9EB050208EB0501A3
:10A8E00004F17800FBF761FC2844E4E72DE9F0412E
:10A8F0001746D0F8E420BFF35B8FD0F8D830BFF311
:10A900005B8F9A4204460E4600F1D8081BD30546D9
:10A9100055F8B80BFFF79FFF3A4631462846FBF73C
:10A92000F0FB05462068FFF78CFFBFF35B8F58E80C
:10A93000003F2B4448E80032002AF8D1BFF35B8F78
:10A940002846BDE8F0810025FAE713B50023C0E9E9
:10A950002033C0E92333C0E92833C0E92B33C0E9F1
:10A960003033C0E93333C367C0F88830C0F89C3057
:10A97000C0F8A830C0F8BC30C0F8C830044600F1B8
:10A98000D802BFF35B8F52E8001F42E80030002876
:10A99000F9D1BFF35B8F206883689B6C2BB10122D8
:10A9A0000DF1070198470028F5DC2068FFF74EFFFE
:10A9B00054F8040BFFF745FF2046FFF75AFE00202E
:10A9C00002B010BD70B50446EFF31186402383F347
:10A9D0001288BFF36F8F8430FBF7E7FBD4F8942025
:10A9E000D4F88C30054686F31188BFF36F8F9A42F6
:10A9F00005D00022002304F13800F5F7DBFB2846E0
:10AA000070BDA838FFF756BE01238B40DB43BFF370
:10AA10005B8F50E8002F1A4040E800210029F8D150
:10AA2000BFF35B8F704710B504460421BC30FFF7BD
:10AA3000EBFF206883689B689847206883685B69A0
:10AA40009847002010BD70B400F1BC03BFF35B8FCA
:10AA500053E8004F44F0010543E80056002EF7D1BB
:10AA6000BFF35B8FE30702D470BCECF765BB00203B
:10AA700070BC7047F8B5044600F1BC050026BFF372
:10AA80005B8F55E8003F45E80062002AF9D1BFF32B
:10AA90005B8FC4E92366C4E92666C4F88860C4F8FD
:10AAA0009460BFF35B8F55E8003F43F0040345E833
:10AAB0000032002AF7D1BFF35B8FBFF35B8F55E8FD
:10AAC000003F43F0020345E80032002AF7D1BFF30C
:10AAD0005B8FBFF35B8F55E8003F43F0100345E801
:10AAE0000032002AF7D1BFF35B8F2068A16FD4F842
:10AAF00080208368DF6847F23053B84700280ADABD
:10AB0000BFF35B8F55E8003F45E80062002AF9D1AA
:10AB1000BFF35B8FF8BD201DFFF7ABFD3046F9E7B3
:10AB20007047002303824369C3607047416A8968A4
:10AB3000ECF7A8BCF5F7B8B8EFF31182402383F324
:10AB40001288BFF36F8F00230B60436833B9C0E9ED
:10AB5000001182F31188BFF36F8F70471960416055
:10AB6000F7E710B50346EFF31181402282F3128814
:10AB7000BFF36F8F006828B15C6802681A60A0425A
:10AB800008BF5A6081F31188BFF36F8F10BD01F0C9
:10AB900090BD027A013202727047034618465B6824
:10ABA000002BFBD17047426810B52AB10B461C46FA
:10ABB0005B68002BFBD16260416010BD10B504469C
:10ABC00020B90B7A01330B72084610BD03461846B4
:10ABD0005B68002BFBD1FFF7E6FF2046F5E792B25A
:10ABE00081600160C2808280704783680B4403608B
:10ABF00070478388026819448180D018704730B448
:10AC000084880568A3188380281930BC02F091BBA2
:10AC100010B5838802685C1C8480D154D01810BDA4
:10AC20008388026830B5D4189D1C8580D154090AE8
:10AC3000617030BD034600689A88401A114418605C
:10AC4000998070478288521A0346828000680844BF
:10AC500018607047034600689A88521A01449A8027
:10AC60001960704710B503681C780121FFF7EAFFEF
:10AC7000204610BD10B503681C880221FFF7E2FFD3
:10AC8000204610BD02688068101A70478388C28809
:10AC90008168D21A03685B1AD01A704710B503692D
:10ACA000C0E905330023C360837F044613B1407AB3
:10ACB000EEF77AF80123237700236377E377A3770E
:10ACC00010BDFBF75DBDF4F73BBFF4F7B1BF38B57E
:10ACD0000446ECF77FFC054660B1037A6BB1204671
:10ACE0000024EEF7E5F82846AC77FFF7D7FF2C7283
:10ACF000204638BD6FF01500FBE76FF07700F8E7EE
:10AD000070B504460E461546EDF70EFA30B906B991
:10AD100025B12046BDE87040EDF75CBA70BDC34375
:10AD2000C3F3C01300F00F0000EB0310704708B529
:10AD3000EDF7DEFA818208BD08B5EDF7D9FAEFF339
:10AD40001183402282F31288BFF36F8F02690A6079
:10AD5000027B2AB9807D83F31188BFF36F8F08BD12
:10AD60000420F8E710B403460838BFF35B8F50E8BF
:10AD7000002F511C40E80014002CF8D1BFF35B8F6A
:10AD800012B910BCEEF70CB96FF00F0210BC9A6646
:10AD900070470369C9B20C2201FB0233186C00F042
:10ADA0000700704770B5C9B20369EFF311854024FD
:10ADB00084F31288BFF36F8F0C2606FB0134246CDA
:10ADC00014F0C00408D0A24206D085F31188BFF366
:10ADD0006F8F4FF0FF3070BD71430B4401221A6436
:10ADE00085F31188BFF36F8F43680B445B68984706
:10ADF0000020F0E78022FFF7D5BFF8B5069F046971
:10AE0000C9B2EFF31186402585F31288BFF36F8F27
:10AE10000C2569430C44256C05F0070CBCF1010FAF
:10AE20000BD1276486F31188BFF36F8FC4E90E231B
:10AE300043685B5898470020F8BD05F0C005AF4255
:10AE400086F31188BFF36F8F0CBF6FF077004FF060
:10AE5000FF30F1E713B580240094FFF7CEFF02B076
:10AE600010BD10B40069CBB21C2403FB0400002108
:10AE700010BC10470020F2F7D3BB002001F043B80C
:10AE80001046F4F743BF0020704738B50C4615460E
:10AE9000E2F74AFE28B129462046BDE83840E1F7EE
:10AEA00035BF6FF00A0038BDF7B50F4616464FF4B0
:10AEB00080650024A64203D816D0162003B0F0BD4A
:10AEC000331BB3F5806F38BF1D462A4601AB3919D5
:10AED0000020F6F771FC20B9019BAB4201D12C4454
:10AEE000E8E76FF01500E9E70020E7E7002208B582
:10AEF00011461046F6F730FC002818BF6FF0150019
:10AF000008BD18B901F13000F4F700BF70471FB554
:10AF1000002188420CBF0623042301A8CDE90111BA
:10AF200003918DF80430EEF799FD002818BF6FF0FB
:10AF3000040005B05DF804FB7FB5FF2202288DF800
:10AF400003200DF103020CBF3523052300210192DC
:10AF50000122CDE9022103A88DF80C3001AB049148
:10AF60000593EEF77BFD0028A8BF9DF8030007B00E
:10AF70005DF804FB38B50446056900220023284625
:10AF8000F4F7E8FE95F848301BB9AB680BB9F3F756
:10AF90004DFE20691830BDE83840F4F7B7BE10B553
:10AFA00004460069F4F7B2FE206918304FF0FF3212
:10AFB000BDE810404FF0FF33F4F7CCBE38B505467E
:10AFC0000C4601F071F8002D07DBA84205D9401BA3
:10AFD00084428CBF0020012038BD0020FCE770B502
:10AFE0000D462846194616461C46FFF7E7FF28B9C6
:10AFF00021462846BDE87040EFF76CB824B12246E0
:10B000002946304602F095F9002070BDF7B51C4680
:10B010001646002382682360A36013690D4601AAC7
:10B0200069469847019B5A1E01921BB96FF01500A3
:10B0300003B0F0BD0098A26847682168676085B9D1
:10B04000B31AD0F800C0634528BF63461A4403FB17
:10B0500007112160A26002689A4206D80830009069
:10B06000E0E76B1AB3FBF7F3EBE70020E0E71346EA
:10B070000022FFF7CBBF2DE9F047836886B01B693C
:10B080008846914601A902AA98470024A24625466F
:10B09000029BAB4202D806B0BDE8F087019F07EBE8
:10B0A000C50700267B6804933A68B2420AEB0603A0
:10B0B00002D801359A46EBE703940593494603A865
:10B0C000C0470028E7D0049B01361C44ECE713B5C9
:10B0D00014460A4601A9F8F765FF019B20601B781A
:10B0E000002B14BF6FF01500002002B010BD837854
:10B0F0004C2B0FD006D8412B0ED0422B0ED06FF028
:10B1000015007047502B0BD0512BF8D110230B702A
:10B11000002070470223FAE70423F8E70823F6E744
:10B120000123F4E730B50B2985B00546144603D852
:10B130006FF0150005B030BD83695A78002AF7D149
:10B140001B78303BDBB2062BF2D884F82930013B68
:10B15000052B2FD8DFE803F0350335030333022333
:10B1600084F82830E86901AA0A21FFF7B0FF002817
:10B17000DEDB019BB3F5803FDAD22384286A02A983
:10B18000EFF7F4F90028D3DBDDE90232002ACFD152
:10B190009BB26362686A02A9EFF7E8F90028C7DB8F
:10B1A000029B13F10042039A42F10002002ABFD130
:10B1B000A36102E0002384F828300020BAE70323CB
:10B1C000CEE70123CCE7032937B50546144603D85B
:10B1D0006FF0150003B030BD00681146FFF787FF20
:10B1E0000028F5DB686801AA0A21FFF770FF002834
:10B1F000EEDB019BB3F5803FEAD26380A86801AA29
:10B200000A21FFF764FF0028E2DB019BB3F5803FD2
:10B21000DED2A380E86801AA0A21FFF758FF0028C0
:10B22000D6DB019BB3F5803FD2D2E3800020D1E78B
:10B2300008292DE9F74F8246164640F2A2800439CC
:10B24000C1F38F049C424FEAA10900F29D80804621
:10B25000154617464FF0000BD8F8100001AA0A2136
:10B26000FFF735FF002842DB019BB3F5803F3ED25C
:10B270003B70D8F8140001AA0A21FFF728FF002824
:10B2800035DB019B5A2B32D8BB70D8F8180001AAC5
:10B290000A21FFF71CFF002829DB019BB3F5B47FCF
:10B2A00025D2BB80D8F81C00037833B301AA0A2149
:10B2B000FFF70DFF00281ADB019B632B17D8DBB2C9
:10B2C00001227B70FB790BF1010B62F30003FB7130
:10B2D0001FFA8BF39C4208F1100807F10807BBD84E
:10B2E000DAF8000001A9FFF702FF002807DA6FF083
:10B2F0001509484603B0BDE8F08F1A46E1E79DF80E
:10B3000004200023501E08274FF0040C4FF0020EBB
:10B31000082A08D84AB1072807D8DFE800F00D1C32
:10B3200006220606062B102A29D0013399B2A14223
:10B3300005F10805ECD3DCE716F83310202907D90E
:10B340004FF0400885F80680573106F83310ECE7D7
:10B350000121A971E9E785F806E016F833104039B4
:10B36000F3E7013399B2A14285F806C005F108055B
:10B37000D1D3BEE7AF7116F833106439E5E7AA718F
:10B38000D3E74FF00009B4E76FF00B09B1E7826C27
:10B3900042B1C36C33B19A4204D100F10801006894
:10B3A000EFF724B8704737B50D462846114603F12C
:10B3B00008021C46FFF7B6FE00280FDB68686946E6
:10B3C000EFF7D4F8002809DBDDE9003232B9204676
:10B3D000A36403B0BDE83040FFF7D9BF03B030BD70
:10B3E00037B50D462846114603F108021C46EFF713
:10B3F000E1F900280FDB68686946EFF7B7F8002825
:10B4000009DBDDE9003232B92046E36403B0BDE870
:10B410003040FFF7BCBF03B030BD73B50D461646D4
:10B4200031466A4628461C46FFF7CDFE00280EDB53
:10B43000BDF806305BB194F85020BDF8043093425B
:10B4400007D00023A4F84630012384F8503002B01E
:10B4500070BD0133B4F8462084F85030B4F844305D
:10B46000216C9B1A9BB201EBC20228463146FFF7C2
:10B47000DFFE0028E5DBB4F84630BDF806201844AE
:10B4800080B28242A4F84600E1D1216C2068EEF738
:10B49000D1FFD6E738B50D4604465822002101F009
:10B4A00070FF2B6823606B6823642B89A4F84430F9
:10B4B000002038BD5F230B600020704710B5436843
:10B4C00004691B6886B004F52272019304F50273C7
:10B4D000029301A9802304F59070CDE9042303931E
:10B4E000EBF702FDC4F8180106B010BD2DE9F043DA
:10B4F000046985B01D468DF80D3004F51763C4F856
:10B50000543804F6782004F668080A23A4F85C3856
:10B51000C4F85088C4F858080023174604F5066498
:10B520004FF40042C4E900230223019303AB0093CC
:10B530000E464FF00609012305224FF484718DF861
:10B540000C90EFF713FC002808DBCDE900672B46D1
:10B550004A464FF484714046EFF708FC05B0BDE859
:10B56000F08338B50546D0F81801FEF79BFF041E9E
:10B570000BDBD5F8181105F54270EBF761FB041EE3
:10B5800003DAD5F81801FFF745F8204638BD2DE954
:10B59000F3410546D0F804800F46EFF311864023AF
:10B5A00083F31288BFF36F8F0369D3F81801FFF795
:10B5B00031F8041E06DBD8F800008368DB6B7BB92A
:10B5C0006FF057042846FFF779FF2869FFF7C9FF96
:10B5D00086F31188BFF36F8F204302B0BDE8F0817E
:10B5E00069469847041EEDDB0097D8F80000836891
:10B5F0009B6B002BE4D0694698470446E2E72DE9AF
:10B60000F0410669054606F5B96806F542700F4631
:10B61000FEF7E9FED6F818114046EBF717FC041EBA
:10B6200019DB39464046EBF7ADFB04462E6906F5BB
:10B63000B960FFF7D3F8D6F8181106F54270EBF7AA
:10B64000FFFA051E03DAD6F81801FEF7E3FF44EA15
:10B650000500BDE8F081D6F81801FEF7DBFFE5E74D
:10B66000F8B5044606690D46EFF31187402383F3CE
:10B670001288BFF36F8F002208231146FFF736FFB1
:10B6800000280ADB06F505612046FFF7B8FF002811
:10B69000A2BFD6F85438DB882B6087F31188BFF33C
:10B6A0006F8FF8BDF7B53129076904460D461ED9DD
:10B6B000EFF31186402383F31288BFF36F8F684640
:10B6C00000F076F80823062269462046ADF80050BF
:10B6D000FFF70CFF002804DB07F505612046FFF7A4
:10B6E0008EFF86F31188BFF36F8F03B0F0BD4FF06C
:10B6F000FF30FAE72DE9F0410446076986B00E46AF
:10B700001546EFF31188402383F31288BFF36F8F40
:10B7100001A8EFF771FB0023142201A9204603962C
:10B72000FFF7E4FE002806DBA7F85C5807F5056183
:10B730002046FFF764FF88F31188BFF36F8F06B0D0
:10B74000BDE8F0812DE9F743054607690E46EFF3A2
:10B750001189402383F31288BFF36F8F01A800F093
:10B760002FF804234FF000081A460DEB030128467A
:10B77000ADF804808DF80660FFF7B8FE041E0FDBFD
:10B78000C7F8588807F505612846FFF738FF041EFB
:10B7900006DB082E04D14FF440300021F5F782F883
:10B7A00089F31188BFF36F8F204603B0BDE8F083A3
:10B7B0004FF47A7303800123438000238380704712
:10B7C00000230380012343807047F023037000238C
:10B7D000437001238370704743685B68D3F810356A
:10B7E0000B600020704743685B6802EA010021EAB1
:10B7F0000201C3F80805C3F80C1500207047436820
:10B800005B680020C3F80815704743685B68002038
:10B81000C3F80C15704743685A68D2F8043521EA1A
:10B8200003000B40C2F80805C2F80C350020704731
:10B8300010B503695868F8B1884219D19C68086846
:10B840005860A14200D19860002008602AB15A686F
:10B850000A609A68596002B99960002010E081423C
:10B8600006D10868206098688142EDD19C60EBE7C2
:10B87000044600680028F2D1002AE8D16FF01500D4
:10B8800010BD13B54FF080520829136E526E28BFB9
:10B89000082112BA00921BBA0C460A466946019367
:10B8A00001F047FD204602B010BD37B50446002226
:10B8B00001210420DFF7DCFE6368DD6901AA0021B5
:10B8C000284600F012F800280DDB019B2A68197940
:10B8D0001868EFF79BFD002805DB204603B0BDE8A4
:10B8E0003040EFF7D5BC03B030BD30B543681360CE
:10B8F000057A446804EBC504A34202D36FF001004B
:10B9000030BD5C798C4201D00833F0E70020F7E7C6
:10B9100002690B46D2E9010183E803000020704769
:10B9200043681B68D3F88004C3F88004704710B5DF
:10B9300044682368C3F84415C3F848250022C3F8B7
:10B940002021D3F82011C3F85821D3F85821626878
:10B95000D20608D5426812680821C2F800154FF4D3
:10B960008002C3F8042301229A6010BD4368026973
:10B970001B68D3F8100150B19269002012780A7048
:10B98000C3F81001D3F8102101221A6070474FF05C
:10B99000FF307047002A10B5044610DD43681B686D
:10B9A000D3F8100150B122690020C3F81001926948
:10B9B000D3F8100112780A700120186010BD002021
:10B9C000FCE7436801691A68EFF31183402080F3B4
:10B9D0001288BFF36F8FC968002088734FF480010D
:10B9E000C2F8041383F31188BFF36F8F70470369A4
:10B9F000DB6801229A7370470369DB689A7B02F067
:10BA0000FF0162B942681268D2F8580140B1D2F819
:10BA1000040310F4800003D0196101207047002056
:10BA2000704743681B68D3F81001003818BF012025
:10BA3000704743681B681022C3F8042370474368AB
:10BA40001B681022C3F80823704743681B684FF433
:10BA50000072C3F80423704743681B684FF40072F8
:10BA6000C3F80823704738B543681D68D5F8043318
:10BA70005B02044605D4D5F8040310F0100006D18B
:10BA800038BDFFF7B9FF0028F5D00120F8E72046C0
:10BA9000FFF7C7FF003818BF0120F1E7012070470A
:10BAA0000369D8680160DB685A6070470268034622
:10BAB000D2F8580140B95B689B0706D4D2F8200140
:10BAC000003818BF0120704701207047F8B506699B
:10BAD000F3689C89BFF35B8F9442A8BF1446054668
:10BAE0001033012253E8000F002803D143E8002758
:10BAF000002FF7D1BFF35B8F0CBF134600231ED17D
:10BB0000F3682246986801F014FCEFF31187402394
:10BB100083F31288BFF36F8F6868FFF7C7FFF3687E
:10BB200038B91861044687F31188BFF36F8F204638
:10BB3000F8BD996822462846FFF7F9FEF3E71C4650
:10BB4000F5E710B442681368D3F80413C90517D594
:10BB5000D3F82011A1B1EFF31181402484F31288AE
:10BB6000BFF36F8FD3F8204134B10024C3F82041D4
:10BB7000D3F820410124DC6081F31188BFF36F8F7B
:10BB80005268D20619D5EFF31181402282F3128850
:10BB9000BFF36F8FD3F8582112B10022C3F80025EC
:10BBA0000269D2680AB112691AB94FF48002C3F867
:10BBB000082381F31188BFF36F8F0269D4686CB1D9
:10BBC000D3F8581161B100212161D468A47B3CB144
:10BBD0004FF48000C3F80803D368997310BC704712
:10BBE000D3F8241121B10021C3F82411D3F8243152
:10BBF000D2681368002BF1D0516810BC1847FAF7CF
:10BC0000BFBD002201212320DFF732BD10B50B6834
:10BC100013B91360184605E003685C681CB1146032
:10BC20000368186810BD083303600B68013B0B60A4
:10BC3000EDE703460A4600681979012303FA01F18A
:10BC400003691B68194218BF82F0010212B18368B0
:10BC5000DB68184783681B69FBE710B50368044677
:10BC60004BB19A683AB1186900F0AAFB206800212C
:10BC70000830FFF7DEFFA36933B9636004F11000F9
:10BC8000BDE81040F4F742B810BD10B50069036874
:10BC90008B4206D190F86C4034B9FFF7DEFF2046A6
:10BCA00010BD6FF01500FBE76FF00F00F8E7F8B577
:10BCB0000C46054600F0F5F90022214606462846C6
:10BCC000F2F7C2F903212046F0F748FA00F023F812
:10BCD00007462B689B5953B100262146284600F0A1
:10BCE000DEF920460121F0F739FA3046F8BD00F0C0
:10BCF00012F8C01B0628ECD96FF07306EDE700F1CF
:10BD000050039B009BB203F1804303F5883300226C
:10BD10001A601B68704708B5F0F7E6FA08BD012302
:10BD200003FA01F103691B68194203D022B1836849
:10BD30001B6903E0002AFAD08368DB68184710B556
:10BD4000F1F794FB4FF0FF304FF0FF31F0F7F6FCC6
:10BD5000044620B9BCF702FD0446F0F7F7FC204684
:10BD600010BD38B5038A054673B3037EA3B1022B19
:10BD70002AD14FF0FF304FF0FF31F0F7DFFC0446DF
:10BD800040B9E868D3F7D1FF0446F0F7DFFCB4B15F
:10BD9000F0F772FD204638BD4FF0FF304FF0FF3115
:10BDA000F0F7CCFC04460028F4D1E868F0F79EFEDA
:10BDB0000446F0F7CBFC002CECD1F0F75DFD2846F3
:10BDC000EBF7ECFB0024E5E76FF01504E2E7F0F792
:10BDD00015BE10B530220446002101F0D2FA20230E
:10BDE00023708023A3706FF03F0363710423A37259
:10BDF0002823A3730223E3730423A3756FF00803BE
:10BE00006376FF23A376E3767F232377302384F8BA
:10BE100020306FF03F0384F821307F2384F82230F4
:10BE20006FF0010384F82330012384F82430802349
:10BE300084F82630042384F8273084F829304023FE
:10BE400084F82D3010BD002303604360037863F055
:10BE500002030370437823F0410343F0410343702E
:10BE6000704708B50323D2F797FE002008BD01F103
:10BE70002003013813F8012D00F8012F8B42F9D16E
:10BE800070470021F1F714BB90F84010012901D848
:10BE9000F1F70EBB12207047684620F007018D466F
:10BEA00001B5D0F7C9F9DFF77BF8BDE80140854659
:10BEB000704708B54FF0FF314FF0FF30F0F73EFC10
:10BEC000D9F706F9BDE80840F0F740BC684620F015
:10BED00007018D4601B5D0F769F9BDE801408546F7
:10BEE0007047684620F007018D4601B5CFF7A4FBE7
:10BEF000DFF756F8BDE801408546704708B5D8F72A
:10BF0000D4FD002008BD012801D1CFF747BC704700
:10BF10007047CFF795BC08B5D2F7CAFD30B1EFF343
:10BF200005800338032894BF0020012008BD704716
:10BF30000020704710B53B29046901D00C2904D1B9
:10BF4000D2F7ECFE2060002010BD6FF08500FBE70B
:10BF5000F5F7ACBB08B5DEF7B7FEDEF78BFFBDE843
:10BF60000840F5F7A3BB004700F02ABAC00000F173
:10BF7000804000F5F830C0F81015C0F8142570475F
:10BF8000F7B5019001A8DDE9084716461D46F1F70F
:10BF9000A1FD019BB6F1000C18BF4FF0010C00EBA6
:10BFA00083000B1E18BF0123002D43EA4C0314BF6E
:10BFB0004FF00C0C4FF0000C002C43EA0C0314BFA4
:10BFC0004FF4E06C4FF0000C002F43EA0C03D0F864
:10BFD000002714BF4FF4403C4FF0000C43EA0C0321
:10BFE00022EA030301B109780EB1367876001943CD
:10BFF0000DB12D78AD0031430CB1247824022943D2
:10C000000FB13F783F040C433C43C0F8004703B0F6
:10C01000F0BD1FB50DF10F03019300238DF80F1034
:10C0200000931A461946FFF7ABFF05B05DF804FB15
:10C0300008B50146F1F7A0FD40B10846F1F784FDCF
:10C0400000B2800000F5807080B208BD4FF4BE7071
:10C05000FBE738B5054608460C46F1F78DFDB0B153
:10C060000846F1F77DFD90B90846F1F76DFD2A68A5
:10C0700001238340C2F808332A6803B202EB83032A
:10C08000D3F8102522F00302C3F8102538BD20464E
:10C090000021BDE83840FFF7BCBFF1F7F3BDFFF763
:10C0A000D8BF0846FFF7C4BF4FF080531A695869DC
:10C0B000504370474FF08053186970474FF08053DA
:10C0C0005869704700F180431A68002A1FBF002298
:10C0D0001A601B68012008BF002070474FF08043A2
:10C0E0004FF46072C3F8042370474FF080434FF45D
:10C0F0006072C3F80823704708B5F2F765F9BDE828
:10C100000840FFF706BF30B502240C72CA6004680D
:10C110000125C4F80055096879B112F0040F0CBF6D
:10C1200082219221150748BF41F02001D4060468FE
:10C1300048BF21F08001C4F800139B000168083358
:10C1400012F0800006BF0122CA50C81830BD30B5B9
:10C15000A2F58075AD080124AC400C4207D081588F
:10C1600029B10021815082581A6822431A6030BDDB
:10C1700013B500230C4601934FF4887201ABFFF70F
:10C18000E6FF21464FF48A72FFF7E1FF21464FF4A4
:10C190008E72FFF7DCFF21464FF48272FFF7D7FF64
:10C1A00021464FF48472FFF7D2FF21464FF4867286
:10C1B000FFF7CDFF4FF48C722146FFF7C8FF0198BF
:10C1C00002B010BDF2F766B90223F2F7BBBA03233F
:10C1D000F2F7B8BA00210220F2F744BD07B501908A
:10C1E00001A8F2F7D7FD019A01239340C0F8083562
:10C1F00003B05DF804FB07B5019001A8F2F7CAFD92
:10C20000019A01239340C0F80C3503B05DF804FB9C
:10C2100037B5D0F818358A69DBB28DF807300B6A6C
:10C2200093423EBF4A699DF80740D4540B6A91F887
:10C2300024500C695A1C0A62023335B1A3428C693E
:10C2400038BF0B619C4288BF8B610D699D4205D947
:10C25000CA68D35CC0F81C3501200AE08C699C4296
:10C2600001D9CB7FF6E7AA42F6D3A2422CBF002029
:10C27000012003B030BD30B5D0F804312BB100231C
:10C28000C0F80431D0F80431012391F82F2022B3F3
:10C290000022C0F82421D0F82441C0F81C21D0F895
:10C2A0001C41C0F80821D0F80821002B79D00022C9
:10C2B00081F82D2091F82F20002A37D14D6B8C6A00
:10C2C000A5421FBF0523C0F80025C0F8003513465E
:10C2D00083F0010381F82F3028E0D0F8244114B115
:10C2E000C0F824210EE0D0F81C216AB3C0F81C412C
:10C2F000D0F81C214A6B01324A63D0F8245145B171
:10C30000C0F82441D0F824210122426181F82F2075
:10C31000CBE78C6AA24204D24C6AA25CC0F81C250E
:10C32000C3E791F82C201AB10123C361002030BD6E
:10C330000A6A12F0400F4FF0010203D0C26181F887
:10C340002D20F3E74261B0E7D0F80841002CACD0D3
:10C35000C0F80821D0F80841D0F82441002CBFD102
:10C360004A6B8C6AA242A0D24C6AD0F81855A554E8
:10C370004A6B8C6A0132651EAA424A6308D10A6A76
:10C38000540602D40222C0F80022012202628CE785
:10C39000A242FAD10A6A520687D5022381F82D30CB
:10C3A000C4E70120C3E707B5019001A8F3F748F9F6
:10C3B000019A01239340C0F8083503B05DF804FBEF
:10C3C00008B1DFF713BC7047704740B1C3685878B5
:10C3D00010F001001EBF1878B0FA80F040097047D5
:10C3E000EFF31183402383F31288BFF36F8FFEE7CF
:10C3F00010B5D0E9003433B90020E268537843F037
:10C400000103537010BD204698470028F4D000283F
:10C41000B8BF4042E368FF28A8BFFF201870ECE7D0
:10C4200000F0AFBF00F085BF10B400F10C04C0E90C
:10C43000034410BCF9F775B92DE9F04F89B0DDE977
:10C44000126705463B46914606A83246059100F024
:10C450003BFCDDE9063405F1140ACDE90234EFF3C3
:10C4600011844FF0400888F31288BFF36F8F05F1F5
:10C470000C0B05994A462846F9F7EBF830B184F3DE
:10C480001188BFF36F8F09B0BDE8F08F3E43F6D03F
:10C49000DDE9022306A800F03BFCDDE906675A4609
:10C4A000CDE9006721465046F4F78AF8EFF311848E
:10C4B00088F31288BFF36F8FDBE738B50446EFF3DC
:10C4C0001185402383F31288BFF36F8FF9F789F842
:10C4D00004F10C0000F06DFB30B1294604F11400AA
:10C4E000BDE83840F4F7DCB885F31188BFF36F8FEF
:10C4F00038BD82684369134313F003030CD1C36052
:10C500000169994201D800207047C16811604169F2
:10C51000C26001330A44F3E76FF01500704710B5AD
:10C52000C0E904320023816083610446FFF7E1FF24
:10C530000028A8BFC4E9004410BDF8B504460D4664
:10C54000EFF31186402383F31288BFF36F8FC76820
:10C550006FB900F0FCFA50B1C767456100F082FA8C
:10C56000314604F10800BDE8F840F4F799B8E368F3
:10C570002B60A369E560013BA36186F31188BFF3DB
:10C580006F8FF8BD08B54024EFF3118384F3128850
:10C59000BFF36F8FFAF77EFFF6E790F90E308B420C
:10C5A00001D0F4F739B80020704703460020C3E9F2
:10C5B0000200C3E9003370472DE9F8439946044669
:10C5C0009DF820300D46904600F10806EFF31187E4
:10C5D000402282F31288BFF36F8F03B14568304663
:10C5E00000F0B5FA58B10023C367C0F8148000F01A
:10C5F00039FA30463946F4F753F800200CE0B9F127
:10C60000000F1BD00821F4F7D3FC38B987F3118849
:10C61000BFF36F8F6FF00B00BDE8F8830122C0F805
:10C6200004800260016801F003015DB922680A43D9
:10C630000260626820606AB960600BE0C8F8009030
:10C640004046EFE72A68032A10D80160616839B9CB
:10C65000C4E90000042104F1100000F0CEFCC8E79A
:10C660000A6802F0030202430A60E5E722F00302CF
:10C670000A4302602A6802F0030240EA02032B60C8
:10C68000E8E710B5044630B10268930703D0446868
:10C6900009B100F0E7FC204610BD0023C0E90033DB
:10C6A00000F10803C0E9023300F11003C0E90433CC
:10C6B000704707B50123009300230A461946FFF788
:10C6C0007BFF03B05DF804FB07B500230A46009327
:10C6D0001946FFF771FF03B05DF804FB0068002105
:10C6E000FFF7CFBF5AB18A4209D300F11003C0E966
:10C6F0000212C0E90000C0E90433002070476FF067
:10C7000015007047026801238B4022EA030303608F
:10C7100022FA01F000F001007047704710B50321C4
:10C7200004460C30FFF7EEFF30B104F1100000F0CA
:10C7300094FAB0FA80F0400910BD20B100221146F1
:10C74000883000F068BA704770B5C368C3F340061C
:10C750009B07044616D4856802210C30FFF7D2FFF0
:10C7600080B1D5F880206AB194421DD122689EB96B
:10C77000D5F88430C5F880209C4201D1C5F88420CA
:10C7800000232360E36813F01F001EBF43F0020381
:10C79000E36040F0020070BD3260D5F8842094421E
:10C7A00008BFC5F88460EBE716461268DBE773B58F
:10C7B0000446EFF31185402383F31288BFF36F8F94
:10C7C0000023A0F11006032104380193FFF79AFF1C
:10C7D00028B1A369019301A93046F3F7DDFB85F386
:10C7E0001188BFF36F8F02B070BD38B504460D4697
:10C7F0001022002100F0C5FD656038BDEFF3118304
:10C80000402282F31288BFF36F8FC06800F01F00D0
:10C8100083F31188BFF36F8F704713B501900846FB
:10C82000EFF31184402383F31288BFF36F8F01A9C4
:10C83000F3F7B2FB84F31188BFF36F8F02B010BD22
:10C8400010B5FFF7EAFF041E08DDEFF31180402367
:10C8500083F31288BFF36F8FF3F752FF204610BDAA
:10C8600070B50D46EFF31186402383F31288BFF3B2
:10C870006F8FF3F7EBFB044686F31188BFF36F8FDE
:10C8800038B14FF0FF324FF0FF3305F11000F3F7EE
:10C8900061FA204670BD10B5EFF31184402383F395
:10C8A0001288BFF36F8FFFF74FFF84F31188BFF338
:10C8B0006F8F10BDF8B505460C46EFF31186402387
:10C8C00083F31288BFF36F8FC36803F01F03002B3D
:10C8D00014BF0127002705D186F31188BFF36F8F9E
:10C8E0003846F8BDFFF730FF21462846F3F736FB00
:10C8F00086F31188BFF36F8F0028F1D04FF0FF321D
:10C900004FF0FF3304F10800F3F724FAE8E708B525
:10C91000A022002100F035FD08BD38B530220446C4
:10C920000D46002100F02DFD4FF480736560E3603B
:10C9300038BDFFF763BF38B50446EFF311854023D8
:10C9400083F31288BFF36F8FFFF7E8FE2046FFF7EF
:10C95000FBFE85F31188BFF36F8F38BDF8B5044631
:10C960000D46EFF31186402383F31288BFF36F8FD8
:10C97000C36803F01F03002B14BF0127002705D154
:10C9800086F31188BFF36F8F3846F8BDFFF7C6FEF8
:10C990002046FFF7D9FE29462046F3F7DFFA86F353
:10C9A0001188BFF36F8F0028EED04FF0FF324FF0A9
:10C9B000FF3305F10800F3F7CDF9E5E7C0E9000022
:10C9C00000207047EFF30580003818BF0120704742
:10C9D0006FF05700704700207047F3F773BED0E93F
:10C9E000003213605A600023C0E90033704708B575
:10C9F000FFF7F5FF437B23F00203437300238360BB
:10CA000008BD38B504460D46F3F7E6FC637B43F0FA
:10CA100002036373E5B1A5602B689D4209D16B6881
:10CA2000C4E900531C606C6012E06A689A42F6D058
:10CA30001B68002BF3D094F90E2093F90E108A4254
:10CA4000F3D09142F1DD5A68C4E9003214605C60B1
:10CA500038BD90F90E3091F90E00834214BFC01A10
:10CA60000020704710B5EFF31184402383F3128840
:10CA7000BFF36F8FF3F7C8FC84F31188BFF36F8F98
:10CA800010BD10B50446183000F0E7F8EFF311813F
:10CA9000402383F31288BFF36F8F627B12F0100282
:10CAA00004D081F31188BFF36F8F10BD2046BDE81D
:10CAB0001040F3F7DDBC08B5EFF31181402282F39B
:10CAC0001288BFF36F8F83680BB1FFF790FF81F37C
:10CAD0001188BFF36F8F08BD38B50446EFF3118599
:10CAE000402383F31288BFF36F8F437B13F0280F2B
:10CAF0000BD183680BB1FFF77AFF637B51B903F069
:10CB0000FB0363732046F3F77FFC85F31188BFF3C3
:10CB10006F8F38BD03F0EB03F3E701211838FFF7FF
:10CB2000DBBF08B50346EFF31181402282F3128880
:10CB3000BFF36F8F0068834207D008B1FFF757FF3C
:10CB400081F31188BFF36F8F08BD0020F8E738B577
:10CB5000EFF31185402383F31288BFF36F8F0468CE
:10CB6000A0420DD034B12046FFF741FF04F1180078
:10CB700000F073F885F31188BFF36F8F204638BD3E
:10CB80000024F7E710B50146EFF31184402383F347
:10CB90001288BFF36F8F83680BB1FFF728FF84F310
:10CBA0001188BFF36F8FBDE8104001F1180000F04D
:10CBB00054B838B5054600202C68A54200D004B909
:10CBC00038BD2046FFF7DEFF2046FFF74BFF012070
:10CBD000F2E7EFF31181402282F31288BFF36F8FE7
:10CBE000027BD2070CD581F31188BFF36F8F00232E
:10CBF00083F31188BFF36F8F0423184602DF704759
:10CC0000437B1B0704D581F31188BFF36F8F7047F7
:10CC10000122F3F72DBC38B5EFF31185402383F3E0
:10CC20001288BFF36F8F0468A04212D09CB1E167F5
:10CC300062612046FFF7DBFE04F1180000F00DF8FA
:10CC40002046F3F7E1FB012085F31188BFF36F8FD6
:10CC500038BD0020F8E72046F6E710B5EFF3118461
:10CC6000402282F31288BFF36F8F03683BB1F3F762
:10CC700017FF002084F31188BFF36F8F10BD6FF092
:10CC80001500F7E770B5EFF31186402282F31288A2
:10CC9000BFF36F8F036873B1F3F71EFF04460D46B1
:10CCA000F3F7F4FE0346201A65EBE37186F311886F
:10CCB000BFF36F8F70BD18461946F7E708B5F4F754
:10CCC00027F808BDF4F724B8B3F1FF3F08BFB2F16D
:10CCD000FF3F70B504461D46164613D01A4315D0C3
:10CCE0006FF00102921B4FF0FF3363EB0501002947
:10CCF00004DAF4F70DF8821941EB0501C4E90021CB
:10CD0000204670BD4FF0FF321146F7E70022FBE7E7
:10CD1000B3F1FF3F08BFB2F1FF3FF8B50746164633
:10CD20001C4610D054EA020311D0F3F7F1FFB042D1
:10CD30000A46A14103460AD2F31A64EB0204C7E98A
:10CD400000343846F8BD4FF0FF331C46F7E70023A8
:10CD5000FBE70023C0E9081200F11802C0E906222F
:10CD6000C0E9003303634363704710B50446FFF71F
:10CD700074FFA8B9636A0BB12046984704F1180004
:10CD8000FFF7CFFE60B1FFF76DFEEFF31180402398
:10CD900083F31288BFF36F8FBDE81040F3F7B0BC88
:10CDA00010BD1423F0B503FB010000244FF48B7673
:10CDB000402701B9F0BD10F8073C40F80C4C03F0D7
:10CDC0003F03082BA0F1140C0CD826FA03F3DB0761
:10CDD00008D550F8143C2BB150F8105C2B605D6006
:10CDE00040E9054482F31188BFF36F8FEFF311829E
:10CDF00087F31288BFF36F8F01396046D9E7F8B522
:10CE00000D46D0E900138842044605D16368C5E9A0
:10CE100000431D6065601DE0002BF7D0986800B1ED
:10CE20006038A2F160073946FFF713FE0028EDDCF9
:10CE30002668B442EAD0002EE8D0B16801B160396A
:10CE40003846FFF706FE002805DD7368C5E9006374
:10CE50001D607560F8BD63689E42D7D03668EAE70A
:10CE60002DE9F74F00258B461446019382462E4646
:10CE70004FF040082F465D4503DB304603B0BDE868
:10CE8000F08FEFF3118988F31288BFF36F8F9AF850
:10CE90000D3003F03F03013B072B0FD8DFE803F011
:10CEA0001F040E0A0E0E0E26DAF810309B682BB106
:10CEB000022321E0DAF810301B688BBB019B3BBBDF
:10CEC00023782BB39AF80D3003F03F03013B072B77
:10CED0002FD8DFE803F032272E272E2E2E37DAF850
:10CEE00010309B68002BE9D0012305E0DAF8103000
:10CEF0001B6A002BE2D01023DAF80C20CAF8087065
:10CF0000C2F386310B4363F39432CAF80C202770C6
:10CF100089F31188BFF36F8F01350AF1140AAAE76C
:10CF20000423E9E7DAF81000224651461030FFF7F3
:10CF300066FFCAF808400136EAE7DAF81000224630
:10CF40005146F4E7DAF81000224651462430EEE765
:10CF50002DE9F041846805460E46ECB16378012B5B
:10CF600025D114F8533C9A0714D5A4F1600738462C
:10CF7000FFF708FE082E0CBF6FF003030023E361E8
:10CF800014F8533CDB0605D154F8483C13B9384635
:10CF9000FFF768FD00232370EB68C3F38632164366
:10CFA000002066F39433A860EB60BDE8F081022BAB
:10CFB000F0D12378002BEDD054F8048CB8F1000F99
:10CFC000E8D004F11400FFF748FEA4F11407002391
:10CFD000E36239464046FFF720FCDBE710B5520517
:10CFE000090201F47C5102F400120A43017B00247F
:10CFF0000A43C0E90323846010BD10B50346EFF374
:10D000001184402282F31288BFF36F8F006883423D
:10D0100008D0D0E9003213605A600023C0E9003321
:10D02000FFF796FF84F31188BFF36F8F10BD0023C5
:10D03000C0E90000836070470023836070470432BA
:10D04000D3B5044608D200260027CDE9006741F099
:10D050000401FFF7F1F910B9002002B0D0BD40F88B
:10D06000044BFAE720B1011F50F8040CFFF725BA72
:10D07000704701460420F3F78DBF70B5A0FB015443
:10D0800024B92846FFF7F5FF064610B900263046BA
:10D0900070BD2A46214600F074F9F8E710B5013951
:10D0A0000244904201D1002005E0037811F8014FBD
:10D0B000A34201D0181B10BD0130F2E710B56AB1D0
:10D0C0000139841810F8012B11F8013F9A4203D15D
:10D0D000A04201D0002AF5D1D01A10BD1046FCE7BD
:10D0E00010B5024601448A42134603D01C7801322F
:10D0F000002CF8D1181A10BD2DE9F047C3F13709FB
:10D10000074688465FFA89F903F01F0516464FF077
:10D11000000A384641462A465346BAF75FFCD4B265
:10D12000092C88BF4C443A46434688BFE4B2AA4221
:10D1300004F1300473EB0A0306F8014B07468846F6
:10D14000E7D23046BDE8F0872DE9F04F87B00618EA
:10D15000994602AB41EB0104009315463046D2E9F3
:10D1600000232146DDF844B000F0A9F804AB009399
:10D17000D5E90223074688463046214600F09FF84D
:10D18000DDE90263841951EB0306049BD5E9000134
:10D190004FF0000228BF0122D218059B43F1000383
:10D1A000381848EB0101B84271EB0801D5E902C11A
:10D1B00034BF0120002014EB0C0C46EB010110EBF6
:10D1C0000C0041F10001A04271EB060C34BF4FF09E
:10D1D000010C4FF0000CCDE90423A9F1410A1CEB2E
:10D1E000020243F10003CDF800A000F083F8109B89
:10D1F000C3E90001129B012BDDE9042329D1D5E904
:10D200000201D5E900C5201A66EB0101674578EBFC
:10D21000050534BF01250025401B61F10001844252
:10D2200076EB010534BF01250025521BCDF800A087
:10D2300063F1000300F05EF8DDE90423CBE90001AF
:10D24000CDF800A02046314600F054F807B0BDE804
:10D25000F08F17EB070E48EB080C201946EB060180
:10D26000BE457CEB080834BF01270027C71941F1F0
:10D270000008D5E9000186457CEB010CD5E90215D3
:10D2800034BF01200020381A68F1000C401A6CEB02
:10D29000050192185B41A74278EB060534BF0125D2
:10D2A0000025521943F10003874278EB010834BF8F
:10D2B00001250025521BA9F140050095B8E7F0B5FE
:10D2C0000F460446A0FB0201A7FB02524919A3FB2B
:10D2D000044542F10002A7FB0373611845F1000405
:10D2E000D219059E43F10003121943F10003C6E968
:10D2F0000023F0BDF0B5059CC4F14007C4F1200641
:10D3000002FA06F6A4F12005BB4022FA05F53343E4
:10D31000C4F120062B4301FA06F6A4F12005E040F3
:10D3200021FA05F53043BA402843E1401043194340
:10D33000F0BD0A44914200F1FF3300D1704710B5AF
:10D3400011F8014B03F8014F9142F9D110BD884209
:10D3500010B501EB020402D98442234607D8431ECC
:10D36000A14208D011F8012B03F8012FF8E702447D
:10D3700001468A4200D110BD13F8014D02F8014D5B
:10D38000F7E702440346934200D1704703F8011BBC
:10D39000F9E72DE9F0470446274618460B46C1F346
:10D3A0000A51A14641EA0706C3F31304302556EAA1
:10D3B000040E5571A44673D100218B4211716DDAB0
:10D3C0000123137188424FF000011CDA08469DF8D2
:10D3D000207002F112050D24C7F157074FF0300EEF
:10D3E00006F00F03360946EA0C764FEA2C1C002B98
:10D3F00040F08480A04201DB85F800E0013C05F1AB
:10D40000FF35EDD173E00C2865DCC0F10D039B0006
:10D41000012503F1FF3CA3F12108C3F1210625FA00
:10D4200006F605FA08F805FA0CF548EA060815EBC1
:10D43000050E48EB080ADEF100066AEB4A0C1EF105
:10D44000FF3E4AF1FF3A0EEA070E0AEA040A754562
:10D4500078EB0A0A10DBC3F1200AB3F1200E04FABC
:10D460000AFA27FA03F343EA0A035CBF44FA0EFE02
:10D4700043EA0E03DB0722D57F1944EB0804B4F519
:10D48000801FB9461BDB5379B1F5806F03F10103AF
:10D49000537126D03E400CEA040C98E7002892E72E
:10D4A00059B13125DB0F0028A1F2FF3155711371FD
:10D4B0000FDB0C28A9DD0D2005E00121F2E706EACB
:10D4C00009090CEA0404B1F5806F06D04E46A44663
:10D4D0007DE70020F7E70D2079E759EA0404137986
:10D4E00008D0137943F0080313714FF48061116081
:10D4F000BDE8F08743F004031371F8E7092BD4BFAC
:10D500003033DB19A0422B70B8BF204676E7D1E953
:10D51000043293421EBF5A1C0A6118707047000003
:0CD5200001480068704700004C810020AA
:08D52C00401FFD7F010000001B
:10D53400A9BB040000000000399405004CD6060085
:10D544009DFA050000000000C1FA0500000000007B
:10D5540079AF050074D6060079AF050060D60600E1
:10D564000DD5050000000000FDBE0600000000000F
:10D5740051BF06000000000087AE0600B0D60600CA
:10D58400EDAE0600C4D60600CD9805009CD6060074
:10D5940089B90500D8D606009198040088D60600FB
:10D5A400B9960500000000005DC4050000000000FD
:10D5B40001BC0400000000008D7B0400000000009A
:10D5C4001D9A04000000000015BB040000000000C8
:10D5D400C9D505000000000055BF0600000000008A
:10D5E400E5FD050000000000D59A0500ECD6060014
:10D5F4007D92050000D70600E1B505003CD7060082
:10D60400ABB8060028D7060019BB050050D70600A2
:10D61400F9A0050014D70600C1C0040000000000F2
:10D62400617605000000000059C7050000000000F5
:10D6340031AB050064D7060031BF060078D7060079
:08D64400676906000000000008
:10D64C0076380700DCED0600F4ED0600231B002005
:10D65C00448E0020CB3B070034EF060064EF06003D
:10D66C00311B00200C8F0020D93B07004CEF06002B
:10D67C0064EF0600331B0020188F00207C08070085
:10D68C00241F002064E706001F1B00200807002051
:10D69C009F3807000000000010EE0600251B00203C
:10D6AC00988E0020AF3807000000000018EE06002E
:10D6BC00271B002000000000BE38070000000000FF
:10D6CC0020EE0600291B002000000000EE3C0700A5
:10D6DC0038F0060064F00600391B00204C190020BD
:10D6EC007C3A070030EE060094EE06002B1B00205F
:10D6FC009C1800205A38070000000000C4ED0600FA
:10D70C00211B002000000000E93A07000000000087
:10D71C00B0EE06002D1B002000000000EB3B0700C4
:10D72C0088EF0600C4EF0600351B002014190020FA
:10D73C00B93C0700DCEF060030F00600371B002078
:10D74C00248F0020C83E0700E4F006003CF10600E0
:10D75C003B1B002080190020EF000700E818002078
:10D76C00F01800202F1B0020100A00205D4107003C
:10D77C000000000074F106003D1B0020E88F002023
:10D78C00F9C0060067BF0600000000007F740600A9
:10D79C00D8D6060043BB0600000000007F740600CC
:10D7AC0069F5050067BF0600000000007F740600E5
:10D7BC00F9E0050067BF060000D70600C19205001E
:10D7CC00000000007F740600000000007F7406005B
:10D7DC00000000007F740600000000007F7406004B
:10D7EC00000000007F740600988E00203D99050013
:10D7FC00000000007F740600000000007F7406002B
:10D80C00000000007F74060000000000EDC405005D
:10D81C00000000007F740600000000007F7406000A
:10D82C00000000007F740600000000007F740600FA
:10D83C00000000007F740600000000007F740600EA
:10D84C00000000007F740600000000006DD505008C
:10D85C00000000007F740600000000007F740600CA
:10D86C00000000007F740600000000007F740600BA
:10D87C00000000007F740600000000007F740600AA
:10D88C00000000007F740600000000007F7406009A
:10D89C00000000007F74060001F1050067BF060060
:10D8AC00000000007F740600000000007F7406007A
:10D8BC00000000007F7406000987050067BF0600A2
:10D8CC00000000007F74060001ED050067BF060034
:10D8DC00000000007F740600000000007F7406004A
:10D8EC00000000007F740600000000007F7406003A
:10D8FC00000000007F740600000000007F7406002A
:10D90C000500000071060500000000000600000084
:10D91C00BD5305000000000004000000C50A05000E
:04D92C0000000000F7
:10D93000C0EB06000800000060EC060009000000D3
:10D940005CE8060006000000E4E7060006000000B0
:10D9500049FC0600030000005FFD06000300000014
:10D960000EFE0600030000006738070003000000F9
:10D97000EDF806000300000037FC0600030000007D
:10D98000750007000300000052200700030000009C
:10D99000AD2707000300000051240700030000002A
:10D9A0008A320700030000000E1407000300000085
:10D9B0003E21070003000000F12C070003000000D7
:10D9C000BB0A0700030000001E1D07000300000043
:10D9D000C31F0700030000007232070003000000AD
:10D9E000CD25070003000000700C070003000000B5
:10D9F0002A0B070003000000471207000300000085
:10DA0000CD0A070003000000874007000300000064
:10DA1000F34007000300000075400700030000000A
:10DA2000A813070003000000C7310700030000002F
:10DA3000D102070003000000913807000300000036
:10DA40002D3F070003000000033B07000300000018
:10DA50004D41070003000000FA0307000300000027
:10DA6000EF00070004000000E73B07000300000090
:10DA7000F83B070003000000F3000700030000006C
:10DA80006A01070003000000FAF806000300000026
:10DA9000B1010700030000000904070003000000B3
:10DAA0000D04070003000000F60407000300000057
:10DAB0009434070003000000C33307000300000094
:10DAC000FE320700030000000933070003000000D6
:10DAD000A2330700030000001D41070003000000FF
:10DAE000B611070003000000AD340700030000007A
:10DAF000B534070003000000C90A07000300000056
:10DB00000537070003000000150C070003000000A4
:10DB10006B42070003000000C63C07000300000042
:10DB2000863A070003000000090207000300000016
:10DB3000AB130700030000001812070003000000E9
:10DB4000D53E0700030000006B4107000300000002
:10DB5000FC3C070003000000C33B0700010000007D
:10DB6000E507070003000000C406070003000000EB
:10DB7000F6360700030000006F08070003000000EE
:10DB800004E7060000160020E5040700010000007D
:10DB9000A513070000000000D9BC040009C0040060
:10DBA000000000006D2A0700000000000D8C060038
:10DBB0000000000000000000E52C0700000000004D
:10DBC000712505000000000000000000DD2C0700AA
:10DBD00000000000AD1C05005D2A050000000000EB
:10DBE0006A320700000000006564050071630500EB
:10DBF00000000000EB2C0700000000007D21050064
:08DC0000A9200500000000004E
:08DC080064D70600415204003C
:10DC10000000000060006000000000000000000044
:10DC20000223D1BCEA5F782315DEEF121223150020
:10DC3000000223D1BCEA5F782315DEEF121225150E
:10DC400000000000029ECADC240EE5A9E093F3A3C5
:10DC5000B50100406E00000000000000030000005D
:10DC6000A0000000F0000000000000000000000024
:10DC700060006000000000000000000000000000E4
:10DC800003000000A0000000F00000000000000001
:10DC900000000000010000006000300000000000F3
:10DCA00000000000000000006000600000000000B4
:10DCB0000000000000000000000000010000000261
:10DCC0000000000400000008000000100000002018
:10DCD00000000040000000800000001B0000003633
:10DCE000271C07002C1C0700301C0700341C0700F1
:10DCF000381C07003C1C0700401C0700441C0700A0
:10DD0000481C07004C1C0700501C0700541C07004F
:10DD1000581C07005C1C0700FF000000FF0000000B
:10DD2000FF000000FF000000FF000000FF000000F7
:10DD3000FF000000FF000000FF000000FF000000E7
:10DD4000FF000000FF0000006E420700000100001D
:10DD5000F401FA00960064004B0032001E0014002B
:10DD60000A0005000200010000000000141E00006F
:10DD7000301100000000000060EA00000000000018
:10DD8000000000000000000060EA0000010208003E
:10DD9000252627000102080000000000141E0000D4
:10DDA000301100000000000060EA000000000000E8
:10DDB000000000000000000060EA000000002CA647
:10DDC000E0A1000020A800000000000020A8000042
:10DDD00000002CA6E0A1000020A800000000000028
:10DDE00020A8000000002CA6E0A1000020A8000050
:10DDF0000000000020A80000F401FA009600640072
:10DE00004B0032001E0014000A0005000200010051
:10DE100000000000141E000030110000000000008F
:10DE200060EA0000000000000000000000000000A8
:10DE300060EA000000002CA6E0A1000020A800007D
:10DE40000000000020A80000F401FA009600640021
:10DE50004B0032001E0014000A0005000200010001
:10DE60000F141E28323C50647800010204010001A6
:10DE7000000001010000010001000001000100009C
:10DE80000000F401FA00960064004B0032001E000E
:10DE900014000A0005000200010001000001010356
:10DEA0000000FF00FF0000000002020078007F0079
:10DEB000F001030000000F141E28323C506478006B
:10DEC00001000B0002000A00050009000A0008001A
:10DED000140007001E000600320005004B0004007D
:10DEE0006400030096000200FA000100F401000043
:10DEF0000C0802170D0101020909010106020918A7
:10DF00001803010109090303050302012302022486
:10DF10000910040405050B0B040B2B1B1B151A1A07
:10DF20001C021D16130501490D15050000002CA645
:10DF3000E0A1000020A800000000000020A80102CD
:10DF40000800A301B103BF05EF024906A309C505F7
:10DF5000F50B25120E021C045A03B4063006600CA1
:10DF600000002CA6E0A1000020A800000000000096
:10DF700020A801020801020400002CA6E0A1000074
:10DF800020A800000000000020A8F401FA0096007C
:10DF900064004B0032001E0014000A00050002005D
:10DFA0000100000000000000141E000030110000FD
:10DFB0000000000060EA0000000000000000000017
:10DFC0000000000060EA000000002CA6E0A10000B4
:10DFD00020A800000000000020A800002CA6E0A15E
:10DFE000000020A800000000000020A800000000A1
:10DFF000141E0000301100000000000060EA000064
:10E0000000000000000000000000000060EA0000C6
:10E010000102080000000000141E00003011000082
:10E020000000000060EA00000000000000000000A6
:10E030000000000060EA0000030000002CA6E0A140
:10E04000000020A800000000000020A8F401FA0051
:10E05000960064004B0032001E0014000A00050008
:10E060000200010000002CA6E0A1000020A8000092
:10E070000000000020A8F401FA00960064004B00A4
:10E0800032001E0014000A0005000200010000001A
:10E0900000000000141E000030110000000000000D
:10E0A00060EA000000000000000000000000000026
:10E0B00060EA00000102080000002CA6E0A10000B8
:10E0C00020A800000000000020A80000E3A3C30077
:10E0D0000406080A0C0E10121416181C1E20222406
:10E0E00026282A2C2E30323436383A3C3E404244E0
:10E0F00046484A4C4E021A5000000000280000001A
:10E1000018000000000000005001000000000000A6
:10E1100000000000000000005001000000000000AE
:10E12000141E0000301100000000000060EA000032
:10E1300000000000000000000000000060EA000095
:10E1400000000000141E000030110000000000005C
:10E15000B45F0000000000000000000000000000AC
:10E160003C7300000100000010110040000000009E
:10E1700000000000000000000000000000002CA6CD
:10E18000E0A1000020A800000000000020A800007E
:10E190000000DC05E80300000000000000000000B3
:10E1A000D41700000000000070170000A00F00004E
:10E1B000000000003C2800000000000000000000FB
:10E1C000000000003C2800000000DC05E80300001F
:10E1D0000000000000000000D41700000000000054
:10E1E000141E0000301100000000000060EA000072
:10E1F00000000000000000000000000060EA0000D5
:10E20000FFC1FBE84C90728BE7B3518963AB2323CA
:10E21000FF7F00200018000A800720029801AA80D2
:10E22000000000280000002001020304020304048F
:10E230000020602040608000010203040203040407
:10E24000D8ECF0F4F8FC000203040506070800000F
:10E2500000000000000000000000000000000000BE
:10E26000000001010101020202020303030304048E
:10E27000040405050505060606080900000000005F
:10E28000000000000000000000000000000000018D
:10E290000101010202020203030303040404040552
:10E2A00005050506060708090A0B0C0D07090902F2
:10E2B000030700100200FA0000000000EB51040008
:10E2C000F7510400FB5104000352040007520400FC
:10E2D00000C20100000008029ECADC240EE5A9E08D
:10E2E00093F3A3B50100406E029ECADC240EE5A99B
:10E2F000E093F3A3B50300406E029ECADC240EE552
:10E30000A9E093F3A3B50200406E01030062746CB0
:10E310006500000000000000000000000000000098
:10E3200000000000000000000000000000000000ED
:10E3300000000000000000000000000000000001DC
:10E3400000000000000403000000000000000000C6
:10E350000338FDD8704700000100000000000000F5
:10E36000050000000000000019000000000000008F
:10E370007D000000000000007102000000000000AD
:10E38000350C000000000000093D00000000000006
:10E390002D31010000000000E1F505000000000043
:10E3A00065CD1D0000000000F9029500000000008E
:10E3B000DD0EE90200000000514A8D0E0000000051
:10E3C0009573C24800000000E941CC6B01000000D9
:10E3D0008D49FD1A07000000C16FF286230000007E
:10E3E000C52EBCA2B1000000D9E9AC2D7803000015
:10E3F0003D9160E45811000031D6E275BC56000032
:10E40000F52E6E4DAEB10100C9EA2683677808008B
:10E41000ED95C28F055A2A00A1EDCCCE1BC2D300C8
:10E4200025A4000A8BCA220400000000000000009E
:10E4300000000000000000100000000000000000CC
:10E44000B9340332B7F4AD1410DB1AB30892540E8A
:10E450000D307D951447BA1A66088F4D26ADC66DEE
:10E46000F598BF85E2B74511CA96853D92BD1DEB73
:10E47000FCA11860DCEF52163C92AE220BB8C1B47E
:10E48000839D2D5B0562DA1C304C7E8F4E8BB25B18
:10E4900016F4529F8B56A512FBD4827643ED8AF078
:10E4A0008FE7F9311565191850F19BD94A13EEB46D
:10E4B000284CF0A686C1251F035FC270CB9E49166B
:10E4C000E642889C44EB2014B0650836AD6EA58505
:10E4D00085F0CA14E2FD031A0B899979D5B13D097B
:10E4E000D8DA973A35EBCF10AC363F5E73BB38CFF6
:10E4F0003E6752FA44AFBA15010000000000000068
:10E500000000000000000020345065C05FC9A65222
:10E51000BB13CBAEC440C21806C8DF7100D5A87CBF
:10E52000F56F0FDA58FC27136E4756357D242065AA
:10E5300002C7E768E48CA41DE9E60268D7CD39611B
:10E540007977FCC2405BEF16798CDE43FFA751F967
:10E5500091F3B278F5BDBE11E857E9D6E8BEE87B85
:10E56000B054AC8F848D751BEA23A499E9F9D38B41
:10E57000B7A3714061DA3E15CEE33ECB73F948088C
:10E580008C97B427D51B7010A2BFEFB9EB8532155D
:10E590004DB44DB49BBB6F1996B6076CF8E7EEAD62
:10E5A00036D9B4F59135AE13222218AF4E6A684DB4
:10E5B00091DAAA3D4F40741E9FBD9EE006A1C0980F
:10E5C00057C2A7FDA40E90170E7D497173E3208FEB
:10E5D000B220D87605143B12853D7434811343B0C4
:10E5E000AD297A5F27F4351C21670400DB53060050
:10E5F000656804003968040000D7060005010504B9
:10E6000000000506000000000C00000000D7060016
:10E610000401050400000405000000000C000000D7
:10E6200000D70600030105040000030400000000F9
:10E630000C00000000D706000201050400000203E0
:10E64000000000000C00000000D7060001010504D6
:10E6500000000102000000000C00000000D70600CE
:10E660000001050400000001000000000C00000093
:10E6700007100000FA1A0020010100000A1B002008
:10E68000090D00009AFE0600071000000B1B002079
:10E69000010100001B1B0020090D00005D010700A7
:10E6A00038320020C4090000AB6606004D66060043
:10E6B00002000000476806000000000000000000A3
:10E6C0000000000000000000C9040700D10407009A
:10E6D0000000000000000000000000006C2B07009C
:10E6E000D9040700DD040700E1040700F4E6060092
:10E6F00064770020A185040084770020569C0020C8
:10E7000001000000E3680600D9680600C968060039
:10E71000BD68060000000000B168060000000000AF
:10E720000400000000000000000000000070020073
:10E7300014D70600010000000070020000500C0019
:10E7400014D706000200000000C00E000080000088
:10E7500014D706000300000000400F0000C00000B6
:10E7600014D70600000000000000000000000000B8
:10E770000000000000000000000000000000000099
:10E7800000000000000000001D6B0600D998040086
:10E79000000000000000000000000000556A0600B4
:10E7A0006D6A0600B997040000000000C96A0600FF
:10E7B0000000000045970400016A06000B6A06008D
:10E7C00025970400196A060000000000236A06006D
:10E7D00000000000000000002B6A0600496A0600E5
:10E7E0004D6A0600F8F40600738F06000000000072
:10E7F000190B070000000100F4F406004792060020
:10E8000000000000B016002000000100F70A070019
:10E8100000000000000000000000000000000100F7
:10E82000F0F40600458F0600392305008C16002001
:10E8300000000300ECF40600479206000000000010
:10E840008416002000000100D50A07000000000027
:10E8500029A90400000000000000030008F50600DC
:10E86000738F0600000000005F0C0700000001002D
:10E8700004F506004792060000000000E4160020A0
:10E88000000001003D0C0700000000000000000037
:10E89000000000000000010000F50600458F0600A2
:10E8A00039230500C016002000000300FCF4060018
:10E8B0004792060000000000B8160020000001008A
:10E8C0001B0C070000000000D1AB0400000000009A
:10E8D00000000200000000005F7406000417002022
:10E8E000FC160020F416002000000000EC160020AA
:10E8F000E1AD0400D5AC040029AD040089AD0400ED
:10E90000000000200000000000000B0602000000D4
:10E9100014E90600000000000312070026000202AE
:10E92000000000200B12070022000B11B4ED0600BE
:10E9300038E9060069000000E0120120B4ED06008D
:10E9400048E906002E00000014180120B4ED06006E
:10E9500058E906000C000000F4180120601C0700B4
:10E960007E1C0700991C0700A91C0700B61C0700A5
:10E97000BF1C0700C61C0700CD1C0700D41C0700E5
:10E98000DC1C0700B61C0700E41C0700F61C07008F
:10E990000B1D07000E030000B1C804000F040000A7
:10E9A00081C804001A010000A9C204000504000087
:10E9B00011C304001301000001C90400FF0100009D
:10E9C000E9C404003E01000091C5040005040000F4
:10E9D0006DC30400080400003DD3040030030000B0
:10E9E000B5D204001001000015C4040002010000AB
:10E9F000B5EF04000112000031D204000A1E00002D
:10EA0000617806000309000039CA0400040B000005
:10EA1000B1C50400060A000051D50400070A000031
:10EA2000E5C304000C050000B1C30400050C0000A0
:10EA300091D4040008410000D9F404000921000029
:10EA40005DF50400B4ED060050EA06004700000042
:10EA50001C190120D0230700DD230700FD23070038
:10EA6000F1230700082407001F2407002F240700B4
:10EA70002D25070043240700B4ED060084EA0600B4
:10EA800020000000E4190120B4ED060094EA06001D
:10EA90006D000000641A0120C7800600FF80060098
:10EAA00000000000000000000000000081080500D8
:10EAB0000000000000000000000000000000000056
:10EAC00002020100498906000404010055170500EF
:10EAD000060601009516050008040100D915050079
:10EAE0000A020100318906000C04010019890600A0
:10EAF0000E040100AD1405002004010011140500EE
:10EB0000100401002113050012020100CD88060047
:10EB1000160401005B82060018010100CB85060087
:10EB20001E000400ED89060052020000F388060072
:10EB300001040200B118050003020200F189060079
:10EB400005010200BB89060007040200C589060012
:10EB500009010200C98906000B000200CD890600E8
:10EB60000D000200D18906000F000200D5890600C1
:10EB700021020200D989060011010200DD89060088
:10EB800013000200E189060017040200E58906006F
:10EB900019000200E98906001B02030075820600C5
:10EBA0001D0205005F88060023040300638206003F
:10EBB000B4ED0600BCEB06006B0000000C1C01204D
:10EBC00038F50600738F06000000000034F50600DB
:10EBD0000000010030F5060047920600000000002A
:10EBE000281800200000010028F5060000000000A1
:10EBF00000000000000000000000000024F50600F6
:10EC0000458F06003923050030180020000003005E
:10EC100020F50600479206000000000020180020A2
:10EC20000000010018F50600AB8F06008D240500DA
:10EC3000000000000000030014F5060047920600E3
:10EC40000000000018180020000001000CF506006C
:10EC50007129050000000000000000000000010014
:10EC600070F50600738F0600000000006CF50600CA
:10EC70000000010068F50600479206000000000051
:10EC80006C1800200000010060F50600DB8F060014
:10EC90000000000000000000000001005CF506001C
:10ECA00047920600000000006418002000000100E8
:10ECB00054F506000590060000000000000000006A
:10ECC0000000010050F50600479206000000000019
:10ECD0005C1800200000010048F506002D90060099
:10ECE00000000000000000000000010044F50600E4
:10ECF00047920600000000005418002000000100A8
:10ED00003CF50600D11F05000000000000000000D7
:10ED1000000001001D510500C79F06004560050069
:10ED20000000000000000000D15B050000000000B2
:10ED300000000000000000000000000000000000D3
:10ED400000000000514F0500060000000D520500B4
:10ED5000060000007151050010000000115505006B
:10ED600010000000E55F050001000000855405006B
:10ED700010000000195F05000A000000F9530500AB
:10ED8000100000003D5D050007000000A39706008D
:10ED900010000000454E05000100000099470500E5
:10EDA00040000000794B0500100000001799060094
:10EDB00001000000617405000000000021AB0600A6
:10EDC00011780500BD8F0500AD90050058020000C8
:10EDD000C1930500919305000000000019950500FE
:10EDE000059405008538070075AE06007BAE060069
:10EDF0008B38070091940500F5AD060055AE06006E
:10EE00000000000093AD06000000000000000000BC
:10EE100075980500CD9705008BAE06000000000038
:10EE2000A9AE06000000000004000000FF00000082
:10EE300000000000000000000000000000000000D2
:10EE400000000000000000000000000000000000C2
:10EE500000000000F401000000010100000020009B
:10EE60008560150068EE06000090024074EE060012
:10EE7000010000007CEE06000600000015003A00CC
:10EE800014003E0018004000160042001700440025
:10EE900019003C00799F0500599E0500459D05001D
:10EEA000DD990500CD99050000020000001000006A
:10EEB000DFAF06004DA3050089A20500CDA0050027
:10EEC000BDA0050004000000FF000000A83B0700F3
:10EED00007000000B03B070002010000A7B30600D6
:10EEE000B33B070007000000B03B07000201000031
:10EEF000E1B30600BB3B070007000000B03B070082
:10EF0000020100001BB40600000000000100010027
:10EF1000C012000080250000004B00000096000099
:10EF200000E1000000C201000084030000080700A7
:10EF300000100E00FFFF0000000300500000000062
:10EF4000010000000060004000000000FFFFFFFF24
:10EF500000000050000000000000000000600040C1
:10EF6000000000000DB00500D9B70600E7B70600A5
:10EF7000FFB706000BB8060017B8060079AE05000B
:10EF800031B8060000000000004000400000000012
:10EF900000000000000000000000980100000101D6
:10EFA00099B10500A8EF060000400040B4EF06004C
:10EFB00001000000BCEF0600020000000400180081
:10EFC00005001600F1B2050000000000D1B10500F7
:10EFD000000000000000000039B3050000C001403F
:10EFE0000000000000000000000000000000000021
:10EFF000000000000000000000040000E80302011F
:10F0000001010000E29B002004000000000000005D
:10F010000000000018F0060000C0014024F00600C7
:10F02000010000002CF006000100000011002D007E
:10F03000C5B60500D1B50500002000400200000063
:10F040000000000048F006000020004054F00600D8
:10F05000010000005CF00600020000002B00000030
:10F060002C0602000000000000000000000000006C
:10F070000000000000000000000000000000000090
:10F0800000000000000000006DB9060081BA050014
:10F09000000000000000000021B9060021B80500B2
:10F0A00011B90600CDBA06000000000095B90600AF
:10F0B00000000000C3B90600EFB90600F9B9060068
:10F0C00033BA06003FBA0600F9B9060023BA0600B3
:10F0D0004BBA060059BA060067BA06009DBA060088
:10F0E000A1BA06000030024000000000000000FF4E
:10F0F00000FF00000000000000000001010000000F
:10F1000003BC060014F10600FFFFFFFF0000000033
:10F11000000000000030024020F106000100000065
:10F1200028F10600030000002D0008002F000A004F
:10F130002E000C00000000000000000069BD05006A
:10F140008BBC060074D606001A00010074D60600B7
:10F150001E00010074D60600060001005F40070093
:10F160000000000000000000EDC805003FBD0600E3
:10F1700063BD060000000000000000000000000069
:10F1800035BF060019D8050000000000000000008F
:10F190001C4207002A4207003E4207004D4207007A
:10F1A0005942070034D5060034D50600ACD5060018
:10F1B000BCD506004CD606004CD60600512563FC93
:10F1C000C2CAB9F3849E17A7ADFAE6BCFFFFFFFFE2
:10F1D000FFFFFFFF00000000FFFFFFFFAAAAAAAA8F
:10F1E000AAAAAAAAAAAAAAAA555555555555555527
:10F1F000555555550000000055555555522563FC91
:10F20000C2CAB9F3849E17A7ADFAE6BCFFFFFFFFA1
:10F21000FFFFFFFF00000000FFFFFFFF512563FC21
:10F22000C2CAB9F3849E17A7ADFAE6BCFFFFFFFF81
:10F23000FFFFFFFF00000000FFFFFFFF96C298D80E
:10F240004539A1F4A033EB2D817D0377F240A4630F
:10F25000E5E6BCF847422CE1F2D1176BF551BF3718
:10F260006840B6CBCE5E316B5733CE2B169E0F7CEB
:10F270004AEBE78E9B7F1AFEE242E34F4B60D227B8
:10F280003E3CCE3BF6B053CCB0061D65BC869876AE
:10F2900055BDEBB3E7933AAAD835C65AFCFFFFFF3A
:10F2A000FFFFFFFFFFFFFFFF000000000000000066
:10F2B0000000000001000000FFFFFFFFFF8FFFFFC5
:10F2C000FF8FFFFFFE8FFFFFFE8FFFFFFD8FFFFF12
:10F2D000FC8FFFFFFC8FFFFF6D757465785F6672B2
:10F2E00065652063616C6C65642077697468204E85
:10F2F000554C4C20706172616D6574657200000040
:10F3000043616E277420696E697469616C697A65FE
:10F31000206D757465782C20776173204E554C4CA8
:10F320000D0A00004661696C20746F20616371757D
:10F33000697265206D757465780A00004661696CB4
:10F3400020746F20696E63726561736520504D2073
:10F35000636F756E7465720A000000004661696C27
:10F3600020746F20646563726561736520504D2061
:10F37000636F756E7465720A000000004661696C07
:10F3800020746F2072656C65617365206D7574659E
:10F39000780A0000436F756C64206E6F74206C6F88
:10F3A000636B20706F7765722073617665206D7571
:10F3B000746578004661696C20746F20756E6C6F9F
:10F3C000636B206D757465780A00000063747820A3
:10F3D00063616E6E6F74206265204E554C4C000068
:10F3E0000A637478206973204E554C4C0A00000063
:10F3F00067E6096A85AE67BB72F36E3C3AF54FA5C6
:10F400007F520E518C68059BABD9831F19CDE05BF1
:10F41000D89E05C107D57C3617DD703039590EF7F7
:10F42000310BC0FF11155868A78FF964A44FFABEBD
:10F430000123456789ABCDEFFEDCBA9876543210D4
:10F44000F0E1D2C300000000000000000000000056
:10F450000000000000000040955969595555545569
:10F460001555555604051541105455404551554400
:10F470004045504450555545004000404004449696
:10F480006555565545404554514115405591555582
:10F490005555405105010000544554544555050447
:10F4A000001004101404400000000140555515419F
:10F4B00054040000440001000000004041000044EA
:10F4C0005044455054005555545565510040004036
:10F4D000010000010005010011545151545555051A
:10F4E00000000000000000000000000000000328F1
:10F4F0000000022900000328000000280000032863
:10F5000000000229000003280000002800002A2B28
:10F5100000002A2B000003280000292B0000292BC3
:10F5200000000328000002290000052A0000052A27
:10F530000000032800000118000000280000042A31
:10F540000000042A000003280000A62A0000A62AC2
:10F55000000003280000012A0000012A00000328FF
:10F560000000002A0000002A000003280000001804
:10F57000000000280000F0FFF0FFF0FFEAFF74FF3A
:10F58000F0FFF0FFF0FFF0FFEAFF4572726F7220AC
:10F590007769746820656E61626C696E6720746853
:10F5A0006520626C7565746F6F7468206D6F64752B
:10F5B0006C6520286572723A2025642900426C75BA
:10F5C00065746F6F746820696E697469616C697ABB
:10F5D0006564004C45447320696E697420666169F6
:10F5E0006C65642028657272202564290A004144F4
:10F5F0004320636F6E74726F6C6C65722064657605
:10F60000696365202573206E6F742072656164796B
:10F6100000436F756C64206E6F7420736574757031
:10F62000206368616E6E656C202325642028256444
:10F630002900436F756C64206E6F7420726561647D
:10F64000202825642900494E4445583A2025642045
:10F650002D2D2056414C55453A2025640041444308
:10F6600020494E4954414C495A4154494F4E204437
:10F670004F4E450A0045525220496E697469616CCB
:10F68000697A696E67204C5F5220646566696E65B1
:10F69000207377697463683A20256400537769742E
:10F6A000636820526573756C743A20256400455276
:10F6B000524F522067657474696E67207374617469
:10F6C00065204C5F5220646566696E6520737769BA
:10F6D0007463683A20256400526967687420426F39
:10F6E0006F742050726573656E74004C656674208B
:10F6F000426F6F742050726573656E74004552528C
:10F700004F5220496E69616C697A696E67204C5F5F
:10F71000522070616972696E6720627574746F6ED1
:10F720003A202564004552524F5220496E74696157
:10F730006C697A696E672077726973742070616989
:10F7400072696E6720627574746F6E3A202564006A
:10F750004561626C696E672074686520626C7565CE
:10F76000746F6F7468206D6F64756C6520746F20A2
:10F77000737461727400426C7565746F6F74682085
:10F78000696E6974206661696C65642028657272AF
:10F79000202564290053657474696E6773206C6F4B
:10F7A0006164206661696C65642028657272202539
:10F7B0006429004661696C656420746F20696E7409
:10F7C00069616C697A6564206E757320636C696524
:10F7D0006E74004552524F52205541525420736569
:10F7E000727669636520696E6974206572726F72E2
:10F7F0003A20256400474E5353206465766963655B
:10F80000206973206E6F74207265616479004750BF
:10F8100053204445564943452049532052454144CD
:10F8200059005354415254494E47205448452042B0
:10F830004C5545544F4F5448205354415254205531
:10F840005020434F4E4E454354494F4E530052496A
:10F8500047485420424F4F542050524553454E5430
:10F86000005343414E4E494E4720464F52204C20B4
:10F87000626F6F74004164766572746973696E6754
:10F8800020726967687420626F6F7420666F7220DF
:10F8900070686F6E6520636F6E6E656374696F6EFE
:10F8A000004C45465420424F4F542050524553453A
:10F8B0004E54004144564552544953494E47204CFA
:10F8C00020424F4F5400496E20746865204C4546D5
:10F8D00054204252414E434800496E2074686520CE
:10F8E0005249474854204272616E636800626173F6
:10F8F000655F73746174696F6E006C65645F636FDC
:10F900006E74726F6C007075626C69630072616E08
:10F91000646F6D007075626C69632D69640072615B
:10F920006E646F6D2D696400253032583A2530328F
:10F93000583A253032583A253032583A2530325824
:10F940003A25303258202825732900436F6E6E65A2
:10F950006374656420696E20746865205363616E0A
:10F9600020436F6E6E656374696E672063616C6CB3
:10F970006261636B0A0054686520436F6E6E656355
:10F9800069746F6E20707472206973206E6F7420BA
:10F990007365742070726F7065726C7900426C755B
:10F9A00065746F6F746820436F6E6E656374696F02
:10F9B0006E2053756365737366756C6C0069735262
:10F9C00069676874426F6F743A20256400446973F4
:10F9D000636F766572696E67205541525420536596
:10F9E0007276696365004552524F52207768656EA2
:10F9F000205541727420646973636F766572790073
:10FA00004572726F72206F636375726564207768E8
:10FA1000656E20646973636F766572696E672074C2
:10FA2000686520626C7565746F6F746820736572A9
:10FA3000766963657320286572723A20256429000F
:10FA4000446973636F6E6E656374696F6E206F6374
:10FA500063757265642E20286572723A20256429C8
:10FA6000005365637572697479206368616E6765B8
:10FA7000643A202573206C6576656C2025750A0034
:10FA80005365637572697479206661696C65643A5F
:10FA9000202573206C6576656C2025752065727253
:10FAA0002025640A0031362D626974205555494479
:10FAB0003A203078253034780033322D6269742052
:10FAC000555549443A20307825303878003132385D
:10FAD0002D62697420555549443A202573005261BE
:10FAE00077203132382D62697420555549443A20C7
:10FAF000253032782530327825303278253032780A
:10FB00002D25303278253032782D25303278253049
:10FB100032782D25303278253032782D25303278E4
:10FB200025303278253032782530327825303278D9
:10FB30002530327800556E737570706F727465641D
:10FB400020555549442074797065004C4544204443
:10FB50006973636F7665727920636F6D706C65741D
:10FB60006500466F756E64204C4253207365727653
:10FB7000696365004245464F524520746865204CD4
:10FB8000425320646973636F7665722066756E6395
:10FB900074696F6E00416674657220746865204CEC
:10FBA000425320646973636F7665722066756E6375
:10FBB00074696F6E00436861726163746572697322
:10FBC00074696320646973636F7665727920666116
:10FBD000696C656420286572723A202564290046A4
:10FBE0006F756E64206368617261637465726973B6
:10FBF000746963207769746820555549443A200038
:10FC0000466F756E64204C45442063686172616381
:10FC10007465726973746963004C4544206368615C
:10FC200072616374657269737469632068616E647C
:10FC30006C653A20257500626C7565746F6F746829
:10FC40005F636F6E74726F6C004144435F436F6E0D
:10FC500074726F6C004572726F722025643A206670
:10FC600061696C656420746F20636F6E6669677587
:10FC7000726520627574746F6E206770696F207092
:10FC8000696E2025640A004572726F722025643AFD
:10FC9000206661696C656420746F20636F6E6669AD
:10FCA0006775726520627574746F6E2063616C6C29
:10FCB0006261636B206F6E2070696E2025640A009C
:10FCC0004572726F7220616464696E672063616C53
:10FCD0006C6261636B20666F7220627574746F6E04
:10FCE000206368616E67653A20286572722025641A
:10FCF000290A004572726F722025643A2066616994
:10FD00006C656420746F20636F6E666967757265D9
:10FD100020737769746368206770696F2070696EFB
:10FD20002025640A00494E207468652050686F6E73
:10FD30006520706169726E672063616C6C626163DB
:10FD40006B00494E2074686520424F4F542070610B
:10FD50006972696E672063616C6C6261636B0042FB
:10FD60007574746F6E5F436F6E74726F6C00554183
:10FD700052542064617461207375636365737366A4
:10FD8000756C6C792073656E7400546865205541FC
:10FD9000525420636F6E6E656374696F6E20697371
:10FDA000207375636365737366756C0054686520B2
:10FDB0005541525420636F6E6E656374696F6E2097
:10FDC0006661696C6564004E555320436C69656ECD
:10FDD0007420496E6974696C61697A6169746F6EC7
:10FDE000206661696C65642028657272202564292B
:10FDF000004E555320436C69656E74206D6F6475B9
:10FE00006C6520696E6974696C697A656400554136
:10FE100052545F62745F636F6E74726F6C005365EF
:10FE20007276696365206E6F7420666F756E64000C
:10FE30004C20426F6F74205363616E205374617263
:10FE400074656400556E61626C6520746F20737414
:10FE50006F70207363616E6E696E672028657272C1
:10FE60003A20256429004C20426F6F742055554973
:10FE700044207363616E6E696E672066696C746599
:10FE800072732063616E6E6F742062652073657497
:10FE900020286572722025642900424F4152445F38
:10FEA00048414C4F5F4C004C20426F6F74206E6194
:10FEB0006D65207363616E6E696E672066696C7430
:10FEC0006572732063616E6E6F7420626520736566
:10FED000742028657272202564290046696C746557
:10FEE00072732063616E6E6F742062652074757228
:10FEF0006E6564206F6E202865727220256429006B
:10FF00005363616E206D6F64756C6520696E6974F2
:10FF100069616C697A6564004C20426F6F7420736C
:10FF200063616E6E696E67206661696C65642074DA
:10FF30006F207374617274202865727220256429A1
:10FF4000004572726F72207768696C65206469730E
:10FF5000636F766572696E6720474154542064610F
:10FF60007461626173653A20282564290043616EDB
:10FF70006E6F74207374617274206F70656E20618F
:10FF800064766572746973696E6720286572723A67
:10FF9000202564290A004164766572746973696E6C
:10FFA0006720696E2070616972696E67206D6F6489
:10FFB0006520737461727465640043616E6E6F7462
:10FFC0002073746F70206164766572746973696EF2
:10FFD00067206572723D202564200A004572726FA9
:10FFE000722053756273726962696E6720746F2044
:10FFF0007468652055415254206E6F746969666358
:0200000270008C
:100000006174696F6E005541525420536572766970
:10001000636520646973636F7665727920636F6DC1
:10002000706C65746564004E414D453A200025634F
:10003000004661696C656420746F20436F6E6E6565
:1000400063740A00436F756C64206E6F7420737460
:100050006172742074686520646973636F76657279
:10006000792070726F63656475726520286572729D
:100070002025642900626F6F745F62745F636F6E26
:1000800074726F6C00474E535320574F524B494E7A
:1000900047004C6F636174696F6E3A204C617469FC
:1000A000747564653A20252E36662C204C6F6E6779
:1000B00069747564653A20252E36662C2054696D66
:1000C000653A20253032643A253032643A253032A0
:1000D00064205554432C2053706565643A20252EC6
:1000E0003266206D6D2F73004E4F204649580067D1
:1000F000707300696D750043616E6E6F7420737468
:10010000617274206F70656E2061647665727469C7
:1001100073696E6720666F722070686F6E6520630A
:100120006F6E6E656374696F6E286572723A202512
:1001300064290A004164766572746973696E672088
:10014000666F722050686F6E6520436F6E6E6563D8
:1001500074696F6E205374617274656400424F411C
:1001600052445F48414C4F5F52006970686F6E6542
:100170005F62745F636F6E6E6563740055415254C5
:10018000202D2D3E20313A20256420323A2025644E
:1001900020333A20256420343A20256400457272C9
:1001A0006F7220554152542053656E643A20256485
:1001B000006C6566745F626F6F745F6F706572610B
:1001C00074696F6E00436F756C64206E6F7420727B
:1001D0006561642041444320646174612028256482
:1001E00029004661696C656420746F207472616EC9
:1001F000736D6974206F76657220426C7565746FDB
:100200006F746820282564290072696768745F62CA
:100210006F6F745F6F7065726174696F6E00000755
:100220000E091C1B1215383F363124232A2D287540
:100230006E7369676E6564292063686172202A2085
:100240007573656420666F72202525702061726762
:10025000756D656E742E2049742773207265636F07
:100260006D6D656E64656420746F206361737420C6
:10027000697420746F20766F6964202A2062656338
:1002800061757365206974206D6179206361757390
:1002900065206D69736265686176696F7220696E49
:1002A000206365727461696E20636F6E666967753D
:1002B000726174696F6E732E20537472696E673A3F
:1002C0002225732220617267756D656E743A25640C
:1002D0000063627072696E74665F7061636B616700
:1002E00065004E5653206E6F7420696E69746961A3
:1002F0006C697A656400436F756C64206E6F74205E
:100300006F627461696E20666C61736820706172DF
:10031000616D657465727300556E737570706F7280
:1003200074656420777269746520626C6F636B20FA
:1003300073697A6500556E61626C6520746F206721
:100340006574207061676520696E666F00496E761E
:10035000616C696420736563746F722073697A6578
:1003600000436F6E66696775726174696F6E2065B0
:1003700072726F72202D20736563746F7220636FC9
:10038000756E7400256420536563746F7273206FFB
:100390006620256420627974657300616C6C6F63FC
:1003A000207772613A2025642C20257800646174DE
:1003B00061207772613A2025642C202578004E6FE9
:1003C00020474320446F6E65206D61726B6572201B
:1003D000666F756E643A2072657374617274696ECB
:1003E0006720676300474320446F6E65206D61722C
:1003F0006B657220666F756E640066735F6E7673F0
:10040000006C6F6767696E67006C6F67006C6F6781
:100410005F6D676D74004D65737361676520282299
:10042000257322292064726F707065642062656391
:1004300061757365206974206578636565647320F0
:1004400073697A65206C696D69746174696F6E2077
:1004500028257529000D0A001B5B306D00257320CF
:10046000005B2530386C755D20005B253032753AB5
:10047000253032753A253032752E253033752C25CE
:100480003033755D200025732F003C25733E20001E
:1004900025733A2000253032782000202020007C6F
:1004A00000206D657373616765732064726F70708F
:1004B0006564202D2D2D0D0A1B5B306D001B5B31FB
:1004C0003B33316D2D2D2D20001B5B313B33316DC6
:1004D000001B5B313B33336D0077726E00696E66D3
:1004E00000646267006C6F675F6261636B656E6476
:1004F0005F75617274006C6F675F7561727400453F
:100500006E64706F696E742030782530327820699F
:100510007320696E76616C696400456E64706F6902
:100520006E742030782530327820616C7265616499
:10053000792064697361626C6564004661696C6509
:100540006420746F2064697361626C6520656E64F9
:10055000706F696E7420307825303278005365747E
:100560002068616C74206570203078253032780006
:10057000436C6561722068616C742065702030780E
:100580002530327800456E64706F696E7420307863
:100590002530327820616C726561647920636F6EFA
:1005A00066696775726564004661696C656420748C
:1005B0006F20636F6E66696775726520656E647023
:1005C0006F696E742030782530327800456E647023
:1005D0006F696E742030782530327820616C7265D6
:1005E00061647920656E61626C6564004661696C66
:1005F000656420746F20656E61626C6520656E6451
:10060000706F696E742030782530327800466169E9
:100610006C656420746F20777269746520656E6400
:10062000706F696E74206275666665722030782519
:100630003032780052657175657374206275666634
:10064000657220746F6F20736D616C6C005553423E
:100650002064657669636520737570706F727420AD
:10066000616C726561647920656E61626C656400BD
:100670004661696C656420746F20636F6E6669679C
:1006800075726520555342206465766963652073F1
:100690007461636B004572726F6E656F7573206471
:1006A00065766963652064657363726970746F72DF
:1006B000206F7220624D61785061636B657453697D
:1006C0007A6530007573625F6465766963650030D2
:1006D00031323334353637383941424344454600A8
:1006E0005468657265206973206E6F207573625F50
:1006F0006366675F6461746120666F7220257000B5
:10070000556E696E697469616C697A656420757388
:10071000625F6366675F6461746120706F696E74A5
:1007200065722C20636F72727570746564206465E5
:10073000766963652064657363726970746F723F74
:10074000004661696C656420746F2076616C696431
:1007500061746520656E64706F696E74730074688F
:1007600065206E657720534E2064657363726970EF
:10077000746F7220646F65736E277420686176658C
:10078000207468652073616D65206C656E677468A0
:1007900020617320434F4E4649475F5553425F44A3
:1007A00045564943455F534E00496E636F6D706C0B
:1007B000657465206465766963652064657363723A
:1007C0006970746F72004661696C656420746F2093
:1007D0006669787570205553422064657363726949
:1007E00070746F72007573625F64657363726970B1
:1007F000746F72005472616E7366657220657272F6
:100800006F722025642C2065702030782530327876
:100810000052582064617461206C6F73742C206ED8
:100820006F207472616E73666572004E6F20747211
:10083000616E7366657220736C6F74206176616996
:100840006C61626C650041207472616E73666572E2
:1008500020697320616C7265616479206F6E676FC7
:10086000696E672C206570203078253032780075ED
:1008700073625F7472616E73666572006364632D88
:1008800061636D2D7561727400757362776F726B41
:1008900071007365742D76616C7565206661696C95
:1008A0007572652E206B65793A202573206572720A
:1008B0006F7228256429002A2A2A20426F6F7469E2
:1008C0006E67206E524620436F6E6E6563742053D0
:1008D000444B2076322E372E302D35636238353535
:1008E000373063613433202A2A2A0A002A2A2A2030
:1008F0005573696E67205A6570687972204F53206E
:1009000076332E362E39392D3130306265666337B5
:1009100030633734202A2A2A0A00556E73757070A6
:100920006F72746564205555494420747970652E42
:1009300000556E696E697469616C697A65642055E9
:100940005549442E004E6F20737061636520666FB9
:1009500072206120555549442E004E6F20737061FE
:10096000636520666F72206E6577206174747269AA
:10097000627574652E004E6F20737061636520662A
:100980006F72206174747269627574652064617439
:10099000612E00556E657870656374656420636FC1
:1009A0006E6E206F626A6563742E2041626F72748E
:1009B000696E672E004E6F7420656E6F75676820D4
:1009C0006D656D6F727920666F72207365727669DE
:1009D0006365206174747269627574652E004E6F70
:1009E0007420656E6F756768206D656D6F72792014
:1009F000666F7220736572766963652061747472C4
:100A0000696275746520646174612E004465736366
:100A1000726970746F7220646973636F7665722097
:100A20006661696C65642C206572726F723A20256C
:100A3000642E0043686172616374657269737469DE
:100A40006320646973636F766572206661696C65A3
:100A5000642C206572726F723A2025642E004E6FEE
:100A60007420656E6F756768206D656D6F72792093
:100A7000666F72206E657874206174747269627535
:100A800074652064657363726970746F7220617439
:100A90002068616E646C652025752E00446973635F
:100AA0006F766572206661696C65642C2065727270
:100AB0006F723A2025642E0004081162745F67612A
:100AC00074745F646D000204106E72665F62745F1E
:100AD0007363616E00029ECADC240EE5A9E093F305
:100AE000A3B50200406E029ECADC240EE5A9E09385
:100AF000F3A3B50200406E029ECADC240EE5A9E015
:100B000093F3A3B50300406E029ECADC240EE5A950
:100B1000E093F3A3B50300406E029ECADC240EE509
:100B2000A9E093F3A3B50100406E62745F6E757324
:100B3000004D697373696E67204E555320545820D9
:100B400063686172616374657269737469632E00AE
:100B50004D697373696E67204E5553205458207643
:100B6000616C75652064657363726970746F72205F
:100B7000696E206368617261637465726973746918
:100B8000632E004D697373696E67204E5553205470
:100B9000582043434320696E206368617261637427
:100BA000657269737469632E004D697373696E674A
:100BB000204E5553205258206368617261637465FA
:100BC0007269737469632E004D697373696E67206F
:100BD0004E55532052582076616C756520646573BC
:100BE00063726970746F7220696E206368617261EC
:100BF0006374657269737469632E005375627363FD
:100C000072696265206661696C656420286572722C
:100C100020256429006E75735F63000223D1BCEA4E
:100C20005F782315DEEF1212251500000223D1BCD8
:100C3000EA5F782315DEEF1212251500000223D19A
:100C4000BCEA5F782315DEEF1212241500000223A0
:100C5000D1BCEA5F782315DEEF12122415000002E2
:100C600023D1BCEA5F782315DEEF121223150000B2
:100C700062745F6C627300637C777BF26B6FC5306C
:100C800001672BFED7AB76CA82C97DFA5947F0AD12
:100C9000D4A2AF9CA472C0B7FD9326363FF7CC34E4
:100CA000A5E5F171D8311504C723C31896059A0735
:100CB0001280E2EB27B27509832C1A1B6E5AA052E0
:100CC0003BD6B329E32F8453D100ED20FCB15B6AFE
:100CD000CBBE394A4C58CFD0EFAAFB434D338545A4
:100CE000F9027F503C9FA851A3408F929D38F5BCDC
:100CF000B6DA2110FFF3D2CD0C13EC5F974417C482
:100D0000A77E3D645D197360814FDC222A9088467E
:100D1000EEB814DE5E0BDBE0323A0A4906245CC210
:100D2000D3AC629195E479E7C8376D8DD54EA96C47
:100D300056F4EA657AAE08BA78252E1CA6B4C6E841
:100D4000DD741F4BBD8B8A703EB5664803F60E619D
:100D50003557B986C11D9EE1F8981169D98E949BCB
:100D60001E87E9CE5528DF8CA1890DBFE642684178
:100D7000992D0FB054BB166D757465785F696E69F7
:100D8000742063616C6C65642077697468204E55CB
:100D90004C4C20706172616D6574657200436F75B3
:100DA0006C64206E6F7420616C6C6F63617465207D
:100DB0006D75746578206265666F726520696E690D
:100DC0007469616C697A696E670072302F61313ABB
:100DD0002020307825303878202072312F61323A47
:100DE0002020307825303878202072322F61333A35
:100DF00020203078253038780072332F61343A2043
:100E000020307825303878207231322F69703A20BE
:100E100020307825303878207231342F6C723A20A7
:100E2000203078253038780020787073723A20208E
:100E3000307825303878004661756C74696E6720AB
:100E4000696E737472756374696F6E206164647225
:100E500065737320287231352F7063293A203078FA
:100E60002530387800556E68616E646C6564204981
:100E700052516E3A202564002A2A2A2A2A204255F5
:100E800053204641554C54202A2A2A2A2A00202041
:100E9000537461636B696E67206572726F720020B4
:100EA00020556E737461636B696E67206572726F33
:100EB00072002020507265636973652064617461FB
:100EC00020627573206572726F7200202042464165
:100ED0005220416464726573733A2030782578003B
:100EE0002020496D70726563697365206461746167
:100EF00020627573206572726F72002020496E73D4
:100F00007472756374696F6E206275732065727296
:100F10006F72002020466C6F6174696E672D706F70
:100F2000696E74206C617A792073746174652070C5
:100F30007265736572766174696F6E206572726F27
:100F400072002A2A2A2A2A20555341474520464121
:100F5000554C54202A2A2A2A2A00202044697669DE
:100F600073696F6E206279207A65726F0020205558
:100F70006E616C69676E6564206D656D6F72792056
:100F80006163636573730020204E6F20636F70721E
:100F90006F636573736F7220696E737472756374B7
:100FA000696F6E73002020496C6C6567616C206C02
:100FB0006F6164206F66204558435F524554555217
:100FC0004E20696E746F205043002020496C6C6580
:100FD00067616C20757365206F66207468652045B5
:100FE000505352002020417474656D707420746FEA
:100FF000206578656375746520756E646566696ED5
:10100000656420696E737472756374696F6E002A0B
:101010002A2A2A2A204D5055204641554C54202A30
:101020002A2A2A2A002020537461636B696E672084
:101030006572726F722028636F6E746578742061B8
:10104000726561206D69676874206265206E6F74D7
:101050002076616C6964290020204461746120411C
:1010600063636573732056696F6C6174696F6E009A
:1010700020204D4D46415220416464726573733A9D
:101080002030782578002020496E7374727563745F
:10109000696F6E204163636573732056696F6C617D
:1010A00074696F6E00526573657276656420457869
:1010B00063657074696F6E20280053707572696F74
:1010C000757320696E746572727570742028495248
:1010D000512000535053454C20696E20746872654E
:1010E0006164206D6F646520646F6573206E6F743A
:1010F00020696E64696361746520505350002A2A28
:101100002A2A2A2048415244204641554C54202A3C
:101110002A2A2A2A002020427573206661756C7481
:10112000206F6E20766563746F72207461626C65E7
:1011300020726561640020204465627567206576D1
:10114000656E740020204661756C74206573636160
:101150006C6174696F6E20287365652062656C6FC1
:10116000772900415243485F455843455054207702
:1011700069746820726561736F6E2025780A002A91
:101180002A2A2A2A204465627567206D6F6E697469
:101190006F7220657863657074696F6E202A2A2AE1
:1011A0002A2A002A2A2A2A2A20257320256429206F
:1011B0002A2A2A2A2A006D7075004661696C6564C6
:1011C00020746F20616C6C6F63617465206E65774D
:1011D000204D505520726567696F6E2025750A0095
:1011E000506172746974696F6E2025753A2073615D
:1011F0006E69747920636865636B206661696C65EC
:10120000642E00464C4153485F30005352414D5FBD
:101210003000000001000000736F630000FFFFFF5B
:10122000FFFFFF00000000000000FFFFFFFFFFFFC7
:1012300000000000000030313233343536373839A1
:101240006162636465660062745F72706100496E1A
:1012500073756666696369656E74206E756D626527
:1012600072206F6620617267756D656E74730049D8
:10127000676E6F72696E67206964656E7469746900
:1012800065732073746F72656420696E20666C618B
:10129000736800496E76616C6964206C656E677472
:1012A00068204944206164647265737320696E200C
:1012B00073746F726167650069726B00496E766165
:1012C0006C6964206C656E6774682049524B2069B4
:1012D0006E2073746F726167650062742F25732FBF
:1012E0002530327825303278253032782530327802
:1012F000253032782530327825752F2573006274B9
:101300002F25732F253032782530327825303278EA
:1013100025303278253032782530327825750073C3
:10132000657474696E67735F7375627379735F69EF
:101330006E6974206661696C65642028657272202C
:101340002564290062742F2573004661696C656409
:1013500020746F207361766520494420286572727D
:1013600020256429004661696C656420746F2073D0
:101370006176652049524B202865727220256429C8
:1013800000556E61626C6520746F207365747570B2
:1013900020616E206964656E74697479206164648B
:1013A000726573730062740062745F73657474694C
:1013B0006E6773004254204C572057510025303837
:1013C000782D253034782D253034782D253034781B
:1013D0002D25303878253034780002FB349B5F802F
:1013E00000008000100000000000006D616C666F5E
:1013F000726D6564206164766572746973696E6785
:101400002064617461202575202F20257500627489
:101410005F64617461004461746120627566666531
:1014200072206F766572666C6F7720286C696E6BC0
:101430002074797065203078253032782900546F17
:101440006F20736D616C6C2028257520627974653E
:101450007329206576656E742030782530327800E7
:10146000556E61626C6520746F206C6F6F6B2075B8
:101470007020636F6E6E20776974682068616E6497
:101480006C6520257500556E61626C6520746F2057
:101490006C6F6F6B757020636F6E6E20666F72205D
:1014A00068616E646C6520257500486172647761BF
:1014B0007265206572726F722C2068617264776148
:1014C000726520636F64653A20256400436F756C14
:1014D00064206E6F74207375626D69742072785F1A
:1014E000776F726B3A20256400556E61626C6520DF
:1014F000746F20616C6C6F636174652062756666E1
:10150000657200556E68616E646C65642076656E08
:10151000646F722D737065636966696320657665B3
:101520006E743A20257300556E68616E646C656454
:10153000206576656E7420307825303278206C65B1
:101540006E2025753A20257300496E76616C6964BA
:10155000204843492041434C207061636B657420EF
:1015600073697A6520282575290041434C20646100
:101570007461206C656E677468206D69736D617449
:1015800063682028257520213D2025752900556E8A
:1015900061626C6520746F2066696E6420636F6E93
:1015A0006E20666F722068616E646C652025750020
:1015B000496E76616C696420484349206576656EA2
:1015C000742073697A65202825752900574553547E
:1015D0005F544F504449522F7A65706879722F7367
:1015E00075627379732F626C7565746F6F74682F91
:1015F000686F73742F6863695F636F72652E630031
:1016000062745F6863695F6576745F6765745F665F
:101610006C616773286864722D3E65767429202694
:10162000202831554C203C3C2028312929004153A9
:1016300053455254494F4E204641494C205B257337
:101640005D20402025733A25640A00556E6B6E6F4D
:10165000776E206275662074797065202575004E5E
:101660006F20636F6D6D616E642073656E742066AC
:101670006F7220636D6420636F6D706C657465209C
:10168000307825303478004F70436F6465203078AF
:101690002530347820636F6D706C657465642069E3
:1016A0006E7374656164206F66206578706563741D
:1016B00065642030782530347800556E6578706523
:1016C0006374656420484F53545F4E554D5F434FDC
:1016D0004D504C455445445F5041434B4554532075
:1016E000287374617475732030782530327829003E
:1016F000657674206E756D5F68616E646C657320CD
:10170000283D25752920746F6F206C6172676520F4
:10171000282575203E20257529004E6F20636F6EA9
:101720006E656374696F6E20666F722068616E64A7
:101730006C65202575007061636B65747320636F41
:10174000756E74206D69736D617463680065727283
:10175000203D3D20300009636F6D6D616E64206F28
:1017600070636F6465203078253034782074696D3B
:10177000656F7574207769746820657272202564BE
:101780000A006F70636F64652030782530347820EC
:101790007374617475732030782530327800466137
:1017A000696C656420746F207265616420444C45E7
:1017B000206D61782064617461206C656E007478BE
:1017C0005F6F637465747320657863656564732007
:1017D0007468652076616C69642072616E6765204B
:1017E00025750074785F74696D652065786365653B
:1017F0006473207468652076616C69642072616E20
:101800006765202575004E6F2070656E64696E6790
:10181000207065726970686572616C20636F6E6EAE
:10182000656374696F6E004E6F2070656E64696EDB
:10183000672063656E7472616C20636F6E6E6563A2
:1018400074696F6E00556E657870656374656420A9
:1018500073746174757320307825303278004E6F60
:101860002070656E64696E6720636F6E6E20666FB0
:10187000722070656572202573004661696C65642D
:1018800020726561642072656D6F746520666561A4
:1018900074757265732028256429004661696C653A
:1018A00064204C45205365742050485920282564F5
:1018B00029004661696C656420746F20736574202B
:1018C00064617461206C656E20282564290046617E
:1018D000696C656420746F2073657420726571751E
:1018E00069726564207365637572697479206C65CB
:1018F00076656C004E6F206368616E676520746F5B
:1019000020656E6372797074696F6E207374617490
:10191000652028656E6372797074203078253032C6
:10192000782900756E6B6E6F776E00556E61626C14
:101930006520746F2073656E6420746F2064726913
:10194000766572202865727220256429004F7574AF
:10195000206F6620636F6D6D616E642062756666D0
:1019600065727300556E636C6561726564207065A5
:101970006E64696E672073656E745F636D64005595
:101980006E6578706563746564206B5F706F6C6CF6
:10199000206576656E74207374617465202575000A
:1019A0006576745F666C6167732026202831554C1C
:1019B000203C3C202830292900496E76616C6964FE
:1019C000206275662074797065202575005B305D36
:1019D000004964656E7469747925733A2025730033
:1019E0004964656E746974795B25645D3A2025737A
:1019F000004843493A2076657273696F6E202573FB
:101A0000202830782530327829207265766973690C
:101A10006F6E203078253034782C206D616E7566BD
:101A20006163747572657220307825303478004CAB
:101A30004D503A2076657273696F6E2025732028A9
:101A400030782530327829207375627665722030BF
:101A50007825303478004E6F2049442061646472E8
:101A60006573732E20417070206D757374206361EF
:101A70006C6C2073657474696E67735F6C6F6164FE
:101A80002829004E6F6E2D4C452063617061626C99
:101A90006520636F6E74726F6C6C65722064657420
:101AA0006563746564210041434C2042522F4544D4
:101AB000522062756666657273206E6F7420696E5F
:101AC000697469616C697A65640056656E646F72E9
:101AD0002048434920657874656E73696F6E732082
:101AE0006E6F7420617661696C61626C6500485745
:101AF00020506C6174666F726D3A20257320283017
:101B00007825303478290048572056617269616E13
:101B1000743A2025732028307825303478290046FF
:101B200069726D776172653A2025732028307825B7
:101B3000303278292056657273696F6E2025752EB4
:101B40002575204275696C64202575004661696CB5
:101B5000656420746F207265616420737570706FA6
:101B6000727465642076656E646F7220636F6D6D4C
:101B7000616E6473004661696C656420746F2072E5
:101B800065616420737570706F727465642076652A
:101B90006E646F72206665617475726573004E6F56
:101BA00020484349206472697665722072656769CE
:101BB0007374657265640042542054580042542086
:101BC0005258205751004843492064726976657223
:101BD000206F70656E206661696C656420282564DD
:101BE0002900424F4152445F48414C4F5F4D4152A2
:101BF0004B3100000909090901020909090909090C
:101C00000909090909070909090909060909090949
:101C10000909090909090909090909090591FBFBCC
:101C2000F3F4FBFBFBFBEA312E306200312E310076
:101C3000312E3200322E3000322E3100332E300061
:101C4000342E3000342E3100342E3200352E300048
:101C5000352E3100352E3200352E3300352E34002E
:101C60005374616E6461726420426C7565746F6F49
:101C7000746820636F6E74726F6C6C657200566569
:101C80006E646F7220737065636966696320636F49
:101C90006E74726F6C6C6572004669726D776172FA
:101CA00065206C6F616465720052657363756520B1
:101CB000696D616765007265736572766564006E53
:101CC0005246353178006E5246353278006E5246B3
:101CD000353378006E524635344878006E524635BA
:101CE000344C7800496E74656C20436F72706F726B
:101CF0006174696F6E004E6F726469632053656D25
:101D000069636F6E647563746F72004E5850205330
:101D1000656D69636F6E647563746F72730062746E
:101D20005F6863695F636F7265004E525041206E59
:101D30006F7420737570706F727465642077686556
:101D40006E2042545F505249564143593D790063D9
:101D50006D6420646973616C6C6F776564004661C3
:101D6000696C656420746F2064697361626C6520BE
:101D700061646472657373207265736F6C757469E6
:101D80006F6E005265736F6C76696E67206C697355
:101D9000742073697A652065786365656465642E6F
:101DA00020537769746368696E6720746F20686F69
:101DB00073742E004661696C656420746F20636CD7
:101DC000656172207265736F6C7574696F6E206CDB
:101DD000697374004661696C656420746F20616486
:101DE000642049524B20746F20636F6E74726F6C65
:101DF0006C65720053657420707269766163792036
:101E00006D6F646520636F6D6D616E642069732012
:101E10006E6F7420737570706F72746564004661C4
:101E2000696C656420746F207365742070726976C4
:101E3000616379206D6F64650044697361626C69E8
:101E40006E672061646472657373207265736F6C72
:101E50007574696F6E206661696C656420286572AF
:101E60007220256429004661696C656420746F20C6
:101E700072656D6F76652049524B2066726F6D20DA
:101E8000636F6E74726F6C6C6572004661696C652D
:101E90006420746F20757064617465205250412015
:101EA000616464726573732028256429004F6E6C29
:101EB000792072616E646F6D207374617469632040
:101EC0006964656E746974792061646472657373A2
:101ED00020737570706F7274656400496E76616C02
:101EE000696420696E70757420706172616D6574CB
:101EF000657273004661696C656420746F20726559
:101F00006164207075626C696320616464726573DA
:101F100073004661696C656420746F20726561644A
:101F2000206964656E7469747920726F6F740052F1
:101F300065616420537461746963204164647265EF
:101F40007373657320636F6D6D616E64206E6F7463
:101F500020617661696C61626C65004661696C65DF
:101F60006420746F207265616420737461746963A6
:101F700020616464726573736573004E6F207374BF
:101F8000617469632061646472657373657320733F
:101F9000746F72656420696E20636F6E74726F6C0B
:101FA0006C65720043616E27742073657420626FE4
:101FB0007468204944454E544954592026204E52B5
:101FC00050410062745F696400546F6F20626967FA
:101FD000206164766572746973696E6720646174E8
:101FE00061004661696C656420746F20737461726E
:101FF0007420616476657274697365720046616904
:102000006C656420746F2073746F702061647665F2
:1020100072746973696E673A20256400436F6E7449
:10202000726F6C6C65722063616E6E6F7420726586
:1020300073756D6520636F6E6E65637461626C6548
:10204000206164766572746973696E6720282564FF
:10205000290062745F61647600556E65787065630F
:1020600074656420656E64206F66206275666665BF
:102070007200030502000A45434320484349206398
:102080006F6D6D616E6473206E6F7420617661692F
:102090006C61626C650043616C6C6261636B2061B2
:1020A0006C726561647920726567697374657265C5
:1020B000640053656E64696E67204C45205032356C
:1020C00036205075626C6963204B657920636F6DB3
:1020D0006D616E64206661696C6564004661696C5F
:1020E000656420746F2067656E6572617465204455
:1020F000484B657920286572722025642900E69D89
:10210000350E480103CCDBFDF4AC1191F4EFB9A519
:10211000F9E9A7832C5E2CBE97F2D203B0208BD2B4
:102120008915D08E1C742430ED8FC24563765C1502
:10213000525ABF9A32636DEB2A65499C80DC627407
:102140005F65636300556E657870656374656420D0
:102150006669727374204C32434150206672616D1F
:102160006500556E6578706563746564204C324314
:10217000415020636F6E74696E756174696F6E0093
:102180004E6F7420656E6F75676820627566666550
:102190007220737061636520666F72204C32434118
:1021A00050206461746100556E6578706563746574
:1021B000642041434C20666C616773202830782589
:1021C000303278290041434C206C656E206D697374
:1021D0006D6174636820282575203E2025752900CF
:1021E00062756620676976656E20746F20636F6E16
:1021F0006E20686173206F74686572207265667303
:10220000006E6F7420656E6F75676820726F6F6DFA
:1022100020696E20757365725F6461746120256446
:10222000203C20256420706F6F6C202575006E6F38
:102230007420636F6E6E6563746564210044697316
:10224000636F6E6E6563746564207768696C652082
:10225000616C6C6F636174696E6720636F6E746527
:1022600078740028756E6B6E6F776E29006E6F2024
:102270007472616E736974696F6E20257300496EA4
:1022800076616C69642028257529206F6C64207341
:102290007461746500636F6E6E20257020666169DD
:1022A0006C656420746F2065737461626C69736817
:1022B0002E205246206E6F6973653F006E6F207648
:1022C000616C696420282575292073746174652008
:1022D0007761732073657400696E636F6D706174EC
:1022E00069626C652068616E646C652025750055B7
:1022F0006E61626C6520746F20616C6C6F636174D9
:1023000065206275666665722077697468696E20FB
:1023100074696D656F757400466F756E64207661C3
:102320006C696420636F6E6E656374696F6E2028DC
:1023300025702920776974682061646472657373FD
:1023400020257320696E20257320737461746520C5
:102350000053656E64204C4520706172616D20757C
:102360007064617465206661696C656420286572BB
:1023700072202564290053656E64206175746F2096
:102380004C4520706172616D2075706461746520C8
:102390006661696C65642028657272202564290075
:1023A000574553545F544F504449522F7A657068D3
:1023B00079722F7375627379732F626C7565746FA0
:1023C0006F74682F686F73742F636F6E6E2E630067
:1023D000646973636F6E6E656374656400646973CA
:1023E000636F6E6E6563742D636F6D706C6574657D
:1023F000007363616E2D6265666F72652D696E692B
:1024000074696174696E6700696E69746961746981
:102410006E672D66696C7465722D6C6973740061EA
:1024200064762D636F6E6E65637461626C650061C6
:1024300064762D6469722D636F6E6E65637461627C
:102440006C6500646973636F6E6E656374696E6753
:102450000062745F636F6E6E00556E61626C652022
:10246000746F20616C6C6F63617465206275666661
:10247000657220666F72206F702030782530327858
:10248000004E6F20617661696C61626C65204C3230
:1024900043415020636F6E7465787420666F7220BC
:1024A000636F6E6E202570004C32434150206C6586
:1024B0006E677468206D69736D6174636820282588
:1024C0007520213D2025752900496E76616C69646F
:1024D000206964656E742076616C756520696E2074
:1024E0004C324341502050445500546F6F20736D5F
:1024F000616C6C204C4520636F6E6E207061726160
:102500006D2072737000546F6F20736D616C6C205E
:102510004C4520636F6E6E20757064617465207029
:102520006172616D20726571004E6F7420636F6E11
:102530006E65637465640052656A656374696E678D
:1025400020756E6B6E6F776E204C32434150205079
:10255000445520636F64652030782530327800540C
:102560006F6F20736D616C6C204C3243415020734F
:1025700069676E616C696E672050445500546F6FD7
:1025800020736D616C6C204C324341502050445597
:102590002072656365697665640049676E6F72696C
:1025A0006E67206461746120666F7220756E6B6E59
:1025B0006F776E206368616E6E656C2049442030D1
:1025C000782530347800636F6E6669670062745FE7
:1025D0006C32636170004E6F20617661696C61627C
:1025E0006C652041545420636F6E74657874206666
:1025F0006F7220636F6E6E202570004E6F206176C3
:1026000061696C61626C6520415454206368616E3D
:102610006E656C20666F7220636F6E6E2025700091
:10262000415454204D545520657863656564656454
:102630002C206D61782025752C2077616E7465647F
:1026400020257A7500556E61626C6520746F206379
:10265000726561746520555549443A2073697A65FD
:1026600020257500556E61626C6520746F20637261
:102670006561746520555549443A2073697A65202F
:10268000256400415454206368616E6E656C206E51
:102690006F7420636F6E6E6563746564004572725B
:1026A0006F72207369676E696E6720646174610080
:1026B00052616E206F7574206F66205458206275C9
:1026C0006666657273206F7220636F6E74657874CE
:1026D000732E00476F74206572722025642C206E63
:1026E0006F742063616C6C696E6720415454206381
:1026F0006200546F6F20736D616C6C2041545420E4
:1027000050445520726563656976656400556E684E
:10271000616E646C65642041545420636F6465206D
:1027200030782530327800496E76616C6964206CAF
:10273000656E20257520666F7220636F646520309A
:10274000782530327800556E61626C6520746F2098
:1027500066696E6420415454206368616E6E656CD6
:10276000004E6F20415454206368616E6E656C208A
:10277000666F72204D545520257A75004E6F20707B
:10278000656E64696E672041545420726571756589
:102790007374004154542054696D656F75742066DC
:1027A0006F72206465766963652025730062745FCB
:1027B000617474004661696C656420746F2064659F
:1027C000636F64652076616C756520286572722080
:1027D000257A6429004661696C656420746F2073F2
:1027E000617665204461746162617365204861733C
:1027F00068202865727220256429007772697465E3
:102800002063616C6C6261636B2069732064657026
:10281000726563617465642C2075736520737562DD
:1028200073637269626520636220696E73746561A7
:1028300064006661696C656420746F2073746F72E4
:102840006520534320286572722025642900756E27
:1028500061626C6520746F20736176652053433A22
:10286000206E6F20636667206C65667400496E7623
:10287000616C6964206B6579006661696C656420D0
:10288000746F2064656C65746520534320286572FD
:102890007220256429004661696C656420746F208C
:1028A000636C65617220534320256400556E61623C
:1028B0006C6520746F206465636F64652061646477
:1028C0007265737320257300496E76616C696420AC
:1028D0006C6F63616C206964656E7469747920251E
:1028E0006C7500556E61626C6520746F2072657343
:1028F000746F72652053433A206E6F2063666720C1
:102900006C656674004E6F20737061636520746F30
:102910002073746F72652043434320636667004EE3
:102920006F20737061636520746F2073746F7265BC
:1029300020436C69656E7420537570706F72746596
:102940006420466561747572657300556E61626CD2
:102950006520746F20726573746F72652043463A08
:10296000206E6F20636667206C6566740043686143
:102970006E67652D6177617265207374617475731C
:10298000206E6F7420666F756E6420696E207365AB
:102990007474696E67732C2064656661756C746904
:1029A0006E6720706565722073746174757320742E
:1029B0006F206368616E67652D756E617761726502
:1029C0000052656164206261636B20626164206310
:1029D00068616E67652D61776172652076616C75DF
:1029E000653A20307825782C2064656661756C74B2
:1029F000696E6720706565722073746174757320E9
:102A0000746F206368616E67652D756E61776172A2
:102A100065004661696C656420746F2073746F7221
:102A20006520436C69656E742046656174757265D6
:102A30007320286572722025642900556E61626CCE
:102A40006520746F20736574757020414553204371
:102A50004D414300556E61626C6520746F20636167
:102A60006C63756C61746520686173680062742FB3
:102A7000636363004C696E6B206973206E6F742012
:102A8000656E637279707465640044657669636528
:102A9000206973206E6F742073756273637269624C
:102AA000656420746F206368617261637465726924
:102AB00073746963004E6F2062756666657220618B
:102AC0007661696C61626C6520746F2073656E64F9
:102AD00020696E6469636174696F6E0043434320CB
:102AE0002570206E6F74207772697461626C650066
:102AF000534320726573746F726520696E646963F5
:102B00006174696F6E206661696C6564004E6F2048
:102B100062756666657220617661696C61626C657A
:102B200020746F2073656E64206E6F7469666963CC
:102B30006174696F6E00556E6B6E6F776E205555C0
:102B40004944207479706520257500496E76616C62
:102B5000696420646973636F766572792074797033
:102B6000653A2025750050617273652065727200A8
:102B7000496E76616C69642064617461206C656E75
:102B80002025750050617273652065727220646142
:102B90007400506172736520657272206365700005
:102BA00050617273652065727220636363005061C7
:102BB0007273652065727220736363005061727373
:102BC00065206572722063706600496E76616C697B
:102BD0006420666F726D617420257500496E7661A0
:102BE0006C69642068616E646C6500426164207089
:102BF0006565723A2041545420726561642D627992
:102C00002D75756964207273703A2048616E646C2A
:102C10006520307825303478206973206F7574739F
:102C2000696465207265717565737465642072618D
:102C30006E6765203078253034782D307825303433
:102C4000782E2041626F7274696E672072656164CC
:102C50002E00496E76616C69642064617461206C39
:102C6000656E202575203E202575004661696C65DE
:102C70006420746F20736574207365637572697462
:102C80007920666F7220626F6E646564207065657E
:102C900072202825642900636F6E6E2025702070D5
:102CA0006172616D73202570207265737562206694
:102CB00061696C656420286572722025642900466C
:102CC00061696C656420746F2073746F7265204352
:102CD0004343732028657272202564290062742F93
:102CE000686173680062742F63660062742F736397
:102CF0000062745F6761747400556E6B6E6F776EFF
:102D00002070616972696E67206D6574686F6420F8
:102D1000282575290043616C63756C6174652063B7
:102D20006F6E6669726D206661696C656400556ED0
:102D300061626C6520746F2066696E6420534D502B
:102D4000206368616E6E656C005265667573696EAE
:102D500067206E65772070616972696E672E2054F6
:102D60006865206F6C6420626F6E64206D7573748B
:102D700020626520756E7061697265642066697293
:102D800073742E004661696C656420746F206765FA
:102D90006E65726174652044484B6579004A7573AD
:102DA00074576F726B73206661696C65642C206167
:102DB000757468656E74696361746564206B6579A8
:102DC000732070726573656E740052656D6F746503
:102DD000207075626C6963206B65792072656A6525
:102DE000637465640052656D6F7465206973207546
:102DF00073696E67204465627567205075626C69FF
:102E000063206B65790043616C63756C6174652048
:102E10004C544B206661696C65640043616C63755A
:102E20006C617465206C6F63616C2044484B6579FC
:102E300020636865636B206661696C65640043614B
:102E40006C63756C6174652072656D6F7465204488
:102E5000484B657920636865636B206661696C65C2
:102E600064004661696C656420746F2073746172DC
:102E70007420656E6372797074696F6E004E657749
:102E8000206175746820726571756972656D656E13
:102E900074733A20307825782C20726570616972DD
:102EA000696E6700556E737570706F72746564201B
:102EB0006175746820726571756972656D656E748F
:102EC000733A20307825782C2072657061697269B8
:102ED0006E67004E6F20617661696C61626C65207F
:102EE000534D5020636F6E7465787420666F722046
:102EF000636F6E6E20257000556E61626C65207484
:102F00006F20676574206B65797320666F7220256A
:102F1000730043616C63756C6174652053544B207E
:102F20006661696C6564004E6F206B657973207310
:102F30007061636520666F7220257300556E616253
:102F40006C6520746F206765742072616E646F6DAC
:102F500020627974657300556E61626C6520746FD0
:102F600020616C6C6F6361746520456E637279706B
:102F70007420496E666F2062756666657200556ED4
:102F800061626C6520746F20616C6C6F6361746545
:102F90002043656E7472616C204964656E742062B2
:102FA000756666657200556E61626C6520746F208F
:102FB000616C6C6F63617465204964656E7420494F
:102FC0006E666F2062756666657200556E61626C32
:102FD0006520746F20616C6C6F6361746520496457
:102FE000656E74204164647220496E666F2062755C
:102FF000666665720054686520696E2D70726F6731
:10300000726573732070616972696E67206861739D
:10301000206265656E2064656C657465642100538B
:103020004D5020646F6573206E6F7420616C6C6FFF
:103030007720612070616972696E67206661696CD2
:10304000757265206174207468697320706F696E91
:10305000742E204B6E6F776E2069737375652E200A
:10306000446973636F6E6E656374696E6720696E21
:1030700073746561642E00546F6F20736D616C6CA6
:1030800020534D5020504455207265636569766524
:103090006400534D5020636F6D6D616E6420286332
:1030A0006F64652030782530327829207265636539
:1030B000697665642061667465722074696D656FF8
:1030C0007574005265636569766564207265736521
:1030D0007276656420534D5020636F6465203078AC
:1030E0002530327800556E68616E646C65642053DB
:1030F0004D5020636F64652030782530327800555C
:103100006E657870656374656420534D5020636FFD
:10311000646520307825303278005075626C6963C0
:10312000206B6579206E6F7420617661696C6162D5
:103130006C6500496E76616C6964206964656E74C3
:103140006974792025730070616972696E67206601
:1031500061696C65642028706565722072656173B1
:103160006F6E20307825782900534D502054696DBA
:10317000656F7574000005061F1F291812030802E9
:103180000305080A000801030401050405090607F0
:10319000010106060800000100010003010003020E
:1031A0000201000200000000000203010003000011
:1031B0000100010000010001020201000200000004
:1031C0000000020201000462745F736D70004661CA
:1031D000696C656420746F20726561642076616C2F
:1031E0007565202865727220257A642900556E6104
:1031F000626C6520746F2066696E642064656C651E
:10320000746564206B65797320666F722025730086
:103210004661696C656420746F20616C6C6F6361DA
:103220007465206B65797320666F72202573004981
:103230006E76616C6964206B6579206C656E67746D
:103240006820257A6420213D20257A750046616931
:103250006C656420746F2073617665206B6579738B
:103260002028657272202564290062742F6B6579AD
:10327000730062745F6B657973006C888391AAF543
:10328000A53860370BDB5A6083BE62745F63727966
:1032900070746F004661696C656420746F202573DB
:1032A0002025752062797465732E202825642900F5
:1032B0007472616E736D69740025733A2061626F78
:1032C000727465640025733A2074696D6564206FBB
:1032D00075740072656365697665206275666665FA
:1032E00072206F76657272756E0061726776206209
:1032F0007566666572206F76657272756E006D6FA9
:1033000064656D5F63686174006D6F64656D5F70A7
:1033100069706500556278206672616D652074720F
:10332000616E736D697373696F6E206661696C6538
:10333000642E2052657475726E65642025642E00BB
:103340005375636365737366756C6C792065786516
:10335000637574656420736372697074206F6E2086
:10336000617474656D70743A2025642E004661693D
:103370006C656420746F206578656375746520736F
:103380006372697074207375636365737366756CBB
:103390006C792E20417474656D7074733A202564C5
:1033A0002E006D6F64656D5F7562780052656365B0
:1033B00069766520627566666572206F76657272E1
:1033C000756E006D6F64656D5F6261636B656E64E1
:1033D0005F756172745F69737200737461727420D7
:1033E0006173796E63207472616E736D69742066A7
:1033F0006F72005472616E736D69742061626F72D6
:103400007465642028257A752073656E7429004ED2
:103410006F207265636569766520627566666572A0
:1034200020617661696C61626C6500556E6B6E6FD0
:10343000776E20726563656976652062756666657C
:10344000722072656C6561736564005265636569BD
:10345000766520627566666572206F766572727534
:103460006E202864726F70706564202575202B2093
:1034700025752900526563656976652073746F70E0
:1034800070656420666F7220726561736F6E733A47
:10349000202575006D6F64656D5F6261636B656E9D
:1034A000645F756172745F6173796E63006E6574D9
:1034B0005F627566006E65745F6275665F73696DE5
:1034C000706C6500757362645F776F726B71005525
:1034D000534244206576656E7420616C6C6F636145
:1034E00074696F6E206661696C6564210055534292
:1034F00044206576656E74206D656D6F727920630A
:103500006F7272757074656400556E6B6E6F776E56
:103510002055534220706F776572206576656E7412
:10352000202564006E6F7420617474616368656443
:103530002C20455020307825303278206576656E15
:10354000742064726F70706564006E52462055532B
:103550004244207472616E73666572206572726F88
:103560007220284F5554293A20307825303278007F
:103570004661696C656420746F20616C6C6F6320B8
:103580006576740055534244206576656E742071EB
:10359000756575652066756C6C2100556E6B6E6F78
:1035A000776E2055534244206576656E743A202527
:1035B000686400556E65787065637465642065762F
:1035C000656E7420286E7266785F75736264293A3E
:1035D0002025642C20657020307825303278005FFB
:1035E00065705F7374617475735F6765742066617D
:1035F000696C65642120436F64653A202564006925
:103600006E76616C696420656E64706F696E74209B
:10361000636F6E66696775726174696F6E00696E5B
:1036200076616C696420656E64706F696E74206980
:103630006E6465782F6164647265737300696E7679
:10364000616C696420656E64706F696E7420747952
:1036500070650069736F20656E64706F696E7420A9
:1036600063616E206F6E6C792062652069736F00F4
:103670004550206D6178207061636B6574207369BB
:103680007A65206D757374206265206120706F7794
:103690006572206F662032005354414C4C20756E89
:1036A000737570706F72746564206F6E2049534F2C
:1036B00020656E64706F696E7400456E64706F692A
:1036C0006E7420307825303278206973206E6F74E4
:1036D00020656E61626C6564006E524620555342EF
:1036E00044207772697465206572726F723A202582
:1036F0006400010002037573625F6E7266780000F9
:1037000001010101016E72665F757362645F636F30
:103710006D6D6F6E0053656C656374656420414424
:1037200043206761696E206973206E6F7420766133
:103730006C69640053656C6563746564204144433F
:10374000207265666572656E6365206973206E6FB1
:10375000742076616C69640053656C65637465649C
:1037600020414443206163717569736974696F6EA8
:103770002074696D65206973206E6F742076616CAA
:10378000696400496E76616C69642073656C656379
:1037900074696F6E206F66206368616E6E656C730E
:1037A000004368616E6E656C202575206E6F742015
:1037B000636F6E6669677572656400414443207289
:1037C00065736F6C7574696F6E2076616C756520BA
:1037D0002564206973206E6F742076616C696400C3
:1037E0004F76657273616D706C696E6720697320C6
:1037F000737570706F7274656420666F7220736980
:103800006E676C65206368616E6E656C206F6E6CB0
:1038100079004F76657273616D706C696E672076A2
:10382000616C7565202564206973206E6F74207645
:10383000616C69640050726F7669646564206275BA
:103840006666657220697320746F6F20736D616C9A
:103850006C202825752F257529006164634034305C
:10386000303037303030006164635F6E7266785F8D
:10387000736161646300636C6F636B40343030303C
:1038800030303030006866636C6B006C66636C6B64
:1038900000636C6F636B5F636F6E74726F6C00724A
:1038A000616E646F6D4034303030643030300065AC
:1038B0006E74726F70795F62745F686369006372BF
:1038C0007970746F40353030326130303000636968
:1038D0006E7374722025303278207472616E736654
:1038E000657220746F6F206C6F6E673A20257A7551
:1038F00000636C656172004A454445432069642059
:103900005B25303278202530327820253032785DC2
:1039100020657870656374205B253032782025300F
:10392000327820253032785D00524453522066614F
:10393000696C65643A202564005244535220666FD6
:10394000722057525352206661696C65643A202593
:1039500064005145202573206661696C65643A20D6
:103960002564006572617365206572726F723A201A
:1039700061646472657373206F722073697A652065
:1039800065786365656473206578706563746564E4
:103990002076616C7565732E416464723A203078CC
:1039A000256C782073697A6520257A7500756E73A9
:1039B0007570706F72746564206174203078256C46
:1039C000782073697A6520257A7500657261736560
:1039D000206572726F72206174203078256C7820B7
:1039E00073697A6520257A75007772697465206538
:1039F00072726F723A2061646472657373206F72C1
:103A00002073697A652065786365656473206578DD
:103A10007065637465642076616C7565732E4164AE
:103A200064723A203078256C782073697A65202595
:103A30007A750072656164206572726F723A2061F6
:103A4000646472657373206F722073697A65206590
:103A50007863656564732065787065637465642058
:103A600076616C7565732E416464723A20307825F6
:103A70006C782073697A6520257A7500703235710B
:103A8000313668403000717370695F6E6F72006923
:103A90006E76616C696420616464726573733A2048
:103AA00030782530386C783A257A7500756E616CFF
:103AB00069676E656420616464726573733A20306F
:103AC000782530386C783A257A75006E6F742077D7
:103AD0006F72642D616C69676E65643A2030782579
:103AE00030386C783A257A7500666C6173682D639E
:103AF0006F6E74726F6C6C6572403430303165304B
:103B0000303000666C6173685F6E726600436F6E82
:103B10006669677572696E67207261746520666197
:103B2000696C65642E2052657475726E656420251B
:103B3000642E00436F6E6669677572696E672062F6
:103B400061756472617465206661696C65642E20BC
:103B500052657475726E65642025642E00436F6E25
:103B60006669677572696E67206D657373616765F5
:103B700073206661696C65642E2052657475726E7F
:103B800065642025642E000A09010D0602070F0551
:103B9000080001400408EA100201EA0001010202E3
:103BA0000203020302000608243F3F4747412C005E
:103BB0002C2A00243F3F524D432C00243F3F4753C3
:103BC000562C007562785F6D3130006770696F4008
:103BD0003530303030333030006770696F40353009
:103BE0003030303030300069326300693263403445
:103BF00030303034303030006932635F6E72667856
:103C00005F747769004661696C656420746F206930
:103C10006E697469616C697A65206465766963654B
:103C20003A20257300756E737570706F72746564D9
:103C30002073706565640031302D626974204932EB
:103C40004320416464722064657669636573206E05
:103C50006F7420737570706F727465640000010278
:103C60000304050607496E76616C69642063686128
:103C70006E6E656C3A2025752E00496E636F6D700F
:103C8000617469626C6520706572696F642E0050A2
:103C900072657363616C657220666F722070657205
:103CA000696F645F6379636C6573202575206E6F3F
:103CB0007420666F756E642E0070776D40343030FE
:103CC00031633030300070776D5F6E726678004619
:103CD00061696C656420746F20616C6C6F636174E2
:103CE0006520505049204368616E6E656C007561B7
:103CF000727440343030303230303000756172745C
:103D00005F6E7266785F7561727465004661696C9A
:103D1000656420746F20616C6C6F6361746520470B
:103D200050494F5445206368616E6E656C20666F24
:103D3000722057414B45004661696C656420746F81
:103D400020636F6E6669677572652057414B452029
:103D500070696E004353204750494F20706F727452
:103D60002025732070696E202564206973206E6F92
:103D700074207265616479005570646174652065B2
:103D80007863656564732063757272656E74206212
:103D900075666665720048616C662D6475706C6549
:103DA00078206E6F7420737570706F727465640024
:103DB000536C617665206D6F6465206973206E6F4A
:103DC0007420737570706F72746564206F6E202537
:103DD00073004C6F6F706261636B206D6F64652060
:103DE0006973206E6F7420737570706F7274656480
:103DF00000576F72642073697A6573206F74686509
:103E000072207468616E2038206269747320617258
:103E100065206E6F7420737570706F7274656400C6
:103E20004672657175656E63696573206C6F776541
:103E300072207468616E20313235206B487A2061BF
:103E40007265206E6F7420737570706F7274656424
:103E5000004661696C656420746F20696E697469DD
:103E6000616C697A65206E72667820647269766525
:103E7000723A20253038780057616974696E67207E
:103E8000666F722057414B452061636B6E6F776C94
:103E90006564676D656E742074696D6564206F7507
:103EA000740054696D656F75742077616974696E0B
:103EB0006720666F72207472616E7366657220632C
:103EC0006F6D706C657465007370694034303032AA
:103ED00033303030007370695F6E7266785F737074
:103EE000690043616E6E6F74207772697465204C4F
:103EF0004544206770696F004C454420696E6465D5
:103F000078206F7574206F66207468652072616E0A
:103F100067650043616E6E6F7420636F6E666967DC
:103F2000757265204C4544206770696F00646B5F53
:103F3000627574746F6E735F616E645F6C656473D9
:103F400000416C6C6F6361746564206D656D6F72A8
:103F50007920746F6F206C6F773A202575203C2094
:103F6000257500536F667444657669636520436FF9
:103F70006E74726F6C6C6572204153534552543AA3
:103F80002025732C20256400536F66744465766980
:103F9000636520436F6E74726F6C6C65722062751E
:103FA000696C64207265766973696F6E3A200045AA
:103FB0006E74726F707920736F75726365206465BB
:103FC00076696365206E6F7420726561647900465E
:103FD00061696C656420746F2072656769737465CC
:103FE000722072616E6420736F757263652028257C
:103FF0006429004E6F206576656E74206275666672
:10400000657220617661696C61626C65004E6F203B
:1040100064617461206275666665722061766169AB
:104020006C61626C6500556E65787065637465647B
:10403000206D73675F747970653A2025752E205462
:104040006869732069662D656C7365206E656564AB
:10405000732061206E6577206272616E6368005321
:104060006F667444657669636520436F6E74726F22
:104070006C6C65720062745F7364635F6863695F30
:104080006472697665720062745F7364635F637201
:104090007970746F007075626C6963206B6579204C
:1040A0006973206E6F742076616C69642028657274
:1040B000722025642900556E6B6E6F776E20636FDA
:1040C0006D6D616E640042542043544C5220454350
:1040D0004448003F49F6D4A3C55F3874C9B3E3D25E
:1040E000103F504AFF607BEB40B7995899B8A6CD76
:1040F0003C1ABD62745F7364635F65636468004DFE
:1041000050534C204153534552543A2025732C2090
:104110002564004D50534C20576F726B006D7073C7
:104120006C5F696E6974006D70736C5F74696D6546
:10413000736C6F745F73657373696F6E5F6F7065B7
:104140006E206661696C65643A20256400666C6166
:1041500073685F73796E635F6D70736C0074656D07
:10416000704034303030633030300074656D705FD3
:104170006E7266355F6D70736C00000000000001A8
:10418000010000000000002030303030303030308E
:104190003030303030300001000001000000486154
:1041A0006C74696E672073797374656D00556E6BFE
:1041B0006E6F776E206572726F72003E3E3E205ABF
:1041C000455048595220464154414C204552524F87
:1041D000522025643A202573206F6E2043505520CD
:1041E0002564004661756C7420647572696E672081
:1041F000696E746572727570742068616E646C6942
:104200006E670A0043757272656E74207468726519
:1042100061643A20257020282573290043505520D9
:10422000657863657074696F6E00556E68616E6461
:104230006C656420696E7465727275707400537475
:1042400061636B206F766572666C6F77004B657289
:104250006E656C206F6F7073004B65726E656C20BD
:1042600070616E6963006D61696E006F73007379D0
:1042700073776F726B7100D6DAC7AE08DB726F2A84
:10428000A326492A4DA8B3980E077F00FFFFFFFF22
:104290001F00647261676F6F6E2F6C6962732F739A
:1042A00063686564756C696E672F7372632F7265DE
:1042B0006D5F68616C5F6576656E745F74696D656E
:1042C000722E6300B0EA56C88D83335088D0EB89D4
:1042D0005665696D3CB0CEB9006E616E00286E7592
:0442E0006C6C2900D9
:1042E400FFFFFFFFFF1F00001F0000000000000091
:1042F4007FFE0000E4070000DD5000000000000025
:10430400FFFFFFFF1F000000A0354D00FF0000006D
:10431400C40900000000000000800040000000000C
:10432400000000000C0000000000000000FF7F00FF
:104334000000000000000000000000000000000079
:104344000000000000000000000000000000000069
:104354000000000000000000000000000000000059
:104364000000000000000000000000000000000049
:104374000000000000000000000000000000000039
:1043840000000000D1B602009DB7020005B602008D
:1043940065D3020005B6020005B6020005B60200A8
:1043A40005B6020005B6020009CE020075D002006F
:1043B40005B6020005B60200D1B602009DB70200A0
:1043C400C1BB020065D3020005B6020069CE02003B
:1043D40015CD020005B6020005B6020009CE0200A2
:1043E40075D00200ADCD020051CF0200D9B7020052
:1043F40065BB0200B5B9020019CB0200D9B70200AF
:1044040065BB0200F9D40200DDD40200D9CB02005E
:1044140021CC0200C1CC02006DCC0200F9D4020010
:10442400DDD40200DDCA0200E9B60200A9BB020025
:10443400A9BB020001B7020005C90200DDCA0200DF
:10444400E9B6020095DA0200E1BB020091E0020045
:1044540061E002001DC4020091C4020021D10200E7
:10446400E1BB0200000000004DD602000C01002058
:1044740024010020D8000020640100204401002011
:104484003DD502001C0100203C010020A4000020B6
:104494007C0100205C010020D5C00200A9B8020004
:1044A400F1CF02009DCB02000000000000000000DC
:1044B40000000000000000005D2E0300000000006A
:1044C400791D040000000000651E040000000000C7
:1044D4002F1E040000000000471E0400000000001E
:1044E4004B1E040000000000171E04000000000022
:1044F400C91D040000000000992E03000000000004
:10450400CD1D0400000000000000000000000000B9
:104514000000000000000000000000000000000097
:104524000000000000000000000000000000000087
:104534000000000000000000000000000000000077
:104544000000000000000000000000000000000067
:104554000000000000000000000000000000000057
:104564000000000000000000000000000000000047
:104574000000000000000000000000000000000037
:104584000000000000000000000000000000000027
:104594000000000000000000000000000000000017
:1045A4000000000000000000000000000000000007
:1045B40000000000000000000000000000000000F7
:1045C40000000000000000000000000000000000E7
:1045D40000000000000000000000000000000000D7
:1045E40000000000000000000000000000000000C7
:1045F40000000000000000000000000000000000B7
:1046040000000000000000000000000000000000A6
:104614000000000000000000000000000000000096
:104624000000000000000000000000000000000086
:104634000000000000000000000000000000000076
:104644000000000000000000000000000000000066
:104654000000000000000000000000000000000056
:104664000000000000000000000000000000000046
:104674000000000000000000000000000000000036
:104684000000000000000000000000000000000026
:104694000000000000000000000000000000000016
:1046A4000000000000000000000000000000000006
:1046B40000000000000000000000000000000000F6
:1046C40000000000000000000000000000000000E6
:1046D40000000000000000000000000000000000D6
:1046E40000000000000000000000000000000000C6
:1046F40000000000000000000000000000000000B6
:1047040000000000000000000000000000000000A5
:104714000000000000000000000000000000000095
:104724000000000000000000000000000000000085
:104734000000000000000000000000000000000075
:104744000000000000000000000000000000000065
:104754000000000000000000000000000000000055
:104764000000000000000000000000000000000045
:104774000000000000000000000000000000000035
:104784000000000000000000000000000000000025
:104794000000000000000000000000000000000015
:1047A4000000000000000000000000000000000005
:1047B40000000000000000000000000000000000F5
:1047C40000000000000000000000000000000000E5
:1047D40000000000000000000000000000000000D5
:1047E40000000000000000000000000000000000C5
:1047F40000000000000000000000000000000000B5
:1048040000000000000000000000000000000000A4
:104814000000000000000000000000000000000094
:104824000000000000000000000000000000000084
:104834000000000000000000000000000000000074
:104844000000000000000000000000000000000064
:104854000000000000000000000000000000000054
:104864000000000000000000000000000000000044
:104874000000000000000000000000000000000034
:104884000000000000000000000000000000000024
:104894000000000000000000000000000000000014
:1048A4000000000000000000000000000000000004
:1048B40000000000000000000000000000000000F4
:1048C40000000000000000000000000000000000E4
:1048D40000000000000000000000000000000000D4
:1048E40000000000000000000000000000000000C4
:1048F40000000000000000000000000000000000B4
:1049040000000000000000000000000000000000A3
:104914000000000000000000000000000000000093
:104924000000000000000000000000000000000083
:104934000000000000000000000000000000000073
:104944000000000000000000000000000000000063
:104954000000000000000000000000000000000053
:104964000000000000000000000000000000000043
:104974000000000000000000000000000000000033
:104984000000000000000000000000000000000023
:10499400000000000000000000000000C00600202D
:1049A400CF4A0400D54A0400014B0400D94A04004C
:1049B4000B4B0400DF4A0400174B0400E54A0400D3
:1049C400E74A0400E94A0400F74A0400FB4A0400E9
:1049D400ED4A0400F34A0400074B0400114B0400A1
:1049E400BCE2060001050500000000000000000014
:1049F40000000000000000000000000000000000B3
:104A040000000000000000000000000000000000A2
:104A14000000000000000000000000000000000092
:104A24000000000000000000000000000000000082
:104A34000000000000000000000000000000000072
:104A44000000000000000000000000000000000062
:104A54000000000000000000000000000000000052
:104A64000000000000000000000000000000000042
:104A7400000000002C1600200C16002000C20100CB
:104A8400000008000000000000000000000000001A
:104A94000000000000000000000000000000000012
:104AA4000000000000000000000000000000000002
:104AB40000000000000000000000000000000000F2
:104AC40000000000000000000000000000000000E2
:104AD40000000000000000000000000000000000D2
:104AE40000000000000000000000000000000000C2
:104AF40000000000000000000000000000000000B2
:104B040000000000000000000000000000000000A1
:104B14000000000000000000000000000000000091
:104B24000000000000000000000000000000000081
:104B34000000000000000000000000000000000071
:104B44000000000000000000000000000000000061
:104B54000000000000000000000000000000000051
:104B640005DA04000000000000000000000000005E
:104B74000000000000000000000000000000000031
:104B84000000000000000000000000000000000021
:104B94000000000000000000000000000000000011
:104BA4000000000000000000000000000000000001
:104BB40000000000000000000000000000000000F1
:104BC40000000000000000000000000000000000E1
:104BD40000000000000000000000000000000000D1
:104BE40000000000000000000000000000000000C1
:104BF40000000000000000000000000000000000B1
:104C040000000000000000000000000000000000A0
:104C14000000000000000000000000000000000090
:104C24000000000000000000000000000000000080
:104C34000000000000000000000000000000000070
:104C440084030000000000000000000000000000D9
:104C54000000000000000000410D060000000000FC
:104C640000000000000000008809002088090020DE
:104C740065AD060000000000000000000000000018
:104C84000000000000000000A8090020A80900207E
:104C94000000000001000000B8090020B80900204D
:104CA400C0090020C009002000000000010000002D
:104CB400D0090020D00900200000000000000000FE
:104CC40000000000000000000000000000000000E0
:104CD40000000000000000000000000000000000D0
:104CE40000000000000000000000000000000000C0
:104CF40000000000000000000000000000000000B0
:104D0400000000000000000000000000000000009F
:104D1400000000000000000000000000000000008F
:104D2400000000000000000000000000000000007F
:104D3400000000000000000000000000000000006F
:104D4400000000000000000000000000000000005F
:104D5400000000000000000000000000000000004F
:104D6400000000000000000000000000000000003F
:104D7400000000000000000000000000000000002F
:104D8400000000000000000000000000000000001F
:104D9400000000000000000000000000000000000F
:104DA40000000000000000000000000000000000FF
:104DB40000000000000000000000000000000000EF
:104DC40000000000000000000000000000000000DF
:104DD40000000000000000000000000000000000CF
:104DE40000000000000000000000000000000000BF
:104DF40000000000000000000000000000000000AF
:104E0400000000000000000000000000000000009E
:104E1400000000000000000000000000000000008E
:104E2400000000000000000000000000000000007E
:104E3400000000000000000000000000000000006E
:104E4400000000000000000000000000000000005E
:104E5400000000000000000000000000000000004E
:104E6400000000000000000000000000000000003E
:104E7400000000000000000000000000000000002E
:104E8400000000000000000000000000000000001E
:104E9400000000000000000000000000000000000E
:104EA40000000000000000000000000000000000FE
:104EB40000000000000000000000000000000000EE
:104EC40000000000000000000000000000000000DE
:104ED40000000000000000000000000000000000CE
:104EE40000000000000000000000000000000000BE
:104EF40000000000000000000000000000000000AE
:104F0400000000000000000000000000000000009D
:104F1400000000000000000000000000000000008D
:104F2400000000000000000000000000000000007D
:104F3400000000000000000000000000000000006D
:104F4400000000000000000000000000000000005D
:104F5400000000000000000000000000000000004D
:104F6400000000000000000000000000000000003D
:104F7400000000000000000000000000000000002D
:104F8400000000000000000000000000000000001D
:104F9400000000000000000000000000000000000D
:104FA40000000000000000000000000000000000FD
:104FB40000000000000000000000000000000000ED
:104FC40000000000000000000000000000000000DD
:104FD40000000000000000000000000000000000CD
:104FE40000000000000000000000000000000000BD
:104FF40000000000000000000000000000000000AD
:10500400000000000000000000000000000000009C
:10501400000000000000000000000000000000008C
:10502400000000000000000000000000000000007C
:10503400000000000000000000000000000000006C
:10504400000000000000000000000000000000005C
:10505400000000000000000000000000000000004C
:10506400000000000000000000000000000000003C
:10507400000000000000000000000000000000002C
:10508400000000000000000000000000000000001C
:10509400000000000000000000000000000000000C
:1050A40000000000000000000000000000000000FC
:1050B40000000000000000000000000000000000EC
:1050C40000000000000000000000000000000000DC
:1050D40000000000000000000000000000000000CC
:1050E40000000000000000000000000000000000BC
:1050F40000000000000000000000000000000000AC
:10510400000000000000000000000000000000009B
:10511400000000000000000000000000000000008B
:10512400000000000000000000000000000000007B
:10513400000000000000000000000000000000006B
:10514400000000000000000000000000000000005B
:10515400000000000000000000000000000000004B
:10516400000000000000000000000000000000003B
:10517400000000000000000000000000000000002B
:10518400000000000000000000000000000000001B
:10519400000000000000000000000000000000000B
:1051A40000000000000000000000000000000000FB
:1051B40000000000000000000000000000000000EB
:1051C40000000000000000000000000000000000DB
:1051D40000000000000000000000000000000000CB
:1051E40000000000000000000000000000000000BB
:1051F40000000000000000000000000000000000AB
:10520400000000000000000000000000000000009A
:10521400000000000000000000000000000000008A
:10522400000000000000000000000000000000007A
:10523400000000000000000000000000000000006A
:10524400000000000000000000000000000000005A
:10525400000000000000000000000000000000004A
:10526400000000000000000000000000000000003A
:10527400000000000000000000000000000000002A
:10528400000000000000000000000000000000001A
:10529400000000000000000000000000000000000A
:1052A40000000000000000000000000000000000FA
:1052B40000000000000000000000000000000000EA
:1052C40000000000000000000000000000000000DA
:1052D40000000000000000000000000000000000CA
:1052E40000000000000000000000000000000000BA
:1052F40000000000000000000000000000000000AA
:105304000000000000000000000000000000000099
:105314000000000000000000000000000000000089
:105324000000000000000000000000000000000079
:105334000000000000000000000000000000000069
:105344000000000000000000000000000000000059
:105354000000000000000000000000000000000049
:105364000000000000000000000000000000000039
:105374000000000000000000000000000000000029
:105384000000000000000000000000000000000019
:105394000000000000000000000000000000000009
:1053A40000000000000000000000000000000000F9
:1053B40000000000000000000000000000000000E9
:1053C40000000000000000000000000000000000D9
:1053D40000000000000000000000000000000000C9
:1053E40000000000000000000000000000000000B9
:1053F40000000000000000000000000000000000A9
:105404000000000000000000000000000000000098
:105414000000000000000000000000000000000088
:105424000000000000000000000000000000000078
:105434000000000000000000000000000000000068
:105444000000000000000000000000000000000058
:105454000000000000000000000000000000000048
:105464000000000000000000000000000000000038
:105474000000000000000000000000000000000028
:105484000000000000000000000000000000000018
:105494000000000000000000000000000000000008
:1054A40000000000000000000000000000000000F8
:1054B40000000000000000000000000000000000E8
:1054C40000000000000000000000000000000000D8
:1054D40000000000000000000000000000000000C8
:1054E40000000000000000000000000000000000B8
:1054F40000000000000000000000000000000000A8
:105504000000000000000000000000000000000097
:105514000000000000000000000000000000000087
:105524000000000000000000000000000000000077
:105534000000000000000000000000000000000067
:105544007812002080130020881400200A00000034
:1055540000800000000000000000000000000000C7
:105564000000000000000000000000000000000037
:105574000000000000000000000000000000000027
:105584000000000000000000000000000000000017
:105594000000000000000000000000000000000007
:1055A40000000000000000000000000000000000F7
:1055B40000000000000000000000000000000000E7
:1055C40000000000000000000000000000000000D7
:1055D40000000000000000000000000000000000C7
:1055E40000000000000000000000000000000000B7
:1055F40000000000000000000000000000000000A7
:105604000000000000000000000000000000000096
:105614000000000000000000000000000000000086
:105624000000000000000000000000000000000076
:105634000000000000000000000000000000000066
:105644000000000000000000000000000000000056
:105654000000000000000000000000000000000046
:105664000000000000000000000000000000000036
:105674000000000000000000000000000000000026
:105684000000000000000000000000000000000016
:105694000000000000000000000000000000000006
:1056A40000000000000000000000000000000000F6
:1056B40000000000000000000000000000000000E6
:1056C40000000000000000000000000000000000D6
:1056D40000000000000000000000000000000000C6
:1056E40000000000000000000000000000000000B6
:1056F40000000000000000000000000000000000A6
:105704000000000000000000000000000000000095
:105714000000000000000000000000000000000085
:105724000000000000000000000000000000000075
:105734000000000000000000000000000000000065
:105744000000000000000000000000000000000055
:105754000000000000000000000000000000000045
:105764000000000000000000000000000000000035
:105774000000000000000000000000000000000025
:105784000000000000000000000000000000000015
:105794000000000000000000000000000000000005
:1057A40000000000000000000000000000000000F5
:1057B40000000000000000000000000000000000E5
:1057C40000000000000000000000000000000000D5
:1057D40000000000000000000000000000000000C5
:1057E40000000000000000000000000000000000B5
:1057F40000000000000000000000000000000000A5
:105804000000000000000000000000000000000094
:105814000000000000000000000000000000000084
:105824000000000000000000000000000000000074
:105834000000000000000000000000000000000064
:105844000000000000000000000000000000000054
:105854000000000000000000000000000000000044
:105864000000000000000000000000000000000034
:10587400E8E5060000000000F81A0020000000001F
:10588400BD610400010000000000FFFF00000000F3
:10589400996404000000000000000000E1660400B8
:1058A400656504003966040000000000A566040074
:1058B4000000000000000000000000007965040002
:1058C4000000000000000000000000003169040036
:1058D4000000000000000000495806006D66060044
:1058E400ECE606000000000024E70600DC200120AE
:1058F40000000000000000000000000000000000A4
:10590400000000000000000000040000DC2401206E
:105914000000000000000000000000000000000083
:105924000000000000000000000400000D970400C7
:1059340080000000759404000000000075940400C9
:1059440080000000599D040000000000C56B0600A3
:1059540000000000A96B060055A704000000000029
:1059640000000000E60A070000000C000000000030
:105974000000000000000000000000000000000023
:105984000000000015A90400000000000000000051
:10599400080B0700000010002C0C07000000080092
:1059A40000000000000000000000000000000000F3
:1059B4000000000000000000C1AB04000000000073
:1059C400000000004E0C070000001200301C0020F4
:1059D4003A000000441C00203A000000081C00208B
:1059E4003A000000801C00203A0000000000000083
:1059F400F974060000000000000000001C170020DD
:105A04001C17002000000000000000000E00000031
:105A140000000000D9BE04000000000000000000E7
:105A24000000000099BE0400000000000000000017
:105A3400000000000000000000000000000400005E
:105A44000409002000000000000000000000000025
:105A54000000000000000000000000000000000042
:105A64000000000000000000000000000000000032
:105A74000000000000000000000000000000000022
:105A84000000000005C60400000000000000000043
:105A9400B0170020B0170020000000000000000034
:105AA400850A050025190500238A06000000000068
:105AB4000000000089100500D78706000387060050
:105AC400C109050000000000000000000000000003
:105AD4000000000000000000000000001940050064
:105AE40000000000000000004D97060000000000C8
:105AF400000000000000000010F506000000020095
:105B04001CF5060000000A002CF506000000200029
:105B14000000000000000000000000000000000081
:105B2400000000000000000000000000CF9006000C
:105B34000000000040F50600000002004CF50600DD
:105B44000000020058F506000000020064F506009B
:105B540000000200095D0500000000004BA90600DA
:105B6400EDA8060087A806006BA8060075AA060023
:105B740047AA0600C5A9060027AA06009C1800200B
:105B84009C18002000000000FFFFFFFFAC1800205D
:105B9400AC180020B4180020B41800200100000044
:105BA40001000000C4180020C4180020CC180020F4
:105BB400CC1800200000000001000000DC180020C8
:105BC400DC18002000000000D8D6060000C2010046
:105BD400A5B6060061B60600000000000000000043
:105BE400C1AA050001A905005DA9050089A8050051
:105BF400B5B4060000000000181900201819002090
:105C040001000000010000002819002028190020CC
:105C140030190020301900200000000001000000AD
:105C2400401900204019002000000000000000007E
:105C340000C20100000103006C19002000000000F4
:105C44005A9D0020599D0020000000000000000023
:105C5400000000005B9D0020200000000000000008
:105C6400000000000000000034F106000000000005
:105C7400901900209019002000000000010000008D
:105C8400A0190020A0190020A8190020A81900209C
:105C94000000000001000000B8190020B81900201D
:105CA40000000000000000000000000000000000F0
:105CB40000000000000000000000000000000000E0
:105CC4000000000050D706000000000000000000A3
:105CD40000000000000000000000000000000000C0
:105CE40000000000000000000000000000000000B0
:105CF40000000000000000000000000000000000A0
:105D0400000000000000000000000000000000008F
:105D1400000000000000000000000000000000007F
:105D2400000000000000000000000000000000006F
:105D3400000000000000000000000000000000005F
:105D440008000000FF000000000000000300000045
:105D540000000000FFFF0100781A0020781A0020DC
:105D6400801A0020801A002000000000F1160600AE
:105D7400CC1A0020C41A0020BC1A00200000000025
:105D8400B41A0020B1180600FD17060031180600E9
:105D940079180600AC9200203A00003AB092002034
:105DA4003A00003AB49200203A00003AB892002037
:105DB4003A00003A00980020E01A0020A01A0020BF
:105DC400981A0020941A0020901A00202926060010
:105DD4001D2606001126060005019ECADC240EE5D8
:105DE400A9E093F3A3B50100406E069ECADC240E1D
:0F5DF400E5A9E093F3A3B50100406E06010D0A87
:105E0300000000000000000000000000000000008F
:105E1300000000000000000000000000000000007F
:015E2300FF7F
:105E2400000000000000000000000000000000006E
:105E3400000000000000000000000000000000005E
:105E4400000000000000000000000000000000004E
:105E5400000000000000000000000000000000003E
:045E6400000000003A
:105E6800841B0020841B0020B01D012000000000BE
:105E7800020000002C00000000000000A01B002011
:105E8800A01B0020C0F1002000000000020000005C
:105E98009000000000000000BC1B0020BC1B00207C
:105EA8005C1E01200000000020000000140000001B
:105EB80000000000D81B0020D81B0020081E01206D
:105EC80000000000030000001C00000000000000AB
:105ED80000000000E0F200200020000000000000A8
:045EE80000000000B6
:105EEC00081C0020081C002000000000000000001E
:105EFC000E0000001C1C00201C1C002000000000D8
:105F0C00000000000E000000301C0020301C00209F
:105F1C0000000000000000000E000000441C0020E7
:105F2C00441C002000000000000000000E000000D7
:105F3C00581C0020581C002000000000000000002D
:105F4C000E0000006C1C00206C1C002000000000E7
:105F5C00000000000E000000801C0020801C0020AF
:105F6C0000000000000000000E000000941C002047
:105F7C00941C002000000000000000000E00000037
:105F8C00A81C0020A81C002000000000000000003D
:045F9C000E000000F3
:105FA000BC1C0020BC1C00200100000001000000FF
:105FB000CC1C0020CC1C0020D41C0020D41C0020B1
:105FC0000000000001000000E41C0020E41C002090
:105FD000EC1C0020EC1C0020000000000100000070
:105FE000FC1C0020FC1C0020041D0020041D0020BF
:105FF0000100000001000000141D0020141D0020FD
:106000000000000000000000241D0020241D0020CE
:106010002C1D00202C1D00200000000000000000AE
:106020003C1D00203C1D0020441D0020441D00207C
:106030000000000000000000541D0020541D00203E
:106040005C1D00205C1D0020030003000800000010
:106050000000000088EA0600AC1B012000000000E0
:1060600000000000801D0020801D0020881D0020F1
:10607000881D00200300030008000000790F0500C0
:10608000B0EB0600501D01200000000000000000E1
:10609000AC1D0020AC1D0020B41D0020B41D00204C
:1060A0000300030001000000000000003CE90600BE
:1060B000A01801200000000000000000D81D0020F2
:1060C000D81D0020E01D0020E01D0020020002007D
:1060D000080000000000000078EA0600241A0120F1
:1060E0000000000000000000041E0020041E00202C
:1060F0000C1E00200C1E0020020002000100000007
:106100000000000044EA0600AC1901200000000075
:1061100000000000301E0020301E0020381E00202D
:10612000381E00200A000A000100000000000000E4
:106130002CE90600FC160120000000000000000011
:106140005C1E00205C1E0020641E0020641E0020D7
:106150000100010001000000000000004CE9060001
:046160000019012001
:1061640012010002EF020140E32F000106030102C5
:10617400030109020000000100E032080B000202E2
:1061840002000009040000010202000005240010BE
:10619400010524010201042402020524060001076A
:1061A40005800310000A09040100020A0000000728
:1061B40005800240000007050002400000040309B6
:1061C400040E035A455048595200000000000010C4
:1061D400035553422D4445560000000000000022A0
:1061E400033031323334353637383941424344454C
:1061F4004600000000000000000000000000000055
:0362040000000097
:01620700FF97
:1062080000000000A31E0020E3690600999904001D
:10621800A996040000000000000000000300000030
:046228004C160020F0
:04622C0015E015E084
:040000034000B43DC8
:00000001FF
